file,workload,family,quality_metric,native_runtime_sec,native_selected_model,native_best_quality_model,native_model_count,quantum_runtime_sec,speedup_required,native_quality,quantum_quality,quality_gap,one_qubit_gates,two_qubit_gates,measurement_ops,circuit_evaluations,slurm_job_id,total_runtime_sec,seed,ml_samples,ml_features,ml_classes,ml_dataset,digits_classes,dataset_name,problem_name,problem_qubits,ml_depth,chem_grid,chem_layers,chem_hamiltonian_json,chem_native_baselines,opt_nodes,opt_graph,opt_grid,sim_model,sim_initial_state,sim_qubits,sim_steps,sim_native_baselines,path,status
practical_55710745_scale_4n_16g_c0_chem_h2_l1_grid17_r0_seed17.json,chemistry,chemistry_vqe,absolute_energy_error,0.0005757329054176807,exact_dense_diagonalization_numpy,exact_dense_diagonalization_numpy,2,21.560091775027104,37448.0797816928,-1.85727503020238,-1.8456249981377126,0.011650032064667304,1304,326,652,326,55710745_scale_4n_16g_c0,21.578555800020695,17,72,4,3,synthetic,"0,1,2",,H2_minimal_2qubit,2,1,17,1,,"dense_exact,sparse_lanczos",4,chordal,7,tfim,auto,4,4,"dense_exact,sparse_krylov",data/raw/perlmutter/practical_suite_sweep/practical_55710745_scale_4n_16g_c0_chem_h2_l1_grid17_r0_seed17.json,ok
practical_55710745_scale_4n_16g_c0_chem_h2_sto3g_4q_l2_grid9_r0_seed23.json,chemistry,chemistry_vqe,absolute_energy_error,0.00014781602658331394,exact_dense_diagonalization_numpy,sparse_lanczos_eigsh_scipy,2,22.583630296983756,152782.01436604632,-1.1372701746609044,-0.3511901986746768,0.7860799759862276,336,126,84,21,55710745_scale_4n_16g_c0,22.629518200061284,23,72,4,3,synthetic,"0,1,2",,h2_sto3g_4q,4,1,9,2,benchmarks/workloads/hamiltonians/h2_sto3g_4q.json,"dense_exact,sparse_lanczos",4,chordal,7,tfim,auto,4,4,"dense_exact,sparse_krylov",data/raw/perlmutter/practical_suite_sweep/practical_55710745_scale_4n_16g_c0_chem_h2_sto3g_4q_l2_grid9_r0_seed23.json,ok
practical_55710745_scale_4n_16g_c0_chem_h2o_sto3g_active_4q_l1_grid17_r0_seed17.json,chemistry,chemistry_vqe,absolute_energy_error,0.00015222490765154362,exact_dense_diagonalization_numpy,sparse_lanczos_eigsh_scipy,2,14.631550278048962,96117.97769351836,-74.9641952919975,-74.61675926705786,0.34743602493963976,296,111,148,37,55710745_scale_4n_16g_c0,14.647391011938453,17,72,4,3,synthetic,"0,1,2",,h2o_sto3g_active_4q,4,1,17,1,benchmarks/workloads/hamiltonians/h2o_sto3g_active_4q.json,"dense_exact,sparse_lanczos",4,chordal,7,tfim,auto,4,4,"dense_exact,sparse_krylov",data/raw/perlmutter/practical_suite_sweep/practical_55710745_scale_4n_16g_c0_chem_h2o_sto3g_active_4q_l1_grid17_r0_seed17.json,ok
practical_55710745_scale_4n_16g_c0_chem_h2o_sto3g_active_6q_l2_grid13_r0_seed23.json,chemistry,chemistry_vqe,absolute_energy_error,0.000443817931227386,exact_dense_diagonalization_numpy,exact_dense_diagonalization_numpy,2,21.221294673043303,47815.31610125678,-74.9673319430181,-73.88353450091185,1.0837974421062455,696,290,174,29,55710745_scale_4n_16g_c0,21.25528561498504,23,72,4,3,synthetic,"0,1,2",,h2o_sto3g_active_6q,6,1,13,2,benchmarks/workloads/hamiltonians/h2o_sto3g_active_6q.json,"dense_exact,sparse_lanczos",4,chordal,7,tfim,auto,4,4,"dense_exact,sparse_krylov",data/raw/perlmutter/practical_suite_sweep/practical_55710745_scale_4n_16g_c0_chem_h2o_sto3g_active_6q_l2_grid13_r0_seed23.json,ok
practical_55710745_scale_4n_16g_c0_chem_h2o_sto3g_active_8q_l2_grid17_r0_seed17.json,chemistry,chemistry_vqe,absolute_energy_error,0.011667978018522263,exact_dense_diagonalization_numpy,sparse_lanczos_eigsh_scipy,2,18.04803677194286,1546.800717595852,-74.97036281676186,-73.73936479819314,1.2309980185687266,1184,518,296,37,55710745_scale_4n_16g_c0,18.26818490505684,17,72,4,3,synthetic,"0,1,2",,h2o_sto3g_active_8q,8,1,17,2,benchmarks/workloads/hamiltonians/h2o_sto3g_active_8q.json,"dense_exact,sparse_lanczos",4,chordal,7,tfim,auto,4,4,"dense_exact,sparse_krylov",data/raw/perlmutter/practical_suite_sweep/practical_55710745_scale_4n_16g_c0_chem_h2o_sto3g_active_8q_l2_grid17_r0_seed17.json,ok
practical_55710745_scale_4n_16g_c0_chem_lih_sto3g_active_4q_l2_grid13_r0_seed17.json,chemistry,chemistry_vqe,absolute_energy_error,0.00015802495181560516,exact_dense_diagonalization_numpy,sparse_lanczos_eigsh_scipy,2,14.932927063084207,94497.27331990594,-7.862773162272802,-7.70232475760537,0.1604484046674317,464,174,116,29,55710745_scale_4n_16g_c0,14.95170049695298,17,72,4,3,synthetic,"0,1,2",,lih_sto3g_active_4q,4,1,13,2,benchmarks/workloads/hamiltonians/lih_sto3g_active_4q.json,"dense_exact,sparse_lanczos",4,chordal,7,tfim,auto,4,4,"dense_exact,sparse_krylov",data/raw/perlmutter/practical_suite_sweep/practical_55710745_scale_4n_16g_c0_chem_lih_sto3g_active_4q_l2_grid13_r0_seed17.json,ok
practical_55710745_scale_4n_16g_c0_chem_lih_sto3g_active_8q_l1_grid13_r0_seed23.json,chemistry,chemistry_vqe,absolute_energy_error,0.011514471028931439,exact_dense_diagonalization_numpy,exact_dense_diagonalization_numpy,2,22.60790752491448,1963.4343139263194,-7.864436629899078,-7.249393427268021,0.6150432026310568,464,203,232,29,55710745_scale_4n_16g_c0,22.8368177349912,23,72,4,3,synthetic,"0,1,2",,lih_sto3g_active_8q,8,1,13,1,benchmarks/workloads/hamiltonians/lih_sto3g_active_8q.json,"dense_exact,sparse_lanczos",4,chordal,7,tfim,auto,4,4,"dense_exact,sparse_krylov",data/raw/perlmutter/practical_suite_sweep/practical_55710745_scale_4n_16g_c0_chem_lih_sto3g_active_8q_l1_grid13_r0_seed23.json,ok
practical_55710745_scale_4n_16g_c0_qaoa_ring_4n_grid7_r0_seed23.json,optimization,optimization_qaoa,approximation_ratio,1.682201400399208e-05,greedy_assignment_numpy,,4,19.31605616095476,1148260.6159031142,4,2.749999999999999,0.3125000000000002,588,392,196,49,55710745_scale_4n_16g_c0,19.3452322029043,23,72,4,3,synthetic,"0,1,2",,small_maxcut,4,1,21,1,,"dense_exact,sparse_lanczos",4,ring,7,tfim,auto,4,4,"dense_exact,sparse_krylov",data/raw/perlmutter/practical_suite_sweep/practical_55710745_scale_4n_16g_c0_qaoa_ring_4n_grid7_r0_seed23.json,ok
practical_55710745_scale_4n_16g_c0_sim_heisenberg_7q_4steps_r0_seed17.json,simulation,hamiltonian_simulation,absolute_observable_error,0.0031117360340431333,sparse_krylov_expm_multiply_scipy,exact_dense_eigendecomposition_numpy,2,29.21869853802491,9389.838411216566,-0.02818565466473985,-0.13003518922488988,0.10184953456015003,295,144,7,1,55710745_scale_4n_16g_c0,29.247531414031982,17,72,4,3,synthetic,"0,1,2",,heisenberg,7,1,21,1,,"dense_exact,sparse_lanczos",4,chordal,7,heisenberg,auto,7,4,"dense_exact,sparse_krylov",data/raw/perlmutter/practical_suite_sweep/practical_55710745_scale_4n_16g_c0_sim_heisenberg_7q_4steps_r0_seed17.json,ok
practical_55710745_scale_4n_16g_c0_sim_heisenberg_7q_8steps_r0_seed23.json,simulation,hamiltonian_simulation,absolute_observable_error,0.0031553810695186257,sparse_krylov_expm_multiply_scipy,exact_dense_eigendecomposition_numpy,2,29.843801369075663,9458.065669902917,-0.02818565466473985,-0.0745381904255929,0.04635253576085305,587,288,7,1,55710745_scale_4n_16g_c0,29.939487861003727,23,72,4,3,synthetic,"0,1,2",,heisenberg,7,1,21,1,,"dense_exact,sparse_lanczos",4,chordal,7,heisenberg,auto,7,8,"dense_exact,sparse_krylov",data/raw/perlmutter/practical_suite_sweep/practical_55710745_scale_4n_16g_c0_sim_heisenberg_7q_8steps_r0_seed23.json,ok
practical_55710745_scale_4n_16g_c0_sim_tfim_6q_8steps_r0_seed17.json,simulation,hamiltonian_simulation,absolute_observable_error,0.0022330970969051123,exact_dense_eigendecomposition_numpy,exact_dense_eigendecomposition_numpy,2,24.372272178996354,10914.112159643351,0.821802450632914,0.8215212314654883,0.00028121916742573916,88,80,6,1,55710745_scale_4n_16g_c0,24.407533354940824,17,72,4,3,synthetic,"0,1,2",,tfim,6,1,21,1,,"dense_exact,sparse_lanczos",4,chordal,7,tfim,auto,6,8,"dense_exact,sparse_krylov",data/raw/perlmutter/practical_suite_sweep/practical_55710745_scale_4n_16g_c0_sim_tfim_6q_8steps_r0_seed17.json,ok
practical_55710745_scale_4n_16g_c0_sim_tfim_7q_6steps_r0_seed23.json,simulation,hamiltonian_simulation,absolute_observable_error,0.002549680066294968,sparse_krylov_expm_multiply_scipy,exact_dense_eigendecomposition_numpy,2,35.933039449038915,14093.156205772322,0.8218024506329149,0.8213019840508498,0.000500466582065151,78,72,7,1,55710745_scale_4n_16g_c0,35.97842503897846,23,72,4,3,synthetic,"0,1,2",,tfim,7,1,21,1,,"dense_exact,sparse_lanczos",4,chordal,7,tfim,auto,7,6,"dense_exact,sparse_krylov",data/raw/perlmutter/practical_suite_sweep/practical_55710745_scale_4n_16g_c0_sim_tfim_7q_6steps_r0_seed23.json,ok
practical_55710745_scale_4n_16g_c10_chem_h2_l2_grid17_r0_seed17.json,chemistry,chemistry_vqe,absolute_energy_error,0.00014304602518677711,exact_dense_diagonalization_numpy,sparse_lanczos_eigsh_scipy,2,15.184221388073638,106149.20175689885,-1.857275030202381,-1.8369679912029844,0.020307038999396676,296,74,74,37,55710745_scale_4n_16g_c10,15.1986022379715,17,72,4,3,synthetic,"0,1,2",,H2_minimal_2qubit,2,1,17,2,,"dense_exact,sparse_lanczos",4,chordal,7,tfim,auto,4,4,"dense_exact,sparse_krylov",data/raw/perlmutter/practical_suite_sweep/practical_55710745_scale_4n_16g_c10_chem_h2_l2_grid17_r0_seed17.json,ok
practical_55710745_scale_4n_16g_c10_chem_h2o_sto3g_active_4q_l2_grid17_r0_seed17.json,chemistry,chemistry_vqe,absolute_energy_error,0.00014803605154156685,exact_dense_diagonalization_numpy,exact_dense_diagonalization_numpy,2,14.982008307008073,101205.13314826756,-74.96419529199744,-74.51829816225637,0.4458971297410699,592,222,148,37,55710745_scale_4n_16g_c10,15.000708975014277,17,72,4,3,synthetic,"0,1,2",,h2o_sto3g_active_4q,4,1,17,2,benchmarks/workloads/hamiltonians/h2o_sto3g_active_4q.json,"dense_exact,sparse_lanczos",4,chordal,7,tfim,auto,4,4,"dense_exact,sparse_krylov",data/raw/perlmutter/practical_suite_sweep/practical_55710745_scale_4n_16g_c10_chem_h2o_sto3g_active_4q_l2_grid17_r0_seed17.json,ok
practical_55710745_scale_4n_16g_c10_chem_h2o_sto3g_active_8q_l1_grid17_r0_seed23.json,chemistry,chemistry_vqe,absolute_energy_error,0.011464528040960431,exact_dense_diagonalization_numpy,sparse_lanczos_eigsh_scipy,2,21.6063389609335,1884.6252443832348,-74.97036281676169,-74.01818391270403,0.9521789040576607,592,259,296,37,55710745_scale_4n_16g_c10,21.819212777889334,23,72,4,3,synthetic,"0,1,2",,h2o_sto3g_active_8q,8,1,17,1,benchmarks/workloads/hamiltonians/h2o_sto3g_active_8q.json,"dense_exact,sparse_lanczos",4,chordal,7,tfim,auto,4,4,"dense_exact,sparse_krylov",data/raw/perlmutter/practical_suite_sweep/practical_55710745_scale_4n_16g_c10_chem_h2o_sto3g_active_8q_l1_grid17_r0_seed23.json,ok
practical_55710745_scale_4n_16g_c10_chem_lih_sto3g_active_4q_l1_grid13_r0_seed23.json,chemistry,chemistry_vqe,absolute_energy_error,0.00015280500520020723,exact_dense_diagonalization_numpy,exact_dense_diagonalization_numpy,2,18.465494917938486,120843.52141308943,-7.862773162272801,-7.714056633733221,0.1487165285395804,232,87,116,29,55710745_scale_4n_16g_c10,18.495944909984246,23,72,4,3,synthetic,"0,1,2",,lih_sto3g_active_4q,4,1,13,1,benchmarks/workloads/hamiltonians/lih_sto3g_active_4q.json,"dense_exact,sparse_lanczos",4,chordal,7,tfim,auto,4,4,"dense_exact,sparse_krylov",data/raw/perlmutter/practical_suite_sweep/practical_55710745_scale_4n_16g_c10_chem_lih_sto3g_active_4q_l1_grid13_r0_seed23.json,ok
practical_55710745_scale_4n_16g_c10_chem_lih_sto3g_active_6q_l1_grid17_r0_seed17.json,chemistry,chemistry_vqe,absolute_energy_error,0.0004439860349521041,exact_dense_diagonalization_numpy,exact_dense_diagonalization_numpy,2,21.451111144036986,48314.83302476184,-7.863620054551806,-7.587199728781293,0.2764203257705127,444,185,222,37,55710745_scale_4n_16g_c10,21.49024987500161,17,72,4,3,synthetic,"0,1,2",,lih_sto3g_active_6q,6,1,17,1,benchmarks/workloads/hamiltonians/lih_sto3g_active_6q.json,"dense_exact,sparse_lanczos",4,chordal,7,tfim,auto,4,4,"dense_exact,sparse_krylov",data/raw/perlmutter/practical_suite_sweep/practical_55710745_scale_4n_16g_c10_chem_lih_sto3g_active_6q_l1_grid17_r0_seed17.json,ok
practical_55710745_scale_4n_16g_c10_chem_lih_sto3g_active_8q_l2_grid13_r0_seed23.json,chemistry,chemistry_vqe,absolute_energy_error,0.011206516064703465,exact_dense_diagonalization_numpy,exact_dense_diagonalization_numpy,2,22.770656981971115,2031.9122241470368,-7.864436629899078,-7.2196171977830925,0.6448194321159857,928,406,232,29,55710745_scale_4n_16g_c10,23.02674762206152,23,72,4,3,synthetic,"0,1,2",,lih_sto3g_active_8q,8,1,13,2,benchmarks/workloads/hamiltonians/lih_sto3g_active_8q.json,"dense_exact,sparse_lanczos",4,chordal,7,tfim,auto,4,4,"dense_exact,sparse_krylov",data/raw/perlmutter/practical_suite_sweep/practical_55710745_scale_4n_16g_c10_chem_lih_sto3g_active_8q_l2_grid13_r0_seed23.json,ok
practical_55710745_scale_4n_16g_c10_qaoa_chordal_4n_grid7_r0_seed17.json,optimization,optimization_qaoa,approximation_ratio,1.4428049325942993e-05,greedy_assignment_numpy,,4,20.08238398504909,1391898.7613203588,4,3.2070111141556907,0.19824722146107732,637,490,196,49,55710745_scale_4n_16g_c10,20.09832390199881,17,72,4,3,synthetic,"0,1,2",,small_maxcut,4,1,21,1,,"dense_exact,sparse_lanczos",4,chordal,7,tfim,auto,4,4,"dense_exact,sparse_krylov",data/raw/perlmutter/practical_suite_sweep/practical_55710745_scale_4n_16g_c10_qaoa_chordal_4n_grid7_r0_seed17.json,ok
practical_55710745_scale_4n_16g_c10_sim_heisenberg_5q_4steps_r0_seed17.json,simulation,hamiltonian_simulation,absolute_observable_error,0.0004085979890078306,exact_dense_eigendecomposition_numpy,exact_dense_eigendecomposition_numpy,2,24.49316553992685,59944.41039566019,-0.025259172203497292,-0.13003518922489032,0.10477601702139303,198,96,5,1,55710745_scale_4n_16g_c10,24.519033603952266,17,72,4,3,synthetic,"0,1,2",,heisenberg,5,1,21,1,,"dense_exact,sparse_lanczos",4,chordal,7,heisenberg,auto,5,4,"dense_exact,sparse_krylov",data/raw/perlmutter/practical_suite_sweep/practical_55710745_scale_4n_16g_c10_sim_heisenberg_5q_4steps_r0_seed17.json,ok
practical_55710745_scale_4n_16g_c10_sim_heisenberg_5q_8steps_r0_seed23.json,simulation,hamiltonian_simulation,absolute_observable_error,0.00040378898847848177,exact_dense_eigendecomposition_numpy,exact_dense_eigendecomposition_numpy,2,23.797072377987206,58934.42628947612,-0.025259172203497292,-0.07408869759288389,0.0488295253893866,394,192,5,1,55710745_scale_4n_16g_c10,23.848865319043398,23,72,4,3,synthetic,"0,1,2",,heisenberg,5,1,21,1,,"dense_exact,sparse_lanczos",4,chordal,7,heisenberg,auto,5,8,"dense_exact,sparse_krylov",data/raw/perlmutter/practical_suite_sweep/practical_55710745_scale_4n_16g_c10_sim_heisenberg_5q_8steps_r0_seed23.json,ok
practical_55710745_scale_4n_16g_c10_sim_tfim_4q_8steps_r0_seed17.json,simulation,hamiltonian_simulation,absolute_observable_error,0.0010430630063638091,exact_dense_eigendecomposition_numpy,exact_dense_eigendecomposition_numpy,2,19.954461638000794,19130.63881688552,0.8218024506329117,0.8215212314654879,0.00028121916742374076,56,48,4,1,55710745_scale_4n_16g_c10,19.978039202978835,17,72,4,3,synthetic,"0,1,2",,tfim,4,1,21,1,,"dense_exact,sparse_lanczos",4,chordal,7,tfim,auto,4,8,"dense_exact,sparse_krylov",data/raw/perlmutter/practical_suite_sweep/practical_55710745_scale_4n_16g_c10_sim_tfim_4q_8steps_r0_seed17.json,ok
practical_55710745_scale_4n_16g_c10_sim_tfim_5q_6steps_r0_seed23.json,simulation,hamiltonian_simulation,absolute_observable_error,0.0005710709374397993,exact_dense_eigendecomposition_numpy,exact_dense_eigendecomposition_numpy,2,24.46202309592627,42835.349327341646,0.8218024506329158,0.8213019840508522,0.0005004665820635967,54,48,5,1,55710745_scale_4n_16g_c10,24.48245908599347,23,72,4,3,synthetic,"0,1,2",,tfim,5,1,21,1,,"dense_exact,sparse_lanczos",4,chordal,7,tfim,auto,5,6,"dense_exact,sparse_krylov",data/raw/perlmutter/practical_suite_sweep/practical_55710745_scale_4n_16g_c10_sim_tfim_5q_6steps_r0_seed23.json,ok
practical_55710745_scale_4n_16g_c11_chem_h2_l2_grid21_r0_seed17.json,chemistry,chemistry_vqe,absolute_energy_error,0.0001448689727112651,exact_dense_diagonalization_numpy,exact_dense_diagonalization_numpy,2,15.200693869963288,104927.18755077687,-1.85727503020238,-1.8369679912029844,0.020307038999395566,360,90,90,45,55710745_scale_4n_16g_c11,15.217088541947305,17,72,4,3,synthetic,"0,1,2",,H2_minimal_2qubit,2,1,21,2,,"dense_exact,sparse_lanczos",4,chordal,7,tfim,auto,4,4,"dense_exact,sparse_krylov",data/raw/perlmutter/practical_suite_sweep/practical_55710745_scale_4n_16g_c11_chem_h2_l2_grid21_r0_seed17.json,ok
practical_55710745_scale_4n_16g_c11_chem_h2o_sto3g_active_6q_l2_grid9_r0_seed17.json,chemistry,chemistry_vqe,absolute_energy_error,0.00043995806481689215,exact_dense_diagonalization_numpy,exact_dense_diagonalization_numpy,2,14.972053862991743,34030.63850920205,-74.9673319430181,-73.88353450091185,1.0837974421062455,504,210,126,21,55710745_scale_4n_16g_c11,15.000972502981313,17,72,4,3,synthetic,"0,1,2",,h2o_sto3g_active_6q,6,1,9,2,benchmarks/workloads/hamiltonians/h2o_sto3g_active_6q.json,"dense_exact,sparse_lanczos",4,chordal,7,tfim,auto,4,4,"dense_exact,sparse_krylov",data/raw/perlmutter/practical_suite_sweep/practical_55710745_scale_4n_16g_c11_chem_h2o_sto3g_active_6q_l2_grid9_r0_seed17.json,ok
practical_55710745_scale_4n_16g_c11_chem_lih_sto3g_active_4q_l1_grid17_r0_seed23.json,chemistry,chemistry_vqe,absolute_energy_error,0.00016236293595284224,exact_dense_diagonalization_numpy,sparse_lanczos_eigsh_scipy,2,18.539144129958004,114183.3511519072,-7.86277316227282,-7.714056633733221,0.14871652853959905,296,111,148,37,55710745_scale_4n_16g_c11,18.575098745990545,23,72,4,3,synthetic,"0,1,2",,lih_sto3g_active_4q,4,1,17,1,benchmarks/workloads/hamiltonians/lih_sto3g_active_4q.json,"dense_exact,sparse_lanczos",4,chordal,7,tfim,auto,4,4,"dense_exact,sparse_krylov",data/raw/perlmutter/practical_suite_sweep/practical_55710745_scale_4n_16g_c11_chem_lih_sto3g_active_4q_l1_grid17_r0_seed23.json,ok
practical_55710745_scale_4n_16g_c11_chem_lih_sto3g_active_8q_l1_grid9_r0_seed17.json,chemistry,chemistry_vqe,absolute_energy_error,0.01132415106985718,exact_dense_diagonalization_numpy,exact_dense_diagonalization_numpy,2,21.253713924903423,1876.8483212376884,-7.864436629899078,-7.405668204554411,0.4587684253446671,336,147,168,21,55710745_scale_4n_16g_c11,21.48510307702236,17,72,4,3,synthetic,"0,1,2",,lih_sto3g_active_8q,8,1,9,1,benchmarks/workloads/hamiltonians/lih_sto3g_active_8q.json,"dense_exact,sparse_lanczos",4,chordal,7,tfim,auto,4,4,"dense_exact,sparse_krylov",data/raw/perlmutter/practical_suite_sweep/practical_55710745_scale_4n_16g_c11_chem_lih_sto3g_active_8q_l1_grid9_r0_seed17.json,ok
practical_55710745_scale_4n_16g_c11_chem_lih_sto3g_active_8q_l2_grid17_r0_seed23.json,chemistry,chemistry_vqe,absolute_energy_error,0.011249960050918162,exact_dense_diagonalization_numpy,sparse_lanczos_eigsh_scipy,2,22.769633065909147,2023.9745708297703,-7.864436629899083,-7.2196171977830925,0.6448194321159901,1184,518,296,37,55710745_scale_4n_16g_c11,23.048504980048165,23,72,4,3,synthetic,"0,1,2",,lih_sto3g_active_8q,8,1,17,2,benchmarks/workloads/hamiltonians/lih_sto3g_active_8q.json,"dense_exact,sparse_lanczos",4,chordal,7,tfim,auto,4,4,"dense_exact,sparse_krylov",data/raw/perlmutter/practical_suite_sweep/practical_55710745_scale_4n_16g_c11_chem_lih_sto3g_active_8q_l2_grid17_r0_seed23.json,ok
practical_55710745_scale_4n_16g_c11_chem_molecular_chain_4q_l1_grid9_r0_seed23.json,chemistry,chemistry_vqe,absolute_energy_error,0.0001631040358915925,exact_dense_diagonalization_numpy,sparse_lanczos_eigsh_scipy,2,21.76660886092577,133452.30080874884,-1.705732892552906,-1.2281036714213251,0.4776292211315809,168,63,84,21,55710745_scale_4n_16g_c11,21.79362112900708,23,72,4,3,synthetic,"0,1,2",,molecular_chain_4q_surrogate,4,1,9,1,benchmarks/workloads/hamiltonians/molecular_chain_4q.json,"dense_exact,sparse_lanczos",4,chordal,7,tfim,auto,4,4,"dense_exact,sparse_krylov",data/raw/perlmutter/practical_suite_sweep/practical_55710745_scale_4n_16g_c11_chem_molecular_chain_4q_l1_grid9_r0_seed23.json,ok
practical_55710745_scale_4n_16g_c11_qaoa_chordal_4n_grid9_r0_seed17.json,optimization,optimization_qaoa,approximation_ratio,1.5179975889623165e-05,greedy_assignment_numpy,,4,20.098342387005687,1324003.5776831934,4,3.1457154773853633,0.21357113065365918,1053,810,324,81,55710745_scale_4n_16g_c11,20.11063462495804,17,72,4,3,synthetic,"0,1,2",,small_maxcut,4,1,21,1,,"dense_exact,sparse_lanczos",4,chordal,9,tfim,auto,4,4,"dense_exact,sparse_krylov",data/raw/perlmutter/practical_suite_sweep/practical_55710745_scale_4n_16g_c11_qaoa_chordal_4n_grid9_r0_seed17.json,ok
practical_55710745_scale_4n_16g_c11_sim_heisenberg_5q_6steps_r0_seed17.json,simulation,hamiltonian_simulation,absolute_observable_error,0.00041212502401322126,exact_dense_eigendecomposition_numpy,exact_dense_eigendecomposition_numpy,2,24.493909155018628,59433.20043150994,-0.025259172203497292,-0.09172767502661766,0.06646850282312036,296,144,5,1,55710745_scale_4n_16g_c11,24.521882251952775,17,72,4,3,synthetic,"0,1,2",,heisenberg,5,1,21,1,,"dense_exact,sparse_lanczos",4,chordal,7,heisenberg,auto,5,6,"dense_exact,sparse_krylov",data/raw/perlmutter/practical_suite_sweep/practical_55710745_scale_4n_16g_c11_sim_heisenberg_5q_6steps_r0_seed17.json,ok
practical_55710745_scale_4n_16g_c11_sim_heisenberg_6q_4steps_r0_seed23.json,simulation,hamiltonian_simulation,absolute_observable_error,0.002476988942362368,sparse_krylov_expm_multiply_scipy,exact_dense_eigendecomposition_numpy,2,24.002975631970912,9690.384652697987,0.028435823107617414,-0.1300351892248902,0.15847101233250763,247,120,6,1,55710745_scale_4n_16g_c11,24.062424383941106,23,72,4,3,synthetic,"0,1,2",,heisenberg,6,1,21,1,,"dense_exact,sparse_lanczos",4,chordal,7,heisenberg,auto,6,4,"dense_exact,sparse_krylov",data/raw/perlmutter/practical_suite_sweep/practical_55710745_scale_4n_16g_c11_sim_heisenberg_6q_4steps_r0_seed23.json,ok
practical_55710745_scale_4n_16g_c11_sim_tfim_5q_4steps_r0_seed17.json,simulation,hamiltonian_simulation,absolute_observable_error,0.0011912789195775986,exact_dense_eigendecomposition_numpy,exact_dense_eigendecomposition_numpy,2,19.954183981986716,16750.219998068995,0.8218024506329158,0.8206730318635854,0.0011294187693303703,36,32,5,1,55710745_scale_4n_16g_c11,19.97673545696307,17,72,4,3,synthetic,"0,1,2",,tfim,5,1,21,1,,"dense_exact,sparse_lanczos",4,chordal,7,tfim,auto,5,4,"dense_exact,sparse_krylov",data/raw/perlmutter/practical_suite_sweep/practical_55710745_scale_4n_16g_c11_sim_tfim_5q_4steps_r0_seed17.json,ok
practical_55710745_scale_4n_16g_c11_sim_tfim_5q_8steps_r0_seed23.json,simulation,hamiltonian_simulation,absolute_observable_error,0.0005847489228472114,exact_dense_eigendecomposition_numpy,exact_dense_eigendecomposition_numpy,2,24.66716793901287,42184.20415193845,0.8218024506329158,0.8215212314654874,0.0002812191674284037,72,64,5,1,55710745_scale_4n_16g_c11,24.693624344072305,23,72,4,3,synthetic,"0,1,2",,tfim,5,1,21,1,,"dense_exact,sparse_lanczos",4,chordal,7,tfim,auto,5,8,"dense_exact,sparse_krylov",data/raw/perlmutter/practical_suite_sweep/practical_55710745_scale_4n_16g_c11_sim_tfim_5q_8steps_r0_seed23.json,ok
practical_55710745_scale_4n_16g_c12_chem_h2_sto3g_4q_l2_grid9_r0_seed17.json,chemistry,chemistry_vqe,absolute_energy_error,0.0001484580570831895,exact_dense_diagonalization_numpy,sparse_lanczos_eigsh_scipy,2,14.958378493902273,100758.2800677517,-1.1372701746609035,-0.35613463544553314,0.7811355392153704,336,126,84,21,55710745_scale_4n_16g_c12,14.978510346030816,17,72,4,3,synthetic,"0,1,2",,h2_sto3g_4q,4,1,9,2,benchmarks/workloads/hamiltonians/h2_sto3g_4q.json,"dense_exact,sparse_lanczos",4,chordal,7,tfim,auto,4,4,"dense_exact,sparse_krylov",data/raw/perlmutter/practical_suite_sweep/practical_55710745_scale_4n_16g_c12_chem_h2_sto3g_4q_l2_grid9_r0_seed17.json,ok
practical_55710745_scale_4n_16g_c12_chem_h2o_sto3g_active_4q_l2_grid9_r0_seed23.json,chemistry,chemistry_vqe,absolute_energy_error,0.0001541179371997714,exact_dense_diagonalization_numpy,sparse_lanczos_eigsh_scipy,2,23.178617722005583,150395.32803998602,-74.96419529199746,-74.51647720347528,0.44771808852217987,336,126,84,21,55710745_scale_4n_16g_c12,23.200858082971536,23,72,4,3,synthetic,"0,1,2",,h2o_sto3g_active_4q,4,1,9,2,benchmarks/workloads/hamiltonians/h2o_sto3g_active_4q.json,"dense_exact,sparse_lanczos",4,chordal,7,tfim,auto,4,4,"dense_exact,sparse_krylov",data/raw/perlmutter/practical_suite_sweep/practical_55710745_scale_4n_16g_c12_chem_h2o_sto3g_active_4q_l2_grid9_r0_seed23.json,ok
practical_55710745_scale_4n_16g_c12_chem_h2o_sto3g_active_6q_l2_grid13_r0_seed17.json,chemistry,chemistry_vqe,absolute_energy_error,0.0004842560738325119,exact_dense_diagonalization_numpy,sparse_lanczos_eigsh_scipy,2,15.26032263005618,31512.91941324048,-74.9673319430184,-73.88353450091185,1.083797442106544,696,290,174,29,55710745_scale_4n_16g_c12,15.290152032044716,17,72,4,3,synthetic,"0,1,2",,h2o_sto3g_active_6q,6,1,13,2,benchmarks/workloads/hamiltonians/h2o_sto3g_active_6q.json,"dense_exact,sparse_lanczos",4,chordal,7,tfim,auto,4,4,"dense_exact,sparse_krylov",data/raw/perlmutter/practical_suite_sweep/practical_55710745_scale_4n_16g_c12_chem_h2o_sto3g_active_6q_l2_grid13_r0_seed17.json,ok
practical_55710745_scale_4n_16g_c12_chem_lih_sto3g_active_6q_l1_grid9_r0_seed23.json,chemistry,chemistry_vqe,absolute_energy_error,0.00043846003245562315,exact_dense_diagonalization_numpy,exact_dense_diagonalization_numpy,2,19.0193718400551,43377.66371437758,-7.863620054551806,-7.587199728781293,0.2764203257705127,252,105,126,21,55710745_scale_4n_16g_c12,19.062827188987285,23,72,4,3,synthetic,"0,1,2",,lih_sto3g_active_6q,6,1,9,1,benchmarks/workloads/hamiltonians/lih_sto3g_active_6q.json,"dense_exact,sparse_lanczos",4,chordal,7,tfim,auto,4,4,"dense_exact,sparse_krylov",data/raw/perlmutter/practical_suite_sweep/practical_55710745_scale_4n_16g_c12_chem_lih_sto3g_active_6q_l1_grid9_r0_seed23.json,ok
practical_55710745_scale_4n_16g_c12_chem_lih_sto3g_active_8q_l1_grid13_r0_seed17.json,chemistry,chemistry_vqe,absolute_energy_error,0.011982186930254102,exact_dense_diagonalization_numpy,exact_dense_diagonalization_numpy,2,21.302373033948243,1777.8368137590464,-7.864436629899078,-7.411850509310046,0.45258612058903225,464,203,232,29,55710745_scale_4n_16g_c12,21.570377537980676,17,72,4,3,synthetic,"0,1,2",,lih_sto3g_active_8q,8,1,13,1,benchmarks/workloads/hamiltonians/lih_sto3g_active_8q.json,"dense_exact,sparse_lanczos",4,chordal,7,tfim,auto,4,4,"dense_exact,sparse_krylov",data/raw/perlmutter/practical_suite_sweep/practical_55710745_scale_4n_16g_c12_chem_lih_sto3g_active_8q_l1_grid13_r0_seed17.json,ok
practical_55710745_scale_4n_16g_c12_chem_molecular_chain_4q_l1_grid13_r0_seed23.json,chemistry,chemistry_vqe,absolute_energy_error,0.0001625750446692109,exact_dense_diagonalization_numpy,exact_dense_diagonalization_numpy,2,22.31462837208528,137257.40268125734,-1.705732892552902,-1.2281036714213251,0.4776292211315769,232,87,116,29,55710745_scale_4n_16g_c12,22.342503982945345,23,72,4,3,synthetic,"0,1,2",,molecular_chain_4q_surrogate,4,1,13,1,benchmarks/workloads/hamiltonians/molecular_chain_4q.json,"dense_exact,sparse_lanczos",4,chordal,7,tfim,auto,4,4,"dense_exact,sparse_krylov",data/raw/perlmutter/practical_suite_sweep/practical_55710745_scale_4n_16g_c12_chem_molecular_chain_4q_l1_grid13_r0_seed23.json,ok
practical_55710745_scale_4n_16g_c12_qaoa_ring_5n_grid7_r0_seed17.json,optimization,optimization_qaoa,approximation_ratio,1.57009344547987e-05,greedy_assignment_numpy,,4,20.450102961040102,1302476.8060725143,4,3.4375,0.140625,735,490,245,49,55710745_scale_4n_16g_c12,20.474443886079825,17,72,4,3,synthetic,"0,1,2",,small_maxcut,5,1,21,1,,"dense_exact,sparse_lanczos",5,ring,7,tfim,auto,4,4,"dense_exact,sparse_krylov",data/raw/perlmutter/practical_suite_sweep/practical_55710745_scale_4n_16g_c12_qaoa_ring_5n_grid7_r0_seed17.json,ok
practical_55710745_scale_4n_16g_c12_sim_heisenberg_5q_8steps_r0_seed17.json,simulation,hamiltonian_simulation,absolute_observable_error,0.00039952294901013374,exact_dense_eigendecomposition_numpy,exact_dense_eigendecomposition_numpy,2,23.98029790003784,60022.32902878775,-0.025259172203497292,-0.07408869759288389,0.0488295253893866,394,192,5,1,55710745_scale_4n_16g_c12,24.015373283997178,17,72,4,3,synthetic,"0,1,2",,heisenberg,5,1,21,1,,"dense_exact,sparse_lanczos",4,chordal,7,heisenberg,auto,5,8,"dense_exact,sparse_krylov",data/raw/perlmutter/practical_suite_sweep/practical_55710745_scale_4n_16g_c12_sim_heisenberg_5q_8steps_r0_seed17.json,ok
practical_55710745_scale_4n_16g_c12_sim_heisenberg_6q_6steps_r0_seed23.json,simulation,hamiltonian_simulation,absolute_observable_error,0.0022036979207769036,exact_dense_eigendecomposition_numpy,exact_dense_eigendecomposition_numpy,2,27.893395193037577,12657.54027811756,0.028435823107617414,-0.09191182641249906,0.12034764952011648,369,180,6,1,55710745_scale_4n_16g_c12,27.975732291000895,23,72,4,3,synthetic,"0,1,2",,heisenberg,6,1,21,1,,"dense_exact,sparse_lanczos",4,chordal,7,heisenberg,auto,6,6,"dense_exact,sparse_krylov",data/raw/perlmutter/practical_suite_sweep/practical_55710745_scale_4n_16g_c12_sim_heisenberg_6q_6steps_r0_seed23.json,ok
practical_55710745_scale_4n_16g_c12_sim_tfim_5q_6steps_r0_seed17.json,simulation,hamiltonian_simulation,absolute_observable_error,0.0005743619985878468,exact_dense_eigendecomposition_numpy,exact_dense_eigendecomposition_numpy,2,18.944844171055593,32984.15323025247,0.8218024506329158,0.8213019840508522,0.0005004665820635967,54,48,5,1,55710745_scale_4n_16g_c12,18.965454725082964,17,72,4,3,synthetic,"0,1,2",,tfim,5,1,21,1,,"dense_exact,sparse_lanczos",4,chordal,7,tfim,auto,5,6,"dense_exact,sparse_krylov",data/raw/perlmutter/practical_suite_sweep/practical_55710745_scale_4n_16g_c12_sim_tfim_5q_6steps_r0_seed17.json,ok
practical_55710745_scale_4n_16g_c12_sim_tfim_6q_4steps_r0_seed23.json,simulation,hamiltonian_simulation,absolute_observable_error,0.0022508479887619615,sparse_krylov_expm_multiply_scipy,exact_dense_eigendecomposition_numpy,2,23.956091100000776,10643.140371810445,0.821802450632914,0.8206730318635869,0.0011294187693271507,44,40,6,1,55710745_scale_4n_16g_c12,23.974273610976525,23,72,4,3,synthetic,"0,1,2",,tfim,6,1,21,1,,"dense_exact,sparse_lanczos",4,chordal,7,tfim,auto,6,4,"dense_exact,sparse_krylov",data/raw/perlmutter/practical_suite_sweep/practical_55710745_scale_4n_16g_c12_sim_tfim_6q_4steps_r0_seed23.json,ok
practical_55710745_scale_4n_16g_c13_chem_h2_sto3g_4q_l2_grid13_r0_seed17.json,chemistry,chemistry_vqe,absolute_energy_error,0.00015532097313553095,exact_dense_diagonalization_numpy,sparse_lanczos_eigsh_scipy,2,14.961128913098946,96323.94525396175,-1.1372701746609035,-0.4133297827777639,0.7239403918831396,464,174,116,29,55710745_scale_4n_16g_c13,14.979635105933994,17,72,4,3,synthetic,"0,1,2",,h2_sto3g_4q,4,1,13,2,benchmarks/workloads/hamiltonians/h2_sto3g_4q.json,"dense_exact,sparse_lanczos",4,chordal,7,tfim,auto,4,4,"dense_exact,sparse_krylov",data/raw/perlmutter/practical_suite_sweep/practical_55710745_scale_4n_16g_c13_chem_h2_sto3g_4q_l2_grid13_r0_seed17.json,ok
practical_55710745_scale_4n_16g_c13_chem_h2o_sto3g_active_4q_l2_grid13_r0_seed23.json,chemistry,chemistry_vqe,absolute_energy_error,0.00014780601486563683,exact_dense_diagonalization_numpy,exact_dense_diagonalization_numpy,2,23.180380826001056,156829.7531536399,-74.96419529199744,-74.51647720347528,0.44771808852216566,464,174,116,29,55710745_scale_4n_16g_c13,23.201307332958095,23,72,4,3,synthetic,"0,1,2",,h2o_sto3g_active_4q,4,1,13,2,benchmarks/workloads/hamiltonians/h2o_sto3g_active_4q.json,"dense_exact,sparse_lanczos",4,chordal,7,tfim,auto,4,4,"dense_exact,sparse_krylov",data/raw/perlmutter/practical_suite_sweep/practical_55710745_scale_4n_16g_c13_chem_h2o_sto3g_active_4q_l2_grid13_r0_seed23.json,ok
practical_55710745_scale_4n_16g_c13_chem_h2o_sto3g_active_6q_l2_grid17_r0_seed17.json,chemistry,chemistry_vqe,absolute_energy_error,0.00044741493184119463,exact_dense_diagonalization_numpy,sparse_lanczos_eigsh_scipy,2,15.420820980914868,34466.48710952797,-74.96733194301831,-73.88353450091185,1.0837974421064587,888,370,222,37,55710745_scale_4n_16g_c13,15.451901066000573,17,72,4,3,synthetic,"0,1,2",,h2o_sto3g_active_6q,6,1,17,2,benchmarks/workloads/hamiltonians/h2o_sto3g_active_6q.json,"dense_exact,sparse_lanczos",4,chordal,7,tfim,auto,4,4,"dense_exact,sparse_krylov",data/raw/perlmutter/practical_suite_sweep/practical_55710745_scale_4n_16g_c13_chem_h2o_sto3g_active_6q_l2_grid17_r0_seed17.json,ok
practical_55710745_scale_4n_16g_c13_chem_lih_sto3g_active_6q_l1_grid13_r0_seed23.json,chemistry,chemistry_vqe,absolute_energy_error,0.0004478179616853595,exact_dense_diagonalization_numpy,exact_dense_diagonalization_numpy,2,19.068963016034104,42581.95214919073,-7.863620054551806,-7.587199728781293,0.2764203257705127,348,145,174,29,55710745_scale_4n_16g_c13,19.0927506609587,23,72,4,3,synthetic,"0,1,2",,lih_sto3g_active_6q,6,1,13,1,benchmarks/workloads/hamiltonians/lih_sto3g_active_6q.json,"dense_exact,sparse_lanczos",4,chordal,7,tfim,auto,4,4,"dense_exact,sparse_krylov",data/raw/perlmutter/practical_suite_sweep/practical_55710745_scale_4n_16g_c13_chem_lih_sto3g_active_6q_l1_grid13_r0_seed23.json,ok
practical_55710745_scale_4n_16g_c13_chem_lih_sto3g_active_8q_l1_grid17_r0_seed17.json,chemistry,chemistry_vqe,absolute_energy_error,0.04179763700813055,exact_dense_diagonalization_numpy,exact_dense_diagonalization_numpy,2,21.235162385040894,508.0469592314559,-7.864436629899078,-7.411850509310046,0.45258612058903225,592,259,296,37,55710745_scale_4n_16g_c13,21.551756161963567,17,72,4,3,synthetic,"0,1,2",,lih_sto3g_active_8q,8,1,17,1,benchmarks/workloads/hamiltonians/lih_sto3g_active_8q.json,"dense_exact,sparse_lanczos",4,chordal,7,tfim,auto,4,4,"dense_exact,sparse_krylov",data/raw/perlmutter/practical_suite_sweep/practical_55710745_scale_4n_16g_c13_chem_lih_sto3g_active_8q_l1_grid17_r0_seed17.json,ok
practical_55710745_scale_4n_16g_c13_chem_molecular_chain_4q_l1_grid17_r0_seed23.json,chemistry,chemistry_vqe,absolute_energy_error,0.00016003998462110758,exact_dense_diagonalization_numpy,sparse_lanczos_eigsh_scipy,2,22.231234593084082,138910.50193310264,-1.705732892552906,-1.2281036714213251,0.4776292211315809,296,111,148,37,55710745_scale_4n_16g_c13,22.254493420012295,23,72,4,3,synthetic,"0,1,2",,molecular_chain_4q_surrogate,4,1,17,1,benchmarks/workloads/hamiltonians/molecular_chain_4q.json,"dense_exact,sparse_lanczos",4,chordal,7,tfim,auto,4,4,"dense_exact,sparse_krylov",data/raw/perlmutter/practical_suite_sweep/practical_55710745_scale_4n_16g_c13_chem_molecular_chain_4q_l1_grid17_r0_seed23.json,ok
practical_55710745_scale_4n_16g_c13_qaoa_ring_5n_grid9_r0_seed17.json,optimization,optimization_qaoa,approximation_ratio,1.5449943020939827e-05,greedy_assignment_numpy,,4,20.379429265973158,1319061.7750727127,4,3.749999999999998,0.06250000000000056,1215,810,405,81,55710745_scale_4n_16g_c13,20.392051593982615,17,72,4,3,synthetic,"0,1,2",,small_maxcut,5,1,21,1,,"dense_exact,sparse_lanczos",5,ring,9,tfim,auto,4,4,"dense_exact,sparse_krylov",data/raw/perlmutter/practical_suite_sweep/practical_55710745_scale_4n_16g_c13_qaoa_ring_5n_grid9_r0_seed17.json,ok
practical_55710745_scale_4n_16g_c13_sim_heisenberg_6q_4steps_r0_seed17.json,simulation,hamiltonian_simulation,absolute_observable_error,0.0022321419091895223,exact_dense_eigendecomposition_numpy,exact_dense_eigendecomposition_numpy,2,23.97512530395761,10740.860697634964,0.028435823107617414,-0.1300351892248902,0.15847101233250763,247,120,6,1,55710745_scale_4n_16g_c13,24.01588202896528,17,72,4,3,synthetic,"0,1,2",,heisenberg,6,1,21,1,,"dense_exact,sparse_lanczos",4,chordal,7,heisenberg,auto,6,4,"dense_exact,sparse_krylov",data/raw/perlmutter/practical_suite_sweep/practical_55710745_scale_4n_16g_c13_sim_heisenberg_6q_4steps_r0_seed17.json,ok
practical_55710745_scale_4n_16g_c13_sim_heisenberg_6q_8steps_r0_seed23.json,simulation,hamiltonian_simulation,absolute_observable_error,0.002199348993599415,exact_dense_eigendecomposition_numpy,exact_dense_eigendecomposition_numpy,2,30.475992999970913,13856.824491548497,0.028435823107617414,-0.07454781296089058,0.102983636068508,491,240,6,1,55710745_scale_4n_16g_c13,30.51871493202634,23,72,4,3,synthetic,"0,1,2",,heisenberg,6,1,21,1,,"dense_exact,sparse_lanczos",4,chordal,7,heisenberg,auto,6,8,"dense_exact,sparse_krylov",data/raw/perlmutter/practical_suite_sweep/practical_55710745_scale_4n_16g_c13_sim_heisenberg_6q_8steps_r0_seed23.json,ok
practical_55710745_scale_4n_16g_c13_sim_tfim_5q_8steps_r0_seed17.json,simulation,hamiltonian_simulation,absolute_observable_error,0.0005984689341858029,exact_dense_eigendecomposition_numpy,exact_dense_eigendecomposition_numpy,2,18.8756785269361,31539.947102878166,0.8218024506329158,0.8215212314654874,0.0002812191674284037,72,64,5,1,55710745_scale_4n_16g_c13,18.898621938889846,17,72,4,3,synthetic,"0,1,2",,tfim,5,1,21,1,,"dense_exact,sparse_lanczos",4,chordal,7,tfim,auto,5,8,"dense_exact,sparse_krylov",data/raw/perlmutter/practical_suite_sweep/practical_55710745_scale_4n_16g_c13_sim_tfim_5q_8steps_r0_seed17.json,ok
practical_55710745_scale_4n_16g_c13_sim_tfim_6q_6steps_r0_seed23.json,simulation,hamiltonian_simulation,absolute_observable_error,0.0022025250364094973,sparse_krylov_expm_multiply_scipy,exact_dense_eigendecomposition_numpy,2,24.06532050401438,10926.241521070326,0.821802450632914,0.8213019840508512,0.0005004665820628196,66,60,6,1,55710745_scale_4n_16g_c13,24.098089572042227,23,72,4,3,synthetic,"0,1,2",,tfim,6,1,21,1,,"dense_exact,sparse_lanczos",4,chordal,7,tfim,auto,6,6,"dense_exact,sparse_krylov",data/raw/perlmutter/practical_suite_sweep/practical_55710745_scale_4n_16g_c13_sim_tfim_6q_6steps_r0_seed23.json,ok
practical_55710745_scale_4n_16g_c14_chem_h2_l2_grid17_r0_seed23.json,chemistry,chemistry_vqe,absolute_energy_error,0.0001491890288889408,exact_dense_diagonalization_numpy,sparse_lanczos_eigsh_scipy,2,22.459619989967905,150544.71603731182,-1.8572750302023806,-1.8369679912029844,0.020307038999396232,296,74,74,37,55710745_scale_4n_16g_c14,22.490079756942578,23,72,4,3,synthetic,"0,1,2",,H2_minimal_2qubit,2,1,17,2,,"dense_exact,sparse_lanczos",4,chordal,7,tfim,auto,4,4,"dense_exact,sparse_krylov",data/raw/perlmutter/practical_suite_sweep/practical_55710745_scale_4n_16g_c14_chem_h2_l2_grid17_r0_seed23.json,ok
practical_55710745_scale_4n_16g_c14_chem_h2_sto3g_4q_l2_grid17_r0_seed17.json,chemistry,chemistry_vqe,absolute_energy_error,0.0001543690450489521,exact_dense_diagonalization_numpy,sparse_lanczos_eigsh_scipy,2,14.962916189921089,96929.51190555195,-1.137270174660904,-0.46216878958851626,0.6751013850723877,592,222,148,37,55710745_scale_4n_16g_c14,14.979307550005615,17,72,4,3,synthetic,"0,1,2",,h2_sto3g_4q,4,1,17,2,benchmarks/workloads/hamiltonians/h2_sto3g_4q.json,"dense_exact,sparse_lanczos",4,chordal,7,tfim,auto,4,4,"dense_exact,sparse_krylov",data/raw/perlmutter/practical_suite_sweep/practical_55710745_scale_4n_16g_c14_chem_h2_sto3g_4q_l2_grid17_r0_seed17.json,ok
practical_55710745_scale_4n_16g_c14_chem_h2o_sto3g_active_4q_l1_grid9_r0_seed17.json,chemistry,chemistry_vqe,absolute_energy_error,0.00015490001533180475,exact_dense_diagonalization_numpy,sparse_lanczos_eigsh_scipy,2,21.4942125340458,138761.8489772513,-74.96419529199763,-74.61675926705786,0.34743602493976766,168,63,84,21,55710745_scale_4n_16g_c14,21.510613774997182,17,72,4,3,synthetic,"0,1,2",,h2o_sto3g_active_4q,4,1,9,1,benchmarks/workloads/hamiltonians/h2o_sto3g_active_4q.json,"dense_exact,sparse_lanczos",4,chordal,7,tfim,auto,4,4,"dense_exact,sparse_krylov",data/raw/perlmutter/practical_suite_sweep/practical_55710745_scale_4n_16g_c14_chem_h2o_sto3g_active_4q_l1_grid9_r0_seed17.json,ok
practical_55710745_scale_4n_16g_c14_chem_h2o_sto3g_active_4q_l2_grid17_r0_seed23.json,chemistry,chemistry_vqe,absolute_energy_error,0.0001506810076534748,exact_dense_diagonalization_numpy,exact_dense_diagonalization_numpy,2,23.271105185966007,154439.53785790442,-74.96419529199744,-74.51647720347528,0.44771808852216566,592,222,148,37,55710745_scale_4n_16g_c14,23.288402472040616,23,72,4,3,synthetic,"0,1,2",,h2o_sto3g_active_4q,4,1,17,2,benchmarks/workloads/hamiltonians/h2o_sto3g_active_4q.json,"dense_exact,sparse_lanczos",4,chordal,7,tfim,auto,4,4,"dense_exact,sparse_krylov",data/raw/perlmutter/practical_suite_sweep/practical_55710745_scale_4n_16g_c14_chem_h2o_sto3g_active_4q_l2_grid17_r0_seed23.json,ok
practical_55710745_scale_4n_16g_c14_chem_h2o_sto3g_active_8q_l2_grid9_r0_seed17.json,chemistry,chemistry_vqe,absolute_energy_error,0.013892235001549125,exact_dense_diagonalization_numpy,sparse_lanczos_eigsh_scipy,2,15.19154972198885,1093.5281270648559,-74.97036281676189,-73.73936479819314,1.230998018568755,672,294,168,21,55710745_scale_4n_16g_c14,15.480828092084266,17,72,4,3,synthetic,"0,1,2",,h2o_sto3g_active_8q,8,1,9,2,benchmarks/workloads/hamiltonians/h2o_sto3g_active_8q.json,"dense_exact,sparse_lanczos",4,chordal,7,tfim,auto,4,4,"dense_exact,sparse_krylov",data/raw/perlmutter/practical_suite_sweep/practical_55710745_scale_4n_16g_c14_chem_h2o_sto3g_active_8q_l2_grid9_r0_seed17.json,ok
practical_55710745_scale_4n_16g_c14_chem_lih_sto3g_active_6q_l1_grid17_r0_seed23.json,chemistry,chemistry_vqe,absolute_energy_error,0.0004474169109016657,exact_dense_diagonalization_numpy,sparse_lanczos_eigsh_scipy,2,19.047196507104672,42571.47202755354,-7.863620054551823,-7.587199728781293,0.27642032577052955,444,185,222,37,55710745_scale_4n_16g_c14,19.06864507996943,23,72,4,3,synthetic,"0,1,2",,lih_sto3g_active_6q,6,1,17,1,benchmarks/workloads/hamiltonians/lih_sto3g_active_6q.json,"dense_exact,sparse_lanczos",4,chordal,7,tfim,auto,4,4,"dense_exact,sparse_krylov",data/raw/perlmutter/practical_suite_sweep/practical_55710745_scale_4n_16g_c14_chem_lih_sto3g_active_6q_l1_grid17_r0_seed23.json,ok
practical_55710745_scale_4n_16g_c14_qaoa_chordal_5n_grid7_r0_seed17.json,optimization,optimization_qaoa,approximation_ratio,4.984601400792599e-05,exact_enumeration_numpy,,4,20.45223994005937,410308.43382596795,6,4.521153579257492,0.2464744034570847,833,686,245,49,55710745_scale_4n_16g_c14,20.475173469050787,17,72,4,3,synthetic,"0,1,2",,small_maxcut,5,1,21,1,,"dense_exact,sparse_lanczos",5,chordal,7,tfim,auto,4,4,"dense_exact,sparse_krylov",data/raw/perlmutter/practical_suite_sweep/practical_55710745_scale_4n_16g_c14_qaoa_chordal_5n_grid7_r0_seed17.json,ok
practical_55710745_scale_4n_16g_c14_sim_heisenberg_6q_6steps_r0_seed17.json,simulation,hamiltonian_simulation,absolute_observable_error,0.002281827968545258,exact_dense_eigendecomposition_numpy,exact_dense_eigendecomposition_numpy,2,24.097989511094056,10560.826601865754,0.028435823107617414,-0.09191182641249906,0.12034764952011648,369,180,6,1,55710745_scale_4n_16g_c14,24.133079571998678,17,72,4,3,synthetic,"0,1,2",,heisenberg,6,1,21,1,,"dense_exact,sparse_lanczos",4,chordal,7,heisenberg,auto,6,6,"dense_exact,sparse_krylov",data/raw/perlmutter/practical_suite_sweep/practical_55710745_scale_4n_16g_c14_sim_heisenberg_6q_6steps_r0_seed17.json,ok
practical_55710745_scale_4n_16g_c14_sim_heisenberg_7q_4steps_r0_seed23.json,simulation,hamiltonian_simulation,absolute_observable_error,0.0031550199491903186,sparse_krylov_expm_multiply_scipy,exact_dense_eigendecomposition_numpy,2,24.302500369027257,7702.804026727018,-0.02818565466473985,-0.13003518922488988,0.10184953456015003,295,144,7,1,55710745_scale_4n_16g_c14,24.378908265032806,23,72,4,3,synthetic,"0,1,2",,heisenberg,7,1,21,1,,"dense_exact,sparse_lanczos",4,chordal,7,heisenberg,auto,7,4,"dense_exact,sparse_krylov",data/raw/perlmutter/practical_suite_sweep/practical_55710745_scale_4n_16g_c14_sim_heisenberg_7q_4steps_r0_seed23.json,ok
practical_55710745_scale_4n_16g_c14_sim_tfim_6q_4steps_r0_seed17.json,simulation,hamiltonian_simulation,absolute_observable_error,0.0022227249573916197,sparse_krylov_expm_multiply_scipy,exact_dense_eigendecomposition_numpy,2,18.846162437926978,8478.854918713405,0.821802450632914,0.8206730318635869,0.0011294187693271507,44,40,6,1,55710745_scale_4n_16g_c14,18.87517503404524,17,72,4,3,synthetic,"0,1,2",,tfim,6,1,21,1,,"dense_exact,sparse_lanczos",4,chordal,7,tfim,auto,6,4,"dense_exact,sparse_krylov",data/raw/perlmutter/practical_suite_sweep/practical_55710745_scale_4n_16g_c14_sim_tfim_6q_4steps_r0_seed17.json,ok
practical_55710745_scale_4n_16g_c14_sim_tfim_6q_8steps_r0_seed23.json,simulation,hamiltonian_simulation,absolute_observable_error,0.00238738302141428,sparse_krylov_expm_multiply_scipy,exact_dense_eigendecomposition_numpy,2,24.272589672007598,10167.027851956731,0.821802450632914,0.8215212314654883,0.00028121916742573916,88,80,6,1,55710745_scale_4n_16g_c14,24.31638185691554,23,72,4,3,synthetic,"0,1,2",,tfim,6,1,21,1,,"dense_exact,sparse_lanczos",4,chordal,7,tfim,auto,6,8,"dense_exact,sparse_krylov",data/raw/perlmutter/practical_suite_sweep/practical_55710745_scale_4n_16g_c14_sim_tfim_6q_8steps_r0_seed23.json,ok
practical_55710745_scale_4n_16g_c15_chem_h2_l2_grid21_r0_seed23.json,chemistry,chemistry_vqe,absolute_energy_error,0.00014290690887719393,exact_dense_diagonalization_numpy,exact_dense_diagonalization_numpy,2,22.411077095894143,156822.90850719434,-1.85727503020238,-1.8369679912029844,0.020307038999395566,360,90,90,45,55710745_scale_4n_16g_c15,22.44633371301461,23,72,4,3,synthetic,"0,1,2",,H2_minimal_2qubit,2,1,21,2,,"dense_exact,sparse_lanczos",4,chordal,7,tfim,auto,4,4,"dense_exact,sparse_krylov",data/raw/perlmutter/practical_suite_sweep/practical_55710745_scale_4n_16g_c15_chem_h2_l2_grid21_r0_seed23.json,ok
practical_55710745_scale_4n_16g_c15_chem_h2o_sto3g_active_4q_l1_grid13_r0_seed17.json,chemistry,chemistry_vqe,absolute_energy_error,0.0004822630435228348,exact_dense_diagonalization_numpy,exact_dense_diagonalization_numpy,2,21.511883325059898,44606.120278095346,-74.96419529199744,-74.61675926705786,0.3474360249395829,232,87,116,29,55710745_scale_4n_16g_c15,21.546767215942964,17,72,4,3,synthetic,"0,1,2",,h2o_sto3g_active_4q,4,1,13,1,benchmarks/workloads/hamiltonians/h2o_sto3g_active_4q.json,"dense_exact,sparse_lanczos",4,chordal,7,tfim,auto,4,4,"dense_exact,sparse_krylov",data/raw/perlmutter/practical_suite_sweep/practical_55710745_scale_4n_16g_c15_chem_h2o_sto3g_active_4q_l1_grid13_r0_seed17.json,ok
practical_55710745_scale_4n_16g_c15_chem_h2o_sto3g_active_6q_l2_grid9_r0_seed23.json,chemistry,chemistry_vqe,absolute_energy_error,0.0004385880893096328,exact_dense_diagonalization_numpy,sparse_lanczos_eigsh_scipy,2,23.434862899011932,53432.51098291334,-74.96733194301824,-73.88353450091185,1.0837974421063876,504,210,126,21,55710745_scale_4n_16g_c15,23.460120938019827,23,72,4,3,synthetic,"0,1,2",,h2o_sto3g_active_6q,6,1,9,2,benchmarks/workloads/hamiltonians/h2o_sto3g_active_6q.json,"dense_exact,sparse_lanczos",4,chordal,7,tfim,auto,4,4,"dense_exact,sparse_krylov",data/raw/perlmutter/practical_suite_sweep/practical_55710745_scale_4n_16g_c15_chem_h2o_sto3g_active_6q_l2_grid9_r0_seed23.json,ok
practical_55710745_scale_4n_16g_c15_chem_h2o_sto3g_active_8q_l2_grid13_r0_seed17.json,chemistry,chemistry_vqe,absolute_energy_error,0.011595714022405446,exact_dense_diagonalization_numpy,exact_dense_diagonalization_numpy,2,15.167451752931811,1308.0222333549266,-74.97036281676164,-73.73936479819314,1.2309980185684992,928,406,232,29,55710745_scale_4n_16g_c15,15.379937295918353,17,72,4,3,synthetic,"0,1,2",,h2o_sto3g_active_8q,8,1,13,2,benchmarks/workloads/hamiltonians/h2o_sto3g_active_8q.json,"dense_exact,sparse_lanczos",4,chordal,7,tfim,auto,4,4,"dense_exact,sparse_krylov",data/raw/perlmutter/practical_suite_sweep/practical_55710745_scale_4n_16g_c15_chem_h2o_sto3g_active_8q_l2_grid13_r0_seed17.json,ok
practical_55710745_scale_4n_16g_c15_chem_lih_sto3g_active_4q_l2_grid9_r0_seed17.json,chemistry,chemistry_vqe,absolute_energy_error,0.000163285993039608,exact_dense_diagonalization_numpy,sparse_lanczos_eigsh_scipy,2,14.95833922503516,91608.22031689358,-7.862773162272808,-7.70232475760537,0.16044840466743793,336,126,84,21,55710745_scale_4n_16g_c15,14.980954151949845,17,72,4,3,synthetic,"0,1,2",,lih_sto3g_active_4q,4,1,9,2,benchmarks/workloads/hamiltonians/lih_sto3g_active_4q.json,"dense_exact,sparse_lanczos",4,chordal,7,tfim,auto,4,4,"dense_exact,sparse_krylov",data/raw/perlmutter/practical_suite_sweep/practical_55710745_scale_4n_16g_c15_chem_lih_sto3g_active_4q_l2_grid9_r0_seed17.json,ok
practical_55710745_scale_4n_16g_c15_chem_lih_sto3g_active_8q_l1_grid9_r0_seed23.json,chemistry,chemistry_vqe,absolute_energy_error,0.011399955954402685,exact_dense_diagonalization_numpy,exact_dense_diagonalization_numpy,2,18.555276871891692,1627.6621546704844,-7.864436629899078,-7.249393427268021,0.6150432026310568,336,147,168,21,55710745_scale_4n_16g_c15,18.78693783201743,23,72,4,3,synthetic,"0,1,2",,lih_sto3g_active_8q,8,1,9,1,benchmarks/workloads/hamiltonians/lih_sto3g_active_8q.json,"dense_exact,sparse_lanczos",4,chordal,7,tfim,auto,4,4,"dense_exact,sparse_krylov",data/raw/perlmutter/practical_suite_sweep/practical_55710745_scale_4n_16g_c15_chem_lih_sto3g_active_8q_l1_grid9_r0_seed23.json,ok
practical_55710745_scale_4n_16g_c15_qaoa_chordal_5n_grid9_r0_seed17.json,optimization,optimization_qaoa,approximation_ratio,4.9645896069705486e-05,exact_enumeration_numpy,,4,20.4035545430379,410981.69553411263,6,4.469198918953913,0.2551335135076811,1377,1134,405,81,55710745_scale_4n_16g_c15,20.417102463077754,17,72,4,3,synthetic,"0,1,2",,small_maxcut,5,1,21,1,,"dense_exact,sparse_lanczos",5,chordal,9,tfim,auto,4,4,"dense_exact,sparse_krylov",data/raw/perlmutter/practical_suite_sweep/practical_55710745_scale_4n_16g_c15_qaoa_chordal_5n_grid9_r0_seed17.json,ok
practical_55710745_scale_4n_16g_c15_sim_heisenberg_6q_8steps_r0_seed17.json,simulation,hamiltonian_simulation,absolute_observable_error,0.0023335990263149142,exact_dense_eigendecomposition_numpy,exact_dense_eigendecomposition_numpy,2,24.074713737005368,10316.559728353493,0.028435823107617414,-0.07454781296089058,0.102983636068508,491,240,6,1,55710745_scale_4n_16g_c15,24.110755302011967,17,72,4,3,synthetic,"0,1,2",,heisenberg,6,1,21,1,,"dense_exact,sparse_lanczos",4,chordal,7,heisenberg,auto,6,8,"dense_exact,sparse_krylov",data/raw/perlmutter/practical_suite_sweep/practical_55710745_scale_4n_16g_c15_sim_heisenberg_6q_8steps_r0_seed17.json,ok
practical_55710745_scale_4n_16g_c15_sim_heisenberg_7q_6steps_r0_seed23.json,simulation,hamiltonian_simulation,absolute_observable_error,0.003138297935947776,sparse_krylov_expm_multiply_scipy,exact_dense_eigendecomposition_numpy,2,24.300384090980515,7743.173078830619,-0.02818565466473985,-0.09191023542340215,0.0637245807586623,441,216,7,1,55710745_scale_4n_16g_c15,24.368529406026937,23,72,4,3,synthetic,"0,1,2",,heisenberg,7,1,21,1,,"dense_exact,sparse_lanczos",4,chordal,7,heisenberg,auto,7,6,"dense_exact,sparse_krylov",data/raw/perlmutter/practical_suite_sweep/practical_55710745_scale_4n_16g_c15_sim_heisenberg_7q_6steps_r0_seed23.json,ok
practical_55710745_scale_4n_16g_c15_sim_tfim_6q_6steps_r0_seed17.json,simulation,hamiltonian_simulation,absolute_observable_error,0.002737662987783551,exact_dense_eigendecomposition_numpy,exact_dense_eigendecomposition_numpy,2,18.971155863953754,6929.690012470474,0.821802450632914,0.8213019840508512,0.0005004665820628196,66,60,6,1,55710745_scale_4n_16g_c15,19.005358630092815,17,72,4,3,synthetic,"0,1,2",,tfim,6,1,21,1,,"dense_exact,sparse_lanczos",4,chordal,7,tfim,auto,6,6,"dense_exact,sparse_krylov",data/raw/perlmutter/practical_suite_sweep/practical_55710745_scale_4n_16g_c15_sim_tfim_6q_6steps_r0_seed17.json,ok
practical_55710745_scale_4n_16g_c15_sim_tfim_7q_4steps_r0_seed23.json,simulation,hamiltonian_simulation,absolute_observable_error,0.0025432350812479854,sparse_krylov_expm_multiply_scipy,exact_dense_eigendecomposition_numpy,2,24.181098249042407,9508.00750875792,0.8218024506329149,0.8206730318635873,0.0011294187693275948,52,48,7,1,55710745_scale_4n_16g_c15,24.21326902799774,23,72,4,3,synthetic,"0,1,2",,tfim,7,1,21,1,,"dense_exact,sparse_lanczos",4,chordal,7,tfim,auto,7,4,"dense_exact,sparse_krylov",data/raw/perlmutter/practical_suite_sweep/practical_55710745_scale_4n_16g_c15_sim_tfim_7q_4steps_r0_seed23.json,ok
practical_55710745_scale_4n_16g_c1_chem_h2_l1_grid21_r0_seed17.json,chemistry,chemistry_vqe,absolute_energy_error,0.0005742709618061781,exact_dense_diagonalization_numpy,exact_dense_diagonalization_numpy,2,21.58253301901277,37582.49059143109,-1.85727503020238,-1.8539259190122395,0.0033491111901404746,1944,486,972,486,55710745_scale_4n_16g_c1,21.601185359992087,17,72,4,3,synthetic,"0,1,2",,H2_minimal_2qubit,2,1,21,1,,"dense_exact,sparse_lanczos",4,chordal,7,tfim,auto,4,4,"dense_exact,sparse_krylov",data/raw/perlmutter/practical_suite_sweep/practical_55710745_scale_4n_16g_c1_chem_h2_l1_grid21_r0_seed17.json,ok
practical_55710745_scale_4n_16g_c1_chem_h2_sto3g_4q_l2_grid13_r0_seed23.json,chemistry,chemistry_vqe,absolute_energy_error,0.000152032938785851,exact_dense_diagonalization_numpy,exact_dense_diagonalization_numpy,2,22.591731630032882,148597.61187577195,-1.1372701746609029,-0.37238203414078286,0.76488814052012,464,174,116,29,55710745_scale_4n_16g_c1,22.629412124981172,23,72,4,3,synthetic,"0,1,2",,h2_sto3g_4q,4,1,13,2,benchmarks/workloads/hamiltonians/h2_sto3g_4q.json,"dense_exact,sparse_lanczos",4,chordal,7,tfim,auto,4,4,"dense_exact,sparse_krylov",data/raw/perlmutter/practical_suite_sweep/practical_55710745_scale_4n_16g_c1_chem_h2_sto3g_4q_l2_grid13_r0_seed23.json,ok
practical_55710745_scale_4n_16g_c1_chem_h2o_sto3g_active_6q_l1_grid9_r0_seed17.json,chemistry,chemistry_vqe,absolute_energy_error,0.0004486669786274433,exact_dense_diagonalization_numpy,sparse_lanczos_eigsh_scipy,2,14.583261071005836,32503.53105017618,-74.9673319430183,-73.97806791450446,0.9892640285138299,252,105,126,21,55710745_scale_4n_16g_c1,14.617716743960045,17,72,4,3,synthetic,"0,1,2",,h2o_sto3g_active_6q,6,1,9,1,benchmarks/workloads/hamiltonians/h2o_sto3g_active_6q.json,"dense_exact,sparse_lanczos",4,chordal,7,tfim,auto,4,4,"dense_exact,sparse_krylov",data/raw/perlmutter/practical_suite_sweep/practical_55710745_scale_4n_16g_c1_chem_h2o_sto3g_active_6q_l1_grid9_r0_seed17.json,ok
practical_55710745_scale_4n_16g_c1_chem_h2o_sto3g_active_6q_l2_grid17_r0_seed23.json,chemistry,chemistry_vqe,absolute_energy_error,0.0004433270078152418,exact_dense_diagonalization_numpy,sparse_lanczos_eigsh_scipy,2,21.198066312004812,47815.86941086879,-74.96733194301837,-73.88353450091185,1.0837974421065155,888,370,222,37,55710745_scale_4n_16g_c1,21.22511082200799,23,72,4,3,synthetic,"0,1,2",,h2o_sto3g_active_6q,6,1,17,2,benchmarks/workloads/hamiltonians/h2o_sto3g_active_6q.json,"dense_exact,sparse_lanczos",4,chordal,7,tfim,auto,4,4,"dense_exact,sparse_krylov",data/raw/perlmutter/practical_suite_sweep/practical_55710745_scale_4n_16g_c1_chem_h2o_sto3g_active_6q_l2_grid17_r0_seed23.json,ok
practical_55710745_scale_4n_16g_c1_chem_lih_sto3g_active_4q_l2_grid17_r0_seed17.json,chemistry,chemistry_vqe,absolute_energy_error,0.00015540095046162605,exact_dense_diagonalization_numpy,exact_dense_diagonalization_numpy,2,15.029782059020363,96716.1527286266,-7.862773162272801,-7.70232475760537,0.16044840466743082,592,222,148,37,55710745_scale_4n_16g_c1,15.042897694977,17,72,4,3,synthetic,"0,1,2",,lih_sto3g_active_4q,4,1,17,2,benchmarks/workloads/hamiltonians/lih_sto3g_active_4q.json,"dense_exact,sparse_lanczos",4,chordal,7,tfim,auto,4,4,"dense_exact,sparse_krylov",data/raw/perlmutter/practical_suite_sweep/practical_55710745_scale_4n_16g_c1_chem_lih_sto3g_active_4q_l2_grid17_r0_seed17.json,ok
practical_55710745_scale_4n_16g_c1_chem_lih_sto3g_active_8q_l1_grid17_r0_seed23.json,chemistry,chemistry_vqe,absolute_energy_error,0.26282465003896505,sparse_lanczos_eigsh_scipy,sparse_lanczos_eigsh_scipy,2,22.19979398790747,84.46617919824583,-7.864436629899092,-7.249393427268021,0.615043202631071,592,259,296,37,55710745_scale_4n_16g_c1,22.917079488979653,23,72,4,3,synthetic,"0,1,2",,lih_sto3g_active_8q,8,1,17,1,benchmarks/workloads/hamiltonians/lih_sto3g_active_8q.json,"dense_exact,sparse_lanczos",4,chordal,7,tfim,auto,4,4,"dense_exact,sparse_krylov",data/raw/perlmutter/practical_suite_sweep/practical_55710745_scale_4n_16g_c1_chem_lih_sto3g_active_8q_l1_grid17_r0_seed23.json,ok
practical_55710745_scale_4n_16g_c1_chem_molecular_chain_4q_l2_grid9_r0_seed17.json,chemistry,chemistry_vqe,absolute_energy_error,0.00016970804426819086,exact_dense_diagonalization_numpy,sparse_lanczos_eigsh_scipy,2,18.284511559060775,107740.98327457966,-1.7057328925529038,-0.9059288256492263,0.7998040669036776,336,126,84,21,55710745_scale_4n_16g_c1,18.31189432798419,17,72,4,3,synthetic,"0,1,2",,molecular_chain_4q_surrogate,4,1,9,2,benchmarks/workloads/hamiltonians/molecular_chain_4q.json,"dense_exact,sparse_lanczos",4,chordal,7,tfim,auto,4,4,"dense_exact,sparse_krylov",data/raw/perlmutter/practical_suite_sweep/practical_55710745_scale_4n_16g_c1_chem_molecular_chain_4q_l2_grid9_r0_seed17.json,ok
practical_55710745_scale_4n_16g_c1_qaoa_ring_4n_grid9_r0_seed23.json,optimization,optimization_qaoa,approximation_ratio,1.233397051692009e-05,greedy_assignment_numpy,,4,19.18306268902961,1555303.1088175331,4,2.999999999999998,0.25000000000000056,972,648,324,81,55710745_scale_4n_16g_c1,19.209329967037775,23,72,4,3,synthetic,"0,1,2",,small_maxcut,4,1,21,1,,"dense_exact,sparse_lanczos",4,ring,9,tfim,auto,4,4,"dense_exact,sparse_krylov",data/raw/perlmutter/practical_suite_sweep/practical_55710745_scale_4n_16g_c1_qaoa_ring_4n_grid9_r0_seed23.json,ok
practical_55710745_scale_4n_16g_c1_sim_heisenberg_7q_6steps_r0_seed17.json,simulation,hamiltonian_simulation,absolute_observable_error,0.0030757569475099444,sparse_krylov_expm_multiply_scipy,exact_dense_eigendecomposition_numpy,2,29.133208086015657,9471.882396169558,-0.02818565466473985,-0.09191023542340215,0.0637245807586623,441,216,7,1,55710745_scale_4n_16g_c1,29.171906018047594,17,72,4,3,synthetic,"0,1,2",,heisenberg,7,1,21,1,,"dense_exact,sparse_lanczos",4,chordal,7,heisenberg,auto,7,6,"dense_exact,sparse_krylov",data/raw/perlmutter/practical_suite_sweep/practical_55710745_scale_4n_16g_c1_sim_heisenberg_7q_6steps_r0_seed17.json,ok
practical_55710745_scale_4n_16g_c1_sim_heisenberg_8q_4steps_r0_seed23.json,simulation,hamiltonian_simulation,absolute_observable_error,0.0040308330208063126,sparse_krylov_expm_multiply_scipy,exact_dense_eigendecomposition_numpy,2,29.798684078035876,7392.686306830706,0.02820079724211531,-0.1300351892248901,0.1582359864670054,344,168,8,1,55710745_scale_4n_16g_c1,30.050108866998926,23,72,4,3,synthetic,"0,1,2",,heisenberg,8,1,21,1,,"dense_exact,sparse_lanczos",4,chordal,7,heisenberg,auto,8,4,"dense_exact,sparse_krylov",data/raw/perlmutter/practical_suite_sweep/practical_55710745_scale_4n_16g_c1_sim_heisenberg_8q_4steps_r0_seed23.json,ok
practical_55710745_scale_4n_16g_c1_sim_tfim_7q_4steps_r0_seed17.json,simulation,hamiltonian_simulation,absolute_observable_error,0.0026001170044764876,sparse_krylov_expm_multiply_scipy,exact_dense_eigendecomposition_numpy,2,24.36696926492732,9371.489522577624,0.8218024506329149,0.8206730318635873,0.0011294187693275948,52,48,7,1,55710745_scale_4n_16g_c1,24.40809768496547,17,72,4,3,synthetic,"0,1,2",,tfim,7,1,21,1,,"dense_exact,sparse_lanczos",4,chordal,7,tfim,auto,7,4,"dense_exact,sparse_krylov",data/raw/perlmutter/practical_suite_sweep/practical_55710745_scale_4n_16g_c1_sim_tfim_7q_4steps_r0_seed17.json,ok
practical_55710745_scale_4n_16g_c1_sim_tfim_7q_8steps_r0_seed23.json,simulation,hamiltonian_simulation,absolute_observable_error,0.002570378943346441,sparse_krylov_expm_multiply_scipy,exact_dense_eigendecomposition_numpy,2,34.82627234305255,13549.080937346675,0.8218024506329149,0.8215212314654866,0.00028121916742829267,104,96,7,1,55710745_scale_4n_16g_c1,35.220848503056914,23,72,4,3,synthetic,"0,1,2",,tfim,7,1,21,1,,"dense_exact,sparse_lanczos",4,chordal,7,tfim,auto,7,8,"dense_exact,sparse_krylov",data/raw/perlmutter/practical_suite_sweep/practical_55710745_scale_4n_16g_c1_sim_tfim_7q_8steps_r0_seed23.json,ok
practical_55710745_scale_4n_16g_c2_chem_h2_sto3g_4q_l1_grid9_r0_seed17.json,chemistry,chemistry_vqe,absolute_energy_error,0.00016852503176778555,exact_dense_diagonalization_numpy,sparse_lanczos_eigsh_scipy,2,21.523880577995442,127719.19015362467,-1.1372701746609044,-0.6316547102283506,0.5056154644325538,168,63,84,21,55710745_scale_4n_16g_c2,21.56593380891718,17,72,4,3,synthetic,"0,1,2",,h2_sto3g_4q,4,1,9,1,benchmarks/workloads/hamiltonians/h2_sto3g_4q.json,"dense_exact,sparse_lanczos",4,chordal,7,tfim,auto,4,4,"dense_exact,sparse_krylov",data/raw/perlmutter/practical_suite_sweep/practical_55710745_scale_4n_16g_c2_chem_h2_sto3g_4q_l1_grid9_r0_seed17.json,ok
practical_55710745_scale_4n_16g_c2_chem_h2_sto3g_4q_l2_grid17_r0_seed23.json,chemistry,chemistry_vqe,absolute_energy_error,0.00015219405759125948,exact_dense_diagonalization_numpy,exact_dense_diagonalization_numpy,2,22.588214570074342,148417.19136458312,-1.1372701746609029,-0.37238203414078286,0.76488814052012,592,222,148,37,55710745_scale_4n_16g_c2,22.62968114495743,23,72,4,3,synthetic,"0,1,2",,h2_sto3g_4q,4,1,17,2,benchmarks/workloads/hamiltonians/h2_sto3g_4q.json,"dense_exact,sparse_lanczos",4,chordal,7,tfim,auto,4,4,"dense_exact,sparse_krylov",data/raw/perlmutter/practical_suite_sweep/practical_55710745_scale_4n_16g_c2_chem_h2_sto3g_4q_l2_grid17_r0_seed23.json,ok
practical_55710745_scale_4n_16g_c2_chem_h2o_sto3g_active_4q_l1_grid9_r0_seed23.json,chemistry,chemistry_vqe,absolute_energy_error,0.000147174927406013,exact_dense_diagonalization_numpy,exact_dense_diagonalization_numpy,2,22.772663819952868,154731.95211525183,-74.96419529199744,-74.55508213980782,0.40911315218961875,168,63,84,21,55710745_scale_4n_16g_c2,22.82003149704542,23,72,4,3,synthetic,"0,1,2",,h2o_sto3g_active_4q,4,1,9,1,benchmarks/workloads/hamiltonians/h2o_sto3g_active_4q.json,"dense_exact,sparse_lanczos",4,chordal,7,tfim,auto,4,4,"dense_exact,sparse_krylov",data/raw/perlmutter/practical_suite_sweep/practical_55710745_scale_4n_16g_c2_chem_h2o_sto3g_active_4q_l1_grid9_r0_seed23.json,ok
practical_55710745_scale_4n_16g_c2_chem_h2o_sto3g_active_6q_l1_grid13_r0_seed17.json,chemistry,chemistry_vqe,absolute_energy_error,0.00044839701149612665,exact_dense_diagonalization_numpy,sparse_lanczos_eigsh_scipy,2,14.587541176006198,32532.645851793794,-74.96733194301837,-73.97806791450446,0.9892640285139009,348,145,174,29,55710745_scale_4n_16g_c2,14.606451424071565,17,72,4,3,synthetic,"0,1,2",,h2o_sto3g_active_6q,6,1,13,1,benchmarks/workloads/hamiltonians/h2o_sto3g_active_6q.json,"dense_exact,sparse_lanczos",4,chordal,7,tfim,auto,4,4,"dense_exact,sparse_krylov",data/raw/perlmutter/practical_suite_sweep/practical_55710745_scale_4n_16g_c2_chem_h2o_sto3g_active_6q_l1_grid13_r0_seed17.json,ok
practical_55710745_scale_4n_16g_c2_chem_h2o_sto3g_active_8q_l2_grid9_r0_seed23.json,chemistry,chemistry_vqe,absolute_energy_error,0.02897523296996951,exact_dense_diagonalization_numpy,sparse_lanczos_eigsh_scipy,2,20.834859938011505,719.0575468230111,-74.97036281676175,-73.73936479819314,1.230998018568613,672,294,168,21,55710745_scale_4n_16g_c2,21.18610674899537,23,72,4,3,synthetic,"0,1,2",,h2o_sto3g_active_8q,8,1,9,2,benchmarks/workloads/hamiltonians/h2o_sto3g_active_8q.json,"dense_exact,sparse_lanczos",4,chordal,7,tfim,auto,4,4,"dense_exact,sparse_krylov",data/raw/perlmutter/practical_suite_sweep/practical_55710745_scale_4n_16g_c2_chem_h2o_sto3g_active_8q_l2_grid9_r0_seed23.json,ok
practical_55710745_scale_4n_16g_c2_chem_lih_sto3g_active_6q_l2_grid9_r0_seed17.json,chemistry,chemistry_vqe,absolute_energy_error,0.0004532960010692477,exact_dense_diagonalization_numpy,sparse_lanczos_eigsh_scipy,2,15.128067059908062,33373.48448745089,-7.863620054551808,-7.5341180242456325,0.3295020303061751,504,210,126,21,55710745_scale_4n_16g_c2,15.160287962993607,17,72,4,3,synthetic,"0,1,2",,lih_sto3g_active_6q,6,1,9,2,benchmarks/workloads/hamiltonians/lih_sto3g_active_6q.json,"dense_exact,sparse_lanczos",4,chordal,7,tfim,auto,4,4,"dense_exact,sparse_krylov",data/raw/perlmutter/practical_suite_sweep/practical_55710745_scale_4n_16g_c2_chem_lih_sto3g_active_6q_l2_grid9_r0_seed17.json,ok
practical_55710745_scale_4n_16g_c2_chem_molecular_chain_4q_l2_grid13_r0_seed17.json,chemistry,chemistry_vqe,absolute_energy_error,0.00015943893231451511,exact_dense_diagonalization_numpy,sparse_lanczos_eigsh_scipy,2,18.26670653698966,114568.67072438795,-1.7057328925529023,-0.9059288256492263,0.799804066903676,464,174,116,29,55710745_scale_4n_16g_c2,18.291115086060017,17,72,4,3,synthetic,"0,1,2",,molecular_chain_4q_surrogate,4,1,13,2,benchmarks/workloads/hamiltonians/molecular_chain_4q.json,"dense_exact,sparse_lanczos",4,chordal,7,tfim,auto,4,4,"dense_exact,sparse_krylov",data/raw/perlmutter/practical_suite_sweep/practical_55710745_scale_4n_16g_c2_chem_molecular_chain_4q_l2_grid13_r0_seed17.json,ok
practical_55710745_scale_4n_16g_c2_qaoa_chordal_4n_grid7_r0_seed23.json,optimization,optimization_qaoa,approximation_ratio,1.4038057997822762e-05,greedy_assignment_numpy,,4,19.409252654993907,1382616.6452656195,4,3.2070111141556907,0.19824722146107732,637,490,196,49,55710745_scale_4n_16g_c2,19.4352361750789,23,72,4,3,synthetic,"0,1,2",,small_maxcut,4,1,21,1,,"dense_exact,sparse_lanczos",4,chordal,7,tfim,auto,4,4,"dense_exact,sparse_krylov",data/raw/perlmutter/practical_suite_sweep/practical_55710745_scale_4n_16g_c2_qaoa_chordal_4n_grid7_r0_seed23.json,ok
practical_55710745_scale_4n_16g_c2_sim_heisenberg_7q_8steps_r0_seed17.json,simulation,hamiltonian_simulation,absolute_observable_error,0.007072183070704341,sparse_krylov_expm_multiply_scipy,exact_dense_eigendecomposition_numpy,2,29.13477204996161,4119.629223209572,-0.02818565466473985,-0.0745381904255929,0.04635253576085305,587,288,7,1,55710745_scale_4n_16g_c2,29.172993669984862,17,72,4,3,synthetic,"0,1,2",,heisenberg,7,1,21,1,,"dense_exact,sparse_lanczos",4,chordal,7,heisenberg,auto,7,8,"dense_exact,sparse_krylov",data/raw/perlmutter/practical_suite_sweep/practical_55710745_scale_4n_16g_c2_sim_heisenberg_7q_8steps_r0_seed17.json,ok
practical_55710745_scale_4n_16g_c2_sim_heisenberg_8q_6steps_r0_seed23.json,simulation,hamiltonian_simulation,absolute_observable_error,0.00393729202914983,sparse_krylov_expm_multiply_scipy,exact_dense_eigendecomposition_numpy,2,29.356841393979266,7456.099567071792,0.02820079724211531,-0.0919102354234011,0.12011103266551641,514,252,8,1,55710745_scale_4n_16g_c2,29.45835463993717,23,72,4,3,synthetic,"0,1,2",,heisenberg,8,1,21,1,,"dense_exact,sparse_lanczos",4,chordal,7,heisenberg,auto,8,6,"dense_exact,sparse_krylov",data/raw/perlmutter/practical_suite_sweep/practical_55710745_scale_4n_16g_c2_sim_heisenberg_8q_6steps_r0_seed23.json,ok
practical_55710745_scale_4n_16g_c2_sim_tfim_7q_6steps_r0_seed17.json,simulation,hamiltonian_simulation,absolute_observable_error,0.005486377980560064,sparse_krylov_expm_multiply_scipy,exact_dense_eigendecomposition_numpy,2,24.393153470940888,4446.130681730895,0.8218024506329149,0.8213019840508498,0.000500466582065151,78,72,7,1,55710745_scale_4n_16g_c2,24.425565318088047,17,72,4,3,synthetic,"0,1,2",,tfim,7,1,21,1,,"dense_exact,sparse_lanczos",4,chordal,7,tfim,auto,7,6,"dense_exact,sparse_krylov",data/raw/perlmutter/practical_suite_sweep/practical_55710745_scale_4n_16g_c2_sim_tfim_7q_6steps_r0_seed17.json,ok
practical_55710745_scale_4n_16g_c2_sim_tfim_8q_4steps_r0_seed23.json,simulation,hamiltonian_simulation,absolute_observable_error,0.0033385539427399635,sparse_krylov_expm_multiply_scipy,exact_dense_eigendecomposition_numpy,2,36.361520380945876,10891.39819352562,0.8218024506329147,0.8206730318635883,0.0011294187693263735,60,56,8,1,55710745_scale_4n_16g_c2,36.451806201948784,23,72,4,3,synthetic,"0,1,2",,tfim,8,1,21,1,,"dense_exact,sparse_lanczos",4,chordal,7,tfim,auto,8,4,"dense_exact,sparse_krylov",data/raw/perlmutter/practical_suite_sweep/practical_55710745_scale_4n_16g_c2_sim_tfim_8q_4steps_r0_seed23.json,ok
practical_55710745_scale_4n_16g_c3_chem_h2_sto3g_4q_l1_grid13_r0_seed17.json,chemistry,chemistry_vqe,absolute_energy_error,0.0001488380366936326,exact_dense_diagonalization_numpy,exact_dense_diagonalization_numpy,2,21.511344703030773,144528.54378420487,-1.1372701746609029,-0.6316547102283506,0.5056154644325522,232,87,116,29,55710745_scale_4n_16g_c3,21.56291918095667,17,72,4,3,synthetic,"0,1,2",,h2_sto3g_4q,4,1,13,1,benchmarks/workloads/hamiltonians/h2_sto3g_4q.json,"dense_exact,sparse_lanczos",4,chordal,7,tfim,auto,4,4,"dense_exact,sparse_krylov",data/raw/perlmutter/practical_suite_sweep/practical_55710745_scale_4n_16g_c3_chem_h2_sto3g_4q_l1_grid13_r0_seed17.json,ok
practical_55710745_scale_4n_16g_c3_chem_h2o_sto3g_active_4q_l1_grid13_r0_seed23.json,chemistry,chemistry_vqe,absolute_energy_error,0.00015272595919668674,exact_dense_diagonalization_numpy,sparse_lanczos_eigsh_scipy,2,22.870269750012085,149747.10173899654,-74.96419529199746,-74.55508213980782,0.40911315218963296,232,87,116,29,55710745_scale_4n_16g_c3,22.915850832941942,23,72,4,3,synthetic,"0,1,2",,h2o_sto3g_active_4q,4,1,13,1,benchmarks/workloads/hamiltonians/h2o_sto3g_active_4q.json,"dense_exact,sparse_lanczos",4,chordal,7,tfim,auto,4,4,"dense_exact,sparse_krylov",data/raw/perlmutter/practical_suite_sweep/practical_55710745_scale_4n_16g_c3_chem_h2o_sto3g_active_4q_l1_grid13_r0_seed23.json,ok
practical_55710745_scale_4n_16g_c3_chem_h2o_sto3g_active_6q_l1_grid17_r0_seed17.json,chemistry,chemistry_vqe,absolute_energy_error,0.0004571139579638839,exact_dense_diagonalization_numpy,exact_dense_diagonalization_numpy,2,14.632924184086733,32011.54532507814,-74.9673319430181,-73.98361120145331,0.9837207415647811,444,185,222,37,55710745_scale_4n_16g_c3,14.661692010005936,17,72,4,3,synthetic,"0,1,2",,h2o_sto3g_active_6q,6,1,17,1,benchmarks/workloads/hamiltonians/h2o_sto3g_active_6q.json,"dense_exact,sparse_lanczos",4,chordal,7,tfim,auto,4,4,"dense_exact,sparse_krylov",data/raw/perlmutter/practical_suite_sweep/practical_55710745_scale_4n_16g_c3_chem_h2o_sto3g_active_6q_l1_grid17_r0_seed17.json,ok
practical_55710745_scale_4n_16g_c3_chem_h2o_sto3g_active_8q_l2_grid13_r0_seed23.json,chemistry,chemistry_vqe,absolute_energy_error,0.01154739607591182,exact_dense_diagonalization_numpy,sparse_lanczos_eigsh_scipy,2,20.933330217958428,1812.8182388777605,-74.97036281676169,-73.73936479819314,1.230998018568556,928,406,232,29,55710745_scale_4n_16g_c3,21.25786924001295,23,72,4,3,synthetic,"0,1,2",,h2o_sto3g_active_8q,8,1,13,2,benchmarks/workloads/hamiltonians/h2o_sto3g_active_8q.json,"dense_exact,sparse_lanczos",4,chordal,7,tfim,auto,4,4,"dense_exact,sparse_krylov",data/raw/perlmutter/practical_suite_sweep/practical_55710745_scale_4n_16g_c3_chem_h2o_sto3g_active_8q_l2_grid13_r0_seed23.json,ok
practical_55710745_scale_4n_16g_c3_chem_lih_sto3g_active_4q_l2_grid9_r0_seed23.json,chemistry,chemistry_vqe,absolute_energy_error,0.0001571939792484045,exact_dense_diagonalization_numpy,exact_dense_diagonalization_numpy,2,22.593915482982993,143732.70268372775,-7.862773162272801,-7.70232475760537,0.16044840466743082,336,126,84,21,55710745_scale_4n_16g_c3,22.63967118097935,23,72,4,3,synthetic,"0,1,2",,lih_sto3g_active_4q,4,1,9,2,benchmarks/workloads/hamiltonians/lih_sto3g_active_4q.json,"dense_exact,sparse_lanczos",4,chordal,7,tfim,auto,4,4,"dense_exact,sparse_krylov",data/raw/perlmutter/practical_suite_sweep/practical_55710745_scale_4n_16g_c3_chem_lih_sto3g_active_4q_l2_grid9_r0_seed23.json,ok
practical_55710745_scale_4n_16g_c3_chem_lih_sto3g_active_6q_l2_grid13_r0_seed17.json,chemistry,chemistry_vqe,absolute_energy_error,0.0004873719299212098,exact_dense_diagonalization_numpy,exact_dense_diagonalization_numpy,2,15.01785276690498,30813.94689540864,-7.863620054551806,-7.5341180242456325,0.3295020303061733,696,290,174,29,55710745_scale_4n_16g_c3,15.050633491016924,17,72,4,3,synthetic,"0,1,2",,lih_sto3g_active_6q,6,1,13,2,benchmarks/workloads/hamiltonians/lih_sto3g_active_6q.json,"dense_exact,sparse_lanczos",4,chordal,7,tfim,auto,4,4,"dense_exact,sparse_krylov",data/raw/perlmutter/practical_suite_sweep/practical_55710745_scale_4n_16g_c3_chem_lih_sto3g_active_6q_l2_grid13_r0_seed17.json,ok
practical_55710745_scale_4n_16g_c3_chem_molecular_chain_4q_l2_grid17_r0_seed17.json,chemistry,chemistry_vqe,absolute_energy_error,0.00016852596309036016,exact_dense_diagonalization_numpy,exact_dense_diagonalization_numpy,2,18.28882952791173,108522.3261302808,-1.705732892552902,-0.9059288256492263,0.7998040669036758,592,222,148,37,55710745_scale_4n_16g_c3,18.31159211404156,17,72,4,3,synthetic,"0,1,2",,molecular_chain_4q_surrogate,4,1,17,2,benchmarks/workloads/hamiltonians/molecular_chain_4q.json,"dense_exact,sparse_lanczos",4,chordal,7,tfim,auto,4,4,"dense_exact,sparse_krylov",data/raw/perlmutter/practical_suite_sweep/practical_55710745_scale_4n_16g_c3_chem_molecular_chain_4q_l2_grid17_r0_seed17.json,ok
practical_55710745_scale_4n_16g_c3_qaoa_chordal_4n_grid9_r0_seed23.json,optimization,optimization_qaoa,approximation_ratio,1.5199068002402782e-05,greedy_assignment_numpy,,4,19.4183401260525,1277600.713608407,4,3.1457154773853633,0.21357113065365918,1053,810,324,81,55710745_scale_4n_16g_c3,19.439562259009108,23,72,4,3,synthetic,"0,1,2",,small_maxcut,4,1,21,1,,"dense_exact,sparse_lanczos",4,chordal,9,tfim,auto,4,4,"dense_exact,sparse_krylov",data/raw/perlmutter/practical_suite_sweep/practical_55710745_scale_4n_16g_c3_qaoa_chordal_4n_grid9_r0_seed23.json,ok
practical_55710745_scale_4n_16g_c3_sim_heisenberg_8q_4steps_r0_seed17.json,simulation,hamiltonian_simulation,absolute_observable_error,0.003942934097722173,sparse_krylov_expm_multiply_scipy,exact_dense_eigendecomposition_numpy,2,29.10720145504456,7382.1171578443955,0.02820079724211531,-0.1300351892248901,0.1582359864670054,344,168,8,1,55710745_scale_4n_16g_c3,29.172699130955152,17,72,4,3,synthetic,"0,1,2",,heisenberg,8,1,21,1,,"dense_exact,sparse_lanczos",4,chordal,7,heisenberg,auto,8,4,"dense_exact,sparse_krylov",data/raw/perlmutter/practical_suite_sweep/practical_55710745_scale_4n_16g_c3_sim_heisenberg_8q_4steps_r0_seed17.json,ok
practical_55710745_scale_4n_16g_c3_sim_heisenberg_8q_8steps_r0_seed23.json,simulation,hamiltonian_simulation,absolute_observable_error,0.015974755981005728,sparse_krylov_expm_multiply_scipy,exact_dense_eigendecomposition_numpy,2,29.32860918797087,1835.9347224360179,0.02820079724211531,-0.07453829549813012,0.10273909274024544,684,336,8,1,55710745_scale_4n_16g_c3,29.466135233058594,23,72,4,3,synthetic,"0,1,2",,heisenberg,8,1,21,1,,"dense_exact,sparse_lanczos",4,chordal,7,heisenberg,auto,8,8,"dense_exact,sparse_krylov",data/raw/perlmutter/practical_suite_sweep/practical_55710745_scale_4n_16g_c3_sim_heisenberg_8q_8steps_r0_seed23.json,ok
practical_55710745_scale_4n_16g_c3_sim_tfim_7q_8steps_r0_seed17.json,simulation,hamiltonian_simulation,absolute_observable_error,0.0025727039901539683,sparse_krylov_expm_multiply_scipy,exact_dense_eigendecomposition_numpy,2,24.36737854697276,9471.504938084403,0.8218024506329149,0.8215212314654866,0.00028121916742829267,104,96,7,1,55710745_scale_4n_16g_c3,24.409097427967936,17,72,4,3,synthetic,"0,1,2",,tfim,7,1,21,1,,"dense_exact,sparse_lanczos",4,chordal,7,tfim,auto,7,8,"dense_exact,sparse_krylov",data/raw/perlmutter/practical_suite_sweep/practical_55710745_scale_4n_16g_c3_sim_tfim_7q_8steps_r0_seed17.json,ok
practical_55710745_scale_4n_16g_c3_sim_tfim_8q_6steps_r0_seed23.json,simulation,hamiltonian_simulation,absolute_observable_error,0.003371178056113422,sparse_krylov_expm_multiply_scipy,exact_dense_eigendecomposition_numpy,2,36.34241584397387,10780.33115992469,0.8218024506329147,0.8213019840508491,0.0005004665820655951,90,84,8,1,55710745_scale_4n_16g_c3,36.44355724391062,23,72,4,3,synthetic,"0,1,2",,tfim,8,1,21,1,,"dense_exact,sparse_lanczos",4,chordal,7,tfim,auto,8,6,"dense_exact,sparse_krylov",data/raw/perlmutter/practical_suite_sweep/practical_55710745_scale_4n_16g_c3_sim_tfim_8q_6steps_r0_seed23.json,ok
practical_55710745_scale_4n_16g_c4_chem_h2_l1_grid17_r0_seed23.json,chemistry,chemistry_vqe,absolute_energy_error,0.00014461902901530266,exact_dense_diagonalization_numpy,exact_dense_diagonalization_numpy,2,18.374015465960838,127051.16049435387,-1.85727503020238,-1.8456249981377126,0.011650032064667304,1304,326,652,326,55710745_scale_4n_16g_c4,18.385672942968085,23,72,4,3,synthetic,"0,1,2",,H2_minimal_2qubit,2,1,17,1,,"dense_exact,sparse_lanczos",4,chordal,7,tfim,auto,4,4,"dense_exact,sparse_krylov",data/raw/perlmutter/practical_suite_sweep/practical_55710745_scale_4n_16g_c4_chem_h2_l1_grid17_r0_seed23.json,ok
practical_55710745_scale_4n_16g_c4_chem_h2_sto3g_4q_l1_grid17_r0_seed17.json,chemistry,chemistry_vqe,absolute_energy_error,0.0004718619165942073,exact_dense_diagonalization_numpy,exact_dense_diagonalization_numpy,2,21.599779827985913,45775.63704205723,-1.1372701746609029,-0.6316547102283506,0.5056154644325522,296,111,148,37,55710745_scale_4n_16g_c4,21.64059447206091,17,72,4,3,synthetic,"0,1,2",,h2_sto3g_4q,4,1,17,1,benchmarks/workloads/hamiltonians/h2_sto3g_4q.json,"dense_exact,sparse_lanczos",4,chordal,7,tfim,auto,4,4,"dense_exact,sparse_krylov",data/raw/perlmutter/practical_suite_sweep/practical_55710745_scale_4n_16g_c4_chem_h2_sto3g_4q_l1_grid17_r0_seed17.json,ok
practical_55710745_scale_4n_16g_c4_chem_h2o_sto3g_active_4q_l1_grid17_r0_seed23.json,chemistry,chemistry_vqe,absolute_energy_error,0.00014536094386130571,exact_dense_diagonalization_numpy,sparse_lanczos_eigsh_scipy,2,22.85751454194542,157246.60238691507,-74.96419529199757,-74.55508213980782,0.40911315218974664,296,111,148,37,55710745_scale_4n_16g_c4,22.886391634005122,23,72,4,3,synthetic,"0,1,2",,h2o_sto3g_active_4q,4,1,17,1,benchmarks/workloads/hamiltonians/h2o_sto3g_active_4q.json,"dense_exact,sparse_lanczos",4,chordal,7,tfim,auto,4,4,"dense_exact,sparse_krylov",data/raw/perlmutter/practical_suite_sweep/practical_55710745_scale_4n_16g_c4_chem_h2o_sto3g_active_4q_l1_grid17_r0_seed23.json,ok
practical_55710745_scale_4n_16g_c4_chem_h2o_sto3g_active_8q_l1_grid9_r0_seed17.json,chemistry,chemistry_vqe,absolute_energy_error,0.01182271703146398,exact_dense_diagonalization_numpy,sparse_lanczos_eigsh_scipy,2,14.173705970984884,1198.8535235398242,-74.97036281676178,-74.01818391270403,0.952178904057746,336,147,168,21,55710745_scale_4n_16g_c4,14.394906988018192,17,72,4,3,synthetic,"0,1,2",,h2o_sto3g_active_8q,8,1,9,1,benchmarks/workloads/hamiltonians/h2o_sto3g_active_8q.json,"dense_exact,sparse_lanczos",4,chordal,7,tfim,auto,4,4,"dense_exact,sparse_krylov",data/raw/perlmutter/practical_suite_sweep/practical_55710745_scale_4n_16g_c4_chem_h2o_sto3g_active_8q_l1_grid9_r0_seed17.json,ok
practical_55710745_scale_4n_16g_c4_chem_h2o_sto3g_active_8q_l2_grid17_r0_seed23.json,chemistry,chemistry_vqe,absolute_energy_error,0.015849016956053674,exact_dense_diagonalization_numpy,sparse_lanczos_eigsh_scipy,2,20.6559275300242,1303.293925881913,-74.97036281676178,-73.73936479819314,1.2309980185686413,1184,518,296,37,55710745_scale_4n_16g_c4,20.880057174013928,23,72,4,3,synthetic,"0,1,2",,h2o_sto3g_active_8q,8,1,17,2,benchmarks/workloads/hamiltonians/h2o_sto3g_active_8q.json,"dense_exact,sparse_lanczos",4,chordal,7,tfim,auto,4,4,"dense_exact,sparse_krylov",data/raw/perlmutter/practical_suite_sweep/practical_55710745_scale_4n_16g_c4_chem_h2o_sto3g_active_8q_l2_grid17_r0_seed23.json,ok
practical_55710745_scale_4n_16g_c4_chem_lih_sto3g_active_4q_l2_grid13_r0_seed23.json,chemistry,chemistry_vqe,absolute_energy_error,0.0001617420930415392,exact_dense_diagonalization_numpy,sparse_lanczos_eigsh_scipy,2,22.826988368993625,141132.02036486022,-7.862773162272805,-7.70232475760537,0.16044840466743437,464,174,116,29,55710745_scale_4n_16g_c4,22.860161354998127,23,72,4,3,synthetic,"0,1,2",,lih_sto3g_active_4q,4,1,13,2,benchmarks/workloads/hamiltonians/lih_sto3g_active_4q.json,"dense_exact,sparse_lanczos",4,chordal,7,tfim,auto,4,4,"dense_exact,sparse_krylov",data/raw/perlmutter/practical_suite_sweep/practical_55710745_scale_4n_16g_c4_chem_lih_sto3g_active_4q_l2_grid13_r0_seed23.json,ok
practical_55710745_scale_4n_16g_c4_chem_lih_sto3g_active_6q_l2_grid17_r0_seed17.json,chemistry,chemistry_vqe,absolute_energy_error,0.00044663401786237955,exact_dense_diagonalization_numpy,sparse_lanczos_eigsh_scipy,2,14.726460480014794,32972.09771547771,-7.863620054551819,-7.5341180242456325,0.32950203030618663,888,370,222,37,55710745_scale_4n_16g_c4,14.74644251994323,17,72,4,3,synthetic,"0,1,2",,lih_sto3g_active_6q,6,1,17,2,benchmarks/workloads/hamiltonians/lih_sto3g_active_6q.json,"dense_exact,sparse_lanczos",4,chordal,7,tfim,auto,4,4,"dense_exact,sparse_krylov",data/raw/perlmutter/practical_suite_sweep/practical_55710745_scale_4n_16g_c4_chem_lih_sto3g_active_6q_l2_grid17_r0_seed17.json,ok
practical_55710745_scale_4n_16g_c4_qaoa_ring_5n_grid7_r0_seed23.json,optimization,optimization_qaoa,approximation_ratio,1.5849946066737175e-05,greedy_assignment_numpy,,4,19.748174289939925,1245945.8351964746,4,3.4375,0.140625,735,490,245,49,55710745_scale_4n_16g_c4,19.780993953929283,23,72,4,3,synthetic,"0,1,2",,small_maxcut,5,1,21,1,,"dense_exact,sparse_lanczos",5,ring,7,tfim,auto,4,4,"dense_exact,sparse_krylov",data/raw/perlmutter/practical_suite_sweep/practical_55710745_scale_4n_16g_c4_qaoa_ring_5n_grid7_r0_seed23.json,ok
practical_55710745_scale_4n_16g_c4_sim_heisenberg_8q_6steps_r0_seed17.json,simulation,hamiltonian_simulation,absolute_observable_error,0.003979675006121397,sparse_krylov_expm_multiply_scipy,exact_dense_eigendecomposition_numpy,2,29.964477660949342,7529.3780559616125,0.02820079724211531,-0.0919102354234011,0.12011103266551641,514,252,8,1,55710745_scale_4n_16g_c4,30.02191714104265,17,72,4,3,synthetic,"0,1,2",,heisenberg,8,1,21,1,,"dense_exact,sparse_lanczos",4,chordal,7,heisenberg,auto,8,6,"dense_exact,sparse_krylov",data/raw/perlmutter/practical_suite_sweep/practical_55710745_scale_4n_16g_c4_sim_heisenberg_8q_6steps_r0_seed17.json,ok
practical_55710745_scale_4n_16g_c4_sim_tfim_8q_4steps_r0_seed17.json,simulation,hamiltonian_simulation,absolute_observable_error,0.0032784590730443597,sparse_krylov_expm_multiply_scipy,exact_dense_eigendecomposition_numpy,2,25.00335280399304,7626.556332385464,0.8218024506329147,0.8206730318635883,0.0011294187693263735,60,56,8,1,55710745_scale_4n_16g_c4,25.050297189038247,17,72,4,3,synthetic,"0,1,2",,tfim,8,1,21,1,,"dense_exact,sparse_lanczos",4,chordal,7,tfim,auto,8,4,"dense_exact,sparse_krylov",data/raw/perlmutter/practical_suite_sweep/practical_55710745_scale_4n_16g_c4_sim_tfim_8q_4steps_r0_seed17.json,ok
practical_55710745_scale_4n_16g_c4_sim_tfim_8q_8steps_r0_seed23.json,simulation,hamiltonian_simulation,absolute_observable_error,0.0034632669994607568,sparse_krylov_expm_multiply_scipy,exact_dense_eigendecomposition_numpy,2,35.045288700959645,10119.141465678598,0.8218024506329147,0.8215212314654854,0.00028121916742929187,120,112,8,1,55710745_scale_4n_16g_c4,35.12577670998871,23,72,4,3,synthetic,"0,1,2",,tfim,8,1,21,1,,"dense_exact,sparse_lanczos",4,chordal,7,tfim,auto,8,8,"dense_exact,sparse_krylov",data/raw/perlmutter/practical_suite_sweep/practical_55710745_scale_4n_16g_c4_sim_tfim_8q_8steps_r0_seed23.json,ok
practical_55710745_scale_4n_16g_c5_chem_h2_l1_grid21_r0_seed23.json,chemistry,chemistry_vqe,absolute_energy_error,0.00014606292825192213,exact_dense_diagonalization_numpy,exact_dense_diagonalization_numpy,2,18.390824290923774,125910.28066481173,-1.85727503020238,-1.8539259190122395,0.0033491111901404746,1944,486,972,486,55710745_scale_4n_16g_c5,18.403879310004413,23,72,4,3,synthetic,"0,1,2",,H2_minimal_2qubit,2,1,21,1,,"dense_exact,sparse_lanczos",4,chordal,7,tfim,auto,4,4,"dense_exact,sparse_krylov",data/raw/perlmutter/practical_suite_sweep/practical_55710745_scale_4n_16g_c5_chem_h2_l1_grid21_r0_seed23.json,ok
practical_55710745_scale_4n_16g_c5_chem_h2o_sto3g_active_6q_l1_grid9_r0_seed23.json,chemistry,chemistry_vqe,absolute_energy_error,0.00044264597818255424,exact_dense_diagonalization_numpy,sparse_lanczos_eigsh_scipy,2,22.90025634202175,51734.92468190306,-74.9673319430185,-73.97806791450446,0.9892640285140288,252,105,126,21,55710745_scale_4n_16g_c5,22.943585576023906,23,72,4,3,synthetic,"0,1,2",,h2o_sto3g_active_6q,6,1,9,1,benchmarks/workloads/hamiltonians/h2o_sto3g_active_6q.json,"dense_exact,sparse_lanczos",4,chordal,7,tfim,auto,4,4,"dense_exact,sparse_krylov",data/raw/perlmutter/practical_suite_sweep/practical_55710745_scale_4n_16g_c5_chem_h2o_sto3g_active_6q_l1_grid9_r0_seed23.json,ok
practical_55710745_scale_4n_16g_c5_chem_h2o_sto3g_active_8q_l1_grid13_r0_seed17.json,chemistry,chemistry_vqe,absolute_energy_error,0.02834345493465662,exact_dense_diagonalization_numpy,exact_dense_diagonalization_numpy,2,14.153387339087203,499.352932510049,-74.97036281676164,-74.01818391270403,0.9521789040576039,464,203,232,29,55710745_scale_4n_16g_c5,14.394485273049213,17,72,4,3,synthetic,"0,1,2",,h2o_sto3g_active_8q,8,1,13,1,benchmarks/workloads/hamiltonians/h2o_sto3g_active_8q.json,"dense_exact,sparse_lanczos",4,chordal,7,tfim,auto,4,4,"dense_exact,sparse_krylov",data/raw/perlmutter/practical_suite_sweep/practical_55710745_scale_4n_16g_c5_chem_h2o_sto3g_active_8q_l1_grid13_r0_seed17.json,ok
practical_55710745_scale_4n_16g_c5_chem_lih_sto3g_active_4q_l1_grid9_r0_seed17.json,chemistry,chemistry_vqe,absolute_energy_error,0.0001568529987707734,exact_dense_diagonalization_numpy,sparse_lanczos_eigsh_scipy,2,21.439802863053046,136687.2360176256,-7.86277316227281,-7.714056633733221,0.14871652853958928,168,63,84,21,55710745_scale_4n_16g_c5,21.47274232294876,17,72,4,3,synthetic,"0,1,2",,lih_sto3g_active_4q,4,1,9,1,benchmarks/workloads/hamiltonians/lih_sto3g_active_4q.json,"dense_exact,sparse_lanczos",4,chordal,7,tfim,auto,4,4,"dense_exact,sparse_krylov",data/raw/perlmutter/practical_suite_sweep/practical_55710745_scale_4n_16g_c5_chem_lih_sto3g_active_4q_l1_grid9_r0_seed17.json,ok
practical_55710745_scale_4n_16g_c5_chem_lih_sto3g_active_4q_l2_grid17_r0_seed23.json,chemistry,chemistry_vqe,absolute_energy_error,0.00016172300092875957,exact_dense_diagonalization_numpy,sparse_lanczos_eigsh_scipy,2,22.82899045094382,141161.06131990586,-7.862773162272806,-7.70232475760537,0.16044840466743526,592,222,148,37,55710745_scale_4n_16g_c5,22.855036664986983,23,72,4,3,synthetic,"0,1,2",,lih_sto3g_active_4q,4,1,17,2,benchmarks/workloads/hamiltonians/lih_sto3g_active_4q.json,"dense_exact,sparse_lanczos",4,chordal,7,tfim,auto,4,4,"dense_exact,sparse_krylov",data/raw/perlmutter/practical_suite_sweep/practical_55710745_scale_4n_16g_c5_chem_lih_sto3g_active_4q_l2_grid17_r0_seed23.json,ok
practical_55710745_scale_4n_16g_c5_chem_lih_sto3g_active_8q_l2_grid9_r0_seed17.json,chemistry,chemistry_vqe,absolute_energy_error,0.013882067985832691,exact_dense_diagonalization_numpy,sparse_lanczos_eigsh_scipy,2,14.65853362204507,1055.9329947818148,-7.864436629899081,-7.10536529732275,0.7590713325763305,672,294,168,21,55710745_scale_4n_16g_c5,14.867183009977452,17,72,4,3,synthetic,"0,1,2",,lih_sto3g_active_8q,8,1,9,2,benchmarks/workloads/hamiltonians/lih_sto3g_active_8q.json,"dense_exact,sparse_lanczos",4,chordal,7,tfim,auto,4,4,"dense_exact,sparse_krylov",data/raw/perlmutter/practical_suite_sweep/practical_55710745_scale_4n_16g_c5_chem_lih_sto3g_active_8q_l2_grid9_r0_seed17.json,ok
practical_55710745_scale_4n_16g_c5_chem_molecular_chain_4q_l2_grid9_r0_seed23.json,chemistry,chemistry_vqe,absolute_energy_error,0.00016383698675781488,exact_dense_diagonalization_numpy,sparse_lanczos_eigsh_scipy,2,21.091108920052648,128732.28040521576,-1.7057328925529092,-0.8946266380615817,0.8111062544913274,336,126,84,21,55710745_scale_4n_16g_c5,21.104397065006196,23,72,4,3,synthetic,"0,1,2",,molecular_chain_4q_surrogate,4,1,9,2,benchmarks/workloads/hamiltonians/molecular_chain_4q.json,"dense_exact,sparse_lanczos",4,chordal,7,tfim,auto,4,4,"dense_exact,sparse_krylov",data/raw/perlmutter/practical_suite_sweep/practical_55710745_scale_4n_16g_c5_chem_molecular_chain_4q_l2_grid9_r0_seed23.json,ok
practical_55710745_scale_4n_16g_c5_qaoa_ring_5n_grid9_r0_seed23.json,optimization,optimization_qaoa,approximation_ratio,1.6130972653627396e-05,greedy_assignment_numpy,,4,19.86849855806213,1231698.7316691205,4,3.749999999999998,0.06250000000000056,1215,810,405,81,55710745_scale_4n_16g_c5,19.894044527085498,23,72,4,3,synthetic,"0,1,2",,small_maxcut,5,1,21,1,,"dense_exact,sparse_lanczos",5,ring,9,tfim,auto,4,4,"dense_exact,sparse_krylov",data/raw/perlmutter/practical_suite_sweep/practical_55710745_scale_4n_16g_c5_qaoa_ring_5n_grid9_r0_seed23.json,ok
practical_55710745_scale_4n_16g_c5_sim_heisenberg_4q_4steps_r0_seed23.json,simulation,hamiltonian_simulation,absolute_observable_error,0.0003218819620087743,exact_dense_eigendecomposition_numpy,exact_dense_eigendecomposition_numpy,2,34.879058271995746,108359.77901441077,0.05328055679997454,-0.13193164268309854,0.18521219948307308,150,72,4,1,55710745_scale_4n_16g_c5,34.92493371095043,23,72,4,3,synthetic,"0,1,2",,heisenberg,4,1,21,1,,"dense_exact,sparse_lanczos",4,chordal,7,heisenberg,auto,4,4,"dense_exact,sparse_krylov",data/raw/perlmutter/practical_suite_sweep/practical_55710745_scale_4n_16g_c5_sim_heisenberg_4q_4steps_r0_seed23.json,ok
practical_55710745_scale_4n_16g_c5_sim_heisenberg_8q_8steps_r0_seed17.json,simulation,hamiltonian_simulation,absolute_observable_error,0.003868771018460393,sparse_krylov_expm_multiply_scipy,exact_dense_eigendecomposition_numpy,2,29.970587805029936,7746.798056028904,0.02820079724211531,-0.07453829549813012,0.10273909274024544,684,336,8,1,55710745_scale_4n_16g_c5,30.028749311924912,17,72,4,3,synthetic,"0,1,2",,heisenberg,8,1,21,1,,"dense_exact,sparse_lanczos",4,chordal,7,heisenberg,auto,8,8,"dense_exact,sparse_krylov",data/raw/perlmutter/practical_suite_sweep/practical_55710745_scale_4n_16g_c5_sim_heisenberg_8q_8steps_r0_seed17.json,ok
practical_55710745_scale_4n_16g_c5_sim_tfim_8q_6steps_r0_seed17.json,simulation,hamiltonian_simulation,absolute_observable_error,0.003312735934741795,sparse_krylov_expm_multiply_scipy,exact_dense_eigendecomposition_numpy,2,24.960484559996985,7534.703958208031,0.8218024506329147,0.8213019840508491,0.0005004665820655951,90,84,8,1,55710745_scale_4n_16g_c5,25.031702612061054,17,72,4,3,synthetic,"0,1,2",,tfim,8,1,21,1,,"dense_exact,sparse_lanczos",4,chordal,7,tfim,auto,8,6,"dense_exact,sparse_krylov",data/raw/perlmutter/practical_suite_sweep/practical_55710745_scale_4n_16g_c5_sim_tfim_8q_6steps_r0_seed17.json,ok
practical_55710745_scale_4n_16g_c6_chem_h2_sto3g_4q_l1_grid9_r0_seed23.json,chemistry,chemistry_vqe,absolute_energy_error,0.00015791598707437515,exact_dense_diagonalization_numpy,sparse_lanczos_eigsh_scipy,2,18.165263589005917,115031.18794711048,-1.1372701746609053,-0.5324790068861727,0.6047911677747326,168,63,84,21,55710745_scale_4n_16g_c6,18.198119667940773,23,72,4,3,synthetic,"0,1,2",,h2_sto3g_4q,4,1,9,1,benchmarks/workloads/hamiltonians/h2_sto3g_4q.json,"dense_exact,sparse_lanczos",4,chordal,7,tfim,auto,4,4,"dense_exact,sparse_krylov",data/raw/perlmutter/practical_suite_sweep/practical_55710745_scale_4n_16g_c6_chem_h2_sto3g_4q_l1_grid9_r0_seed23.json,ok
practical_55710745_scale_4n_16g_c6_chem_h2o_sto3g_active_6q_l1_grid13_r0_seed23.json,chemistry,chemistry_vqe,absolute_energy_error,0.000450741034001112,exact_dense_diagonalization_numpy,sparse_lanczos_eigsh_scipy,2,22.743439679965377,50457.88593525139,-74.96733194301838,-73.97806791450446,0.9892640285139152,348,145,174,29,55710745_scale_4n_16g_c6,22.77934801497031,23,72,4,3,synthetic,"0,1,2",,h2o_sto3g_active_6q,6,1,13,1,benchmarks/workloads/hamiltonians/h2o_sto3g_active_6q.json,"dense_exact,sparse_lanczos",4,chordal,7,tfim,auto,4,4,"dense_exact,sparse_krylov",data/raw/perlmutter/practical_suite_sweep/practical_55710745_scale_4n_16g_c6_chem_h2o_sto3g_active_6q_l1_grid13_r0_seed23.json,ok
practical_55710745_scale_4n_16g_c6_chem_h2o_sto3g_active_8q_l1_grid17_r0_seed17.json,chemistry,chemistry_vqe,absolute_energy_error,0.019119242089800537,exact_dense_diagonalization_numpy,exact_dense_diagonalization_numpy,2,14.1046589120524,737.7206086833721,-74.97036281676164,-74.01818391270403,0.9521789040576039,592,259,296,37,55710745_scale_4n_16g_c6,14.399799761013128,17,72,4,3,synthetic,"0,1,2",,h2o_sto3g_active_8q,8,1,17,1,benchmarks/workloads/hamiltonians/h2o_sto3g_active_8q.json,"dense_exact,sparse_lanczos",4,chordal,7,tfim,auto,4,4,"dense_exact,sparse_krylov",data/raw/perlmutter/practical_suite_sweep/practical_55710745_scale_4n_16g_c6_chem_h2o_sto3g_active_8q_l1_grid17_r0_seed17.json,ok
practical_55710745_scale_4n_16g_c6_chem_lih_sto3g_active_4q_l1_grid13_r0_seed17.json,chemistry,chemistry_vqe,absolute_energy_error,0.000161672942340374,exact_dense_diagonalization_numpy,sparse_lanczos_eigsh_scipy,2,21.598380242008716,133593.0424061753,-7.862773162272804,-7.714056633733221,0.14871652853958306,232,87,116,29,55710745_scale_4n_16g_c6,21.63095866306685,17,72,4,3,synthetic,"0,1,2",,lih_sto3g_active_4q,4,1,13,1,benchmarks/workloads/hamiltonians/lih_sto3g_active_4q.json,"dense_exact,sparse_lanczos",4,chordal,7,tfim,auto,4,4,"dense_exact,sparse_krylov",data/raw/perlmutter/practical_suite_sweep/practical_55710745_scale_4n_16g_c6_chem_lih_sto3g_active_4q_l1_grid13_r0_seed17.json,ok
practical_55710745_scale_4n_16g_c6_chem_lih_sto3g_active_6q_l2_grid9_r0_seed23.json,chemistry,chemistry_vqe,absolute_energy_error,0.00045128201600164175,exact_dense_diagonalization_numpy,exact_dense_diagonalization_numpy,2,22.802809951943345,50528.95782104552,-7.863620054551806,-7.5341180242456325,0.3295020303061733,504,210,126,21,55710745_scale_4n_16g_c6,22.836969226947986,23,72,4,3,synthetic,"0,1,2",,lih_sto3g_active_6q,6,1,9,2,benchmarks/workloads/hamiltonians/lih_sto3g_active_6q.json,"dense_exact,sparse_lanczos",4,chordal,7,tfim,auto,4,4,"dense_exact,sparse_krylov",data/raw/perlmutter/practical_suite_sweep/practical_55710745_scale_4n_16g_c6_chem_lih_sto3g_active_6q_l2_grid9_r0_seed23.json,ok
practical_55710745_scale_4n_16g_c6_chem_lih_sto3g_active_8q_l2_grid13_r0_seed17.json,chemistry,chemistry_vqe,absolute_energy_error,0.017315173987299204,exact_dense_diagonalization_numpy,exact_dense_diagonalization_numpy,2,14.49829918006435,837.3175568838609,-7.864436629899078,-7.10536529732275,0.7590713325763279,928,406,232,29,55710745_scale_4n_16g_c6,14.826017887913622,17,72,4,3,synthetic,"0,1,2",,lih_sto3g_active_8q,8,1,13,2,benchmarks/workloads/hamiltonians/lih_sto3g_active_8q.json,"dense_exact,sparse_lanczos",4,chordal,7,tfim,auto,4,4,"dense_exact,sparse_krylov",data/raw/perlmutter/practical_suite_sweep/practical_55710745_scale_4n_16g_c6_chem_lih_sto3g_active_8q_l2_grid13_r0_seed17.json,ok
practical_55710745_scale_4n_16g_c6_chem_molecular_chain_4q_l2_grid13_r0_seed23.json,chemistry,chemistry_vqe,absolute_energy_error,0.00016998802311718464,exact_dense_diagonalization_numpy,sparse_lanczos_eigsh_scipy,2,21.10575708502438,124160.25963473147,-1.7057328925529063,-0.8946266380615817,0.8111062544913246,464,174,116,29,55710745_scale_4n_16g_c6,21.12105702108238,23,72,4,3,synthetic,"0,1,2",,molecular_chain_4q_surrogate,4,1,13,2,benchmarks/workloads/hamiltonians/molecular_chain_4q.json,"dense_exact,sparse_lanczos",4,chordal,7,tfim,auto,4,4,"dense_exact,sparse_krylov",data/raw/perlmutter/practical_suite_sweep/practical_55710745_scale_4n_16g_c6_chem_molecular_chain_4q_l2_grid13_r0_seed23.json,ok
practical_55710745_scale_4n_16g_c6_qaoa_chordal_5n_grid7_r0_seed23.json,optimization,optimization_qaoa,approximation_ratio,4.8524001613259315e-05,exact_enumeration_numpy,,4,19.83621313900221,408791.78302520525,6,4.521153579257492,0.2464744034570847,833,686,245,49,55710745_scale_4n_16g_c6,19.870199728989974,23,72,4,3,synthetic,"0,1,2",,small_maxcut,5,1,21,1,,"dense_exact,sparse_lanczos",5,chordal,7,tfim,auto,4,4,"dense_exact,sparse_krylov",data/raw/perlmutter/practical_suite_sweep/practical_55710745_scale_4n_16g_c6_qaoa_chordal_5n_grid7_r0_seed23.json,ok
practical_55710745_scale_4n_16g_c6_sim_heisenberg_4q_6steps_r0_seed23.json,simulation,hamiltonian_simulation,absolute_observable_error,0.00031876598950475454,exact_dense_eigendecomposition_numpy,exact_dense_eigendecomposition_numpy,2,36.49152568296995,114477.4752779128,0.05328055679997454,-0.09809448856243674,0.15137504536241128,224,108,4,1,55710745_scale_4n_16g_c6,36.54351552401204,23,72,4,3,synthetic,"0,1,2",,heisenberg,4,1,21,1,,"dense_exact,sparse_lanczos",4,chordal,7,heisenberg,auto,4,6,"dense_exact,sparse_krylov",data/raw/perlmutter/practical_suite_sweep/practical_55710745_scale_4n_16g_c6_sim_heisenberg_4q_6steps_r0_seed23.json,ok
practical_55710745_scale_4n_16g_c6_sim_tfim_4q_4steps_r0_seed23.json,simulation,hamiltonian_simulation,absolute_observable_error,0.00033266295213252306,exact_dense_eigendecomposition_numpy,exact_dense_eigendecomposition_numpy,2,29.94369928096421,90012.12515253435,0.8218024506329117,0.820673031863585,0.0011294187693267066,28,24,4,1,55710745_scale_4n_16g_c6,29.974398775026202,23,72,4,3,synthetic,"0,1,2",,tfim,4,1,21,1,,"dense_exact,sparse_lanczos",4,chordal,7,tfim,auto,4,4,"dense_exact,sparse_krylov",data/raw/perlmutter/practical_suite_sweep/practical_55710745_scale_4n_16g_c6_sim_tfim_4q_4steps_r0_seed23.json,ok
practical_55710745_scale_4n_16g_c6_sim_tfim_8q_8steps_r0_seed17.json,simulation,hamiltonian_simulation,absolute_observable_error,0.003294781083241105,sparse_krylov_expm_multiply_scipy,exact_dense_eigendecomposition_numpy,2,24.996740195900202,7586.768153746558,0.8218024506329147,0.8215212314654854,0.00028121916742929187,120,112,8,1,55710745_scale_4n_16g_c6,25.0624819600489,17,72,4,3,synthetic,"0,1,2",,tfim,8,1,21,1,,"dense_exact,sparse_lanczos",4,chordal,7,tfim,auto,8,8,"dense_exact,sparse_krylov",data/raw/perlmutter/practical_suite_sweep/practical_55710745_scale_4n_16g_c6_sim_tfim_8q_8steps_r0_seed17.json,ok
practical_55710745_scale_4n_16g_c7_chem_h2_sto3g_4q_l1_grid13_r0_seed23.json,chemistry,chemistry_vqe,absolute_energy_error,0.00015114201232790947,exact_dense_diagonalization_numpy,exact_dense_diagonalization_numpy,2,18.16654608794488,120195.21116691058,-1.1372701746609029,-0.5324790068861727,0.6047911677747302,232,87,116,29,55710745_scale_4n_16g_c7,18.1979223160306,23,72,4,3,synthetic,"0,1,2",,h2_sto3g_4q,4,1,13,1,benchmarks/workloads/hamiltonians/h2_sto3g_4q.json,"dense_exact,sparse_lanczos",4,chordal,7,tfim,auto,4,4,"dense_exact,sparse_krylov",data/raw/perlmutter/practical_suite_sweep/practical_55710745_scale_4n_16g_c7_chem_h2_sto3g_4q_l1_grid13_r0_seed23.json,ok
practical_55710745_scale_4n_16g_c7_chem_h2o_sto3g_active_6q_l1_grid17_r0_seed23.json,chemistry,chemistry_vqe,absolute_energy_error,0.0004388890229165554,exact_dense_diagonalization_numpy,sparse_lanczos_eigsh_scipy,2,22.74575503799133,51825.755146115625,-74.96733194301821,-73.98361120145331,0.9837207415648948,444,185,222,37,55710745_scale_4n_16g_c7,22.777991301030852,23,72,4,3,synthetic,"0,1,2",,h2o_sto3g_active_6q,6,1,17,1,benchmarks/workloads/hamiltonians/h2o_sto3g_active_6q.json,"dense_exact,sparse_lanczos",4,chordal,7,tfim,auto,4,4,"dense_exact,sparse_krylov",data/raw/perlmutter/practical_suite_sweep/practical_55710745_scale_4n_16g_c7_chem_h2o_sto3g_active_6q_l1_grid17_r0_seed23.json,ok
practical_55710745_scale_4n_16g_c7_chem_lih_sto3g_active_4q_l1_grid17_r0_seed17.json,chemistry,chemistry_vqe,absolute_energy_error,0.00015573203563690186,exact_dense_diagonalization_numpy,exact_dense_diagonalization_numpy,2,21.599669224000536,138697.66188866497,-7.862773162272801,-7.714056633733221,0.1487165285395804,296,111,148,37,55710745_scale_4n_16g_c7,21.639750230009668,17,72,4,3,synthetic,"0,1,2",,lih_sto3g_active_4q,4,1,17,1,benchmarks/workloads/hamiltonians/lih_sto3g_active_4q.json,"dense_exact,sparse_lanczos",4,chordal,7,tfim,auto,4,4,"dense_exact,sparse_krylov",data/raw/perlmutter/practical_suite_sweep/practical_55710745_scale_4n_16g_c7_chem_lih_sto3g_active_4q_l1_grid17_r0_seed17.json,ok
practical_55710745_scale_4n_16g_c7_chem_lih_sto3g_active_6q_l2_grid13_r0_seed23.json,chemistry,chemistry_vqe,absolute_energy_error,0.00046312599442899227,exact_dense_diagonalization_numpy,exact_dense_diagonalization_numpy,2,22.825122278998606,49284.9085423086,-7.863620054551806,-7.5341180242456325,0.3295020303061733,696,290,174,29,55710745_scale_4n_16g_c7,22.86398130096495,23,72,4,3,synthetic,"0,1,2",,lih_sto3g_active_6q,6,1,13,2,benchmarks/workloads/hamiltonians/lih_sto3g_active_6q.json,"dense_exact,sparse_lanczos",4,chordal,7,tfim,auto,4,4,"dense_exact,sparse_krylov",data/raw/perlmutter/practical_suite_sweep/practical_55710745_scale_4n_16g_c7_chem_lih_sto3g_active_6q_l2_grid13_r0_seed23.json,ok
practical_55710745_scale_4n_16g_c7_chem_lih_sto3g_active_8q_l2_grid17_r0_seed17.json,chemistry,chemistry_vqe,absolute_energy_error,0.011340362951159477,exact_dense_diagonalization_numpy,sparse_lanczos_eigsh_scipy,2,14.654557875008322,1292.2476941983582,-7.864436629899079,-7.10536529732275,0.7590713325763288,1184,518,296,37,55710745_scale_4n_16g_c7,14.863715015002526,17,72,4,3,synthetic,"0,1,2",,lih_sto3g_active_8q,8,1,17,2,benchmarks/workloads/hamiltonians/lih_sto3g_active_8q.json,"dense_exact,sparse_lanczos",4,chordal,7,tfim,auto,4,4,"dense_exact,sparse_krylov",data/raw/perlmutter/practical_suite_sweep/practical_55710745_scale_4n_16g_c7_chem_lih_sto3g_active_8q_l2_grid17_r0_seed17.json,ok
practical_55710745_scale_4n_16g_c7_chem_molecular_chain_4q_l1_grid9_r0_seed17.json,chemistry,chemistry_vqe,absolute_energy_error,0.00016954797320067883,exact_dense_diagonalization_numpy,sparse_lanczos_eigsh_scipy,2,14.364525416051038,84722.48381907243,-1.7057328925529074,-0.9019600519043551,0.8037728406485523,168,63,84,21,55710745_scale_4n_16g_c7,14.38523818005342,17,72,4,3,synthetic,"0,1,2",,molecular_chain_4q_surrogate,4,1,9,1,benchmarks/workloads/hamiltonians/molecular_chain_4q.json,"dense_exact,sparse_lanczos",4,chordal,7,tfim,auto,4,4,"dense_exact,sparse_krylov",data/raw/perlmutter/practical_suite_sweep/practical_55710745_scale_4n_16g_c7_chem_molecular_chain_4q_l1_grid9_r0_seed17.json,ok
practical_55710745_scale_4n_16g_c7_chem_molecular_chain_4q_l2_grid17_r0_seed23.json,chemistry,chemistry_vqe,absolute_energy_error,0.00016882596537470818,exact_dense_diagonalization_numpy,exact_dense_diagonalization_numpy,2,20.84631780406926,123478.14957137065,-1.705732892552902,-0.8946266380615817,0.8111062544913203,592,222,148,37,55710745_scale_4n_16g_c7,20.856704147998244,23,72,4,3,synthetic,"0,1,2",,molecular_chain_4q_surrogate,4,1,17,2,benchmarks/workloads/hamiltonians/molecular_chain_4q.json,"dense_exact,sparse_lanczos",4,chordal,7,tfim,auto,4,4,"dense_exact,sparse_krylov",data/raw/perlmutter/practical_suite_sweep/practical_55710745_scale_4n_16g_c7_chem_molecular_chain_4q_l2_grid17_r0_seed23.json,ok
practical_55710745_scale_4n_16g_c7_qaoa_chordal_5n_grid9_r0_seed23.json,optimization,optimization_qaoa,approximation_ratio,4.81531023979187e-05,exact_enumeration_numpy,,4,19.73446479998529,409827.4839470834,6,4.469198918953913,0.2551335135076811,1377,1134,405,81,55710745_scale_4n_16g_c7,19.762388766976073,23,72,4,3,synthetic,"0,1,2",,small_maxcut,5,1,21,1,,"dense_exact,sparse_lanczos",5,chordal,9,tfim,auto,4,4,"dense_exact,sparse_krylov",data/raw/perlmutter/practical_suite_sweep/practical_55710745_scale_4n_16g_c7_qaoa_chordal_5n_grid9_r0_seed23.json,ok
practical_55710745_scale_4n_16g_c7_sim_heisenberg_4q_4steps_r0_seed17.json,simulation,hamiltonian_simulation,absolute_observable_error,0.0009832009673118591,exact_dense_eigendecomposition_numpy,exact_dense_eigendecomposition_numpy,2,25.0134810579475,25440.862946195146,0.05328055679997454,-0.13193164268309854,0.18521219948307308,150,72,4,1,55710745_scale_4n_16g_c7,25.036633117008023,17,72,4,3,synthetic,"0,1,2",,heisenberg,4,1,21,1,,"dense_exact,sparse_lanczos",4,chordal,7,heisenberg,auto,4,4,"dense_exact,sparse_krylov",data/raw/perlmutter/practical_suite_sweep/practical_55710745_scale_4n_16g_c7_sim_heisenberg_4q_4steps_r0_seed17.json,ok
practical_55710745_scale_4n_16g_c7_sim_heisenberg_4q_8steps_r0_seed23.json,simulation,hamiltonian_simulation,absolute_observable_error,0.0003338759997859597,exact_dense_eigendecomposition_numpy,exact_dense_eigendecomposition_numpy,2,36.69669116905425,109911.13824467664,0.05328055679997454,-0.08404486766654973,0.13732542446652427,298,144,4,1,55710745_scale_4n_16g_c7,36.72945227997843,23,72,4,3,synthetic,"0,1,2",,heisenberg,4,1,21,1,,"dense_exact,sparse_lanczos",4,chordal,7,heisenberg,auto,4,8,"dense_exact,sparse_krylov",data/raw/perlmutter/practical_suite_sweep/practical_55710745_scale_4n_16g_c7_sim_heisenberg_4q_8steps_r0_seed23.json,ok
practical_55710745_scale_4n_16g_c7_sim_tfim_4q_6steps_r0_seed23.json,simulation,hamiltonian_simulation,absolute_observable_error,0.00032911705784499645,exact_dense_eigendecomposition_numpy,exact_dense_eigendecomposition_numpy,2,29.95350756798871,91011.71408166831,0.8218024506329117,0.8213019840508518,0.000500466582059933,42,36,4,1,55710745_scale_4n_16g_c7,30.01604541600682,23,72,4,3,synthetic,"0,1,2",,tfim,4,1,21,1,,"dense_exact,sparse_lanczos",4,chordal,7,tfim,auto,4,6,"dense_exact,sparse_krylov",data/raw/perlmutter/practical_suite_sweep/practical_55710745_scale_4n_16g_c7_sim_tfim_4q_6steps_r0_seed23.json,ok
practical_55710745_scale_4n_16g_c8_chem_h2_sto3g_4q_l1_grid17_r0_seed23.json,chemistry,chemistry_vqe,absolute_energy_error,0.00015275506302714348,exact_dense_diagonalization_numpy,sparse_lanczos_eigsh_scipy,2,18.319520781980827,119927.42118620042,-1.1372701746609035,-0.5324790068861727,0.6047911677747309,296,111,148,37,55710745_scale_4n_16g_c8,18.349193193018436,23,72,4,3,synthetic,"0,1,2",,h2_sto3g_4q,4,1,17,1,benchmarks/workloads/hamiltonians/h2_sto3g_4q.json,"dense_exact,sparse_lanczos",4,chordal,7,tfim,auto,4,4,"dense_exact,sparse_krylov",data/raw/perlmutter/practical_suite_sweep/practical_55710745_scale_4n_16g_c8_chem_h2_sto3g_4q_l1_grid17_r0_seed23.json,ok
practical_55710745_scale_4n_16g_c8_chem_h2o_sto3g_active_4q_l2_grid9_r0_seed17.json,chemistry,chemistry_vqe,absolute_energy_error,0.00014502904377877712,exact_dense_diagonalization_numpy,sparse_lanczos_eigsh_scipy,2,15.062738107983023,103860.14908130583,-74.96419529199778,-74.51647720347528,0.4477180885225067,336,126,84,21,55710745_scale_4n_16g_c8,15.077392535051331,17,72,4,3,synthetic,"0,1,2",,h2o_sto3g_active_4q,4,1,9,2,benchmarks/workloads/hamiltonians/h2o_sto3g_active_4q.json,"dense_exact,sparse_lanczos",4,chordal,7,tfim,auto,4,4,"dense_exact,sparse_krylov",data/raw/perlmutter/practical_suite_sweep/practical_55710745_scale_4n_16g_c8_chem_h2o_sto3g_active_4q_l2_grid9_r0_seed17.json,ok
practical_55710745_scale_4n_16g_c8_chem_h2o_sto3g_active_8q_l1_grid9_r0_seed23.json,chemistry,chemistry_vqe,absolute_energy_error,0.012936738901771605,exact_dense_diagonalization_numpy,sparse_lanczos_eigsh_scipy,2,21.354981810087338,1650.7237235160483,-74.97036281676169,-74.01818391270403,0.9521789040576607,336,147,168,21,55710745_scale_4n_16g_c8,21.794369091978297,23,72,4,3,synthetic,"0,1,2",,h2o_sto3g_active_8q,8,1,9,1,benchmarks/workloads/hamiltonians/h2o_sto3g_active_8q.json,"dense_exact,sparse_lanczos",4,chordal,7,tfim,auto,4,4,"dense_exact,sparse_krylov",data/raw/perlmutter/practical_suite_sweep/practical_55710745_scale_4n_16g_c8_chem_h2o_sto3g_active_8q_l1_grid9_r0_seed23.json,ok
practical_55710745_scale_4n_16g_c8_chem_lih_sto3g_active_6q_l1_grid9_r0_seed17.json,chemistry,chemistry_vqe,absolute_energy_error,0.000498782959766686,exact_dense_diagonalization_numpy,exact_dense_diagonalization_numpy,2,21.446141452994198,42996.94092000654,-7.863620054551806,-7.587199728781293,0.2764203257705127,252,105,126,21,55710745_scale_4n_16g_c8,21.490492190932855,17,72,4,3,synthetic,"0,1,2",,lih_sto3g_active_6q,6,1,9,1,benchmarks/workloads/hamiltonians/lih_sto3g_active_6q.json,"dense_exact,sparse_lanczos",4,chordal,7,tfim,auto,4,4,"dense_exact,sparse_krylov",data/raw/perlmutter/practical_suite_sweep/practical_55710745_scale_4n_16g_c8_chem_lih_sto3g_active_6q_l1_grid9_r0_seed17.json,ok
practical_55710745_scale_4n_16g_c8_chem_lih_sto3g_active_6q_l2_grid17_r0_seed23.json,chemistry,chemistry_vqe,absolute_energy_error,0.0004454490263015032,exact_dense_diagonalization_numpy,sparse_lanczos_eigsh_scipy,2,22.996826697024517,51626.168964749435,-7.8636200545518165,-7.5341180242456325,0.32950203030618397,888,370,222,37,55710745_scale_4n_16g_c8,23.040504387929104,23,72,4,3,synthetic,"0,1,2",,lih_sto3g_active_6q,6,1,17,2,benchmarks/workloads/hamiltonians/lih_sto3g_active_6q.json,"dense_exact,sparse_lanczos",4,chordal,7,tfim,auto,4,4,"dense_exact,sparse_krylov",data/raw/perlmutter/practical_suite_sweep/practical_55710745_scale_4n_16g_c8_chem_lih_sto3g_active_6q_l2_grid17_r0_seed23.json,ok
practical_55710745_scale_4n_16g_c8_chem_molecular_chain_4q_l1_grid13_r0_seed17.json,chemistry,chemistry_vqe,absolute_energy_error,0.00016719300765544176,exact_dense_diagonalization_numpy,sparse_lanczos_eigsh_scipy,2,15.190443234983832,90855.73283237373,-1.7057328925529078,-0.9019600519043551,0.8037728406485527,232,87,116,29,55710745_scale_4n_16g_c8,15.205147607950494,17,72,4,3,synthetic,"0,1,2",,molecular_chain_4q_surrogate,4,1,13,1,benchmarks/workloads/hamiltonians/molecular_chain_4q.json,"dense_exact,sparse_lanczos",4,chordal,7,tfim,auto,4,4,"dense_exact,sparse_krylov",data/raw/perlmutter/practical_suite_sweep/practical_55710745_scale_4n_16g_c8_chem_molecular_chain_4q_l1_grid13_r0_seed17.json,ok
practical_55710745_scale_4n_16g_c8_qaoa_ring_4n_grid7_r0_seed17.json,optimization,optimization_qaoa,approximation_ratio,1.3225013390183449e-05,greedy_assignment_numpy,,4,20.18745029193815,1526459.724186194,4,2.749999999999999,0.3125000000000002,588,392,196,49,55710745_scale_4n_16g_c8,20.20328752999194,17,72,4,3,synthetic,"0,1,2",,small_maxcut,4,1,21,1,,"dense_exact,sparse_lanczos",4,ring,7,tfim,auto,4,4,"dense_exact,sparse_krylov",data/raw/perlmutter/practical_suite_sweep/practical_55710745_scale_4n_16g_c8_qaoa_ring_4n_grid7_r0_seed17.json,ok
practical_55710745_scale_4n_16g_c8_sim_heisenberg_4q_6steps_r0_seed17.json,simulation,hamiltonian_simulation,absolute_observable_error,0.0003197970800101757,exact_dense_eigendecomposition_numpy,exact_dense_eigendecomposition_numpy,2,24.4856640760554,76566.25281030172,0.05328055679997454,-0.09809448856243674,0.15137504536241128,224,108,4,1,55710745_scale_4n_16g_c8,24.519093691022135,17,72,4,3,synthetic,"0,1,2",,heisenberg,4,1,21,1,,"dense_exact,sparse_lanczos",4,chordal,7,heisenberg,auto,4,6,"dense_exact,sparse_krylov",data/raw/perlmutter/practical_suite_sweep/practical_55710745_scale_4n_16g_c8_sim_heisenberg_4q_6steps_r0_seed17.json,ok
practical_55710745_scale_4n_16g_c8_sim_heisenberg_5q_4steps_r0_seed23.json,simulation,hamiltonian_simulation,absolute_observable_error,0.0004068850539624691,exact_dense_eigendecomposition_numpy,exact_dense_eigendecomposition_numpy,2,29.0975876749726,71513.04131622527,-0.025259172203497292,-0.13003518922489032,0.10477601702139303,198,96,5,1,55710745_scale_4n_16g_c8,29.177845585974865,23,72,4,3,synthetic,"0,1,2",,heisenberg,5,1,21,1,,"dense_exact,sparse_lanczos",4,chordal,7,heisenberg,auto,5,4,"dense_exact,sparse_krylov",data/raw/perlmutter/practical_suite_sweep/practical_55710745_scale_4n_16g_c8_sim_heisenberg_5q_4steps_r0_seed23.json,ok
practical_55710745_scale_4n_16g_c8_sim_tfim_4q_4steps_r0_seed17.json,simulation,hamiltonian_simulation,absolute_observable_error,0.0003261989913880825,exact_dense_eigendecomposition_numpy,exact_dense_eigendecomposition_numpy,2,19.759011954069138,60573.491873742874,0.8218024506329117,0.820673031863585,0.0011294187693267066,28,24,4,1,55710745_scale_4n_16g_c8,19.78425619401969,17,72,4,3,synthetic,"0,1,2",,tfim,4,1,21,1,,"dense_exact,sparse_lanczos",4,chordal,7,tfim,auto,4,4,"dense_exact,sparse_krylov",data/raw/perlmutter/practical_suite_sweep/practical_55710745_scale_4n_16g_c8_sim_tfim_4q_4steps_r0_seed17.json,ok
practical_55710745_scale_4n_16g_c8_sim_tfim_4q_8steps_r0_seed23.json,simulation,hamiltonian_simulation,absolute_observable_error,0.0003305979771539569,exact_dense_eigendecomposition_numpy,exact_dense_eigendecomposition_numpy,2,24.437274583033286,73918.40323225281,0.8218024506329117,0.8215212314654879,0.00028121916742374076,56,48,4,1,55710745_scale_4n_16g_c8,24.46671663003508,23,72,4,3,synthetic,"0,1,2",,tfim,4,1,21,1,,"dense_exact,sparse_lanczos",4,chordal,7,tfim,auto,4,8,"dense_exact,sparse_krylov",data/raw/perlmutter/practical_suite_sweep/practical_55710745_scale_4n_16g_c8_sim_tfim_4q_8steps_r0_seed23.json,ok
practical_55710745_scale_4n_16g_c9_chem_h2o_sto3g_active_4q_l2_grid13_r0_seed17.json,chemistry,chemistry_vqe,absolute_energy_error,0.0001508599380031228,exact_dense_diagonalization_numpy,exact_dense_diagonalization_numpy,2,15.098670291015878,100084.02821101077,-74.96419529199744,-74.51647720347528,0.44771808852216566,464,174,116,29,55710745_scale_4n_16g_c9,15.108677376993,17,72,4,3,synthetic,"0,1,2",,h2o_sto3g_active_4q,4,1,13,2,benchmarks/workloads/hamiltonians/h2o_sto3g_active_4q.json,"dense_exact,sparse_lanczos",4,chordal,7,tfim,auto,4,4,"dense_exact,sparse_krylov",data/raw/perlmutter/practical_suite_sweep/practical_55710745_scale_4n_16g_c9_chem_h2o_sto3g_active_4q_l2_grid13_r0_seed17.json,ok
practical_55710745_scale_4n_16g_c9_chem_h2o_sto3g_active_8q_l1_grid13_r0_seed23.json,chemistry,chemistry_vqe,absolute_energy_error,0.04531521408353001,exact_dense_diagonalization_numpy,exact_dense_diagonalization_numpy,2,21.555577369057573,475.6808018014425,-74.97036281676164,-74.01818391270403,0.9521789040576039,464,203,232,29,55710745_scale_4n_16g_c9,21.90213879896328,23,72,4,3,synthetic,"0,1,2",,h2o_sto3g_active_8q,8,1,13,1,benchmarks/workloads/hamiltonians/h2o_sto3g_active_8q.json,"dense_exact,sparse_lanczos",4,chordal,7,tfim,auto,4,4,"dense_exact,sparse_krylov",data/raw/perlmutter/practical_suite_sweep/practical_55710745_scale_4n_16g_c9_chem_h2o_sto3g_active_8q_l1_grid13_r0_seed23.json,ok
practical_55710745_scale_4n_16g_c9_chem_lih_sto3g_active_4q_l1_grid9_r0_seed23.json,chemistry,chemistry_vqe,absolute_energy_error,0.00015696301124989986,exact_dense_diagonalization_numpy,sparse_lanczos_eigsh_scipy,2,18.38959642709233,117158.78970883378,-7.862773162272813,-7.714056633733221,0.14871652853959194,168,63,84,21,55710745_scale_4n_16g_c9,18.423664952046238,23,72,4,3,synthetic,"0,1,2",,lih_sto3g_active_4q,4,1,9,1,benchmarks/workloads/hamiltonians/lih_sto3g_active_4q.json,"dense_exact,sparse_lanczos",4,chordal,7,tfim,auto,4,4,"dense_exact,sparse_krylov",data/raw/perlmutter/practical_suite_sweep/practical_55710745_scale_4n_16g_c9_chem_lih_sto3g_active_4q_l1_grid9_r0_seed23.json,ok
practical_55710745_scale_4n_16g_c9_chem_lih_sto3g_active_6q_l1_grid13_r0_seed17.json,chemistry,chemistry_vqe,absolute_energy_error,0.0004647369496524334,exact_dense_diagonalization_numpy,sparse_lanczos_eigsh_scipy,2,21.448536230949685,46151.99253468134,-7.863620054551826,-7.587199728781293,0.2764203257705331,348,145,174,29,55710745_scale_4n_16g_c9,21.490501801017672,17,72,4,3,synthetic,"0,1,2",,lih_sto3g_active_6q,6,1,13,1,benchmarks/workloads/hamiltonians/lih_sto3g_active_6q.json,"dense_exact,sparse_lanczos",4,chordal,7,tfim,auto,4,4,"dense_exact,sparse_krylov",data/raw/perlmutter/practical_suite_sweep/practical_55710745_scale_4n_16g_c9_chem_lih_sto3g_active_6q_l1_grid13_r0_seed17.json,ok
practical_55710745_scale_4n_16g_c9_chem_lih_sto3g_active_8q_l2_grid9_r0_seed23.json,chemistry,chemistry_vqe,absolute_energy_error,0.13485966494772583,exact_dense_diagonalization_numpy,exact_dense_diagonalization_numpy,2,22.589045405038632,167.5003820734285,-7.864436629899078,-7.2196171977830925,0.6448194321159857,672,294,168,21,55710745_scale_4n_16g_c9,23.05120257299859,23,72,4,3,synthetic,"0,1,2",,lih_sto3g_active_8q,8,1,9,2,benchmarks/workloads/hamiltonians/lih_sto3g_active_8q.json,"dense_exact,sparse_lanczos",4,chordal,7,tfim,auto,4,4,"dense_exact,sparse_krylov",data/raw/perlmutter/practical_suite_sweep/practical_55710745_scale_4n_16g_c9_chem_lih_sto3g_active_8q_l2_grid9_r0_seed23.json,ok
practical_55710745_scale_4n_16g_c9_chem_molecular_chain_4q_l1_grid17_r0_seed17.json,chemistry,chemistry_vqe,absolute_energy_error,0.00016101996880024672,exact_dense_diagonalization_numpy,sparse_lanczos_eigsh_scipy,2,15.135144499014132,93995.45045117995,-1.705732892552907,-1.3483747830949033,0.3573581094580036,296,111,148,37,55710745_scale_4n_16g_c9,15.147637609043159,17,72,4,3,synthetic,"0,1,2",,molecular_chain_4q_surrogate,4,1,17,1,benchmarks/workloads/hamiltonians/molecular_chain_4q.json,"dense_exact,sparse_lanczos",4,chordal,7,tfim,auto,4,4,"dense_exact,sparse_krylov",data/raw/perlmutter/practical_suite_sweep/practical_55710745_scale_4n_16g_c9_chem_molecular_chain_4q_l1_grid17_r0_seed17.json,ok
practical_55710745_scale_4n_16g_c9_qaoa_ring_4n_grid9_r0_seed17.json,optimization,optimization_qaoa,approximation_ratio,1.3006036169826984e-05,greedy_assignment_numpy,,4,20.173328964039683,1551074.3396854664,4,2.999999999999998,0.25000000000000056,972,648,324,81,55710745_scale_4n_16g_c9,20.18459056201391,17,72,4,3,synthetic,"0,1,2",,small_maxcut,4,1,21,1,,"dense_exact,sparse_lanczos",4,ring,9,tfim,auto,4,4,"dense_exact,sparse_krylov",data/raw/perlmutter/practical_suite_sweep/practical_55710745_scale_4n_16g_c9_qaoa_ring_4n_grid9_r0_seed17.json,ok
practical_55710745_scale_4n_16g_c9_sim_heisenberg_4q_8steps_r0_seed17.json,simulation,hamiltonian_simulation,absolute_observable_error,0.0003151580458506942,exact_dense_eigendecomposition_numpy,exact_dense_eigendecomposition_numpy,2,24.221772046992555,76855.95327770118,0.05328055679997454,-0.08404486766654973,0.13732542446652427,298,144,4,1,55710745_scale_4n_16g_c9,24.25690786493942,17,72,4,3,synthetic,"0,1,2",,heisenberg,4,1,21,1,,"dense_exact,sparse_lanczos",4,chordal,7,heisenberg,auto,4,8,"dense_exact,sparse_krylov",data/raw/perlmutter/practical_suite_sweep/practical_55710745_scale_4n_16g_c9_sim_heisenberg_4q_8steps_r0_seed17.json,ok
practical_55710745_scale_4n_16g_c9_sim_heisenberg_5q_6steps_r0_seed23.json,simulation,hamiltonian_simulation,absolute_observable_error,0.00040857901331037283,exact_dense_eigendecomposition_numpy,exact_dense_eigendecomposition_numpy,2,25.723323985934258,62958.01582543301,-0.025259172203497292,-0.09172767502661766,0.06646850282312036,296,144,5,1,55710745_scale_4n_16g_c9,25.848020648001693,23,72,4,3,synthetic,"0,1,2",,heisenberg,5,1,21,1,,"dense_exact,sparse_lanczos",4,chordal,7,heisenberg,auto,5,6,"dense_exact,sparse_krylov",data/raw/perlmutter/practical_suite_sweep/practical_55710745_scale_4n_16g_c9_sim_heisenberg_5q_6steps_r0_seed23.json,ok
practical_55710745_scale_4n_16g_c9_sim_tfim_4q_6steps_r0_seed17.json,simulation,hamiltonian_simulation,absolute_observable_error,0.0003293359186500311,exact_dense_eigendecomposition_numpy,exact_dense_eigendecomposition_numpy,2,19.76645014702808,60019.11430751927,0.8218024506329117,0.8213019840508518,0.000500466582059933,42,36,4,1,55710745_scale_4n_16g_c9,19.79810307302978,17,72,4,3,synthetic,"0,1,2",,tfim,4,1,21,1,,"dense_exact,sparse_lanczos",4,chordal,7,tfim,auto,4,6,"dense_exact,sparse_krylov",data/raw/perlmutter/practical_suite_sweep/practical_55710745_scale_4n_16g_c9_sim_tfim_4q_6steps_r0_seed17.json,ok
practical_55710745_scale_4n_16g_c9_sim_tfim_5q_4steps_r0_seed23.json,simulation,hamiltonian_simulation,absolute_observable_error,0.0005731759592890739,exact_dense_eigendecomposition_numpy,exact_dense_eigendecomposition_numpy,2,24.516224752063863,42772.597759459444,0.8218024506329158,0.8206730318635854,0.0011294187693303703,36,32,5,1,55710745_scale_4n_16g_c9,24.562870212015696,23,72,4,3,synthetic,"0,1,2",,tfim,5,1,21,1,,"dense_exact,sparse_lanczos",4,chordal,7,tfim,auto,5,4,"dense_exact,sparse_krylov",data/raw/perlmutter/practical_suite_sweep/practical_55710745_scale_4n_16g_c9_sim_tfim_5q_4steps_r0_seed23.json,ok
