file,workload,family,quality_metric,native_runtime_sec,native_selected_model,native_best_quality_model,native_model_count,quantum_runtime_sec,speedup_required,native_quality,quantum_quality,quality_gap,one_qubit_gates,two_qubit_gates,measurement_ops,circuit_evaluations,slurm_job_id,total_runtime_sec,seed,ml_samples,ml_features,ml_classes,ml_dataset,digits_classes,dataset_name,ml_depth,chem_grid,chem_layers,chem_hamiltonian_json,opt_nodes,opt_graph,opt_grid,sim_model,sim_initial_state,sim_qubits,sim_steps,path,status,quality_tolerance,measurement_fraction,taxonomy,taxonomy_reason
practical_strongnative_1node_int_20260704012008_c0_chem_4q_grid13_seed17.json,chemistry,chemistry_vqe,absolute_energy_error,0.00017754401778802276,exact_diagonalization_numpy,,0,6.536918019992299,36818.57660671507,-1.705732892552902,-0.9019600519043551,0.8037728406485469,232,87,116,29,strongnative_1node_int_20260704012008_c0,6.547486344003119,17,72,4,3,synthetic,"0,1,2",,1,13,1,benchmarks/workloads/hamiltonians/molecular_chain_4q.json,4,chordal,7,tfim,auto,4,4,data/raw/perlmutter/practical_suite_sweep/practical_strongnative_1node_int_20260704012008_c0_chem_4q_grid13_seed17.json,ok,0.02,0.26666666666666666,quality-limited,quality_gap>0.02
practical_strongnative_1node_int_20260704012008_c0_chem_4q_grid9_seed23.json,chemistry,chemistry_vqe,absolute_energy_error,0.00017700198804959655,exact_diagonalization_numpy,,0,6.683585477992892,37759.94581552457,-1.705732892552902,-1.2281036714213251,0.4776292211315769,168,63,84,21,strongnative_1node_int_20260704012008_c0,6.697623418003786,23,72,4,3,synthetic,"0,1,2",,1,9,1,benchmarks/workloads/hamiltonians/molecular_chain_4q.json,4,chordal,7,tfim,auto,4,4,data/raw/perlmutter/practical_suite_sweep/practical_strongnative_1node_int_20260704012008_c0_chem_4q_grid9_seed23.json,ok,0.02,0.26666666666666666,quality-limited,quality_gap>0.02
practical_strongnative_1node_int_20260704012008_c0_chem_h2_grid17_seed17.json,chemistry,chemistry_vqe,absolute_energy_error,0.00015189399709925056,exact_diagonalization_numpy,,0,6.5173404069500975,42907.16243836508,-1.85727503020238,-1.8456249981377126,0.011650032064667304,1304,326,652,326,strongnative_1node_int_20260704012008_c0,6.523730482032988,17,72,4,3,synthetic,"0,1,2",,1,17,1,,4,chordal,7,tfim,auto,4,4,data/raw/perlmutter/practical_suite_sweep/practical_strongnative_1node_int_20260704012008_c0_chem_h2_grid17_seed17.json,ok,0.02,0.2857142857142857,speed-limited,quality_ok_runtime_dominates
practical_strongnative_1node_int_20260704012008_c0_ml_digits_c0v1v2_128s_4q_d1_seed17.json,ml,multiclass_ml,test_accuracy,0.00014149403432384133,linear_ridge_numpy,linear_ridge_numpy,6,19.73774339305237,139495.23375577832,1.0,0.6875,0.3125,1024,384,512,128,strongnative_1node_int_20260704012008_c0,19.976884939998854,17,128,4,3,digits,"0,1,2",sklearn_digits,1,21,1,,4,chordal,7,tfim,auto,4,4,data/raw/perlmutter/practical_suite_sweep/practical_strongnative_1node_int_20260704012008_c0_ml_digits_c0v1v2_128s_4q_d1_seed17.json,ok,0.02,0.26666666666666666,quality-limited,quality_gap>0.02
practical_strongnative_1node_int_20260704012008_c0_ml_digits_c0v1v2_128s_6q_d1_seed23.json,ml,multiclass_ml,test_accuracy,0.0008177510462701321,knn_numpy,knn_numpy,6,7.008041468972806,8569.896059365972,1.0,0.75,0.25,1536,640,768,128,strongnative_1node_int_20260704012008_c0,7.106574419012759,23,128,6,3,digits,"0,1,2",sklearn_digits,1,21,1,,4,chordal,7,tfim,auto,4,4,data/raw/perlmutter/practical_suite_sweep/practical_strongnative_1node_int_20260704012008_c0_ml_digits_c0v1v2_128s_6q_d1_seed23.json,ok,0.02,0.2608695652173913,quality-limited,quality_gap>0.02
practical_strongnative_1node_int_20260704012008_c0_ml_digits_c0v1v2_128s_8q_d1_seed17.json,ml,multiclass_ml,test_accuracy,0.00015840597916394472,nearest_centroid_numpy,nearest_centroid_numpy,6,7.721163121983409,48742.87676977314,1.0,0.6875,0.3125,2048,896,1024,128,strongnative_1node_int_20260704012008_c0,7.814712078019511,17,128,8,3,digits,"0,1,2",sklearn_digits,1,21,1,,4,chordal,7,tfim,auto,4,4,data/raw/perlmutter/practical_suite_sweep/practical_strongnative_1node_int_20260704012008_c0_ml_digits_c0v1v2_128s_8q_d1_seed17.json,ok,0.02,0.25806451612903225,quality-limited,quality_gap>0.02
practical_strongnative_1node_int_20260704012008_c0_ml_digits_c0v1v2_192s_4q_d1_seed23.json,ml,multiclass_ml,test_accuracy,0.001562511024530977,knn_numpy,knn_numpy,6,6.516744309046771,4170.686930674886,1.0,0.75,0.25,1536,576,768,192,strongnative_1node_int_20260704012008_c0,6.62781462399289,23,192,4,3,digits,"0,1,2",sklearn_digits,1,21,1,,4,chordal,7,tfim,auto,4,4,data/raw/perlmutter/practical_suite_sweep/practical_strongnative_1node_int_20260704012008_c0_ml_digits_c0v1v2_192s_4q_d1_seed23.json,ok,0.02,0.26666666666666666,quality-limited,quality_gap>0.02
practical_strongnative_1node_int_20260704012008_c0_ml_digits_c0v1v2_192s_6q_d1_seed17.json,ml,multiclass_ml,test_accuracy,0.00018176203593611717,nearest_centroid_numpy,nearest_centroid_numpy,6,7.142475375963841,39295.749187548514,1.0,0.7291666666666666,0.27083333333333337,2304,960,1152,192,strongnative_1node_int_20260704012008_c0,7.258107518020552,17,192,6,3,digits,"0,1,2",sklearn_digits,1,21,1,,4,chordal,7,tfim,auto,4,4,data/raw/perlmutter/practical_suite_sweep/practical_strongnative_1node_int_20260704012008_c0_ml_digits_c0v1v2_192s_6q_d1_seed17.json,ok,0.02,0.2608695652173913,quality-limited,quality_gap>0.02
practical_strongnative_1node_int_20260704012008_c0_ml_digits_c0v1v2_192s_8q_d1_seed23.json,ml,multiclass_ml,test_accuracy,0.0016741369618102908,knn_numpy,knn_numpy,6,7.30677259695949,4364.5010913912765,1.0,0.75,0.25,3072,1344,1536,192,strongnative_1node_int_20260704012008_c0,7.4218431179760955,23,192,8,3,digits,"0,1,2",sklearn_digits,1,21,1,,4,chordal,7,tfim,auto,4,4,data/raw/perlmutter/practical_suite_sweep/practical_strongnative_1node_int_20260704012008_c0_ml_digits_c0v1v2_192s_8q_d1_seed23.json,ok,0.02,0.25806451612903225,quality-limited,quality_gap>0.02
practical_strongnative_1node_int_20260704012008_c0_ml_digits_c0v1v2_256s_4q_d1_seed17.json,ml,multiclass_ml,test_accuracy,0.013823231973219663,rbf_kernel_ridge_numpy,rbf_kernel_ridge_numpy,6,7.335002208012156,530.6285984509678,0.984375,0.859375,0.125,2048,768,1024,256,strongnative_1node_int_20260704012008_c0,7.4619031909969635,17,256,4,3,digits,"0,1,2",sklearn_digits,1,21,1,,4,chordal,7,tfim,auto,4,4,data/raw/perlmutter/practical_suite_sweep/practical_strongnative_1node_int_20260704012008_c0_ml_digits_c0v1v2_256s_4q_d1_seed17.json,ok,0.02,0.26666666666666666,quality-limited,quality_gap>0.02
practical_strongnative_1node_int_20260704012008_c0_ml_digits_c0v1v2_256s_6q_d1_seed23.json,ml,multiclass_ml,test_accuracy,0.013574871001765132,softmax_regression_numpy,softmax_regression_numpy,6,19.56563145702239,1441.3125144598637,1.0,0.71875,0.28125,3072,1280,1536,256,strongnative_1node_int_20260704012008_c0,19.688893718004692,23,256,6,3,digits,"0,1,2",sklearn_digits,1,21,1,,4,chordal,7,tfim,auto,4,4,data/raw/perlmutter/practical_suite_sweep/practical_strongnative_1node_int_20260704012008_c0_ml_digits_c0v1v2_256s_6q_d1_seed23.json,ok,0.02,0.2608695652173913,quality-limited,quality_gap>0.02
practical_strongnative_1node_int_20260704012008_c0_ml_digits_c0v1v2_256s_8q_d1_seed17.json,ml,multiclass_ml,test_accuracy,0.00015548104420304298,nearest_centroid_numpy,nearest_centroid_numpy,6,6.861442398978397,44130.41110026266,1.0,0.71875,0.28125,4096,1792,2048,256,strongnative_1node_int_20260704012008_c0,6.98544152098475,17,256,8,3,digits,"0,1,2",sklearn_digits,1,21,1,,4,chordal,7,tfim,auto,4,4,data/raw/perlmutter/practical_suite_sweep/practical_strongnative_1node_int_20260704012008_c0_ml_digits_c0v1v2_256s_8q_d1_seed17.json,ok,0.02,0.25806451612903225,quality-limited,quality_gap>0.02
practical_strongnative_1node_int_20260704012008_c0_ml_digits_c0v1v2v3_128s_4q_d1_seed17.json,ml,multiclass_ml,test_accuracy,0.011252979980781674,rbf_kernel_ridge_numpy,rbf_kernel_ridge_numpy,6,6.6352418580208905,589.6430873735529,0.9375,0.875,0.0625,1024,384,512,128,strongnative_1node_int_20260704012008_c0,6.742924829944968,17,128,4,4,digits,"0,1,2,3",sklearn_digits,1,21,1,,4,chordal,7,tfim,auto,4,4,data/raw/perlmutter/practical_suite_sweep/practical_strongnative_1node_int_20260704012008_c0_ml_digits_c0v1v2v3_128s_4q_d1_seed17.json,ok,0.02,0.26666666666666666,quality-limited,quality_gap>0.02
practical_strongnative_1node_int_20260704012008_c0_ml_digits_c0v1v2v3_128s_6q_d1_seed23.json,ml,multiclass_ml,test_accuracy,0.011714602005667984,rbf_kernel_ridge_numpy,rbf_kernel_ridge_numpy,6,6.425010913982987,548.4617327054145,1.0,0.78125,0.21875,1536,640,768,128,strongnative_1node_int_20260704012008_c0,6.521420787030365,23,128,6,4,digits,"0,1,2,3",sklearn_digits,1,21,1,,4,chordal,7,tfim,auto,4,4,data/raw/perlmutter/practical_suite_sweep/practical_strongnative_1node_int_20260704012008_c0_ml_digits_c0v1v2v3_128s_6q_d1_seed23.json,ok,0.02,0.2608695652173913,quality-limited,quality_gap>0.02
practical_strongnative_1node_int_20260704012008_c0_ml_digits_c0v1v2v3_128s_8q_d1_seed17.json,ml,multiclass_ml,test_accuracy,0.00016246404265984893,linear_ridge_numpy,linear_ridge_numpy,6,6.91901124897413,42587.95445254596,1.0,0.78125,0.21875,2048,896,1024,128,strongnative_1node_int_20260704012008_c0,7.01457748003304,17,128,8,4,digits,"0,1,2,3",sklearn_digits,1,21,1,,4,chordal,7,tfim,auto,4,4,data/raw/perlmutter/practical_suite_sweep/practical_strongnative_1node_int_20260704012008_c0_ml_digits_c0v1v2v3_128s_8q_d1_seed17.json,ok,0.02,0.25806451612903225,quality-limited,quality_gap>0.02
practical_strongnative_1node_int_20260704012008_c0_ml_digits_c0v1v2v3_192s_4q_d1_seed23.json,ml,multiclass_ml,test_accuracy,0.012161777005530894,rbf_kernel_ridge_numpy,rbf_kernel_ridge_numpy,6,6.905633798975032,567.8145386019255,0.9583333333333334,0.7708333333333334,0.1875,1536,576,768,192,strongnative_1node_int_20260704012008_c0,7.01565723499516,23,192,4,4,digits,"0,1,2,3",sklearn_digits,1,21,1,,4,chordal,7,tfim,auto,4,4,data/raw/perlmutter/practical_suite_sweep/practical_strongnative_1node_int_20260704012008_c0_ml_digits_c0v1v2v3_192s_4q_d1_seed23.json,ok,0.02,0.26666666666666666,quality-limited,quality_gap>0.02
practical_strongnative_1node_int_20260704012008_c0_ml_digits_c0v1v2v3_192s_6q_d1_seed17.json,ml,multiclass_ml,test_accuracy,0.011848643014673144,rbf_kernel_ridge_numpy,rbf_kernel_ridge_numpy,6,7.672070107946638,647.5062248432741,1.0,0.7083333333333334,0.29166666666666663,2304,960,1152,192,strongnative_1node_int_20260704012008_c0,7.790105309046339,17,192,6,4,digits,"0,1,2,3",sklearn_digits,1,21,1,,4,chordal,7,tfim,auto,4,4,data/raw/perlmutter/practical_suite_sweep/practical_strongnative_1node_int_20260704012008_c0_ml_digits_c0v1v2v3_192s_6q_d1_seed17.json,ok,0.02,0.2608695652173913,quality-limited,quality_gap>0.02
practical_strongnative_1node_int_20260704012008_c0_ml_digits_c0v1v2v3_192s_8q_d1_seed23.json,ml,multiclass_ml,test_accuracy,0.012166125001385808,rbf_kernel_ridge_numpy,rbf_kernel_ridge_numpy,6,6.473858829005621,532.1216762336572,1.0,0.6875,0.3125,3072,1344,1536,192,strongnative_1node_int_20260704012008_c0,6.585111291962676,23,192,8,4,digits,"0,1,2,3",sklearn_digits,1,21,1,,4,chordal,7,tfim,auto,4,4,data/raw/perlmutter/practical_suite_sweep/practical_strongnative_1node_int_20260704012008_c0_ml_digits_c0v1v2v3_192s_8q_d1_seed23.json,ok,0.02,0.25806451612903225,quality-limited,quality_gap>0.02
practical_strongnative_1node_int_20260704012008_c0_ml_digits_c0v1v2v3_256s_4q_d1_seed17.json,ml,multiclass_ml,test_accuracy,0.013148887024726719,rbf_kernel_ridge_numpy,rbf_kernel_ridge_numpy,6,7.003479869978037,532.629100608125,0.96875,0.765625,0.203125,2048,768,1024,256,strongnative_1node_int_20260704012008_c0,7.124874326982535,17,256,4,4,digits,"0,1,2,3",sklearn_digits,1,21,1,,4,chordal,7,tfim,auto,4,4,data/raw/perlmutter/practical_suite_sweep/practical_strongnative_1node_int_20260704012008_c0_ml_digits_c0v1v2v3_256s_4q_d1_seed17.json,ok,0.02,0.26666666666666666,quality-limited,quality_gap>0.02
practical_strongnative_1node_int_20260704012008_c0_ml_digits_c0v1v2v3_256s_6q_d1_seed23.json,ml,multiclass_ml,test_accuracy,0.013422855001408607,rbf_kernel_ridge_numpy,rbf_kernel_ridge_numpy,6,6.57915684703039,490.14586288386243,1.0,0.71875,0.28125,3072,1280,1536,256,strongnative_1node_int_20260704012008_c0,6.707779838994611,23,256,6,4,digits,"0,1,2,3",sklearn_digits,1,21,1,,4,chordal,7,tfim,auto,4,4,data/raw/perlmutter/practical_suite_sweep/practical_strongnative_1node_int_20260704012008_c0_ml_digits_c0v1v2v3_256s_6q_d1_seed23.json,ok,0.02,0.2608695652173913,quality-limited,quality_gap>0.02
practical_strongnative_1node_int_20260704012008_c0_ml_digits_c0v1v2v3_256s_8q_d1_seed17.json,ml,multiclass_ml,test_accuracy,0.002106392988935113,knn_numpy,knn_numpy,6,7.007069109997246,3326.572556405854,1.0,0.6875,0.3125,4096,1792,2048,256,strongnative_1node_int_20260704012008_c0,7.1307943150168285,17,256,8,4,digits,"0,1,2,3",sklearn_digits,1,21,1,,4,chordal,7,tfim,auto,4,4,data/raw/perlmutter/practical_suite_sweep/practical_strongnative_1node_int_20260704012008_c0_ml_digits_c0v1v2v3_256s_8q_d1_seed17.json,ok,0.02,0.25806451612903225,quality-limited,quality_gap>0.02
practical_strongnative_1node_int_20260704012008_c0_ml_digits_c3v5v8_128s_4q_d1_seed23.json,ml,multiclass_ml,test_accuracy,0.0001344699994660914,nearest_centroid_numpy,nearest_centroid_numpy,6,6.920785284950398,51467.132538329315,1.0,0.71875,0.28125,1024,384,512,128,strongnative_1node_int_20260704012008_c0,7.0145683500450104,23,128,4,3,digits,"3,5,8",sklearn_digits,1,21,1,,4,chordal,7,tfim,auto,4,4,data/raw/perlmutter/practical_suite_sweep/practical_strongnative_1node_int_20260704012008_c0_ml_digits_c3v5v8_128s_4q_d1_seed23.json,ok,0.02,0.26666666666666666,quality-limited,quality_gap>0.02
practical_strongnative_1node_int_20260704012008_c0_ml_digits_c3v5v8_128s_6q_d1_seed17.json,ml,multiclass_ml,test_accuracy,0.00016017002053558826,nearest_centroid_numpy,nearest_centroid_numpy,6,6.717613921966404,41940.519827016025,0.9375,0.59375,0.34375,1536,640,768,128,strongnative_1node_int_20260704012008_c0,6.813014188024681,17,128,6,3,digits,"3,5,8",sklearn_digits,1,21,1,,4,chordal,7,tfim,auto,4,4,data/raw/perlmutter/practical_suite_sweep/practical_strongnative_1node_int_20260704012008_c0_ml_digits_c3v5v8_128s_6q_d1_seed17.json,ok,0.02,0.2608695652173913,quality-limited,quality_gap>0.02
practical_strongnative_1node_int_20260704012008_c0_ml_digits_c3v5v8_128s_8q_d1_seed23.json,ml,multiclass_ml,test_accuracy,0.00016460800543427467,linear_ridge_numpy,linear_ridge_numpy,6,6.609743900015019,40154.44985544268,1.0,0.6875,0.3125,2048,896,1024,128,strongnative_1node_int_20260704012008_c0,6.706780076958239,23,128,8,3,digits,"3,5,8",sklearn_digits,1,21,1,,4,chordal,7,tfim,auto,4,4,data/raw/perlmutter/practical_suite_sweep/practical_strongnative_1node_int_20260704012008_c0_ml_digits_c3v5v8_128s_8q_d1_seed23.json,ok,0.02,0.25806451612903225,quality-limited,quality_gap>0.02
practical_strongnative_1node_int_20260704012008_c0_ml_digits_c3v5v8_192s_4q_d1_seed17.json,ml,multiclass_ml,test_accuracy,0.00018512801034376025,nearest_centroid_numpy,nearest_centroid_numpy,6,6.886342231999151,37197.732634905165,0.9583333333333334,0.6458333333333334,0.3125,1536,576,768,192,strongnative_1node_int_20260704012008_c0,6.996088841988239,17,192,4,3,digits,"3,5,8",sklearn_digits,1,21,1,,4,chordal,7,tfim,auto,4,4,data/raw/perlmutter/practical_suite_sweep/practical_strongnative_1node_int_20260704012008_c0_ml_digits_c3v5v8_192s_4q_d1_seed17.json,ok,0.02,0.26666666666666666,quality-limited,quality_gap>0.02
practical_strongnative_1node_int_20260704012008_c0_ml_digits_c3v5v8_192s_6q_d1_seed23.json,ml,multiclass_ml,test_accuracy,0.01214978500502184,rbf_kernel_ridge_numpy,rbf_kernel_ridge_numpy,6,6.94725800503511,571.8009003586168,1.0,0.625,0.375,2304,960,1152,192,strongnative_1node_int_20260704012008_c0,7.058308689971454,23,192,6,3,digits,"3,5,8",sklearn_digits,1,21,1,,4,chordal,7,tfim,auto,4,4,data/raw/perlmutter/practical_suite_sweep/practical_strongnative_1node_int_20260704012008_c0_ml_digits_c3v5v8_192s_6q_d1_seed23.json,ok,0.02,0.2608695652173913,quality-limited,quality_gap>0.02
practical_strongnative_1node_int_20260704012008_c0_ml_digits_c3v5v8_192s_8q_d1_seed17.json,ml,multiclass_ml,test_accuracy,0.011970006977207959,rbf_kernel_ridge_numpy,rbf_kernel_ridge_numpy,6,6.843185189005453,571.6943358542342,1.0,0.5625,0.4375,3072,1344,1536,192,strongnative_1node_int_20260704012008_c0,6.95940526999766,17,192,8,3,digits,"3,5,8",sklearn_digits,1,21,1,,4,chordal,7,tfim,auto,4,4,data/raw/perlmutter/practical_suite_sweep/practical_strongnative_1node_int_20260704012008_c0_ml_digits_c3v5v8_192s_8q_d1_seed17.json,ok,0.02,0.25806451612903225,quality-limited,quality_gap>0.02
practical_strongnative_1node_int_20260704012008_c0_ml_digits_c3v5v8_256s_4q_d1_seed23.json,ml,multiclass_ml,test_accuracy,0.00015551102114841342,nearest_centroid_numpy,nearest_centroid_numpy,6,7.078489882987924,45517.60917467386,1.0,0.65625,0.34375,2048,768,1024,256,strongnative_1node_int_20260704012008_c0,7.204385049990378,23,256,4,3,digits,"3,5,8",sklearn_digits,1,21,1,,4,chordal,7,tfim,auto,4,4,data/raw/perlmutter/practical_suite_sweep/practical_strongnative_1node_int_20260704012008_c0_ml_digits_c3v5v8_256s_4q_d1_seed23.json,ok,0.02,0.26666666666666666,quality-limited,quality_gap>0.02
practical_strongnative_1node_int_20260704012008_c0_ml_digits_c3v5v8_256s_6q_d1_seed17.json,ml,multiclass_ml,test_accuracy,0.0001550900051370263,nearest_centroid_numpy,nearest_centroid_numpy,6,6.924471356032882,44648.08257575928,0.953125,0.546875,0.40625,3072,1280,1536,256,strongnative_1node_int_20260704012008_c0,7.053522068017628,17,256,6,3,digits,"3,5,8",sklearn_digits,1,21,1,,4,chordal,7,tfim,auto,4,4,data/raw/perlmutter/practical_suite_sweep/practical_strongnative_1node_int_20260704012008_c0_ml_digits_c3v5v8_256s_6q_d1_seed17.json,ok,0.02,0.2608695652173913,quality-limited,quality_gap>0.02
practical_strongnative_1node_int_20260704012008_c0_ml_digits_c3v5v8_256s_8q_d1_seed23.json,ml,multiclass_ml,test_accuracy,0.013715180044528097,softmax_regression_numpy,softmax_regression_numpy,6,6.468501298048068,471.63079719312805,1.0,0.578125,0.421875,4096,1792,2048,256,strongnative_1node_int_20260704012008_c0,6.592902126023546,23,256,8,3,digits,"3,5,8",sklearn_digits,1,21,1,,4,chordal,7,tfim,auto,4,4,data/raw/perlmutter/practical_suite_sweep/practical_strongnative_1node_int_20260704012008_c0_ml_digits_c3v5v8_256s_8q_d1_seed23.json,ok,0.02,0.25806451612903225,quality-limited,quality_gap>0.02
practical_strongnative_1node_int_20260704012008_c0_qaoa_chordal_4n_grid9_seed23.json,optimization,optimization_qaoa,approximation_ratio,1.7344020307064056e-05,greedy_assignment_numpy,,4,6.668666083016433,384493.6736092466,4,3.1457154773853633,0.21357113065365918,1053,810,324,81,strongnative_1node_int_20260704012008_c0,6.691082291014027,23,72,4,3,synthetic,"0,1,2",,1,21,1,,4,chordal,9,tfim,auto,4,4,data/raw/perlmutter/practical_suite_sweep/practical_strongnative_1node_int_20260704012008_c0_qaoa_chordal_4n_grid9_seed23.json,ok,0.02,0.14814814814814814,quality-limited,quality_gap>0.02
practical_strongnative_1node_int_20260704012008_c0_qaoa_chordal_5n_grid11_seed17.json,optimization,optimization_qaoa,approximation_ratio,6.007595220580697e-05,exact_enumeration_numpy,,4,6.93691187602235,115469.02914260965,6,4.589396242968677,0.2351006261718872,2057,1694,605,121,strongnative_1node_int_20260704012008_c0,6.959077359992079,17,72,4,3,synthetic,"0,1,2",,1,21,1,,5,chordal,11,tfim,auto,4,4,data/raw/perlmutter/practical_suite_sweep/practical_strongnative_1node_int_20260704012008_c0_qaoa_chordal_5n_grid11_seed17.json,ok,0.02,0.1388888888888889,quality-limited,quality_gap>0.02
practical_strongnative_1node_int_20260704012008_c0_qaoa_chordal_5n_grid7_seed23.json,optimization,optimization_qaoa,approximation_ratio,6.052700337022543e-05,exact_enumeration_numpy,,4,7.913201253977604,130738.36161316195,6,4.521153579257492,0.2464744034570847,833,686,245,49,strongnative_1node_int_20260704012008_c0,7.9353881949791685,23,72,4,3,synthetic,"0,1,2",,1,21,1,,5,chordal,7,tfim,auto,4,4,data/raw/perlmutter/practical_suite_sweep/practical_strongnative_1node_int_20260704012008_c0_qaoa_chordal_5n_grid7_seed23.json,ok,0.02,0.1388888888888889,quality-limited,quality_gap>0.02
practical_strongnative_1node_int_20260704012008_c0_qaoa_ladder_4n_grid11_seed23.json,optimization,optimization_qaoa,approximation_ratio,1.605099532753229e-05,greedy_assignment_numpy,,4,6.934467719984241,432027.27173495217,4,2.9045084971874733,0.2738728757031317,1452,968,484,121,strongnative_1node_int_20260704012008_c0,6.958395461959299,23,72,4,3,synthetic,"0,1,2",,1,21,1,,4,ladder,11,tfim,auto,4,4,data/raw/perlmutter/practical_suite_sweep/practical_strongnative_1node_int_20260704012008_c0_qaoa_ladder_4n_grid11_seed23.json,ok,0.02,0.16666666666666666,quality-limited,quality_gap>0.02
practical_strongnative_1node_int_20260704012008_c0_qaoa_ladder_4n_grid7_seed17.json,optimization,optimization_qaoa,approximation_ratio,1.631199847906828e-05,greedy_assignment_numpy,,4,6.59319281601347,404192.82925227843,4,2.749999999999999,0.3125000000000002,588,392,196,49,strongnative_1node_int_20260704012008_c0,6.617812154989224,17,72,4,3,synthetic,"0,1,2",,1,21,1,,4,ladder,7,tfim,auto,4,4,data/raw/perlmutter/practical_suite_sweep/practical_strongnative_1node_int_20260704012008_c0_qaoa_ladder_4n_grid7_seed17.json,ok,0.02,0.16666666666666666,quality-limited,quality_gap>0.02
practical_strongnative_1node_int_20260704012008_c0_qaoa_ladder_5n_grid9_seed23.json,optimization,optimization_qaoa,approximation_ratio,1.9949045963585377e-05,greedy_assignment_numpy,,4,6.685990921978373,335153.41706981166,5,3.6919417382415882,0.2616116523516824,1215,810,405,81,strongnative_1node_int_20260704012008_c0,6.708085575024597,23,72,4,3,synthetic,"0,1,2",,1,21,1,,5,ladder,9,tfim,auto,4,4,data/raw/perlmutter/practical_suite_sweep/practical_strongnative_1node_int_20260704012008_c0_qaoa_ladder_5n_grid9_seed23.json,ok,0.02,0.16666666666666666,quality-limited,quality_gap>0.02
practical_strongnative_1node_int_20260704012008_c0_qaoa_ring_4n_grid11_seed17.json,optimization,optimization_qaoa,approximation_ratio,1.6562000382691622e-05,greedy_assignment_numpy,,4,6.520330136991106,393692.1861084654,4,2.904508497187473,0.2738728757031318,1452,968,484,121,strongnative_1node_int_20260704012008_c0,6.5423927520168945,17,72,4,3,synthetic,"0,1,2",,1,21,1,,4,ring,11,tfim,auto,4,4,data/raw/perlmutter/practical_suite_sweep/practical_strongnative_1node_int_20260704012008_c0_qaoa_ring_4n_grid11_seed17.json,ok,0.02,0.16666666666666666,quality-limited,quality_gap>0.02
practical_strongnative_1node_int_20260704012008_c0_qaoa_ring_4n_grid7_seed23.json,optimization,optimization_qaoa,approximation_ratio,1.550000160932541e-05,greedy_assignment_numpy,,4,6.969421829038765,449640.07131752087,4,2.749999999999999,0.3125000000000002,588,392,196,49,strongnative_1node_int_20260704012008_c0,6.998283779015765,23,72,4,3,synthetic,"0,1,2",,1,21,1,,4,ring,7,tfim,auto,4,4,data/raw/perlmutter/practical_suite_sweep/practical_strongnative_1node_int_20260704012008_c0_qaoa_ring_4n_grid7_seed23.json,ok,0.02,0.16666666666666666,quality-limited,quality_gap>0.02
practical_strongnative_1node_int_20260704012008_c0_qaoa_ring_5n_grid9_seed17.json,optimization,optimization_qaoa,approximation_ratio,1.9146944396197796e-05,greedy_assignment_numpy,,4,6.700423921982292,349947.4267712849,4,3.749999999999998,0.06250000000000056,1215,810,405,81,strongnative_1node_int_20260704012008_c0,6.723153536033351,17,72,4,3,synthetic,"0,1,2",,1,21,1,,5,ring,9,tfim,auto,4,4,data/raw/perlmutter/practical_suite_sweep/practical_strongnative_1node_int_20260704012008_c0_qaoa_ring_5n_grid9_seed17.json,ok,0.02,0.16666666666666666,quality-limited,quality_gap>0.02
practical_strongnative_1node_int_20260704012008_c0_sim_heisenberg_4q_6steps_seed17.json,simulation,hamiltonian_simulation,absolute_observable_error,0.0004384580533951521,exact_dense_eigendecomposition_numpy,,0,6.929054413980339,15803.232168564273,0.05328055679997454,-0.09809448856243674,0.15137504536241128,224,108,4,1,strongnative_1node_int_20260704012008_c0,6.94134511804441,17,72,4,3,synthetic,"0,1,2",,1,21,1,,4,chordal,7,heisenberg,auto,4,6,data/raw/perlmutter/practical_suite_sweep/practical_strongnative_1node_int_20260704012008_c0_sim_heisenberg_4q_6steps_seed17.json,ok,0.03,0.011904761904761904,quality-limited,quality_gap>0.03
practical_strongnative_1node_int_20260704012008_c0_sim_heisenberg_5q_4steps_seed23.json,simulation,hamiltonian_simulation,absolute_observable_error,0.0006919660372659564,exact_dense_eigendecomposition_numpy,,0,6.782330918998923,9801.53729191212,-0.025259172203497292,-0.13003518922489032,0.10477601702139303,198,96,5,1,strongnative_1node_int_20260704012008_c0,6.793893158028368,23,72,4,3,synthetic,"0,1,2",,1,21,1,,4,chordal,7,heisenberg,auto,5,4,data/raw/perlmutter/practical_suite_sweep/practical_strongnative_1node_int_20260704012008_c0_sim_heisenberg_5q_4steps_seed23.json,ok,0.03,0.016722408026755852,quality-limited,quality_gap>0.03
practical_strongnative_1node_int_20260704012008_c0_sim_heisenberg_5q_8steps_seed17.json,simulation,hamiltonian_simulation,absolute_observable_error,0.0007100919610820711,exact_dense_eigendecomposition_numpy,,0,7.029046564013697,9898.783466443572,-0.025259172203497292,-0.07408869759288389,0.0488295253893866,394,192,5,1,strongnative_1node_int_20260704012008_c0,7.037476416036952,17,72,4,3,synthetic,"0,1,2",,1,21,1,,4,chordal,7,heisenberg,auto,5,8,data/raw/perlmutter/practical_suite_sweep/practical_strongnative_1node_int_20260704012008_c0_sim_heisenberg_5q_8steps_seed17.json,ok,0.03,0.008460236886632826,quality-limited,quality_gap>0.03
practical_strongnative_1node_int_20260704012008_c0_sim_heisenberg_6q_6steps_seed23.json,simulation,hamiltonian_simulation,absolute_observable_error,0.0026048379950225353,exact_dense_eigendecomposition_numpy,,0,6.162596861948259,2365.8273081566226,0.028435823107617414,-0.09191182641249906,0.12034764952011648,369,180,6,1,strongnative_1node_int_20260704012008_c0,6.182832793972921,23,72,4,3,synthetic,"0,1,2",,1,21,1,,4,chordal,7,heisenberg,auto,6,6,data/raw/perlmutter/practical_suite_sweep/practical_strongnative_1node_int_20260704012008_c0_sim_heisenberg_6q_6steps_seed23.json,ok,0.03,0.010810810810810811,quality-limited,quality_gap>0.03
practical_strongnative_1node_int_20260704012008_c0_sim_tfim_4q_4steps_seed23.json,simulation,hamiltonian_simulation,absolute_observable_error,0.000458626018371433,exact_dense_eigendecomposition_numpy,,0,6.619610734982416,14433.569989091442,0.8218024506329117,0.820673031863585,0.0011294187693267066,28,24,4,1,strongnative_1node_int_20260704012008_c0,6.6297682870063,23,72,4,3,synthetic,"0,1,2",,1,21,1,,4,chordal,7,tfim,auto,4,4,data/raw/perlmutter/practical_suite_sweep/practical_strongnative_1node_int_20260704012008_c0_sim_tfim_4q_4steps_seed23.json,ok,0.03,0.07142857142857142,speed-limited,quality_ok_runtime_dominates
practical_strongnative_1node_int_20260704012008_c0_sim_tfim_4q_8steps_seed17.json,simulation,hamiltonian_simulation,absolute_observable_error,0.00047204201109707355,exact_dense_eigendecomposition_numpy,,0,6.834232004999649,14478.016456874675,0.8218024506329117,0.8215212314654879,0.00028121916742374076,56,48,4,1,strongnative_1node_int_20260704012008_c0,6.849676946992986,17,72,4,3,synthetic,"0,1,2",,1,21,1,,4,chordal,7,tfim,auto,4,8,data/raw/perlmutter/practical_suite_sweep/practical_strongnative_1node_int_20260704012008_c0_sim_tfim_4q_8steps_seed17.json,ok,0.03,0.037037037037037035,speed-limited,quality_ok_runtime_dominates
practical_strongnative_1node_int_20260704012008_c0_sim_tfim_5q_6steps_seed23.json,simulation,hamiltonian_simulation,absolute_observable_error,0.0007968599675223231,exact_dense_eigendecomposition_numpy,,0,6.893762165040243,8651.158856022119,0.8218024506329158,0.8213019840508522,0.0005004665820635967,54,48,5,1,strongnative_1node_int_20260704012008_c0,6.903117673995439,23,72,4,3,synthetic,"0,1,2",,1,21,1,,4,chordal,7,tfim,auto,5,6,data/raw/perlmutter/practical_suite_sweep/practical_strongnative_1node_int_20260704012008_c0_sim_tfim_5q_6steps_seed23.json,ok,0.03,0.04672897196261682,speed-limited,quality_ok_runtime_dominates
practical_strongnative_1node_int_20260704012008_c0_sim_tfim_6q_4steps_seed17.json,simulation,hamiltonian_simulation,absolute_observable_error,0.0027003290015272796,exact_dense_eigendecomposition_numpy,,0,7.315504136029631,2709.1158639899263,0.821802450632914,0.8206730318635869,0.0011294187693271507,44,40,6,1,strongnative_1node_int_20260704012008_c0,7.326582436973695,17,72,4,3,synthetic,"0,1,2",,1,21,1,,4,chordal,7,tfim,auto,6,4,data/raw/perlmutter/practical_suite_sweep/practical_strongnative_1node_int_20260704012008_c0_sim_tfim_6q_4steps_seed17.json,ok,0.03,0.06666666666666667,speed-limited,quality_ok_runtime_dominates
practical_strongnative_1node_int_20260704012008_c0_sim_tfim_6q_8steps_seed23.json,simulation,hamiltonian_simulation,absolute_observable_error,0.0026617179973982275,exact_dense_eigendecomposition_numpy,,0,6.78820370498579,2550.309128022245,0.821802450632914,0.8215212314654883,0.00028121916742573916,88,80,6,1,strongnative_1node_int_20260704012008_c0,6.804559628013521,23,72,4,3,synthetic,"0,1,2",,1,21,1,,4,chordal,7,tfim,auto,6,8,data/raw/perlmutter/practical_suite_sweep/practical_strongnative_1node_int_20260704012008_c0_sim_tfim_6q_8steps_seed23.json,ok,0.03,0.034482758620689655,speed-limited,quality_ok_runtime_dominates
practical_strongnative_1node_int_20260704012008_c1_chem_4q_grid13_seed23.json,chemistry,chemistry_vqe,absolute_energy_error,0.00018127099610865116,exact_diagonalization_numpy,,0,6.884845664026216,37980.955651060365,-1.705732892552902,-1.2281036714213251,0.4776292211315769,232,87,116,29,strongnative_1node_int_20260704012008_c1,6.897654497995973,23,72,4,3,synthetic,"0,1,2",,1,13,1,benchmarks/workloads/hamiltonians/molecular_chain_4q.json,4,chordal,7,tfim,auto,4,4,data/raw/perlmutter/practical_suite_sweep/practical_strongnative_1node_int_20260704012008_c1_chem_4q_grid13_seed23.json,ok,0.02,0.26666666666666666,quality-limited,quality_gap>0.02
practical_strongnative_1node_int_20260704012008_c1_chem_h2_grid17_seed23.json,chemistry,chemistry_vqe,absolute_energy_error,0.00015462900046259165,exact_diagonalization_numpy,,0,6.39054492698051,41328.2431359086,-1.85727503020238,-1.8456249981377126,0.011650032064667304,1304,326,652,326,strongnative_1node_int_20260704012008_c1,6.3975041810190305,23,72,4,3,synthetic,"0,1,2",,1,17,1,,4,chordal,7,tfim,auto,4,4,data/raw/perlmutter/practical_suite_sweep/practical_strongnative_1node_int_20260704012008_c1_chem_h2_grid17_seed23.json,ok,0.02,0.2857142857142857,speed-limited,quality_ok_runtime_dominates
practical_strongnative_1node_int_20260704012008_c1_chem_h2_grid21_seed17.json,chemistry,chemistry_vqe,absolute_energy_error,0.00015461898874491453,exact_diagonalization_numpy,,0,6.738309042004403,43580.08739224811,-1.85727503020238,-1.8539259190122395,0.0033491111901404746,1944,486,972,486,strongnative_1node_int_20260704012008_c1,6.744879897974897,17,72,4,3,synthetic,"0,1,2",,1,21,1,,4,chordal,7,tfim,auto,4,4,data/raw/perlmutter/practical_suite_sweep/practical_strongnative_1node_int_20260704012008_c1_chem_h2_grid21_seed17.json,ok,0.02,0.2857142857142857,speed-limited,quality_ok_runtime_dominates
practical_strongnative_1node_int_20260704012008_c1_ml_digits_c0v1v2_128s_4q_d2_seed17.json,ml,multiclass_ml,test_accuracy,0.00016621197573840618,linear_ridge_numpy,linear_ridge_numpy,6,19.74970728805056,118822.40855576957,1.0,0.71875,0.28125,2048,768,512,128,strongnative_1node_int_20260704012008_c1,19.976921321009286,17,128,4,3,digits,"0,1,2",sklearn_digits,2,21,1,,4,chordal,7,tfim,auto,4,4,data/raw/perlmutter/practical_suite_sweep/practical_strongnative_1node_int_20260704012008_c1_ml_digits_c0v1v2_128s_4q_d2_seed17.json,ok,0.02,0.15384615384615385,quality-limited,quality_gap>0.02
practical_strongnative_1node_int_20260704012008_c1_ml_digits_c0v1v2_128s_6q_d2_seed23.json,ml,multiclass_ml,test_accuracy,0.0008261569892056286,knn_numpy,knn_numpy,6,6.903102360025514,8355.678702982379,1.0,0.59375,0.40625,3072,1280,768,128,strongnative_1node_int_20260704012008_c1,6.995332501945086,23,128,6,3,digits,"0,1,2",sklearn_digits,2,21,1,,4,chordal,7,tfim,auto,4,4,data/raw/perlmutter/practical_suite_sweep/practical_strongnative_1node_int_20260704012008_c1_ml_digits_c0v1v2_128s_6q_d2_seed23.json,ok,0.02,0.15,quality-limited,quality_gap>0.02
practical_strongnative_1node_int_20260704012008_c1_ml_digits_c0v1v2_128s_8q_d2_seed17.json,ml,multiclass_ml,test_accuracy,0.00015780498506501317,nearest_centroid_numpy,nearest_centroid_numpy,6,7.67889224801911,48660.64430636033,1.0,0.6875,0.3125,4096,1792,1024,128,strongnative_1node_int_20260704012008_c1,7.773461437027436,17,128,8,3,digits,"0,1,2",sklearn_digits,2,21,1,,4,chordal,7,tfim,auto,4,4,data/raw/perlmutter/practical_suite_sweep/practical_strongnative_1node_int_20260704012008_c1_ml_digits_c0v1v2_128s_8q_d2_seed17.json,ok,0.02,0.14814814814814814,quality-limited,quality_gap>0.02
practical_strongnative_1node_int_20260704012008_c1_ml_digits_c0v1v2_192s_4q_d2_seed23.json,ml,multiclass_ml,test_accuracy,0.0015646860119886696,knn_numpy,knn_numpy,6,6.877942015009467,4395.733049513114,1.0,0.6875,0.3125,3072,1152,768,192,strongnative_1node_int_20260704012008_c1,6.9845111350296065,23,192,4,3,digits,"0,1,2",sklearn_digits,2,21,1,,4,chordal,7,tfim,auto,4,4,data/raw/perlmutter/practical_suite_sweep/practical_strongnative_1node_int_20260704012008_c1_ml_digits_c0v1v2_192s_4q_d2_seed23.json,ok,0.02,0.15384615384615385,quality-limited,quality_gap>0.02
practical_strongnative_1node_int_20260704012008_c1_ml_digits_c0v1v2_192s_6q_d2_seed17.json,ml,multiclass_ml,test_accuracy,0.0001958379871211946,nearest_centroid_numpy,nearest_centroid_numpy,6,7.270829429035075,37126.757356505674,1.0,0.7708333333333334,0.22916666666666663,4608,1920,1152,192,strongnative_1node_int_20260704012008_c1,7.385219538002275,17,192,6,3,digits,"0,1,2",sklearn_digits,2,21,1,,4,chordal,7,tfim,auto,4,4,data/raw/perlmutter/practical_suite_sweep/practical_strongnative_1node_int_20260704012008_c1_ml_digits_c0v1v2_192s_6q_d2_seed17.json,ok,0.02,0.15,quality-limited,quality_gap>0.02
practical_strongnative_1node_int_20260704012008_c1_ml_digits_c0v1v2_192s_8q_d2_seed23.json,ml,multiclass_ml,test_accuracy,0.0015913270181044936,knn_numpy,knn_numpy,6,7.673495516995899,4822.073294611795,1.0,0.6458333333333334,0.35416666666666663,6144,2688,1536,192,strongnative_1node_int_20260704012008_c1,7.7909579629777,23,192,8,3,digits,"0,1,2",sklearn_digits,2,21,1,,4,chordal,7,tfim,auto,4,4,data/raw/perlmutter/practical_suite_sweep/practical_strongnative_1node_int_20260704012008_c1_ml_digits_c0v1v2_192s_8q_d2_seed23.json,ok,0.02,0.14814814814814814,quality-limited,quality_gap>0.02
practical_strongnative_1node_int_20260704012008_c1_ml_digits_c0v1v2_256s_4q_d2_seed17.json,ml,multiclass_ml,test_accuracy,0.014132378972135484,rbf_kernel_ridge_numpy,rbf_kernel_ridge_numpy,6,7.488104788993951,529.8545137912089,0.984375,0.59375,0.390625,4096,1536,1024,256,strongnative_1node_int_20260704012008_c1,7.611743514018599,17,256,4,3,digits,"0,1,2",sklearn_digits,2,21,1,,4,chordal,7,tfim,auto,4,4,data/raw/perlmutter/practical_suite_sweep/practical_strongnative_1node_int_20260704012008_c1_ml_digits_c0v1v2_256s_4q_d2_seed17.json,ok,0.02,0.15384615384615385,quality-limited,quality_gap>0.02
practical_strongnative_1node_int_20260704012008_c1_ml_digits_c0v1v2_256s_6q_d2_seed23.json,ml,multiclass_ml,test_accuracy,0.013665415986906737,softmax_regression_numpy,softmax_regression_numpy,6,19.696504406048916,1441.3395409931725,1.0,0.765625,0.234375,6144,2560,1536,256,strongnative_1node_int_20260704012008_c1,19.820889678958338,23,256,6,3,digits,"0,1,2",sklearn_digits,2,21,1,,4,chordal,7,tfim,auto,4,4,data/raw/perlmutter/practical_suite_sweep/practical_strongnative_1node_int_20260704012008_c1_ml_digits_c0v1v2_256s_6q_d2_seed23.json,ok,0.02,0.15,quality-limited,quality_gap>0.02
practical_strongnative_1node_int_20260704012008_c1_ml_digits_c0v1v2_256s_8q_d2_seed17.json,ml,multiclass_ml,test_accuracy,0.00016663200221955776,nearest_centroid_numpy,nearest_centroid_numpy,6,7.2062056779977866,43246.228707632894,1.0,0.671875,0.328125,8192,3584,2048,256,strongnative_1node_int_20260704012008_c1,7.333634061971679,17,256,8,3,digits,"0,1,2",sklearn_digits,2,21,1,,4,chordal,7,tfim,auto,4,4,data/raw/perlmutter/practical_suite_sweep/practical_strongnative_1node_int_20260704012008_c1_ml_digits_c0v1v2_256s_8q_d2_seed17.json,ok,0.02,0.14814814814814814,quality-limited,quality_gap>0.02
practical_strongnative_1node_int_20260704012008_c1_ml_digits_c0v1v2v3_128s_4q_d2_seed17.json,ml,multiclass_ml,test_accuracy,0.011276566016022116,rbf_kernel_ridge_numpy,rbf_kernel_ridge_numpy,6,6.829979513015132,605.6790252733742,0.9375,0.75,0.1875,2048,768,512,128,strongnative_1node_int_20260704012008_c1,6.925932892016135,17,128,4,4,digits,"0,1,2,3",sklearn_digits,2,21,1,,4,chordal,7,tfim,auto,4,4,data/raw/perlmutter/practical_suite_sweep/practical_strongnative_1node_int_20260704012008_c1_ml_digits_c0v1v2v3_128s_4q_d2_seed17.json,ok,0.02,0.15384615384615385,quality-limited,quality_gap>0.02
practical_strongnative_1node_int_20260704012008_c1_ml_digits_c0v1v2v3_128s_6q_d2_seed23.json,ml,multiclass_ml,test_accuracy,0.01152595697203651,rbf_kernel_ridge_numpy,rbf_kernel_ridge_numpy,6,6.529231589986011,566.4806493575143,1.0,0.75,0.25,3072,1280,768,128,strongnative_1node_int_20260704012008_c1,6.621871663024649,23,128,6,4,digits,"0,1,2,3",sklearn_digits,2,21,1,,4,chordal,7,tfim,auto,4,4,data/raw/perlmutter/practical_suite_sweep/practical_strongnative_1node_int_20260704012008_c1_ml_digits_c0v1v2v3_128s_6q_d2_seed23.json,ok,0.02,0.15,quality-limited,quality_gap>0.02
practical_strongnative_1node_int_20260704012008_c1_ml_digits_c0v1v2v3_128s_8q_d2_seed17.json,ml,multiclass_ml,test_accuracy,0.00017961801495403051,linear_ridge_numpy,linear_ridge_numpy,6,7.242045737977605,40319.15028028261,1.0,0.625,0.375,4096,1792,1024,128,strongnative_1node_int_20260704012008_c1,7.333702218020335,17,128,8,4,digits,"0,1,2,3",sklearn_digits,2,21,1,,4,chordal,7,tfim,auto,4,4,data/raw/perlmutter/practical_suite_sweep/practical_strongnative_1node_int_20260704012008_c1_ml_digits_c0v1v2v3_128s_8q_d2_seed17.json,ok,0.02,0.14814814814814814,quality-limited,quality_gap>0.02
practical_strongnative_1node_int_20260704012008_c1_ml_digits_c0v1v2v3_192s_4q_d2_seed23.json,ml,multiclass_ml,test_accuracy,0.012165685009676963,rbf_kernel_ridge_numpy,rbf_kernel_ridge_numpy,6,7.18762391799828,590.8112787961403,0.9583333333333334,0.6666666666666666,0.29166666666666674,3072,1152,768,192,strongnative_1node_int_20260704012008_c1,7.294843523995951,23,192,4,4,digits,"0,1,2,3",sklearn_digits,2,21,1,,4,chordal,7,tfim,auto,4,4,data/raw/perlmutter/practical_suite_sweep/practical_strongnative_1node_int_20260704012008_c1_ml_digits_c0v1v2v3_192s_4q_d2_seed23.json,ok,0.02,0.15384615384615385,quality-limited,quality_gap>0.02
practical_strongnative_1node_int_20260704012008_c1_ml_digits_c0v1v2v3_192s_6q_d2_seed17.json,ml,multiclass_ml,test_accuracy,0.011977601971011609,rbf_kernel_ridge_numpy,rbf_kernel_ridge_numpy,6,7.532569568022154,628.8879515492838,1.0,0.6666666666666666,0.33333333333333337,4608,1920,1152,192,strongnative_1node_int_20260704012008_c1,7.6397985619842075,17,192,6,4,digits,"0,1,2,3",sklearn_digits,2,21,1,,4,chordal,7,tfim,auto,4,4,data/raw/perlmutter/practical_suite_sweep/practical_strongnative_1node_int_20260704012008_c1_ml_digits_c0v1v2v3_192s_6q_d2_seed17.json,ok,0.02,0.15,quality-limited,quality_gap>0.02
practical_strongnative_1node_int_20260704012008_c1_ml_digits_c0v1v2v3_192s_8q_d2_seed23.json,ml,multiclass_ml,test_accuracy,0.012168449000455439,rbf_kernel_ridge_numpy,rbf_kernel_ridge_numpy,6,6.677483014995232,548.7538317122674,1.0,0.7083333333333334,0.29166666666666663,6144,2688,1536,192,strongnative_1node_int_20260704012008_c1,6.783960034954362,23,192,8,4,digits,"0,1,2,3",sklearn_digits,2,21,1,,4,chordal,7,tfim,auto,4,4,data/raw/perlmutter/practical_suite_sweep/practical_strongnative_1node_int_20260704012008_c1_ml_digits_c0v1v2v3_192s_8q_d2_seed23.json,ok,0.02,0.14814814814814814,quality-limited,quality_gap>0.02
practical_strongnative_1node_int_20260704012008_c1_ml_digits_c0v1v2v3_256s_4q_d2_seed17.json,ml,multiclass_ml,test_accuracy,0.013135351007804275,rbf_kernel_ridge_numpy,rbf_kernel_ridge_numpy,6,7.336871525971219,558.559228574255,0.96875,0.59375,0.375,4096,1536,1024,256,strongnative_1node_int_20260704012008_c1,7.45828821597388,17,256,4,4,digits,"0,1,2,3",sklearn_digits,2,21,1,,4,chordal,7,tfim,auto,4,4,data/raw/perlmutter/practical_suite_sweep/practical_strongnative_1node_int_20260704012008_c1_ml_digits_c0v1v2v3_256s_4q_d2_seed17.json,ok,0.02,0.15384615384615385,quality-limited,quality_gap>0.02
practical_strongnative_1node_int_20260704012008_c1_ml_digits_c0v1v2v3_256s_6q_d2_seed23.json,ml,multiclass_ml,test_accuracy,0.013282503001391888,rbf_kernel_ridge_numpy,rbf_kernel_ridge_numpy,6,6.899630891974084,519.4526130542613,1.0,0.640625,0.359375,6144,2560,1536,256,strongnative_1node_int_20260704012008_c1,7.023224318050779,23,256,6,4,digits,"0,1,2,3",sklearn_digits,2,21,1,,4,chordal,7,tfim,auto,4,4,data/raw/perlmutter/practical_suite_sweep/practical_strongnative_1node_int_20260704012008_c1_ml_digits_c0v1v2v3_256s_6q_d2_seed23.json,ok,0.02,0.15,quality-limited,quality_gap>0.02
practical_strongnative_1node_int_20260704012008_c1_ml_digits_c0v1v2v3_256s_8q_d2_seed17.json,ml,multiclass_ml,test_accuracy,0.0020846010302193463,knn_numpy,knn_numpy,6,7.1417191899963655,3425.9405452010633,1.0,0.5625,0.4375,8192,3584,2048,256,strongnative_1node_int_20260704012008_c1,7.265060251986142,17,256,8,4,digits,"0,1,2,3",sklearn_digits,2,21,1,,4,chordal,7,tfim,auto,4,4,data/raw/perlmutter/practical_suite_sweep/practical_strongnative_1node_int_20260704012008_c1_ml_digits_c0v1v2v3_256s_8q_d2_seed17.json,ok,0.02,0.14814814814814814,quality-limited,quality_gap>0.02
practical_strongnative_1node_int_20260704012008_c1_ml_digits_c3v5v8_128s_4q_d2_seed23.json,ml,multiclass_ml,test_accuracy,0.00013555202167481184,nearest_centroid_numpy,nearest_centroid_numpy,6,6.825591751025058,50354.03874240692,1.0,0.65625,0.34375,2048,768,512,128,strongnative_1node_int_20260704012008_c1,6.918108548037708,23,128,4,3,digits,"3,5,8",sklearn_digits,2,21,1,,4,chordal,7,tfim,auto,4,4,data/raw/perlmutter/practical_suite_sweep/practical_strongnative_1node_int_20260704012008_c1_ml_digits_c3v5v8_128s_4q_d2_seed23.json,ok,0.02,0.15384615384615385,quality-limited,quality_gap>0.02
practical_strongnative_1node_int_20260704012008_c1_ml_digits_c3v5v8_128s_6q_d2_seed17.json,ml,multiclass_ml,test_accuracy,0.00016275496454909444,nearest_centroid_numpy,nearest_centroid_numpy,6,6.646911326039117,40839.99123746606,0.9375,0.71875,0.21875,3072,1280,768,128,strongnative_1node_int_20260704012008_c1,6.743740665959194,17,128,6,3,digits,"3,5,8",sklearn_digits,2,21,1,,4,chordal,7,tfim,auto,4,4,data/raw/perlmutter/practical_suite_sweep/practical_strongnative_1node_int_20260704012008_c1_ml_digits_c3v5v8_128s_6q_d2_seed17.json,ok,0.02,0.15,quality-limited,quality_gap>0.02
practical_strongnative_1node_int_20260704012008_c1_ml_digits_c3v5v8_128s_8q_d2_seed23.json,ml,multiclass_ml,test_accuracy,0.00017778296023607254,linear_ridge_numpy,linear_ridge_numpy,6,6.855073852988426,38558.66638673236,1.0,0.65625,0.34375,4096,1792,1024,128,strongnative_1node_int_20260704012008_c1,6.949607139045838,23,128,8,3,digits,"3,5,8",sklearn_digits,2,21,1,,4,chordal,7,tfim,auto,4,4,data/raw/perlmutter/practical_suite_sweep/practical_strongnative_1node_int_20260704012008_c1_ml_digits_c3v5v8_128s_8q_d2_seed23.json,ok,0.02,0.14814814814814814,quality-limited,quality_gap>0.02
practical_strongnative_1node_int_20260704012008_c1_ml_digits_c3v5v8_192s_4q_d2_seed17.json,ml,multiclass_ml,test_accuracy,0.0001817410229705274,nearest_centroid_numpy,nearest_centroid_numpy,6,7.291883413970936,40122.385660575084,0.9583333333333334,0.5625,0.39583333333333337,3072,1152,768,192,strongnative_1node_int_20260704012008_c1,7.400014138023835,17,192,4,3,digits,"3,5,8",sklearn_digits,2,21,1,,4,chordal,7,tfim,auto,4,4,data/raw/perlmutter/practical_suite_sweep/practical_strongnative_1node_int_20260704012008_c1_ml_digits_c3v5v8_192s_4q_d2_seed17.json,ok,0.02,0.15384615384615385,quality-limited,quality_gap>0.02
practical_strongnative_1node_int_20260704012008_c1_ml_digits_c3v5v8_192s_6q_d2_seed23.json,ml,multiclass_ml,test_accuracy,0.013203533017076552,rbf_kernel_ridge_numpy,rbf_kernel_ridge_numpy,6,6.861277092015371,519.6546320701786,1.0,0.6666666666666666,0.33333333333333337,4608,1920,1152,192,strongnative_1node_int_20260704012008_c1,6.97796584101161,23,192,6,3,digits,"3,5,8",sklearn_digits,2,21,1,,4,chordal,7,tfim,auto,4,4,data/raw/perlmutter/practical_suite_sweep/practical_strongnative_1node_int_20260704012008_c1_ml_digits_c3v5v8_192s_6q_d2_seed23.json,ok,0.02,0.15,quality-limited,quality_gap>0.02
practical_strongnative_1node_int_20260704012008_c1_ml_digits_c3v5v8_192s_8q_d2_seed17.json,ml,multiclass_ml,test_accuracy,0.01260491501307115,rbf_kernel_ridge_numpy,rbf_kernel_ridge_numpy,6,6.79450805997476,539.036403889192,1.0,0.625,0.375,6144,2688,1536,192,strongnative_1node_int_20260704012008_c1,6.903082615986932,17,192,8,3,digits,"3,5,8",sklearn_digits,2,21,1,,4,chordal,7,tfim,auto,4,4,data/raw/perlmutter/practical_suite_sweep/practical_strongnative_1node_int_20260704012008_c1_ml_digits_c3v5v8_192s_8q_d2_seed17.json,ok,0.02,0.14814814814814814,quality-limited,quality_gap>0.02
practical_strongnative_1node_int_20260704012008_c1_ml_digits_c3v5v8_256s_4q_d2_seed23.json,ml,multiclass_ml,test_accuracy,0.00015386799350380898,nearest_centroid_numpy,nearest_centroid_numpy,6,7.328023562964518,47625.392364547304,1.0,0.765625,0.234375,4096,1536,1024,256,strongnative_1node_int_20260704012008_c1,7.453020022017881,23,256,4,3,digits,"3,5,8",sklearn_digits,2,21,1,,4,chordal,7,tfim,auto,4,4,data/raw/perlmutter/practical_suite_sweep/practical_strongnative_1node_int_20260704012008_c1_ml_digits_c3v5v8_256s_4q_d2_seed23.json,ok,0.02,0.15384615384615385,quality-limited,quality_gap>0.02
practical_strongnative_1node_int_20260704012008_c1_ml_digits_c3v5v8_256s_6q_d2_seed17.json,ml,multiclass_ml,test_accuracy,0.0001555299968458712,nearest_centroid_numpy,nearest_centroid_numpy,6,7.06171053298749,45404.17074646751,0.953125,0.734375,0.21875,6144,2560,1536,256,strongnative_1node_int_20260704012008_c1,7.18859157001134,17,256,6,3,digits,"3,5,8",sklearn_digits,2,21,1,,4,chordal,7,tfim,auto,4,4,data/raw/perlmutter/practical_suite_sweep/practical_strongnative_1node_int_20260704012008_c1_ml_digits_c3v5v8_256s_6q_d2_seed17.json,ok,0.02,0.15,quality-limited,quality_gap>0.02
practical_strongnative_1node_int_20260704012008_c1_ml_digits_c3v5v8_256s_8q_d2_seed23.json,ml,multiclass_ml,test_accuracy,0.013746210024692118,softmax_regression_numpy,softmax_regression_numpy,6,6.620204700971954,481.6021790064444,1.0,0.75,0.25,8192,3584,2048,256,strongnative_1node_int_20260704012008_c1,6.744936718023382,23,256,8,3,digits,"3,5,8",sklearn_digits,2,21,1,,4,chordal,7,tfim,auto,4,4,data/raw/perlmutter/practical_suite_sweep/practical_strongnative_1node_int_20260704012008_c1_ml_digits_c3v5v8_256s_8q_d2_seed23.json,ok,0.02,0.14814814814814814,quality-limited,quality_gap>0.02
practical_strongnative_1node_int_20260704012008_c1_qaoa_chordal_4n_grid11_seed23.json,optimization,optimization_qaoa,approximation_ratio,1.807499211281538e-05,greedy_assignment_numpy,,4,6.9998585829744115,387267.5871328005,4,3.229815686445298,0.19254607838867555,1573,1210,484,121,strongnative_1node_int_20260704012008_c1,7.021616739977617,23,72,4,3,synthetic,"0,1,2",,1,21,1,,4,chordal,11,tfim,auto,4,4,data/raw/perlmutter/practical_suite_sweep/practical_strongnative_1node_int_20260704012008_c1_qaoa_chordal_4n_grid11_seed23.json,ok,0.02,0.14814814814814814,quality-limited,quality_gap>0.02
practical_strongnative_1node_int_20260704012008_c1_qaoa_chordal_4n_grid7_seed17.json,optimization,optimization_qaoa,approximation_ratio,1.7342972569167614e-05,greedy_assignment_numpy,,4,6.975930954038631,402233.8688605471,4,3.2070111141556907,0.19824722146107732,637,490,196,49,strongnative_1node_int_20260704012008_c1,7.0009084129706025,17,72,4,3,synthetic,"0,1,2",,1,21,1,,4,chordal,7,tfim,auto,4,4,data/raw/perlmutter/practical_suite_sweep/practical_strongnative_1node_int_20260704012008_c1_qaoa_chordal_4n_grid7_seed17.json,ok,0.02,0.14814814814814814,quality-limited,quality_gap>0.02
practical_strongnative_1node_int_20260704012008_c1_qaoa_chordal_5n_grid9_seed23.json,optimization,optimization_qaoa,approximation_ratio,6.1208033002913e-05,exact_enumeration_numpy,,4,8.062755188031588,131727.07555637127,6,4.469198918953913,0.2551335135076811,1377,1134,405,81,strongnative_1node_int_20260704012008_c1,8.084642941015773,23,72,4,3,synthetic,"0,1,2",,1,21,1,,5,chordal,9,tfim,auto,4,4,data/raw/perlmutter/practical_suite_sweep/practical_strongnative_1node_int_20260704012008_c1_qaoa_chordal_5n_grid9_seed23.json,ok,0.02,0.1388888888888889,quality-limited,quality_gap>0.02
practical_strongnative_1node_int_20260704012008_c1_qaoa_ladder_4n_grid9_seed17.json,optimization,optimization_qaoa,approximation_ratio,1.5971018001437187e-05,greedy_assignment_numpy,,4,7.010696378012653,438963.65137036226,4,2.9999999999999982,0.25000000000000044,972,648,324,81,strongnative_1node_int_20260704012008_c1,7.03254174196627,17,72,4,3,synthetic,"0,1,2",,1,21,1,,4,ladder,9,tfim,auto,4,4,data/raw/perlmutter/practical_suite_sweep/practical_strongnative_1node_int_20260704012008_c1_qaoa_ladder_4n_grid9_seed17.json,ok,0.02,0.16666666666666666,quality-limited,quality_gap>0.02
practical_strongnative_1node_int_20260704012008_c1_qaoa_ladder_5n_grid11_seed23.json,optimization,optimization_qaoa,approximation_ratio,1.9758008420467377e-05,greedy_assignment_numpy,,4,6.61111230996903,334604.1852639642,5,3.5925466511522917,0.2814906697695416,1815,1210,605,121,strongnative_1node_int_20260704012008_c1,6.6345378960249946,23,72,4,3,synthetic,"0,1,2",,1,21,1,,5,ladder,11,tfim,auto,4,4,data/raw/perlmutter/practical_suite_sweep/practical_strongnative_1node_int_20260704012008_c1_qaoa_ladder_5n_grid11_seed23.json,ok,0.02,0.16666666666666666,quality-limited,quality_gap>0.02
practical_strongnative_1node_int_20260704012008_c1_qaoa_ladder_5n_grid7_seed17.json,optimization,optimization_qaoa,approximation_ratio,1.986901042982936e-05,greedy_assignment_numpy,,4,7.094765572051983,357076.9463888653,5,3.414322820287427,0.3171354359425146,735,490,245,49,strongnative_1node_int_20260704012008_c1,7.1192239400115795,17,72,4,3,synthetic,"0,1,2",,1,21,1,,5,ladder,7,tfim,auto,4,4,data/raw/perlmutter/practical_suite_sweep/practical_strongnative_1node_int_20260704012008_c1_qaoa_ladder_5n_grid7_seed17.json,ok,0.02,0.16666666666666666,quality-limited,quality_gap>0.02
practical_strongnative_1node_int_20260704012008_c1_qaoa_ring_4n_grid9_seed23.json,optimization,optimization_qaoa,approximation_ratio,1.5839992556720972e-05,greedy_assignment_numpy,,4,7.2578077699872665,458195.1502816679,4,2.999999999999998,0.25000000000000056,972,648,324,81,strongnative_1node_int_20260704012008_c1,7.283642337017227,23,72,4,3,synthetic,"0,1,2",,1,21,1,,4,ring,9,tfim,auto,4,4,data/raw/perlmutter/practical_suite_sweep/practical_strongnative_1node_int_20260704012008_c1_qaoa_ring_4n_grid9_seed23.json,ok,0.02,0.16666666666666666,quality-limited,quality_gap>0.02
practical_strongnative_1node_int_20260704012008_c1_qaoa_ring_5n_grid11_seed17.json,optimization,optimization_qaoa,approximation_ratio,1.9737984985113144e-05,greedy_assignment_numpy,,4,6.7856097359908745,343784.31947884965,4,3.63063562148434,0.09234109462891504,1815,1210,605,121,strongnative_1node_int_20260704012008_c1,6.80714591400465,17,72,4,3,synthetic,"0,1,2",,1,21,1,,5,ring,11,tfim,auto,4,4,data/raw/perlmutter/practical_suite_sweep/practical_strongnative_1node_int_20260704012008_c1_qaoa_ring_5n_grid11_seed17.json,ok,0.02,0.16666666666666666,quality-limited,quality_gap>0.02
practical_strongnative_1node_int_20260704012008_c1_qaoa_ring_5n_grid7_seed23.json,optimization,optimization_qaoa,approximation_ratio,1.981802051886916e-05,greedy_assignment_numpy,,4,6.980883618001826,352249.28803334205,4,3.4375,0.140625,735,490,245,49,strongnative_1node_int_20260704012008_c1,7.024213641008828,23,72,4,3,synthetic,"0,1,2",,1,21,1,,5,ring,7,tfim,auto,4,4,data/raw/perlmutter/practical_suite_sweep/practical_strongnative_1node_int_20260704012008_c1_qaoa_ring_5n_grid7_seed23.json,ok,0.02,0.16666666666666666,quality-limited,quality_gap>0.02
practical_strongnative_1node_int_20260704012008_c1_sim_heisenberg_4q_4steps_seed23.json,simulation,hamiltonian_simulation,absolute_observable_error,0.0004490260034799576,exact_dense_eigendecomposition_numpy,,0,6.897139137960039,15360.22209071884,0.05328055679997454,-0.13193164268309854,0.18521219948307308,150,72,4,1,strongnative_1node_int_20260704012008_c1,6.907769447017927,23,72,4,3,synthetic,"0,1,2",,1,21,1,,4,chordal,7,heisenberg,auto,4,4,data/raw/perlmutter/practical_suite_sweep/practical_strongnative_1node_int_20260704012008_c1_sim_heisenberg_4q_4steps_seed23.json,ok,0.03,0.017699115044247787,quality-limited,quality_gap>0.03
practical_strongnative_1node_int_20260704012008_c1_sim_heisenberg_4q_8steps_seed17.json,simulation,hamiltonian_simulation,absolute_observable_error,0.0004459209740161896,exact_dense_eigendecomposition_numpy,,0,7.020467341993935,15743.747773880335,0.05328055679997454,-0.08404486766654973,0.13732542446652427,298,144,4,1,strongnative_1node_int_20260704012008_c1,7.029303640010767,17,72,4,3,synthetic,"0,1,2",,1,21,1,,4,chordal,7,heisenberg,auto,4,8,data/raw/perlmutter/practical_suite_sweep/practical_strongnative_1node_int_20260704012008_c1_sim_heisenberg_4q_8steps_seed17.json,ok,0.03,0.008968609865470852,quality-limited,quality_gap>0.03
practical_strongnative_1node_int_20260704012008_c1_sim_heisenberg_5q_6steps_seed23.json,simulation,hamiltonian_simulation,absolute_observable_error,0.0006752440240234137,exact_dense_eigendecomposition_numpy,,0,7.173527732025832,10623.607876279546,-0.025259172203497292,-0.09172767502661766,0.06646850282312036,296,144,5,1,strongnative_1node_int_20260704012008_c1,7.18456091004191,23,72,4,3,synthetic,"0,1,2",,1,21,1,,4,chordal,7,heisenberg,auto,5,6,data/raw/perlmutter/practical_suite_sweep/practical_strongnative_1node_int_20260704012008_c1_sim_heisenberg_5q_6steps_seed23.json,ok,0.03,0.011235955056179775,quality-limited,quality_gap>0.03
practical_strongnative_1node_int_20260704012008_c1_sim_heisenberg_6q_4steps_seed17.json,simulation,hamiltonian_simulation,absolute_observable_error,0.002673206035979092,exact_dense_eigendecomposition_numpy,,0,7.113687584002037,2661.1071081906216,0.028435823107617414,-0.1300351892248902,0.15847101233250763,247,120,6,1,strongnative_1node_int_20260704012008_c1,7.126044917968102,17,72,4,3,synthetic,"0,1,2",,1,21,1,,4,chordal,7,heisenberg,auto,6,4,data/raw/perlmutter/practical_suite_sweep/practical_strongnative_1node_int_20260704012008_c1_sim_heisenberg_6q_4steps_seed17.json,ok,0.03,0.0160857908847185,quality-limited,quality_gap>0.03
practical_strongnative_1node_int_20260704012008_c1_sim_heisenberg_6q_8steps_seed23.json,simulation,hamiltonian_simulation,absolute_observable_error,0.0025101150386035442,exact_dense_eigendecomposition_numpy,,0,6.250907130015548,2490.287111897917,0.028435823107617414,-0.07454781296089058,0.102983636068508,491,240,6,1,strongnative_1node_int_20260704012008_c1,6.270156537997536,23,72,4,3,synthetic,"0,1,2",,1,21,1,,4,chordal,7,heisenberg,auto,6,8,data/raw/perlmutter/practical_suite_sweep/practical_strongnative_1node_int_20260704012008_c1_sim_heisenberg_6q_8steps_seed23.json,ok,0.03,0.008141112618724558,quality-limited,quality_gap>0.03
practical_strongnative_1node_int_20260704012008_c1_sim_tfim_4q_6steps_seed23.json,simulation,hamiltonian_simulation,absolute_observable_error,0.00047238299157470465,exact_dense_eigendecomposition_numpy,,0,6.543458861997351,13852.020455233815,0.8218024506329117,0.8213019840508518,0.000500466582059933,42,36,4,1,strongnative_1node_int_20260704012008_c1,6.553186192992143,23,72,4,3,synthetic,"0,1,2",,1,21,1,,4,chordal,7,tfim,auto,4,6,data/raw/perlmutter/practical_suite_sweep/practical_strongnative_1node_int_20260704012008_c1_sim_tfim_4q_6steps_seed23.json,ok,0.03,0.04878048780487805,speed-limited,quality_ok_runtime_dominates
practical_strongnative_1node_int_20260704012008_c1_sim_tfim_5q_4steps_seed17.json,simulation,hamiltonian_simulation,absolute_observable_error,0.0008188930223695934,exact_dense_eigendecomposition_numpy,,0,6.956229316012468,8494.67406119,0.8218024506329158,0.8206730318635854,0.0011294187693303703,36,32,5,1,strongnative_1node_int_20260704012008_c1,6.973271574999671,17,72,4,3,synthetic,"0,1,2",,1,21,1,,4,chordal,7,tfim,auto,5,4,data/raw/perlmutter/practical_suite_sweep/practical_strongnative_1node_int_20260704012008_c1_sim_tfim_5q_4steps_seed17.json,ok,0.03,0.0684931506849315,speed-limited,quality_ok_runtime_dominates
practical_strongnative_1node_int_20260704012008_c1_sim_tfim_5q_8steps_seed23.json,simulation,hamiltonian_simulation,absolute_observable_error,0.0007632849738001823,exact_dense_eigendecomposition_numpy,,0,7.226397009042557,9467.495440221164,0.8218024506329158,0.8215212314654874,0.0002812191674284037,72,64,5,1,strongnative_1node_int_20260704012008_c1,7.2373526389710605,23,72,4,3,synthetic,"0,1,2",,1,21,1,,4,chordal,7,tfim,auto,5,8,data/raw/perlmutter/practical_suite_sweep/practical_strongnative_1node_int_20260704012008_c1_sim_tfim_5q_8steps_seed23.json,ok,0.03,0.03546099290780142,speed-limited,quality_ok_runtime_dominates
practical_strongnative_1node_int_20260704012008_c1_sim_tfim_6q_6steps_seed17.json,simulation,hamiltonian_simulation,absolute_observable_error,0.002616316021885723,exact_dense_eigendecomposition_numpy,,0,7.5970087759778835,2903.704564902791,0.821802450632914,0.8213019840508512,0.0005004665820628196,66,60,6,1,strongnative_1node_int_20260704012008_c1,7.612155188980978,17,72,4,3,synthetic,"0,1,2",,1,21,1,,4,chordal,7,tfim,auto,6,6,data/raw/perlmutter/practical_suite_sweep/practical_strongnative_1node_int_20260704012008_c1_sim_tfim_6q_6steps_seed17.json,ok,0.03,0.045454545454545456,speed-limited,quality_ok_runtime_dominates
practical_strongnative_1node_int_20260704012008_c2_chem_h2_grid21_seed23.json,chemistry,chemistry_vqe,absolute_energy_error,0.00014896801440045238,exact_diagonalization_numpy,,0,6.487044786976185,43546.56140839644,-1.85727503020238,-1.8539259190122395,0.0033491111901404746,1944,486,972,486,strongnative_1node_int_20260704012008_c2,6.493414783035405,23,72,4,3,synthetic,"0,1,2",,1,21,1,,4,chordal,7,tfim,auto,4,4,data/raw/perlmutter/practical_suite_sweep/practical_strongnative_1node_int_20260704012008_c2_chem_h2_grid21_seed23.json,ok,0.02,0.2857142857142857,speed-limited,quality_ok_runtime_dominates
practical_strongnative_1node_int_20260704012008_c2_chem_h2_grid25_seed17.json,chemistry,chemistry_vqe,absolute_energy_error,0.0002314880257472396,exact_diagonalization_numpy,,0,6.887033212056849,29751.142374754018,-1.85727503020238,-1.8566776536800178,0.0005973765223621363,2712,678,1356,678,strongnative_1node_int_20260704012008_c2,6.893685115035623,17,72,4,3,synthetic,"0,1,2",,1,25,1,,4,chordal,7,tfim,auto,4,4,data/raw/perlmutter/practical_suite_sweep/practical_strongnative_1node_int_20260704012008_c2_chem_h2_grid25_seed17.json,ok,0.02,0.2857142857142857,speed-limited,quality_ok_runtime_dominates
practical_strongnative_1node_int_20260704012008_c2_ml_digits_c0v1v2_128s_4q_d1_seed23.json,ml,multiclass_ml,test_accuracy,0.00013565202243626118,nearest_centroid_numpy,nearest_centroid_numpy,6,7.228095309983473,53284.09543897319,1.0,0.75,0.25,1024,384,512,128,strongnative_1node_int_20260704012008_c2,7.32766523398459,23,128,4,3,digits,"0,1,2",sklearn_digits,1,21,1,,4,chordal,7,tfim,auto,4,4,data/raw/perlmutter/practical_suite_sweep/practical_strongnative_1node_int_20260704012008_c2_ml_digits_c0v1v2_128s_4q_d1_seed23.json,ok,0.02,0.26666666666666666,quality-limited,quality_gap>0.02
practical_strongnative_1node_int_20260704012008_c2_ml_digits_c0v1v2_128s_6q_d1_seed17.json,ml,multiclass_ml,test_accuracy,0.00016311497893184423,linear_ridge_numpy,linear_ridge_numpy,6,19.7456406650017,121053.50958143578,1.0,0.625,0.375,1536,640,768,128,strongnative_1node_int_20260704012008_c2,19.976754586969037,17,128,6,3,digits,"0,1,2",sklearn_digits,1,21,1,,4,chordal,7,tfim,auto,4,4,data/raw/perlmutter/practical_suite_sweep/practical_strongnative_1node_int_20260704012008_c2_ml_digits_c0v1v2_128s_6q_d1_seed17.json,ok,0.02,0.2608695652173913,quality-limited,quality_gap>0.02
practical_strongnative_1node_int_20260704012008_c2_ml_digits_c0v1v2_128s_8q_d1_seed23.json,ml,multiclass_ml,test_accuracy,0.0008826260454952717,knn_numpy,knn_numpy,6,7.116071454016492,8062.385525937455,1.0,0.78125,0.21875,2048,896,1024,128,strongnative_1node_int_20260704012008_c2,7.209032738988753,23,128,8,3,digits,"0,1,2",sklearn_digits,1,21,1,,4,chordal,7,tfim,auto,4,4,data/raw/perlmutter/practical_suite_sweep/practical_strongnative_1node_int_20260704012008_c2_ml_digits_c0v1v2_128s_8q_d1_seed23.json,ok,0.02,0.25806451612903225,quality-limited,quality_gap>0.02
practical_strongnative_1node_int_20260704012008_c2_ml_digits_c0v1v2_192s_4q_d1_seed17.json,ml,multiclass_ml,test_accuracy,0.011573019961360842,softmax_regression_numpy,softmax_regression_numpy,6,7.539419381995685,651.4651670149841,1.0,0.8541666666666666,0.14583333333333337,1536,576,768,192,strongnative_1node_int_20260704012008_c2,7.652996500022709,17,192,4,3,digits,"0,1,2",sklearn_digits,1,21,1,,4,chordal,7,tfim,auto,4,4,data/raw/perlmutter/practical_suite_sweep/practical_strongnative_1node_int_20260704012008_c2_ml_digits_c0v1v2_192s_4q_d1_seed17.json,ok,0.02,0.26666666666666666,quality-limited,quality_gap>0.02
practical_strongnative_1node_int_20260704012008_c2_ml_digits_c0v1v2_192s_6q_d1_seed23.json,ml,multiclass_ml,test_accuracy,0.00015147303929552436,linear_ridge_numpy,linear_ridge_numpy,6,6.583233714976814,43461.42221476724,0.9791666666666666,0.75,0.22916666666666663,2304,960,1152,192,strongnative_1node_int_20260704012008_c2,6.694064056966454,23,192,6,3,digits,"0,1,2",sklearn_digits,1,21,1,,4,chordal,7,tfim,auto,4,4,data/raw/perlmutter/practical_suite_sweep/practical_strongnative_1node_int_20260704012008_c2_ml_digits_c0v1v2_192s_6q_d1_seed23.json,ok,0.02,0.2608695652173913,quality-limited,quality_gap>0.02
practical_strongnative_1node_int_20260704012008_c2_ml_digits_c0v1v2_192s_8q_d1_seed17.json,ml,multiclass_ml,test_accuracy,0.00018646102398633957,nearest_centroid_numpy,nearest_centroid_numpy,6,7.3752309319679625,39553.74037047165,1.0,0.6875,0.3125,3072,1344,1536,192,strongnative_1node_int_20260704012008_c2,7.483812759979628,17,192,8,3,digits,"0,1,2",sklearn_digits,1,21,1,,4,chordal,7,tfim,auto,4,4,data/raw/perlmutter/practical_suite_sweep/practical_strongnative_1node_int_20260704012008_c2_ml_digits_c0v1v2_192s_8q_d1_seed17.json,ok,0.02,0.25806451612903225,quality-limited,quality_gap>0.02
practical_strongnative_1node_int_20260704012008_c2_ml_digits_c0v1v2_256s_4q_d1_seed23.json,ml,multiclass_ml,test_accuracy,0.002098578028380871,knn_numpy,knn_numpy,6,7.359908220008947,3507.0929555511375,1.0,0.8125,0.1875,2048,768,1024,256,strongnative_1node_int_20260704012008_c2,7.496479326975532,23,256,4,3,digits,"0,1,2",sklearn_digits,1,21,1,,4,chordal,7,tfim,auto,4,4,data/raw/perlmutter/practical_suite_sweep/practical_strongnative_1node_int_20260704012008_c2_ml_digits_c0v1v2_256s_4q_d1_seed23.json,ok,0.02,0.26666666666666666,quality-limited,quality_gap>0.02
practical_strongnative_1node_int_20260704012008_c2_ml_digits_c0v1v2_256s_6q_d1_seed17.json,ml,multiclass_ml,test_accuracy,0.00015495001571252942,nearest_centroid_numpy,nearest_centroid_numpy,6,7.608531053003389,49103.13185846392,1.0,0.765625,0.234375,3072,1280,1536,256,strongnative_1node_int_20260704012008_c2,7.736472866963595,17,256,6,3,digits,"0,1,2",sklearn_digits,1,21,1,,4,chordal,7,tfim,auto,4,4,data/raw/perlmutter/practical_suite_sweep/practical_strongnative_1node_int_20260704012008_c2_ml_digits_c0v1v2_256s_6q_d1_seed17.json,ok,0.02,0.2608695652173913,quality-limited,quality_gap>0.02
practical_strongnative_1node_int_20260704012008_c2_ml_digits_c0v1v2_256s_8q_d1_seed23.json,ml,multiclass_ml,test_accuracy,0.0021077660494484007,knn_numpy,knn_numpy,6,19.600727314013056,9299.289795061713,1.0,0.71875,0.28125,4096,1792,2048,256,strongnative_1node_int_20260704012008_c2,19.729718624032103,23,256,8,3,digits,"0,1,2",sklearn_digits,1,21,1,,4,chordal,7,tfim,auto,4,4,data/raw/perlmutter/practical_suite_sweep/practical_strongnative_1node_int_20260704012008_c2_ml_digits_c0v1v2_256s_8q_d1_seed23.json,ok,0.02,0.25806451612903225,quality-limited,quality_gap>0.02
practical_strongnative_1node_int_20260704012008_c2_ml_digits_c0v1v2v3_128s_4q_d1_seed23.json,ml,multiclass_ml,test_accuracy,0.009803928027395159,softmax_regression_numpy,softmax_regression_numpy,6,6.7813123860396445,691.6934076923651,0.9375,0.78125,0.15625,1024,384,512,128,strongnative_1node_int_20260704012008_c2,6.875941835984122,23,128,4,4,digits,"0,1,2,3",sklearn_digits,1,21,1,,4,chordal,7,tfim,auto,4,4,data/raw/perlmutter/practical_suite_sweep/practical_strongnative_1node_int_20260704012008_c2_ml_digits_c0v1v2v3_128s_4q_d1_seed23.json,ok,0.02,0.26666666666666666,quality-limited,quality_gap>0.02
practical_strongnative_1node_int_20260704012008_c2_ml_digits_c0v1v2v3_128s_6q_d1_seed17.json,ml,multiclass_ml,test_accuracy,0.0008283019997179508,knn_numpy,knn_numpy,6,7.030813404999208,8488.22459367876,1.0,0.8125,0.1875,1536,640,768,128,strongnative_1node_int_20260704012008_c2,7.130938303016592,17,128,6,4,digits,"0,1,2,3",sklearn_digits,1,21,1,,4,chordal,7,tfim,auto,4,4,data/raw/perlmutter/practical_suite_sweep/practical_strongnative_1node_int_20260704012008_c2_ml_digits_c0v1v2v3_128s_6q_d1_seed17.json,ok,0.02,0.2608695652173913,quality-limited,quality_gap>0.02
practical_strongnative_1node_int_20260704012008_c2_ml_digits_c0v1v2v3_128s_8q_d1_seed23.json,ml,multiclass_ml,test_accuracy,0.009975178982131183,softmax_regression_numpy,softmax_regression_numpy,6,6.842397511994932,685.9423298821915,0.96875,0.78125,0.1875,2048,896,1024,128,strongnative_1node_int_20260704012008_c2,6.933412863989361,23,128,8,4,digits,"0,1,2,3",sklearn_digits,1,21,1,,4,chordal,7,tfim,auto,4,4,data/raw/perlmutter/practical_suite_sweep/practical_strongnative_1node_int_20260704012008_c2_ml_digits_c0v1v2v3_128s_8q_d1_seed23.json,ok,0.02,0.25806451612903225,quality-limited,quality_gap>0.02
practical_strongnative_1node_int_20260704012008_c2_ml_digits_c0v1v2v3_192s_4q_d1_seed17.json,ml,multiclass_ml,test_accuracy,0.012188590015284717,rbf_kernel_ridge_numpy,rbf_kernel_ridge_numpy,6,7.053826557996217,578.7237530469553,0.9166666666666666,0.75,0.16666666666666663,1536,576,768,192,strongnative_1node_int_20260704012008_c2,7.164941195049323,17,192,4,4,digits,"0,1,2,3",sklearn_digits,1,21,1,,4,chordal,7,tfim,auto,4,4,data/raw/perlmutter/practical_suite_sweep/practical_strongnative_1node_int_20260704012008_c2_ml_digits_c0v1v2v3_192s_4q_d1_seed17.json,ok,0.02,0.26666666666666666,quality-limited,quality_gap>0.02
practical_strongnative_1node_int_20260704012008_c2_ml_digits_c0v1v2v3_192s_6q_d1_seed23.json,ml,multiclass_ml,test_accuracy,0.012408063048496842,rbf_kernel_ridge_numpy,rbf_kernel_ridge_numpy,6,7.076070463983342,570.2800216541906,1.0,0.7083333333333334,0.29166666666666663,2304,960,1152,192,strongnative_1node_int_20260704012008_c2,7.190100497042295,23,192,6,4,digits,"0,1,2,3",sklearn_digits,1,21,1,,4,chordal,7,tfim,auto,4,4,data/raw/perlmutter/practical_suite_sweep/practical_strongnative_1node_int_20260704012008_c2_ml_digits_c0v1v2v3_192s_6q_d1_seed23.json,ok,0.02,0.2608695652173913,quality-limited,quality_gap>0.02
practical_strongnative_1node_int_20260704012008_c2_ml_digits_c0v1v2v3_192s_8q_d1_seed17.json,ml,multiclass_ml,test_accuracy,0.0016042329953052104,knn_numpy,knn_numpy,6,7.599587724020239,4737.209461630849,1.0,0.6875,0.3125,3072,1344,1536,192,strongnative_1node_int_20260704012008_c2,7.707965769979637,17,192,8,4,digits,"0,1,2,3",sklearn_digits,1,21,1,,4,chordal,7,tfim,auto,4,4,data/raw/perlmutter/practical_suite_sweep/practical_strongnative_1node_int_20260704012008_c2_ml_digits_c0v1v2v3_192s_8q_d1_seed17.json,ok,0.02,0.25806451612903225,quality-limited,quality_gap>0.02
practical_strongnative_1node_int_20260704012008_c2_ml_digits_c0v1v2v3_256s_4q_d1_seed23.json,ml,multiclass_ml,test_accuracy,0.0021802959963679314,knn_numpy,knn_numpy,6,6.791008364001755,3114.7185406544004,0.9375,0.78125,0.15625,2048,768,1024,256,strongnative_1node_int_20260704012008_c2,6.919112853007391,23,256,4,4,digits,"0,1,2,3",sklearn_digits,1,21,1,,4,chordal,7,tfim,auto,4,4,data/raw/perlmutter/practical_suite_sweep/practical_strongnative_1node_int_20260704012008_c2_ml_digits_c0v1v2v3_256s_4q_d1_seed23.json,ok,0.02,0.26666666666666666,quality-limited,quality_gap>0.02
practical_strongnative_1node_int_20260704012008_c2_ml_digits_c0v1v2v3_256s_6q_d1_seed17.json,ml,multiclass_ml,test_accuracy,0.00017216301057487726,linear_ridge_numpy,linear_ridge_numpy,6,7.140940484008752,41477.78585053849,1.0,0.75,0.25,3072,1280,1536,256,strongnative_1node_int_20260704012008_c2,7.278041352983564,17,256,6,4,digits,"0,1,2,3",sklearn_digits,1,21,1,,4,chordal,7,tfim,auto,4,4,data/raw/perlmutter/practical_suite_sweep/practical_strongnative_1node_int_20260704012008_c2_ml_digits_c0v1v2v3_256s_6q_d1_seed17.json,ok,0.02,0.2608695652173913,quality-limited,quality_gap>0.02
practical_strongnative_1node_int_20260704012008_c2_ml_digits_c0v1v2v3_256s_8q_d1_seed23.json,ml,multiclass_ml,test_accuracy,0.01371100201504305,rbf_kernel_ridge_numpy,rbf_kernel_ridge_numpy,6,7.051903773972299,514.324464852043,1.0,0.703125,0.296875,4096,1792,2048,256,strongnative_1node_int_20260704012008_c2,7.174955413036514,23,256,8,4,digits,"0,1,2,3",sklearn_digits,1,21,1,,4,chordal,7,tfim,auto,4,4,data/raw/perlmutter/practical_suite_sweep/practical_strongnative_1node_int_20260704012008_c2_ml_digits_c0v1v2v3_256s_8q_d1_seed23.json,ok,0.02,0.25806451612903225,quality-limited,quality_gap>0.02
practical_strongnative_1node_int_20260704012008_c2_ml_digits_c3v5v8_128s_4q_d1_seed17.json,ml,multiclass_ml,test_accuracy,0.009574655967298895,softmax_regression_numpy,softmax_regression_numpy,6,6.866151507012546,717.1173074482335,0.96875,0.625,0.34375,1024,384,512,128,strongnative_1node_int_20260704012008_c2,6.961645884963218,17,128,4,3,digits,"3,5,8",sklearn_digits,1,21,1,,4,chordal,7,tfim,auto,4,4,data/raw/perlmutter/practical_suite_sweep/practical_strongnative_1node_int_20260704012008_c2_ml_digits_c3v5v8_128s_4q_d1_seed17.json,ok,0.02,0.26666666666666666,quality-limited,quality_gap>0.02
practical_strongnative_1node_int_20260704012008_c2_ml_digits_c3v5v8_128s_6q_d1_seed23.json,ml,multiclass_ml,test_accuracy,0.0001489180140197277,nearest_centroid_numpy,nearest_centroid_numpy,6,7.115246799017768,47779.62455284413,1.0,0.6875,0.3125,1536,640,768,128,strongnative_1node_int_20260704012008_c2,7.209250612009782,23,128,6,3,digits,"3,5,8",sklearn_digits,1,21,1,,4,chordal,7,tfim,auto,4,4,data/raw/perlmutter/practical_suite_sweep/practical_strongnative_1node_int_20260704012008_c2_ml_digits_c3v5v8_128s_6q_d1_seed23.json,ok,0.02,0.2608695652173913,quality-limited,quality_gap>0.02
practical_strongnative_1node_int_20260704012008_c2_ml_digits_c3v5v8_128s_8q_d1_seed17.json,ml,multiclass_ml,test_accuracy,0.00015787500888109207,nearest_centroid_numpy,nearest_centroid_numpy,6,7.024001769954339,44490.90340349345,1.0,0.625,0.375,2048,896,1024,128,strongnative_1node_int_20260704012008_c2,7.1156664520385675,17,128,8,3,digits,"3,5,8",sklearn_digits,1,21,1,,4,chordal,7,tfim,auto,4,4,data/raw/perlmutter/practical_suite_sweep/practical_strongnative_1node_int_20260704012008_c2_ml_digits_c3v5v8_128s_8q_d1_seed17.json,ok,0.02,0.25806451612903225,quality-limited,quality_gap>0.02
practical_strongnative_1node_int_20260704012008_c2_ml_digits_c3v5v8_192s_4q_d1_seed23.json,ml,multiclass_ml,test_accuracy,0.013231337012257427,rbf_kernel_ridge_numpy,rbf_kernel_ridge_numpy,6,6.683989214012399,505.16355284582306,1.0,0.75,0.25,1536,576,768,192,strongnative_1node_int_20260704012008_c2,6.798098836035933,23,192,4,3,digits,"3,5,8",sklearn_digits,1,21,1,,4,chordal,7,tfim,auto,4,4,data/raw/perlmutter/practical_suite_sweep/practical_strongnative_1node_int_20260704012008_c2_ml_digits_c3v5v8_192s_4q_d1_seed23.json,ok,0.02,0.26666666666666666,quality-limited,quality_gap>0.02
practical_strongnative_1node_int_20260704012008_c2_ml_digits_c3v5v8_192s_6q_d1_seed17.json,ml,multiclass_ml,test_accuracy,0.012994628981687129,rbf_kernel_ridge_numpy,rbf_kernel_ridge_numpy,6,7.105172639014199,546.7776455201043,1.0,0.5625,0.4375,2304,960,1152,192,strongnative_1node_int_20260704012008_c2,7.212483609037008,17,192,6,3,digits,"3,5,8",sklearn_digits,1,21,1,,4,chordal,7,tfim,auto,4,4,data/raw/perlmutter/practical_suite_sweep/practical_strongnative_1node_int_20260704012008_c2_ml_digits_c3v5v8_192s_6q_d1_seed17.json,ok,0.02,0.2608695652173913,quality-limited,quality_gap>0.02
practical_strongnative_1node_int_20260704012008_c2_ml_digits_c3v5v8_192s_8q_d1_seed23.json,ml,multiclass_ml,test_accuracy,0.011623086989857256,softmax_regression_numpy,softmax_regression_numpy,6,7.314674673019908,629.3228880935822,1.0,0.7083333333333334,0.29166666666666663,3072,1344,1536,192,strongnative_1node_int_20260704012008_c2,7.4223430779529735,23,192,8,3,digits,"3,5,8",sklearn_digits,1,21,1,,4,chordal,7,tfim,auto,4,4,data/raw/perlmutter/practical_suite_sweep/practical_strongnative_1node_int_20260704012008_c2_ml_digits_c3v5v8_192s_8q_d1_seed23.json,ok,0.02,0.25806451612903225,quality-limited,quality_gap>0.02
practical_strongnative_1node_int_20260704012008_c2_ml_digits_c3v5v8_256s_4q_d1_seed17.json,ml,multiclass_ml,test_accuracy,0.0021592460107058287,knn_numpy,knn_numpy,6,6.966491913946811,3226.3539584679183,0.984375,0.640625,0.34375,2048,768,1024,256,strongnative_1node_int_20260704012008_c2,7.106289878021926,17,256,4,3,digits,"3,5,8",sklearn_digits,1,21,1,,4,chordal,7,tfim,auto,4,4,data/raw/perlmutter/practical_suite_sweep/practical_strongnative_1node_int_20260704012008_c2_ml_digits_c3v5v8_256s_4q_d1_seed17.json,ok,0.02,0.26666666666666666,quality-limited,quality_gap>0.02
practical_strongnative_1node_int_20260704012008_c2_ml_digits_c3v5v8_256s_6q_d1_seed23.json,ml,multiclass_ml,test_accuracy,0.013872844981960952,softmax_regression_numpy,softmax_regression_numpy,6,7.428581896994729,535.4764582646324,1.0,0.640625,0.359375,3072,1280,1536,256,strongnative_1node_int_20260704012008_c2,7.553994712012354,23,256,6,3,digits,"3,5,8",sklearn_digits,1,21,1,,4,chordal,7,tfim,auto,4,4,data/raw/perlmutter/practical_suite_sweep/practical_strongnative_1node_int_20260704012008_c2_ml_digits_c3v5v8_256s_6q_d1_seed23.json,ok,0.02,0.2608695652173913,quality-limited,quality_gap>0.02
practical_strongnative_1node_int_20260704012008_c2_ml_digits_c3v5v8_256s_8q_d1_seed17.json,ml,multiclass_ml,test_accuracy,0.0020953519851900637,knn_numpy,knn_numpy,6,7.2740359180024825,3471.5102614812827,0.984375,0.5625,0.421875,4096,1792,2048,256,strongnative_1node_int_20260704012008_c2,7.399675263033714,17,256,8,3,digits,"3,5,8",sklearn_digits,1,21,1,,4,chordal,7,tfim,auto,4,4,data/raw/perlmutter/practical_suite_sweep/practical_strongnative_1node_int_20260704012008_c2_ml_digits_c3v5v8_256s_8q_d1_seed17.json,ok,0.02,0.25806451612903225,quality-limited,quality_gap>0.02
practical_strongnative_1node_int_20260704012008_c2_qaoa_chordal_4n_grid9_seed17.json,optimization,optimization_qaoa,approximation_ratio,1.7102982383221388e-05,greedy_assignment_numpy,,4,6.690286903001834,391176.62364929024,4,3.1457154773853633,0.21357113065365918,1053,810,324,81,strongnative_1node_int_20260704012008_c2,6.711291483021341,17,72,4,3,synthetic,"0,1,2",,1,21,1,,4,chordal,9,tfim,auto,4,4,data/raw/perlmutter/practical_suite_sweep/practical_strongnative_1node_int_20260704012008_c2_qaoa_chordal_4n_grid9_seed17.json,ok,0.02,0.14814814814814814,quality-limited,quality_gap>0.02
practical_strongnative_1node_int_20260704012008_c2_qaoa_chordal_5n_grid11_seed23.json,optimization,optimization_qaoa,approximation_ratio,6.053695688024163e-05,exact_enumeration_numpy,,4,7.891605675977189,130360.1317718845,6,4.589396242968677,0.2351006261718872,2057,1694,605,121,strongnative_1node_int_20260704012008_c2,7.91588145395508,23,72,4,3,synthetic,"0,1,2",,1,21,1,,5,chordal,11,tfim,auto,4,4,data/raw/perlmutter/practical_suite_sweep/practical_strongnative_1node_int_20260704012008_c2_qaoa_chordal_5n_grid11_seed23.json,ok,0.02,0.1388888888888889,quality-limited,quality_gap>0.02
practical_strongnative_1node_int_20260704012008_c2_qaoa_chordal_5n_grid7_seed17.json,optimization,optimization_qaoa,approximation_ratio,6.051699165254831e-05,exact_enumeration_numpy,,4,7.061738048971165,116690.17008504589,6,4.521153579257492,0.2464744034570847,833,686,245,49,strongnative_1node_int_20260704012008_c2,7.096897925017402,17,72,4,3,synthetic,"0,1,2",,1,21,1,,5,chordal,7,tfim,auto,4,4,data/raw/perlmutter/practical_suite_sweep/practical_strongnative_1node_int_20260704012008_c2_qaoa_chordal_5n_grid7_seed17.json,ok,0.02,0.1388888888888889,quality-limited,quality_gap>0.02
practical_strongnative_1node_int_20260704012008_c2_qaoa_ladder_4n_grid11_seed17.json,optimization,optimization_qaoa,approximation_ratio,1.5950994566082954e-05,greedy_assignment_numpy,,4,6.69382707803743,419649.5115276825,4,2.9045084971874733,0.2738728757031317,1452,968,484,121,strongnative_1node_int_20260704012008_c2,6.715610122017097,17,72,4,3,synthetic,"0,1,2",,1,21,1,,4,ladder,11,tfim,auto,4,4,data/raw/perlmutter/practical_suite_sweep/practical_strongnative_1node_int_20260704012008_c2_qaoa_ladder_4n_grid11_seed17.json,ok,0.02,0.16666666666666666,quality-limited,quality_gap>0.02
practical_strongnative_1node_int_20260704012008_c2_qaoa_ladder_4n_grid7_seed23.json,optimization,optimization_qaoa,approximation_ratio,1.707294723019004e-05,greedy_assignment_numpy,,4,6.7145401929738,393285.35972397897,4,2.749999999999999,0.3125000000000002,588,392,196,49,strongnative_1node_int_20260704012008_c2,6.742383824952412,23,72,4,3,synthetic,"0,1,2",,1,21,1,,4,ladder,7,tfim,auto,4,4,data/raw/perlmutter/practical_suite_sweep/practical_strongnative_1node_int_20260704012008_c2_qaoa_ladder_4n_grid7_seed23.json,ok,0.02,0.16666666666666666,quality-limited,quality_gap>0.02
practical_strongnative_1node_int_20260704012008_c2_qaoa_ladder_5n_grid9_seed17.json,optimization,optimization_qaoa,approximation_ratio,2.0159000996500254e-05,greedy_assignment_numpy,,4,7.020705297996756,348266.528644728,5,3.6919417382415882,0.2616116523516824,1215,810,405,81,strongnative_1node_int_20260704012008_c2,7.045972068037372,17,72,4,3,synthetic,"0,1,2",,1,21,1,,5,ladder,9,tfim,auto,4,4,data/raw/perlmutter/practical_suite_sweep/practical_strongnative_1node_int_20260704012008_c2_qaoa_ladder_5n_grid9_seed17.json,ok,0.02,0.16666666666666666,quality-limited,quality_gap>0.02
practical_strongnative_1node_int_20260704012008_c2_qaoa_ring_4n_grid11_seed23.json,optimization,optimization_qaoa,approximation_ratio,1.5830970369279385e-05,greedy_assignment_numpy,,4,7.118377653998323,449648.8520888026,4,2.904508497187473,0.2738728757031318,1452,968,484,121,strongnative_1node_int_20260704012008_c2,7.140035955992062,23,72,4,3,synthetic,"0,1,2",,1,21,1,,4,ring,11,tfim,auto,4,4,data/raw/perlmutter/practical_suite_sweep/practical_strongnative_1node_int_20260704012008_c2_qaoa_ring_4n_grid11_seed23.json,ok,0.02,0.16666666666666666,quality-limited,quality_gap>0.02
practical_strongnative_1node_int_20260704012008_c2_qaoa_ring_4n_grid7_seed17.json,optimization,optimization_qaoa,approximation_ratio,1.5700992662459612e-05,greedy_assignment_numpy,,4,6.5847080330131575,419381.6387645927,4,2.749999999999999,0.3125000000000002,588,392,196,49,strongnative_1node_int_20260704012008_c2,6.607926662021782,17,72,4,3,synthetic,"0,1,2",,1,21,1,,4,ring,7,tfim,auto,4,4,data/raw/perlmutter/practical_suite_sweep/practical_strongnative_1node_int_20260704012008_c2_qaoa_ring_4n_grid7_seed17.json,ok,0.02,0.16666666666666666,quality-limited,quality_gap>0.02
practical_strongnative_1node_int_20260704012008_c2_qaoa_ring_5n_grid9_seed23.json,optimization,optimization_qaoa,approximation_ratio,1.949700526893139e-05,greedy_assignment_numpy,,4,7.281927622039802,373489.54475811747,4,3.749999999999998,0.06250000000000056,1215,810,405,81,strongnative_1node_int_20260704012008_c2,7.341513693972956,23,72,4,3,synthetic,"0,1,2",,1,21,1,,5,ring,9,tfim,auto,4,4,data/raw/perlmutter/practical_suite_sweep/practical_strongnative_1node_int_20260704012008_c2_qaoa_ring_5n_grid9_seed23.json,ok,0.02,0.16666666666666666,quality-limited,quality_gap>0.02
practical_strongnative_1node_int_20260704012008_c2_sim_heisenberg_4q_6steps_seed23.json,simulation,hamiltonian_simulation,absolute_observable_error,0.00044698402052745223,exact_dense_eigendecomposition_numpy,,0,7.158859486982692,16015.918149680296,0.05328055679997454,-0.09809448856243674,0.15137504536241128,224,108,4,1,strongnative_1node_int_20260704012008_c2,7.168235671008006,23,72,4,3,synthetic,"0,1,2",,1,21,1,,4,chordal,7,heisenberg,auto,4,6,data/raw/perlmutter/practical_suite_sweep/practical_strongnative_1node_int_20260704012008_c2_sim_heisenberg_4q_6steps_seed23.json,ok,0.03,0.011904761904761904,quality-limited,quality_gap>0.03
practical_strongnative_1node_int_20260704012008_c2_sim_heisenberg_5q_4steps_seed17.json,simulation,hamiltonian_simulation,absolute_observable_error,0.0006866070325486362,exact_dense_eigendecomposition_numpy,,0,7.092865640996024,10330.313126371302,-0.025259172203497292,-0.13003518922489032,0.10477601702139303,198,96,5,1,strongnative_1node_int_20260704012008_c2,7.10400693397969,17,72,4,3,synthetic,"0,1,2",,1,21,1,,4,chordal,7,heisenberg,auto,5,4,data/raw/perlmutter/practical_suite_sweep/practical_strongnative_1node_int_20260704012008_c2_sim_heisenberg_5q_4steps_seed17.json,ok,0.03,0.016722408026755852,quality-limited,quality_gap>0.03
practical_strongnative_1node_int_20260704012008_c2_sim_heisenberg_5q_8steps_seed23.json,simulation,hamiltonian_simulation,absolute_observable_error,0.002170079038478434,exact_dense_eigendecomposition_numpy,,0,6.871577093959786,3166.5100542963814,-0.025259172203497292,-0.07408869759288389,0.0488295253893866,394,192,5,1,strongnative_1node_int_20260704012008_c2,6.883225819969084,23,72,4,3,synthetic,"0,1,2",,1,21,1,,4,chordal,7,heisenberg,auto,5,8,data/raw/perlmutter/practical_suite_sweep/practical_strongnative_1node_int_20260704012008_c2_sim_heisenberg_5q_8steps_seed23.json,ok,0.03,0.008460236886632826,quality-limited,quality_gap>0.03
practical_strongnative_1node_int_20260704012008_c2_sim_heisenberg_6q_6steps_seed17.json,simulation,hamiltonian_simulation,absolute_observable_error,0.002524368988815695,exact_dense_eigendecomposition_numpy,,0,7.175112292985432,2842.338946792255,0.028435823107617414,-0.09191182641249906,0.12034764952011648,369,180,6,1,strongnative_1node_int_20260704012008_c2,7.190588773984928,17,72,4,3,synthetic,"0,1,2",,1,21,1,,4,chordal,7,heisenberg,auto,6,6,data/raw/perlmutter/practical_suite_sweep/practical_strongnative_1node_int_20260704012008_c2_sim_heisenberg_6q_6steps_seed17.json,ok,0.03,0.010810810810810811,quality-limited,quality_gap>0.03
practical_strongnative_1node_int_20260704012008_c2_sim_tfim_4q_4steps_seed17.json,simulation,hamiltonian_simulation,absolute_observable_error,0.0004586059949360788,exact_dense_eigendecomposition_numpy,,0,6.847725514962804,14931.609247535567,0.8218024506329117,0.820673031863585,0.0011294187693267066,28,24,4,1,strongnative_1node_int_20260704012008_c2,6.858503385970835,17,72,4,3,synthetic,"0,1,2",,1,21,1,,4,chordal,7,tfim,auto,4,4,data/raw/perlmutter/practical_suite_sweep/practical_strongnative_1node_int_20260704012008_c2_sim_tfim_4q_4steps_seed17.json,ok,0.03,0.07142857142857142,speed-limited,quality_ok_runtime_dominates
practical_strongnative_1node_int_20260704012008_c2_sim_tfim_4q_8steps_seed23.json,simulation,hamiltonian_simulation,absolute_observable_error,0.0005233120173215866,exact_dense_eigendecomposition_numpy,,0,6.860496268025599,13109.762514415324,0.8218024506329117,0.8215212314654879,0.00028121916742374076,56,48,4,1,strongnative_1node_int_20260704012008_c2,6.870714607008267,23,72,4,3,synthetic,"0,1,2",,1,21,1,,4,chordal,7,tfim,auto,4,8,data/raw/perlmutter/practical_suite_sweep/practical_strongnative_1node_int_20260704012008_c2_sim_tfim_4q_8steps_seed23.json,ok,0.03,0.037037037037037035,speed-limited,quality_ok_runtime_dominates
practical_strongnative_1node_int_20260704012008_c2_sim_tfim_5q_6steps_seed17.json,simulation,hamiltonian_simulation,absolute_observable_error,0.000713868997991085,exact_dense_eigendecomposition_numpy,,0,6.755011781991925,9462.536965467554,0.8218024506329158,0.8213019840508522,0.0005004665820635967,54,48,5,1,strongnative_1node_int_20260704012008_c2,6.766500057012308,17,72,4,3,synthetic,"0,1,2",,1,21,1,,4,chordal,7,tfim,auto,5,6,data/raw/perlmutter/practical_suite_sweep/practical_strongnative_1node_int_20260704012008_c2_sim_tfim_5q_6steps_seed17.json,ok,0.03,0.04672897196261682,speed-limited,quality_ok_runtime_dominates
practical_strongnative_1node_int_20260704012008_c2_sim_tfim_6q_4steps_seed23.json,simulation,hamiltonian_simulation,absolute_observable_error,0.0026214260142296553,exact_dense_eigendecomposition_numpy,,0,7.062970494967885,2694.323798050598,0.821802450632914,0.8206730318635869,0.0011294187693271507,44,40,6,1,strongnative_1node_int_20260704012008_c2,7.076891258009709,23,72,4,3,synthetic,"0,1,2",,1,21,1,,4,chordal,7,tfim,auto,6,4,data/raw/perlmutter/practical_suite_sweep/practical_strongnative_1node_int_20260704012008_c2_sim_tfim_6q_4steps_seed23.json,ok,0.03,0.06666666666666667,speed-limited,quality_ok_runtime_dominates
practical_strongnative_1node_int_20260704012008_c2_sim_tfim_6q_8steps_seed17.json,simulation,hamiltonian_simulation,absolute_observable_error,0.0027474710368551314,exact_dense_eigendecomposition_numpy,,0,7.466102876001969,2717.4455256671163,0.821802450632914,0.8215212314654883,0.00028121916742573916,88,80,6,1,strongnative_1node_int_20260704012008_c2,7.480640955036506,17,72,4,3,synthetic,"0,1,2",,1,21,1,,4,chordal,7,tfim,auto,6,8,data/raw/perlmutter/practical_suite_sweep/practical_strongnative_1node_int_20260704012008_c2_sim_tfim_6q_8steps_seed17.json,ok,0.03,0.034482758620689655,speed-limited,quality_ok_runtime_dominates
practical_strongnative_1node_int_20260704012008_c3_chem_4q_grid9_seed17.json,chemistry,chemistry_vqe,absolute_energy_error,0.00017632002709433436,exact_diagonalization_numpy,,0,6.545382609998342,37122.17334504177,-1.705732892552902,-0.9019600519043551,0.8037728406485469,168,63,84,21,strongnative_1node_int_20260704012008_c3,6.558287514024414,17,72,4,3,synthetic,"0,1,2",,1,9,1,benchmarks/workloads/hamiltonians/molecular_chain_4q.json,4,chordal,7,tfim,auto,4,4,data/raw/perlmutter/practical_suite_sweep/practical_strongnative_1node_int_20260704012008_c3_chem_4q_grid9_seed17.json,ok,0.02,0.26666666666666666,quality-limited,quality_gap>0.02
practical_strongnative_1node_int_20260704012008_c3_chem_h2_grid25_seed23.json,chemistry,chemistry_vqe,absolute_energy_error,0.0001580860116519034,exact_diagonalization_numpy,,0,6.763249061012175,42782.084197964796,-1.85727503020238,-1.8566776536800178,0.0005973765223621363,2712,678,1356,678,strongnative_1node_int_20260704012008_c3,6.770254704984836,23,72,4,3,synthetic,"0,1,2",,1,25,1,,4,chordal,7,tfim,auto,4,4,data/raw/perlmutter/practical_suite_sweep/practical_strongnative_1node_int_20260704012008_c3_chem_h2_grid25_seed23.json,ok,0.02,0.2857142857142857,speed-limited,quality_ok_runtime_dominates
practical_strongnative_1node_int_20260704012008_c3_ml_digits_c0v1v2_128s_4q_d2_seed23.json,ml,multiclass_ml,test_accuracy,0.00013484101509675384,nearest_centroid_numpy,nearest_centroid_numpy,6,6.86118136899313,50883.48944918545,1.0,0.59375,0.40625,2048,768,512,128,strongnative_1node_int_20260704012008_c3,6.954702636983711,23,128,4,3,digits,"0,1,2",sklearn_digits,2,21,1,,4,chordal,7,tfim,auto,4,4,data/raw/perlmutter/practical_suite_sweep/practical_strongnative_1node_int_20260704012008_c3_ml_digits_c0v1v2_128s_4q_d2_seed23.json,ok,0.02,0.15384615384615385,quality-limited,quality_gap>0.02
practical_strongnative_1node_int_20260704012008_c3_ml_digits_c0v1v2_128s_6q_d2_seed17.json,ml,multiclass_ml,test_accuracy,0.00015835597878322005,nearest_centroid_numpy,nearest_centroid_numpy,6,19.759556195000187,124779.35059243863,1.0,0.65625,0.34375,3072,1280,768,128,strongnative_1node_int_20260704012008_c3,19.99029361002613,17,128,6,3,digits,"0,1,2",sklearn_digits,2,21,1,,4,chordal,7,tfim,auto,4,4,data/raw/perlmutter/practical_suite_sweep/practical_strongnative_1node_int_20260704012008_c3_ml_digits_c0v1v2_128s_6q_d2_seed17.json,ok,0.02,0.15,quality-limited,quality_gap>0.02
practical_strongnative_1node_int_20260704012008_c3_ml_digits_c0v1v2_128s_8q_d2_seed23.json,ml,multiclass_ml,test_accuracy,0.0008219600422307849,knn_numpy,knn_numpy,6,7.351476130017545,8943.836381712388,1.0,0.625,0.375,4096,1792,1024,128,strongnative_1node_int_20260704012008_c3,7.443231992947403,23,128,8,3,digits,"0,1,2",sklearn_digits,2,21,1,,4,chordal,7,tfim,auto,4,4,data/raw/perlmutter/practical_suite_sweep/practical_strongnative_1node_int_20260704012008_c3_ml_digits_c0v1v2_128s_8q_d2_seed23.json,ok,0.02,0.14814814814814814,quality-limited,quality_gap>0.02
practical_strongnative_1node_int_20260704012008_c3_ml_digits_c0v1v2_192s_4q_d2_seed17.json,ml,multiclass_ml,test_accuracy,0.023751561995595694,softmax_regression_numpy,softmax_regression_numpy,6,7.819502261001617,329.22054820864435,1.0,0.7083333333333334,0.29166666666666663,3072,1152,768,192,strongnative_1node_int_20260704012008_c3,7.982984736969229,17,192,4,3,digits,"0,1,2",sklearn_digits,2,21,1,,4,chordal,7,tfim,auto,4,4,data/raw/perlmutter/practical_suite_sweep/practical_strongnative_1node_int_20260704012008_c3_ml_digits_c0v1v2_192s_4q_d2_seed17.json,ok,0.02,0.15384615384615385,quality-limited,quality_gap>0.02
practical_strongnative_1node_int_20260704012008_c3_ml_digits_c0v1v2_192s_6q_d2_seed23.json,ml,multiclass_ml,test_accuracy,0.00014988996554166079,linear_ridge_numpy,linear_ridge_numpy,6,6.699264772993047,44694.55142499874,0.9791666666666666,0.7083333333333334,0.27083333333333326,4608,1920,1152,192,strongnative_1node_int_20260704012008_c3,6.808022728015203,23,192,6,3,digits,"0,1,2",sklearn_digits,2,21,1,,4,chordal,7,tfim,auto,4,4,data/raw/perlmutter/practical_suite_sweep/practical_strongnative_1node_int_20260704012008_c3_ml_digits_c0v1v2_192s_6q_d2_seed23.json,ok,0.02,0.15,quality-limited,quality_gap>0.02
practical_strongnative_1node_int_20260704012008_c3_ml_digits_c0v1v2_192s_8q_d2_seed17.json,ml,multiclass_ml,test_accuracy,0.00018447701586410403,nearest_centroid_numpy,nearest_centroid_numpy,6,7.1118772240006365,38551.56259270607,1.0,0.6875,0.3125,6144,2688,1536,192,strongnative_1node_int_20260704012008_c3,7.219934948021546,17,192,8,3,digits,"0,1,2",sklearn_digits,2,21,1,,4,chordal,7,tfim,auto,4,4,data/raw/perlmutter/practical_suite_sweep/practical_strongnative_1node_int_20260704012008_c3_ml_digits_c0v1v2_192s_8q_d2_seed17.json,ok,0.02,0.14814814814814814,quality-limited,quality_gap>0.02
practical_strongnative_1node_int_20260704012008_c3_ml_digits_c0v1v2_256s_4q_d2_seed23.json,ml,multiclass_ml,test_accuracy,0.0021447379840537906,knn_numpy,knn_numpy,6,7.496284349996131,3495.1982040376465,1.0,0.671875,0.328125,4096,1536,1024,256,strongnative_1node_int_20260704012008_c3,7.625434407033026,23,256,4,3,digits,"0,1,2",sklearn_digits,2,21,1,,4,chordal,7,tfim,auto,4,4,data/raw/perlmutter/practical_suite_sweep/practical_strongnative_1node_int_20260704012008_c3_ml_digits_c0v1v2_256s_4q_d2_seed23.json,ok,0.02,0.15384615384615385,quality-limited,quality_gap>0.02
practical_strongnative_1node_int_20260704012008_c3_ml_digits_c0v1v2_256s_6q_d2_seed17.json,ml,multiclass_ml,test_accuracy,0.00015474000247195363,nearest_centroid_numpy,nearest_centroid_numpy,6,7.339326229004655,47430.051129376814,1.0,0.6875,0.3125,6144,2560,1536,256,strongnative_1node_int_20260704012008_c3,7.466536811029073,17,256,6,3,digits,"0,1,2",sklearn_digits,2,21,1,,4,chordal,7,tfim,auto,4,4,data/raw/perlmutter/practical_suite_sweep/practical_strongnative_1node_int_20260704012008_c3_ml_digits_c0v1v2_256s_6q_d2_seed17.json,ok,0.02,0.15,quality-limited,quality_gap>0.02
practical_strongnative_1node_int_20260704012008_c3_ml_digits_c0v1v2_256s_8q_d2_seed23.json,ml,multiclass_ml,test_accuracy,0.0021383550483733416,knn_numpy,knn_numpy,6,21.209903659997508,9918.794204045767,1.0,0.703125,0.296875,8192,3584,2048,256,strongnative_1node_int_20260704012008_c3,21.335915938951075,23,256,8,3,digits,"0,1,2",sklearn_digits,2,21,1,,4,chordal,7,tfim,auto,4,4,data/raw/perlmutter/practical_suite_sweep/practical_strongnative_1node_int_20260704012008_c3_ml_digits_c0v1v2_256s_8q_d2_seed23.json,ok,0.02,0.14814814814814814,quality-limited,quality_gap>0.02
practical_strongnative_1node_int_20260704012008_c3_ml_digits_c0v1v2v3_128s_4q_d2_seed23.json,ml,multiclass_ml,test_accuracy,0.009761705005075783,softmax_regression_numpy,softmax_regression_numpy,6,6.585886451008264,674.6655883970892,0.9375,0.78125,0.15625,2048,768,512,128,strongnative_1node_int_20260704012008_c3,6.673650804965291,23,128,4,4,digits,"0,1,2,3",sklearn_digits,2,21,1,,4,chordal,7,tfim,auto,4,4,data/raw/perlmutter/practical_suite_sweep/practical_strongnative_1node_int_20260704012008_c3_ml_digits_c0v1v2v3_128s_4q_d2_seed23.json,ok,0.02,0.15384615384615385,quality-limited,quality_gap>0.02
practical_strongnative_1node_int_20260704012008_c3_ml_digits_c0v1v2v3_128s_6q_d2_seed17.json,ml,multiclass_ml,test_accuracy,0.0008517270325683057,knn_numpy,knn_numpy,6,6.73135681101121,7903.1855907090485,1.0,0.65625,0.34375,3072,1280,768,128,strongnative_1node_int_20260704012008_c3,6.829807269037701,17,128,6,4,digits,"0,1,2,3",sklearn_digits,2,21,1,,4,chordal,7,tfim,auto,4,4,data/raw/perlmutter/practical_suite_sweep/practical_strongnative_1node_int_20260704012008_c3_ml_digits_c0v1v2v3_128s_6q_d2_seed17.json,ok,0.02,0.15,quality-limited,quality_gap>0.02
practical_strongnative_1node_int_20260704012008_c3_ml_digits_c0v1v2v3_128s_8q_d2_seed23.json,ml,multiclass_ml,test_accuracy,0.009994425985496491,softmax_regression_numpy,softmax_regression_numpy,6,6.650091059971601,665.3799897684914,0.96875,0.78125,0.1875,4096,1792,1024,128,strongnative_1node_int_20260704012008_c3,6.74903817899758,23,128,8,4,digits,"0,1,2,3",sklearn_digits,2,21,1,,4,chordal,7,tfim,auto,4,4,data/raw/perlmutter/practical_suite_sweep/practical_strongnative_1node_int_20260704012008_c3_ml_digits_c0v1v2v3_128s_8q_d2_seed23.json,ok,0.02,0.14814814814814814,quality-limited,quality_gap>0.02
practical_strongnative_1node_int_20260704012008_c3_ml_digits_c0v1v2v3_192s_4q_d2_seed17.json,ml,multiclass_ml,test_accuracy,0.012122132000513375,rbf_kernel_ridge_numpy,rbf_kernel_ridge_numpy,6,6.9667706019827165,574.714959520955,0.9166666666666666,0.6875,0.22916666666666663,3072,1152,768,192,strongnative_1node_int_20260704012008_c3,7.072276535036508,17,192,4,4,digits,"0,1,2,3",sklearn_digits,2,21,1,,4,chordal,7,tfim,auto,4,4,data/raw/perlmutter/practical_suite_sweep/practical_strongnative_1node_int_20260704012008_c3_ml_digits_c0v1v2v3_192s_4q_d2_seed17.json,ok,0.02,0.15384615384615385,quality-limited,quality_gap>0.02
practical_strongnative_1node_int_20260704012008_c3_ml_digits_c0v1v2v3_192s_6q_d2_seed23.json,ml,multiclass_ml,test_accuracy,0.012197235017083585,softmax_regression_numpy,softmax_regression_numpy,6,6.991424156993162,573.1974621462073,1.0,0.7708333333333334,0.22916666666666663,4608,1920,1152,192,strongnative_1node_int_20260704012008_c3,7.098393929016311,23,192,6,4,digits,"0,1,2,3",sklearn_digits,2,21,1,,4,chordal,7,tfim,auto,4,4,data/raw/perlmutter/practical_suite_sweep/practical_strongnative_1node_int_20260704012008_c3_ml_digits_c0v1v2v3_192s_6q_d2_seed23.json,ok,0.02,0.15,quality-limited,quality_gap>0.02
practical_strongnative_1node_int_20260704012008_c3_ml_digits_c0v1v2v3_192s_8q_d2_seed17.json,ml,multiclass_ml,test_accuracy,0.001572601031512022,knn_numpy,knn_numpy,6,7.865777008992154,5001.762590368759,1.0,0.625,0.375,6144,2688,1536,192,strongnative_1node_int_20260704012008_c3,7.97647253703326,17,192,8,4,digits,"0,1,2,3",sklearn_digits,2,21,1,,4,chordal,7,tfim,auto,4,4,data/raw/perlmutter/practical_suite_sweep/practical_strongnative_1node_int_20260704012008_c3_ml_digits_c0v1v2v3_192s_8q_d2_seed17.json,ok,0.02,0.14814814814814814,quality-limited,quality_gap>0.02
practical_strongnative_1node_int_20260704012008_c3_ml_digits_c0v1v2v3_256s_4q_d2_seed23.json,ml,multiclass_ml,test_accuracy,0.0021389959729276597,knn_numpy,knn_numpy,6,6.533701392996591,3054.564606801884,0.9375,0.71875,0.21875,4096,1536,1024,256,strongnative_1node_int_20260704012008_c3,6.65485589299351,23,256,4,4,digits,"0,1,2,3",sklearn_digits,2,21,1,,4,chordal,7,tfim,auto,4,4,data/raw/perlmutter/practical_suite_sweep/practical_strongnative_1node_int_20260704012008_c3_ml_digits_c0v1v2v3_256s_4q_d2_seed23.json,ok,0.02,0.15384615384615385,quality-limited,quality_gap>0.02
practical_strongnative_1node_int_20260704012008_c3_ml_digits_c0v1v2v3_256s_6q_d2_seed17.json,ml,multiclass_ml,test_accuracy,0.00017375603783875704,linear_ridge_numpy,linear_ridge_numpy,6,7.139276557019912,41087.933667347155,1.0,0.5625,0.4375,6144,2560,1536,256,strongnative_1node_int_20260704012008_c3,7.265955833019689,17,256,6,4,digits,"0,1,2,3",sklearn_digits,2,21,1,,4,chordal,7,tfim,auto,4,4,data/raw/perlmutter/practical_suite_sweep/practical_strongnative_1node_int_20260704012008_c3_ml_digits_c0v1v2v3_256s_6q_d2_seed17.json,ok,0.02,0.15,quality-limited,quality_gap>0.02
practical_strongnative_1node_int_20260704012008_c3_ml_digits_c0v1v2v3_256s_8q_d2_seed23.json,ml,multiclass_ml,test_accuracy,0.013772601028904319,rbf_kernel_ridge_numpy,rbf_kernel_ridge_numpy,6,6.751424663001671,490.2069441227967,1.0,0.625,0.375,8192,3584,2048,256,strongnative_1node_int_20260704012008_c3,6.875227684970014,23,256,8,4,digits,"0,1,2,3",sklearn_digits,2,21,1,,4,chordal,7,tfim,auto,4,4,data/raw/perlmutter/practical_suite_sweep/practical_strongnative_1node_int_20260704012008_c3_ml_digits_c0v1v2v3_256s_8q_d2_seed23.json,ok,0.02,0.14814814814814814,quality-limited,quality_gap>0.02
practical_strongnative_1node_int_20260704012008_c3_ml_digits_c3v5v8_128s_4q_d2_seed17.json,ml,multiclass_ml,test_accuracy,0.009510711999610066,softmax_regression_numpy,softmax_regression_numpy,6,6.982621408009436,734.1849283519172,0.96875,0.71875,0.25,2048,768,512,128,strongnative_1node_int_20260704012008_c3,7.076091410999652,17,128,4,3,digits,"3,5,8",sklearn_digits,2,21,1,,4,chordal,7,tfim,auto,4,4,data/raw/perlmutter/practical_suite_sweep/practical_strongnative_1node_int_20260704012008_c3_ml_digits_c3v5v8_128s_4q_d2_seed17.json,ok,0.02,0.15384615384615385,quality-limited,quality_gap>0.02
practical_strongnative_1node_int_20260704012008_c3_ml_digits_c3v5v8_128s_6q_d2_seed23.json,ml,multiclass_ml,test_accuracy,0.00014259503223001957,nearest_centroid_numpy,nearest_centroid_numpy,6,6.120529078994878,42922.45657704171,1.0,0.6875,0.3125,3072,1280,768,128,strongnative_1node_int_20260704012008_c3,6.21644043904962,23,128,6,3,digits,"3,5,8",sklearn_digits,2,21,1,,4,chordal,7,tfim,auto,4,4,data/raw/perlmutter/practical_suite_sweep/practical_strongnative_1node_int_20260704012008_c3_ml_digits_c3v5v8_128s_6q_d2_seed23.json,ok,0.02,0.15,quality-limited,quality_gap>0.02
practical_strongnative_1node_int_20260704012008_c3_ml_digits_c3v5v8_128s_8q_d2_seed17.json,ml,multiclass_ml,test_accuracy,0.00016569998115301132,linear_ridge_numpy,linear_ridge_numpy,6,6.844587644969579,41307.11178928333,1.0,0.6875,0.3125,4096,1792,1024,128,strongnative_1node_int_20260704012008_c3,6.937860838021152,17,128,8,3,digits,"3,5,8",sklearn_digits,2,21,1,,4,chordal,7,tfim,auto,4,4,data/raw/perlmutter/practical_suite_sweep/practical_strongnative_1node_int_20260704012008_c3_ml_digits_c3v5v8_128s_8q_d2_seed17.json,ok,0.02,0.14814814814814814,quality-limited,quality_gap>0.02
practical_strongnative_1node_int_20260704012008_c3_ml_digits_c3v5v8_192s_4q_d2_seed23.json,ml,multiclass_ml,test_accuracy,0.013273557997308671,rbf_kernel_ridge_numpy,rbf_kernel_ridge_numpy,6,6.536799192021135,492.4677462777145,1.0,0.625,0.375,3072,1152,768,192,strongnative_1node_int_20260704012008_c3,6.644208727986552,23,192,4,3,digits,"3,5,8",sklearn_digits,2,21,1,,4,chordal,7,tfim,auto,4,4,data/raw/perlmutter/practical_suite_sweep/practical_strongnative_1node_int_20260704012008_c3_ml_digits_c3v5v8_192s_4q_d2_seed23.json,ok,0.02,0.15384615384615385,quality-limited,quality_gap>0.02
practical_strongnative_1node_int_20260704012008_c3_ml_digits_c3v5v8_192s_6q_d2_seed17.json,ml,multiclass_ml,test_accuracy,0.013027783017605543,rbf_kernel_ridge_numpy,rbf_kernel_ridge_numpy,6,7.030151871964335,539.6276451997932,1.0,0.6666666666666666,0.33333333333333337,4608,1920,1152,192,strongnative_1node_int_20260704012008_c3,7.1376959520275705,17,192,6,3,digits,"3,5,8",sklearn_digits,2,21,1,,4,chordal,7,tfim,auto,4,4,data/raw/perlmutter/practical_suite_sweep/practical_strongnative_1node_int_20260704012008_c3_ml_digits_c3v5v8_192s_6q_d2_seed17.json,ok,0.02,0.15,quality-limited,quality_gap>0.02
practical_strongnative_1node_int_20260704012008_c3_ml_digits_c3v5v8_192s_8q_d2_seed23.json,ml,multiclass_ml,test_accuracy,0.011786552029661834,softmax_regression_numpy,softmax_regression_numpy,6,7.128969265962951,604.839247985527,1.0,0.7083333333333334,0.29166666666666663,6144,2688,1536,192,strongnative_1node_int_20260704012008_c3,7.2398598630097695,23,192,8,3,digits,"3,5,8",sklearn_digits,2,21,1,,4,chordal,7,tfim,auto,4,4,data/raw/perlmutter/practical_suite_sweep/practical_strongnative_1node_int_20260704012008_c3_ml_digits_c3v5v8_192s_8q_d2_seed23.json,ok,0.02,0.14814814814814814,quality-limited,quality_gap>0.02
practical_strongnative_1node_int_20260704012008_c3_ml_digits_c3v5v8_256s_4q_d2_seed17.json,ml,multiclass_ml,test_accuracy,0.00212751398794353,knn_numpy,knn_numpy,6,6.6567083789850585,3128.867032935224,0.984375,0.71875,0.265625,4096,1536,1024,256,strongnative_1node_int_20260704012008_c3,6.78091901098378,17,256,4,3,digits,"3,5,8",sklearn_digits,2,21,1,,4,chordal,7,tfim,auto,4,4,data/raw/perlmutter/practical_suite_sweep/practical_strongnative_1node_int_20260704012008_c3_ml_digits_c3v5v8_256s_4q_d2_seed17.json,ok,0.02,0.15384615384615385,quality-limited,quality_gap>0.02
practical_strongnative_1node_int_20260704012008_c3_ml_digits_c3v5v8_256s_6q_d2_seed23.json,ml,multiclass_ml,test_accuracy,0.014746553963050246,rbf_kernel_ridge_numpy,rbf_kernel_ridge_numpy,6,7.2504472470027395,491.6706143801357,1.0,0.734375,0.265625,6144,2560,1536,256,strongnative_1node_int_20260704012008_c3,7.3793769720359705,23,256,6,3,digits,"3,5,8",sklearn_digits,2,21,1,,4,chordal,7,tfim,auto,4,4,data/raw/perlmutter/practical_suite_sweep/practical_strongnative_1node_int_20260704012008_c3_ml_digits_c3v5v8_256s_6q_d2_seed23.json,ok,0.02,0.15,quality-limited,quality_gap>0.02
practical_strongnative_1node_int_20260704012008_c3_ml_digits_c3v5v8_256s_8q_d2_seed17.json,ml,multiclass_ml,test_accuracy,0.002142552984878421,knn_numpy,knn_numpy,6,7.155327474989463,3339.6268495994705,0.984375,0.71875,0.265625,8192,3584,2048,256,strongnative_1node_int_20260704012008_c3,7.310627176018897,17,256,8,3,digits,"3,5,8",sklearn_digits,2,21,1,,4,chordal,7,tfim,auto,4,4,data/raw/perlmutter/practical_suite_sweep/practical_strongnative_1node_int_20260704012008_c3_ml_digits_c3v5v8_256s_8q_d2_seed17.json,ok,0.02,0.14814814814814814,quality-limited,quality_gap>0.02
practical_strongnative_1node_int_20260704012008_c3_qaoa_chordal_4n_grid11_seed17.json,optimization,optimization_qaoa,approximation_ratio,1.833500573411584e-05,greedy_assignment_numpy,,4,6.843603527988307,373253.4162917906,4,3.229815686445298,0.19254607838867555,1573,1210,484,121,strongnative_1node_int_20260704012008_c3,6.868116609985009,17,72,4,3,synthetic,"0,1,2",,1,21,1,,4,chordal,11,tfim,auto,4,4,data/raw/perlmutter/practical_suite_sweep/practical_strongnative_1node_int_20260704012008_c3_qaoa_chordal_4n_grid11_seed17.json,ok,0.02,0.14814814814814814,quality-limited,quality_gap>0.02
practical_strongnative_1node_int_20260704012008_c3_qaoa_chordal_4n_grid7_seed23.json,optimization,optimization_qaoa,approximation_ratio,1.8274993635714054e-05,greedy_assignment_numpy,,4,7.006916509009898,383415.53757461096,4,3.2070111141556907,0.19824722146107732,637,490,196,49,strongnative_1node_int_20260704012008_c3,7.031683271983638,23,72,4,3,synthetic,"0,1,2",,1,21,1,,4,chordal,7,tfim,auto,4,4,data/raw/perlmutter/practical_suite_sweep/practical_strongnative_1node_int_20260704012008_c3_qaoa_chordal_4n_grid7_seed23.json,ok,0.02,0.14814814814814814,quality-limited,quality_gap>0.02
practical_strongnative_1node_int_20260704012008_c3_qaoa_chordal_5n_grid9_seed17.json,optimization,optimization_qaoa,approximation_ratio,6.0717982705682516e-05,exact_enumeration_numpy,,4,6.876998713007197,113261.31743114692,6,4.469198918953913,0.2551335135076811,1377,1134,405,81,strongnative_1node_int_20260704012008_c3,6.899291743000504,17,72,4,3,synthetic,"0,1,2",,1,21,1,,5,chordal,9,tfim,auto,4,4,data/raw/perlmutter/practical_suite_sweep/practical_strongnative_1node_int_20260704012008_c3_qaoa_chordal_5n_grid9_seed17.json,ok,0.02,0.1388888888888889,quality-limited,quality_gap>0.02
practical_strongnative_1node_int_20260704012008_c3_qaoa_ladder_4n_grid9_seed23.json,optimization,optimization_qaoa,approximation_ratio,1.654197694733739e-05,greedy_assignment_numpy,,4,6.8571952460333705,414532.9949294308,4,2.9999999999999982,0.25000000000000044,972,648,324,81,strongnative_1node_int_20260704012008_c3,6.879579761996865,23,72,4,3,synthetic,"0,1,2",,1,21,1,,4,ladder,9,tfim,auto,4,4,data/raw/perlmutter/practical_suite_sweep/practical_strongnative_1node_int_20260704012008_c3_qaoa_ladder_4n_grid9_seed23.json,ok,0.02,0.16666666666666666,quality-limited,quality_gap>0.02
practical_strongnative_1node_int_20260704012008_c3_qaoa_ladder_5n_grid11_seed17.json,optimization,optimization_qaoa,approximation_ratio,1.9547995179891586e-05,greedy_assignment_numpy,,4,7.30627675796859,373760.9248791062,5,3.5925466511522917,0.2814906697695416,1815,1210,605,121,strongnative_1node_int_20260704012008_c3,7.327508867019787,17,72,4,3,synthetic,"0,1,2",,1,21,1,,5,ladder,11,tfim,auto,4,4,data/raw/perlmutter/practical_suite_sweep/practical_strongnative_1node_int_20260704012008_c3_qaoa_ladder_5n_grid11_seed17.json,ok,0.02,0.16666666666666666,quality-limited,quality_gap>0.02
practical_strongnative_1node_int_20260704012008_c3_qaoa_ladder_5n_grid7_seed23.json,optimization,optimization_qaoa,approximation_ratio,2.0459992811083794e-05,greedy_assignment_numpy,,4,8.166209178976715,399130.5986458037,5,3.414322820287427,0.3171354359425146,735,490,245,49,strongnative_1node_int_20260704012008_c3,8.198901859985199,23,72,4,3,synthetic,"0,1,2",,1,21,1,,5,ladder,7,tfim,auto,4,4,data/raw/perlmutter/practical_suite_sweep/practical_strongnative_1node_int_20260704012008_c3_qaoa_ladder_5n_grid7_seed23.json,ok,0.02,0.16666666666666666,quality-limited,quality_gap>0.02
practical_strongnative_1node_int_20260704012008_c3_qaoa_ring_4n_grid9_seed17.json,optimization,optimization_qaoa,approximation_ratio,1.684296876192093e-05,greedy_assignment_numpy,,4,6.49166282301303,385422.7194014377,4,2.999999999999998,0.25000000000000056,972,648,324,81,strongnative_1node_int_20260704012008_c3,6.51381631399272,17,72,4,3,synthetic,"0,1,2",,1,21,1,,4,ring,9,tfim,auto,4,4,data/raw/perlmutter/practical_suite_sweep/practical_strongnative_1node_int_20260704012008_c3_qaoa_ring_4n_grid9_seed17.json,ok,0.02,0.16666666666666666,quality-limited,quality_gap>0.02
practical_strongnative_1node_int_20260704012008_c3_qaoa_ring_5n_grid11_seed23.json,optimization,optimization_qaoa,approximation_ratio,1.932698069140315e-05,greedy_assignment_numpy,,4,7.107085631985683,367728.707627208,4,3.63063562148434,0.09234109462891504,1815,1210,605,121,strongnative_1node_int_20260704012008_c3,7.12913113302784,23,72,4,3,synthetic,"0,1,2",,1,21,1,,5,ring,11,tfim,auto,4,4,data/raw/perlmutter/practical_suite_sweep/practical_strongnative_1node_int_20260704012008_c3_qaoa_ring_5n_grid11_seed23.json,ok,0.02,0.16666666666666666,quality-limited,quality_gap>0.02
practical_strongnative_1node_int_20260704012008_c3_qaoa_ring_5n_grid7_seed17.json,optimization,optimization_qaoa,approximation_ratio,2.1040032152086496e-05,greedy_assignment_numpy,,4,6.761723976000212,321374.2225830993,4,3.4375,0.140625,735,490,245,49,strongnative_1node_int_20260704012008_c3,6.787911797000561,17,72,4,3,synthetic,"0,1,2",,1,21,1,,5,ring,7,tfim,auto,4,4,data/raw/perlmutter/practical_suite_sweep/practical_strongnative_1node_int_20260704012008_c3_qaoa_ring_5n_grid7_seed17.json,ok,0.02,0.16666666666666666,quality-limited,quality_gap>0.02
practical_strongnative_1node_int_20260704012008_c3_sim_heisenberg_4q_4steps_seed17.json,simulation,hamiltonian_simulation,absolute_observable_error,0.0004521440132521093,exact_dense_eigendecomposition_numpy,,0,7.3708496449980885,16301.99544605759,0.05328055679997454,-0.13193164268309854,0.18521219948307308,150,72,4,1,strongnative_1node_int_20260704012008_c3,7.378410878998693,17,72,4,3,synthetic,"0,1,2",,1,21,1,,4,chordal,7,heisenberg,auto,4,4,data/raw/perlmutter/practical_suite_sweep/practical_strongnative_1node_int_20260704012008_c3_sim_heisenberg_4q_4steps_seed17.json,ok,0.03,0.017699115044247787,quality-limited,quality_gap>0.03
practical_strongnative_1node_int_20260704012008_c3_sim_heisenberg_4q_8steps_seed23.json,simulation,hamiltonian_simulation,absolute_observable_error,0.0004501300281845033,exact_dense_eigendecomposition_numpy,,0,7.30196326400619,16221.89768911217,0.05328055679997454,-0.08404486766654973,0.13732542446652427,298,144,4,1,strongnative_1node_int_20260704012008_c3,7.313275796012022,23,72,4,3,synthetic,"0,1,2",,1,21,1,,4,chordal,7,heisenberg,auto,4,8,data/raw/perlmutter/practical_suite_sweep/practical_strongnative_1node_int_20260704012008_c3_sim_heisenberg_4q_8steps_seed23.json,ok,0.03,0.008968609865470852,quality-limited,quality_gap>0.03
practical_strongnative_1node_int_20260704012008_c3_sim_heisenberg_5q_6steps_seed17.json,simulation,hamiltonian_simulation,absolute_observable_error,0.0006709870067425072,exact_dense_eigendecomposition_numpy,,0,7.305552490986884,10887.770430091809,-0.025259172203497292,-0.09172767502661766,0.06646850282312036,296,144,5,1,strongnative_1node_int_20260704012008_c3,7.321644393028691,17,72,4,3,synthetic,"0,1,2",,1,21,1,,4,chordal,7,heisenberg,auto,5,6,data/raw/perlmutter/practical_suite_sweep/practical_strongnative_1node_int_20260704012008_c3_sim_heisenberg_5q_6steps_seed17.json,ok,0.03,0.011235955056179775,quality-limited,quality_gap>0.03
practical_strongnative_1node_int_20260704012008_c3_sim_heisenberg_6q_4steps_seed23.json,simulation,hamiltonian_simulation,absolute_observable_error,0.0025704919826239347,exact_dense_eigendecomposition_numpy,,0,6.9053730519954115,2686.4013187648497,0.028435823107617414,-0.1300351892248902,0.15847101233250763,247,120,6,1,strongnative_1node_int_20260704012008_c3,6.921101923973765,23,72,4,3,synthetic,"0,1,2",,1,21,1,,4,chordal,7,heisenberg,auto,6,4,data/raw/perlmutter/practical_suite_sweep/practical_strongnative_1node_int_20260704012008_c3_sim_heisenberg_6q_4steps_seed23.json,ok,0.03,0.0160857908847185,quality-limited,quality_gap>0.03
practical_strongnative_1node_int_20260704012008_c3_sim_heisenberg_6q_8steps_seed17.json,simulation,hamiltonian_simulation,absolute_observable_error,0.004271676007192582,exact_dense_eigendecomposition_numpy,,0,7.330231590021867,1716.0083249945308,0.028435823107617414,-0.07454781296089058,0.102983636068508,491,240,6,1,strongnative_1node_int_20260704012008_c3,7.344185879977886,17,72,4,3,synthetic,"0,1,2",,1,21,1,,4,chordal,7,heisenberg,auto,6,8,data/raw/perlmutter/practical_suite_sweep/practical_strongnative_1node_int_20260704012008_c3_sim_heisenberg_6q_8steps_seed17.json,ok,0.03,0.008141112618724558,quality-limited,quality_gap>0.03
practical_strongnative_1node_int_20260704012008_c3_sim_tfim_4q_6steps_seed17.json,simulation,hamiltonian_simulation,absolute_observable_error,0.00048568903002887964,exact_dense_eigendecomposition_numpy,,0,6.981942782993428,14375.335556947362,0.8218024506329117,0.8213019840508518,0.000500466582059933,42,36,4,1,strongnative_1node_int_20260704012008_c3,6.992549393035006,17,72,4,3,synthetic,"0,1,2",,1,21,1,,4,chordal,7,tfim,auto,4,6,data/raw/perlmutter/practical_suite_sweep/practical_strongnative_1node_int_20260704012008_c3_sim_tfim_4q_6steps_seed17.json,ok,0.03,0.04878048780487805,speed-limited,quality_ok_runtime_dominates
practical_strongnative_1node_int_20260704012008_c3_sim_tfim_5q_4steps_seed23.json,simulation,hamiltonian_simulation,absolute_observable_error,0.0007394190179184079,exact_dense_eigendecomposition_numpy,,0,6.722392507013865,9091.451996918553,0.8218024506329158,0.8206730318635854,0.0011294187693303703,36,32,5,1,strongnative_1node_int_20260704012008_c3,6.737236518005375,23,72,4,3,synthetic,"0,1,2",,1,21,1,,4,chordal,7,tfim,auto,5,4,data/raw/perlmutter/practical_suite_sweep/practical_strongnative_1node_int_20260704012008_c3_sim_tfim_5q_4steps_seed23.json,ok,0.03,0.0684931506849315,speed-limited,quality_ok_runtime_dominates
practical_strongnative_1node_int_20260704012008_c3_sim_tfim_5q_8steps_seed17.json,simulation,hamiltonian_simulation,absolute_observable_error,0.0007181279943324625,exact_dense_eigendecomposition_numpy,,0,7.11534106003819,9908.179483592296,0.8218024506329158,0.8215212314654874,0.0002812191674284037,72,64,5,1,strongnative_1node_int_20260704012008_c3,7.132174594968092,17,72,4,3,synthetic,"0,1,2",,1,21,1,,4,chordal,7,tfim,auto,5,8,data/raw/perlmutter/practical_suite_sweep/practical_strongnative_1node_int_20260704012008_c3_sim_tfim_5q_8steps_seed17.json,ok,0.03,0.03546099290780142,speed-limited,quality_ok_runtime_dominates
practical_strongnative_1node_int_20260704012008_c3_sim_tfim_6q_6steps_seed23.json,simulation,hamiltonian_simulation,absolute_observable_error,0.002743512042798102,exact_dense_eigendecomposition_numpy,,0,6.937398020003457,2528.6559387317357,0.821802450632914,0.8213019840508512,0.0005004665820628196,66,60,6,1,strongnative_1node_int_20260704012008_c3,6.953694796946365,23,72,4,3,synthetic,"0,1,2",,1,21,1,,4,chordal,7,tfim,auto,6,6,data/raw/perlmutter/practical_suite_sweep/practical_strongnative_1node_int_20260704012008_c3_sim_tfim_6q_6steps_seed23.json,ok,0.03,0.045454545454545456,speed-limited,quality_ok_runtime_dominates
