file,workload,family,quality_metric,native_runtime_sec,native_selected_model,native_best_quality_model,native_model_count,quantum_runtime_sec,speedup_required,native_quality,quantum_quality,quality_gap,one_qubit_gates,two_qubit_gates,measurement_ops,circuit_evaluations,slurm_job_id,total_runtime_sec,seed,ml_samples,ml_features,ml_classes,ml_dataset,digits_classes,dataset_name,ml_depth,chem_grid,chem_layers,chem_hamiltonian_json,opt_nodes,opt_graph,opt_grid,sim_model,sim_initial_state,sim_qubits,sim_steps,path,status
practical_strongnative_4node_large128c0c15_20260704024223_c0_chem_h2_l1_grid17_r0_seed17.json,chemistry,chemistry_vqe,absolute_energy_error,0.0001510139845777303,exact_diagonalization_numpy,,0,7.681358478992479,50865.21291701108,-1.85727503020238,-1.8456249981377126,0.011650032064667304,1304,326,652,326,strongnative_4node_large128c0c15_20260704024223_c0,7.698528122011339,17,72,4,3,synthetic,"0,1,2",,1,17,1,,4,chordal,7,tfim,auto,4,4,data/raw/perlmutter/practical_suite_sweep/practical_strongnative_4node_large128c0c15_20260704024223_c0_chem_h2_l1_grid17_r0_seed17.json,ok
practical_strongnative_4node_large128c0c15_20260704024223_c0_chem_h2_l1_grid25_r2_seed2023.json,chemistry,chemistry_vqe,absolute_energy_error,0.00016903699724934995,exact_diagonalization_numpy,,0,40.29197646200191,238361.88004787135,-1.85727503020238,-1.8566776536800178,0.0005973765223621363,2712,678,1356,678,strongnative_4node_large128c0c15_20260704024223_c0,40.50346412399085,2023,72,4,3,synthetic,"0,1,2",,1,25,1,,4,chordal,7,tfim,auto,4,4,data/raw/perlmutter/practical_suite_sweep/practical_strongnative_4node_large128c0c15_20260704024223_c0_chem_h2_l1_grid25_r2_seed2023.json,ok
practical_strongnative_4node_large128c0c15_20260704024223_c0_ml_digits_c0v1v2_128s_4q_d1_r0_seed17.json,ml,multiclass_ml,test_accuracy,0.00014533198555000126,linear_ridge_numpy,linear_ridge_numpy,6,11.18645018801908,76971.70134767338,1.0,0.6875,0.3125,1024,384,512,128,strongnative_4node_large128c0c15_20260704024223_c0,11.431921927985968,17,128,4,3,digits,"0,1,2",sklearn_digits,1,21,1,,4,chordal,7,tfim,auto,4,4,data/raw/perlmutter/practical_suite_sweep/practical_strongnative_4node_large128c0c15_20260704024223_c0_ml_digits_c0v1v2_128s_4q_d1_r0_seed17.json,ok
practical_strongnative_4node_large128c0c15_20260704024223_c0_ml_digits_c0v1v2_128s_4q_d1_r0_seed23.json,ml,multiclass_ml,test_accuracy,0.00013686501188203692,nearest_centroid_numpy,nearest_centroid_numpy,6,7.326299239008222,53529.38006773208,1.0,0.75,0.25,1024,384,512,128,strongnative_4node_large128c0c15_20260704024223_c0,7.430066762986826,23,128,4,3,digits,"0,1,2",sklearn_digits,1,21,1,,4,chordal,7,tfim,auto,4,4,data/raw/perlmutter/practical_suite_sweep/practical_strongnative_4node_large128c0c15_20260704024223_c0_ml_digits_c0v1v2_128s_4q_d1_r0_seed23.json,ok
practical_strongnative_4node_large128c0c15_20260704024223_c0_ml_digits_c0v1v2_128s_4q_d1_r0_seed31.json,ml,multiclass_ml,test_accuracy,0.00014664302580058575,linear_ridge_numpy,linear_ridge_numpy,6,7.505206494999584,51180.11207164825,1.0,0.8125,0.1875,1024,384,512,128,strongnative_4node_large128c0c15_20260704024223_c0,7.60119249499985,31,128,4,3,digits,"0,1,2",sklearn_digits,1,21,1,,4,chordal,7,tfim,auto,4,4,data/raw/perlmutter/practical_suite_sweep/practical_strongnative_4node_large128c0c15_20260704024223_c0_ml_digits_c0v1v2_128s_4q_d1_r0_seed31.json,ok
practical_strongnative_4node_large128c0c15_20260704024223_c0_ml_digits_c0v1v2_128s_4q_d1_r0_seed43.json,ml,multiclass_ml,test_accuracy,0.00014313802239485085,linear_ridge_numpy,linear_ridge_numpy,6,7.243908478005324,50607.85636693211,1.0,0.84375,0.15625,1024,384,512,128,strongnative_4node_large128c0c15_20260704024223_c0,7.347419529018225,43,128,4,3,digits,"0,1,2",sklearn_digits,1,21,1,,4,chordal,7,tfim,auto,4,4,data/raw/perlmutter/practical_suite_sweep/practical_strongnative_4node_large128c0c15_20260704024223_c0_ml_digits_c0v1v2_128s_4q_d1_r0_seed43.json,ok
practical_strongnative_4node_large128c0c15_20260704024223_c0_ml_digits_c0v1v2_128s_4q_d1_r1_seed1017.json,ml,multiclass_ml,test_accuracy,0.0001710520009510219,nearest_centroid_numpy,nearest_centroid_numpy,6,6.960264949011616,40690.92971911261,1.0,0.75,0.25,1024,384,512,128,strongnative_4node_large128c0c15_20260704024223_c0,7.0555394559924025,1017,128,4,3,digits,"0,1,2",sklearn_digits,1,21,1,,4,chordal,7,tfim,auto,4,4,data/raw/perlmutter/practical_suite_sweep/practical_strongnative_4node_large128c0c15_20260704024223_c0_ml_digits_c0v1v2_128s_4q_d1_r1_seed1017.json,ok
practical_strongnative_4node_large128c0c15_20260704024223_c0_ml_digits_c0v1v2_128s_4q_d1_r1_seed1023.json,ml,multiclass_ml,test_accuracy,0.012006873992504552,rbf_kernel_ridge_numpy,rbf_kernel_ridge_numpy,6,7.56694995201542,630.2181530962337,1.0,0.8125,0.1875,1024,384,512,128,strongnative_4node_large128c0c15_20260704024223_c0,7.6615754590020515,1023,128,4,3,digits,"0,1,2",sklearn_digits,1,21,1,,4,chordal,7,tfim,auto,4,4,data/raw/perlmutter/practical_suite_sweep/practical_strongnative_4node_large128c0c15_20260704024223_c0_ml_digits_c0v1v2_128s_4q_d1_r1_seed1023.json,ok
practical_strongnative_4node_large128c0c15_20260704024223_c0_ml_digits_c0v1v2_128s_4q_d1_r1_seed1031.json,ml,multiclass_ml,test_accuracy,0.0008076169760897756,knn_numpy,knn_numpy,6,7.113353115011705,8807.830104627441,1.0,0.78125,0.21875,1024,384,512,128,strongnative_4node_large128c0c15_20260704024223_c0,7.2113663670024835,1031,128,4,3,digits,"0,1,2",sklearn_digits,1,21,1,,4,chordal,7,tfim,auto,4,4,data/raw/perlmutter/practical_suite_sweep/practical_strongnative_4node_large128c0c15_20260704024223_c0_ml_digits_c0v1v2_128s_4q_d1_r1_seed1031.json,ok
practical_strongnative_4node_large128c0c15_20260704024223_c0_ml_digits_c0v1v2_128s_4q_d1_r1_seed1043.json,ml,multiclass_ml,test_accuracy,0.012184719002107158,rbf_kernel_ridge_numpy,rbf_kernel_ridge_numpy,6,7.226629330019932,593.0895352424786,1.0,0.90625,0.09375,1024,384,512,128,strongnative_4node_large128c0c15_20260704024223_c0,7.329703996016178,1043,128,4,3,digits,"0,1,2",sklearn_digits,1,21,1,,4,chordal,7,tfim,auto,4,4,data/raw/perlmutter/practical_suite_sweep/practical_strongnative_4node_large128c0c15_20260704024223_c0_ml_digits_c0v1v2_128s_4q_d1_r1_seed1043.json,ok
practical_strongnative_4node_large128c0c15_20260704024223_c0_ml_digits_c0v1v2_128s_4q_d1_r2_seed2017.json,ml,multiclass_ml,test_accuracy,0.00015176401939243078,linear_ridge_numpy,linear_ridge_numpy,6,7.018808445020113,46248.171820429365,1.0,0.78125,0.21875,1024,384,512,128,strongnative_4node_large128c0c15_20260704024223_c0,7.120659105014056,2017,128,4,3,digits,"0,1,2",sklearn_digits,1,21,1,,4,chordal,7,tfim,auto,4,4,data/raw/perlmutter/practical_suite_sweep/practical_strongnative_4node_large128c0c15_20260704024223_c0_ml_digits_c0v1v2_128s_4q_d1_r2_seed2017.json,ok
practical_strongnative_4node_large128c0c15_20260704024223_c0_ml_digits_c0v1v2_128s_4q_d1_r2_seed2023.json,ml,multiclass_ml,test_accuracy,0.0008270050166174769,knn_numpy,knn_numpy,6,7.301534311991418,8828.887570543808,1.0,0.6875,0.3125,1024,384,512,128,strongnative_4node_large128c0c15_20260704024223_c0,7.398494640015997,2023,128,4,3,digits,"0,1,2",sklearn_digits,1,21,1,,4,chordal,7,tfim,auto,4,4,data/raw/perlmutter/practical_suite_sweep/practical_strongnative_4node_large128c0c15_20260704024223_c0_ml_digits_c0v1v2_128s_4q_d1_r2_seed2023.json,ok
practical_strongnative_4node_large128c0c15_20260704024223_c0_ml_digits_c0v1v2_128s_4q_d1_r2_seed2031.json,ml,multiclass_ml,test_accuracy,0.0008125670137815177,knn_numpy,knn_numpy,6,7.340359350986546,9033.54335887454,1.0,0.8125,0.1875,1024,384,512,128,strongnative_4node_large128c0c15_20260704024223_c0,7.446542008023243,2031,128,4,3,digits,"0,1,2",sklearn_digits,1,21,1,,4,chordal,7,tfim,auto,4,4,data/raw/perlmutter/practical_suite_sweep/practical_strongnative_4node_large128c0c15_20260704024223_c0_ml_digits_c0v1v2_128s_4q_d1_r2_seed2031.json,ok
practical_strongnative_4node_large128c0c15_20260704024223_c0_ml_digits_c0v1v2_128s_4q_d1_r2_seed2043.json,ml,multiclass_ml,test_accuracy,0.00014004201511852443,linear_ridge_numpy,linear_ridge_numpy,6,7.0928613239957485,50648.09527335573,1.0,0.875,0.125,1024,384,512,128,strongnative_4node_large128c0c15_20260704024223_c0,7.193894302996341,2043,128,4,3,digits,"0,1,2",sklearn_digits,1,21,1,,4,chordal,7,tfim,auto,4,4,data/raw/perlmutter/practical_suite_sweep/practical_strongnative_4node_large128c0c15_20260704024223_c0_ml_digits_c0v1v2_128s_4q_d1_r2_seed2043.json,ok
practical_strongnative_4node_large128c0c15_20260704024223_c0_ml_digits_c0v1v2_128s_4q_d1_r3_seed3017.json,ml,multiclass_ml,test_accuracy,0.000810826983070001,knn_numpy,knn_numpy,6,6.745712881005602,8319.546613341092,1.0,0.75,0.25,1024,384,512,128,strongnative_4node_large128c0c15_20260704024223_c0,6.841126480023377,3017,128,4,3,digits,"0,1,2",sklearn_digits,1,21,1,,4,chordal,7,tfim,auto,4,4,data/raw/perlmutter/practical_suite_sweep/practical_strongnative_4node_large128c0c15_20260704024223_c0_ml_digits_c0v1v2_128s_4q_d1_r3_seed3017.json,ok
practical_strongnative_4node_large128c0c15_20260704024223_c0_ml_digits_c0v1v2_128s_4q_d1_r3_seed3023.json,ml,multiclass_ml,test_accuracy,0.00014234700938686728,linear_ridge_numpy,linear_ridge_numpy,6,6.709305458003655,47133.448654121465,1.0,0.65625,0.34375,1024,384,512,128,strongnative_4node_large128c0c15_20260704024223_c0,6.803995861002477,3023,128,4,3,digits,"0,1,2",sklearn_digits,1,21,1,,4,chordal,7,tfim,auto,4,4,data/raw/perlmutter/practical_suite_sweep/practical_strongnative_4node_large128c0c15_20260704024223_c0_ml_digits_c0v1v2_128s_4q_d1_r3_seed3023.json,ok
practical_strongnative_4node_large128c0c15_20260704024223_c0_ml_digits_c0v1v2_128s_4q_d1_r3_seed3031.json,ml,multiclass_ml,test_accuracy,0.0008346629911102355,knn_numpy,knn_numpy,6,7.335948819003534,8789.114765044927,1.0,0.78125,0.21875,1024,384,512,128,strongnative_4node_large128c0c15_20260704024223_c0,7.437154824001482,3031,128,4,3,digits,"0,1,2",sklearn_digits,1,21,1,,4,chordal,7,tfim,auto,4,4,data/raw/perlmutter/practical_suite_sweep/practical_strongnative_4node_large128c0c15_20260704024223_c0_ml_digits_c0v1v2_128s_4q_d1_r3_seed3031.json,ok
practical_strongnative_4node_large128c0c15_20260704024223_c0_ml_digits_c0v1v2_128s_4q_d1_r3_seed3043.json,ml,multiclass_ml,test_accuracy,0.00013965199468657374,nearest_centroid_numpy,nearest_centroid_numpy,6,7.0602559259859845,50556.06933385795,1.0,0.75,0.25,1024,384,512,128,strongnative_4node_large128c0c15_20260704024223_c0,7.1581206929986365,3043,128,4,3,digits,"0,1,2",sklearn_digits,1,21,1,,4,chordal,7,tfim,auto,4,4,data/raw/perlmutter/practical_suite_sweep/practical_strongnative_4node_large128c0c15_20260704024223_c0_ml_digits_c0v1v2_128s_4q_d1_r3_seed3043.json,ok
practical_strongnative_4node_large128c0c15_20260704024223_c0_qaoa_chordal_5n_grid7_r0_seed43.json,optimization,optimization_qaoa,approximation_ratio,6.275199120864272e-05,exact_enumeration_numpy,,4,7.422279977996368,118279.59296651148,6,4.521153579257492,0.2464744034570847,833,686,245,49,strongnative_4node_large128c0c15_20260704024223_c0,7.449485344986897,43,72,4,3,synthetic,"0,1,2",,1,21,1,,5,chordal,7,tfim,auto,4,4,data/raw/perlmutter/practical_suite_sweep/practical_strongnative_4node_large128c0c15_20260704024223_c0_qaoa_chordal_5n_grid7_r0_seed43.json,ok
practical_strongnative_4node_large128c0c15_20260704024223_c0_qaoa_chordal_5n_grid7_r2_seed2043.json,optimization,optimization_qaoa,approximation_ratio,6.223202217370272e-05,exact_enumeration_numpy,,4,7.200795476004714,115708.84609704267,6,4.521153579257492,0.2464744034570847,833,686,245,49,strongnative_4node_large128c0c15_20260704024223_c0,7.2260687009838875,2043,72,4,3,synthetic,"0,1,2",,1,21,1,,5,chordal,7,tfim,auto,4,4,data/raw/perlmutter/practical_suite_sweep/practical_strongnative_4node_large128c0c15_20260704024223_c0_qaoa_chordal_5n_grid7_r2_seed2043.json,ok
practical_strongnative_4node_large128c0c15_20260704024223_c0_qaoa_ladder_6n_grid7_r0_seed17.json,optimization,optimization_qaoa,approximation_ratio,2.3845990654081106e-05,greedy_assignment_numpy,,4,12.415603831992485,520657.91738736694,7,4.737139289628745,0.32326581576732216,931,686,294,49,strongnative_4node_large128c0c15_20260704024223_c0,12.439769090997288,17,72,4,3,synthetic,"0,1,2",,1,21,1,,6,ladder,7,tfim,auto,4,4,data/raw/perlmutter/practical_suite_sweep/practical_strongnative_4node_large128c0c15_20260704024223_c0_qaoa_ladder_6n_grid7_r0_seed17.json,ok
practical_strongnative_4node_large128c0c15_20260704024223_c0_qaoa_ladder_6n_grid7_r2_seed2017.json,optimization,optimization_qaoa,approximation_ratio,2.429698361083865e-05,greedy_assignment_numpy,,4,6.65818044700427,274033.21143263724,7,4.737139289628745,0.32326581576732216,931,686,294,49,strongnative_4node_large128c0c15_20260704024223_c0,6.688502004981274,2017,72,4,3,synthetic,"0,1,2",,1,21,1,,6,ladder,7,tfim,auto,4,4,data/raw/perlmutter/practical_suite_sweep/practical_strongnative_4node_large128c0c15_20260704024223_c0_qaoa_ladder_6n_grid7_r2_seed2017.json,ok
practical_strongnative_4node_large128c0c15_20260704024223_c0_qaoa_ring_4n_grid7_r1_seed1031.json,optimization,optimization_qaoa,approximation_ratio,1.55300076585263e-05,greedy_assignment_numpy,,4,7.2538260580040514,467084.51260946726,4,2.749999999999999,0.3125000000000002,588,392,196,49,strongnative_4node_large128c0c15_20260704024223_c0,7.280018760997336,1031,72,4,3,synthetic,"0,1,2",,1,21,1,,4,ring,7,tfim,auto,4,4,data/raw/perlmutter/practical_suite_sweep/practical_strongnative_4node_large128c0c15_20260704024223_c0_qaoa_ring_4n_grid7_r1_seed1031.json,ok
practical_strongnative_4node_large128c0c15_20260704024223_c0_qaoa_ring_4n_grid7_r3_seed3031.json,optimization,optimization_qaoa,approximation_ratio,1.6142003005370498e-05,greedy_assignment_numpy,,4,6.728544983983738,416834.5763375914,4,2.749999999999999,0.3125000000000002,588,392,196,49,strongnative_4node_large128c0c15_20260704024223_c0,6.753385010990314,3031,72,4,3,synthetic,"0,1,2",,1,21,1,,4,ring,7,tfim,auto,4,4,data/raw/perlmutter/practical_suite_sweep/practical_strongnative_4node_large128c0c15_20260704024223_c0_qaoa_ring_4n_grid7_r3_seed3031.json,ok
practical_strongnative_4node_large128c0c15_20260704024223_c0_sim_tfim_4q_4steps_r0_seed23.json,simulation,hamiltonian_simulation,absolute_observable_error,0.0004581680113915354,exact_dense_eigendecomposition_numpy,,0,7.2791866270126775,15887.592424675242,0.8218024506329117,0.820673031863585,0.0011294187693267066,28,24,4,1,strongnative_4node_large128c0c15_20260704024223_c0,7.2928427909791935,23,72,4,3,synthetic,"0,1,2",,1,21,1,,4,chordal,7,tfim,auto,4,4,data/raw/perlmutter/practical_suite_sweep/practical_strongnative_4node_large128c0c15_20260704024223_c0_sim_tfim_4q_4steps_r0_seed23.json,ok
practical_strongnative_4node_large128c0c15_20260704024223_c0_sim_tfim_4q_4steps_r1_seed1023.json,simulation,hamiltonian_simulation,absolute_observable_error,0.00048433998017571867,exact_dense_eigendecomposition_numpy,,0,6.864180903008673,14172.236825294387,0.8218024506329117,0.820673031863585,0.0011294187693267066,28,24,4,1,strongnative_4node_large128c0c15_20260704024223_c0,6.871443579002516,1023,72,4,3,synthetic,"0,1,2",,1,21,1,,4,chordal,7,tfim,auto,4,4,data/raw/perlmutter/practical_suite_sweep/practical_strongnative_4node_large128c0c15_20260704024223_c0_sim_tfim_4q_4steps_r1_seed1023.json,ok
practical_strongnative_4node_large128c0c15_20260704024223_c0_sim_tfim_4q_4steps_r2_seed2023.json,simulation,hamiltonian_simulation,absolute_observable_error,0.00046991099952720106,exact_dense_eigendecomposition_numpy,,0,6.523165844002506,13881.704941075568,0.8218024506329117,0.820673031863585,0.0011294187693267066,28,24,4,1,strongnative_4node_large128c0c15_20260704024223_c0,6.533278536022408,2023,72,4,3,synthetic,"0,1,2",,1,21,1,,4,chordal,7,tfim,auto,4,4,data/raw/perlmutter/practical_suite_sweep/practical_strongnative_4node_large128c0c15_20260704024223_c0_sim_tfim_4q_4steps_r2_seed2023.json,ok
practical_strongnative_4node_large128c0c15_20260704024223_c0_sim_tfim_4q_4steps_r3_seed3023.json,simulation,hamiltonian_simulation,absolute_observable_error,0.00045290798880159855,exact_dense_eigendecomposition_numpy,,0,6.642070000991225,14665.384946214448,0.8218024506329117,0.820673031863585,0.0011294187693267066,28,24,4,1,strongnative_4node_large128c0c15_20260704024223_c0,6.669771514978493,3023,72,4,3,synthetic,"0,1,2",,1,21,1,,4,chordal,7,tfim,auto,4,4,data/raw/perlmutter/practical_suite_sweep/practical_strongnative_4node_large128c0c15_20260704024223_c0_sim_tfim_4q_4steps_r3_seed3023.json,ok
practical_strongnative_4node_large128c0c15_20260704024223_c10_chem_4q_l2_grid13_r2_seed2023.json,chemistry,chemistry_vqe,absolute_energy_error,0.00017571001080796123,exact_diagonalization_numpy,,0,7.115963925985852,40498.34094975444,-1.705732892552902,-0.9598637992425669,0.7458690933103351,464,174,116,29,strongnative_4node_large128c0c15_20260704024223_c10,7.127982429985423,2023,72,4,3,synthetic,"0,1,2",,1,13,2,benchmarks/workloads/hamiltonians/molecular_chain_4q.json,4,chordal,7,tfim,auto,4,4,data/raw/perlmutter/practical_suite_sweep/practical_strongnative_4node_large128c0c15_20260704024223_c10_chem_4q_l2_grid13_r2_seed2023.json,ok
practical_strongnative_4node_large128c0c15_20260704024223_c10_chem_h2_l2_grid33_r0_seed17.json,chemistry,chemistry_vqe,absolute_energy_error,0.00015369700849987566,exact_diagonalization_numpy,,0,6.885434791998705,44798.75606690338,-1.85727503020238,-1.8369679912029844,0.020307038999395566,552,138,138,69,strongnative_4node_large128c0c15_20260704024223_c10,6.89332966299844,17,72,4,3,synthetic,"0,1,2",,1,33,2,,4,chordal,7,tfim,auto,4,4,data/raw/perlmutter/practical_suite_sweep/practical_strongnative_4node_large128c0c15_20260704024223_c10_chem_h2_l2_grid33_r0_seed17.json,ok
practical_strongnative_4node_large128c0c15_20260704024223_c10_ml_digits_c0v1v2_192s_6q_d1_r0_seed17.json,ml,multiclass_ml,test_accuracy,0.00018319400260224938,nearest_centroid_numpy,nearest_centroid_numpy,6,10.515191973012406,57399.215168866525,1.0,0.7291666666666666,0.27083333333333337,2304,960,1152,192,strongnative_4node_large128c0c15_20260704024223_c10,10.813060950982617,17,192,6,3,digits,"0,1,2",sklearn_digits,1,21,1,,4,chordal,7,tfim,auto,4,4,data/raw/perlmutter/practical_suite_sweep/practical_strongnative_4node_large128c0c15_20260704024223_c10_ml_digits_c0v1v2_192s_6q_d1_r0_seed17.json,ok
practical_strongnative_4node_large128c0c15_20260704024223_c10_ml_digits_c0v1v2_192s_6q_d1_r0_seed23.json,ml,multiclass_ml,test_accuracy,0.00015258500934578478,linear_ridge_numpy,linear_ridge_numpy,6,7.2561873119848315,47555.047137959795,0.9791666666666666,0.75,0.22916666666666663,2304,960,1152,192,strongnative_4node_large128c0c15_20260704024223_c10,7.368039973982377,23,192,6,3,digits,"0,1,2",sklearn_digits,1,21,1,,4,chordal,7,tfim,auto,4,4,data/raw/perlmutter/practical_suite_sweep/practical_strongnative_4node_large128c0c15_20260704024223_c10_ml_digits_c0v1v2_192s_6q_d1_r0_seed23.json,ok
practical_strongnative_4node_large128c0c15_20260704024223_c10_ml_digits_c0v1v2_192s_6q_d1_r0_seed31.json,ml,multiclass_ml,test_accuracy,0.001596356014488265,knn_numpy,knn_numpy,6,7.18043684901204,4498.017224130191,1.0,0.7083333333333334,0.29166666666666663,2304,960,1152,192,strongnative_4node_large128c0c15_20260704024223_c10,7.2879494309891015,31,192,6,3,digits,"0,1,2",sklearn_digits,1,21,1,,4,chordal,7,tfim,auto,4,4,data/raw/perlmutter/practical_suite_sweep/practical_strongnative_4node_large128c0c15_20260704024223_c10_ml_digits_c0v1v2_192s_6q_d1_r0_seed31.json,ok
practical_strongnative_4node_large128c0c15_20260704024223_c10_ml_digits_c0v1v2_192s_6q_d1_r0_seed43.json,ml,multiclass_ml,test_accuracy,0.012899626017315313,rbf_kernel_ridge_numpy,rbf_kernel_ridge_numpy,6,6.855522030004067,531.4512235317383,1.0,0.7083333333333334,0.29166666666666663,2304,960,1152,192,strongnative_4node_large128c0c15_20260704024223_c10,6.96188253397122,43,192,6,3,digits,"0,1,2",sklearn_digits,1,21,1,,4,chordal,7,tfim,auto,4,4,data/raw/perlmutter/practical_suite_sweep/practical_strongnative_4node_large128c0c15_20260704024223_c10_ml_digits_c0v1v2_192s_6q_d1_r0_seed43.json,ok
practical_strongnative_4node_large128c0c15_20260704024223_c10_ml_digits_c0v1v2_192s_6q_d1_r1_seed1017.json,ml,multiclass_ml,test_accuracy,0.0016135500045493245,knn_numpy,knn_numpy,6,6.87086691299919,4258.2299238493515,1.0,0.6458333333333334,0.35416666666666663,2304,960,1152,192,strongnative_4node_large128c0c15_20260704024223_c10,7.0014304330106825,1017,192,6,3,digits,"0,1,2",sklearn_digits,1,21,1,,4,chordal,7,tfim,auto,4,4,data/raw/perlmutter/practical_suite_sweep/practical_strongnative_4node_large128c0c15_20260704024223_c10_ml_digits_c0v1v2_192s_6q_d1_r1_seed1017.json,ok
practical_strongnative_4node_large128c0c15_20260704024223_c10_ml_digits_c0v1v2_192s_6q_d1_r1_seed1023.json,ml,multiclass_ml,test_accuracy,0.001617586996871978,knn_numpy,knn_numpy,6,6.96642336199875,4306.676163612917,1.0,0.7708333333333334,0.22916666666666663,2304,960,1152,192,strongnative_4node_large128c0c15_20260704024223_c10,7.0747629220131785,1023,192,6,3,digits,"0,1,2",sklearn_digits,1,21,1,,4,chordal,7,tfim,auto,4,4,data/raw/perlmutter/practical_suite_sweep/practical_strongnative_4node_large128c0c15_20260704024223_c10_ml_digits_c0v1v2_192s_6q_d1_r1_seed1023.json,ok
practical_strongnative_4node_large128c0c15_20260704024223_c10_ml_digits_c0v1v2_192s_6q_d1_r1_seed1031.json,ml,multiclass_ml,test_accuracy,0.00014792598085477948,linear_ridge_numpy,linear_ridge_numpy,6,6.861181460000807,46382.53145494775,0.9791666666666666,0.6875,0.29166666666666663,2304,960,1152,192,strongnative_4node_large128c0c15_20260704024223_c10,6.975088733015582,1031,192,6,3,digits,"0,1,2",sklearn_digits,1,21,1,,4,chordal,7,tfim,auto,4,4,data/raw/perlmutter/practical_suite_sweep/practical_strongnative_4node_large128c0c15_20260704024223_c10_ml_digits_c0v1v2_192s_6q_d1_r1_seed1031.json,ok
practical_strongnative_4node_large128c0c15_20260704024223_c10_ml_digits_c0v1v2_192s_6q_d1_r1_seed1043.json,ml,multiclass_ml,test_accuracy,0.012913031998323277,rbf_kernel_ridge_numpy,rbf_kernel_ridge_numpy,6,6.907852959993761,534.9520516088497,1.0,0.7708333333333334,0.22916666666666663,2304,960,1152,192,strongnative_4node_large128c0c15_20260704024223_c10,7.019872022996424,1043,192,6,3,digits,"0,1,2",sklearn_digits,1,21,1,,4,chordal,7,tfim,auto,4,4,data/raw/perlmutter/practical_suite_sweep/practical_strongnative_4node_large128c0c15_20260704024223_c10_ml_digits_c0v1v2_192s_6q_d1_r1_seed1043.json,ok
practical_strongnative_4node_large128c0c15_20260704024223_c10_ml_digits_c0v1v2_192s_6q_d1_r2_seed2017.json,ml,multiclass_ml,test_accuracy,0.00015253500896506011,linear_ridge_numpy,linear_ridge_numpy,6,6.846312662994023,44883.54974668307,1.0,0.7083333333333334,0.29166666666666663,2304,960,1152,192,strongnative_4node_large128c0c15_20260704024223_c10,6.9553112059948035,2017,192,6,3,digits,"0,1,2",sklearn_digits,1,21,1,,4,chordal,7,tfim,auto,4,4,data/raw/perlmutter/practical_suite_sweep/practical_strongnative_4node_large128c0c15_20260704024223_c10_ml_digits_c0v1v2_192s_6q_d1_r2_seed2017.json,ok
practical_strongnative_4node_large128c0c15_20260704024223_c10_ml_digits_c0v1v2_192s_6q_d1_r2_seed2023.json,ml,multiclass_ml,test_accuracy,0.0015596349840052426,knn_numpy,knn_numpy,6,6.43607135899947,4126.652341736543,0.9791666666666666,0.6875,0.29166666666666663,2304,960,1152,192,strongnative_4node_large128c0c15_20260704024223_c10,6.5456809290044475,2023,192,6,3,digits,"0,1,2",sklearn_digits,1,21,1,,4,chordal,7,tfim,auto,4,4,data/raw/perlmutter/practical_suite_sweep/practical_strongnative_4node_large128c0c15_20260704024223_c10_ml_digits_c0v1v2_192s_6q_d1_r2_seed2023.json,ok
practical_strongnative_4node_large128c0c15_20260704024223_c10_ml_digits_c0v1v2_192s_6q_d1_r2_seed2031.json,ml,multiclass_ml,test_accuracy,0.0015753360057715327,knn_numpy,knn_numpy,6,6.609335462999297,4195.508411402256,1.0,0.8333333333333334,0.16666666666666663,2304,960,1152,192,strongnative_4node_large128c0c15_20260704024223_c10,6.715529131004587,2031,192,6,3,digits,"0,1,2",sklearn_digits,1,21,1,,4,chordal,7,tfim,auto,4,4,data/raw/perlmutter/practical_suite_sweep/practical_strongnative_4node_large128c0c15_20260704024223_c10_ml_digits_c0v1v2_192s_6q_d1_r2_seed2031.json,ok
practical_strongnative_4node_large128c0c15_20260704024223_c10_ml_digits_c0v1v2_192s_6q_d1_r2_seed2043.json,ml,multiclass_ml,test_accuracy,0.00015005999011918902,linear_ridge_numpy,linear_ridge_numpy,6,6.728359293018002,44837.796455096584,1.0,0.7708333333333334,0.22916666666666663,2304,960,1152,192,strongnative_4node_large128c0c15_20260704024223_c10,6.841954649979016,2043,192,6,3,digits,"0,1,2",sklearn_digits,1,21,1,,4,chordal,7,tfim,auto,4,4,data/raw/perlmutter/practical_suite_sweep/practical_strongnative_4node_large128c0c15_20260704024223_c10_ml_digits_c0v1v2_192s_6q_d1_r2_seed2043.json,ok
practical_strongnative_4node_large128c0c15_20260704024223_c10_ml_digits_c0v1v2_192s_6q_d1_r3_seed3017.json,ml,multiclass_ml,test_accuracy,0.0001519430079497397,linear_ridge_numpy,linear_ridge_numpy,6,6.908406661008485,45467.09160380499,1.0,0.6666666666666666,0.33333333333333337,2304,960,1152,192,strongnative_4node_large128c0c15_20260704024223_c10,7.0123120350181125,3017,192,6,3,digits,"0,1,2",sklearn_digits,1,21,1,,4,chordal,7,tfim,auto,4,4,data/raw/perlmutter/practical_suite_sweep/practical_strongnative_4node_large128c0c15_20260704024223_c10_ml_digits_c0v1v2_192s_6q_d1_r3_seed3017.json,ok
practical_strongnative_4node_large128c0c15_20260704024223_c10_ml_digits_c0v1v2_192s_6q_d1_r3_seed3023.json,ml,multiclass_ml,test_accuracy,0.00014863800606690347,linear_ridge_numpy,linear_ridge_numpy,6,6.726202553982148,45252.23885844254,1.0,0.75,0.25,2304,960,1152,192,strongnative_4node_large128c0c15_20260704024223_c10,6.892480673996033,3023,192,6,3,digits,"0,1,2",sklearn_digits,1,21,1,,4,chordal,7,tfim,auto,4,4,data/raw/perlmutter/practical_suite_sweep/practical_strongnative_4node_large128c0c15_20260704024223_c10_ml_digits_c0v1v2_192s_6q_d1_r3_seed3023.json,ok
practical_strongnative_4node_large128c0c15_20260704024223_c10_ml_digits_c0v1v2_192s_6q_d1_r3_seed3031.json,ml,multiclass_ml,test_accuracy,0.00015149300452321768,linear_ridge_numpy,linear_ridge_numpy,6,6.784511133009801,44784.31960843455,1.0,0.8333333333333334,0.16666666666666663,2304,960,1152,192,strongnative_4node_large128c0c15_20260704024223_c10,6.892814539023675,3031,192,6,3,digits,"0,1,2",sklearn_digits,1,21,1,,4,chordal,7,tfim,auto,4,4,data/raw/perlmutter/practical_suite_sweep/practical_strongnative_4node_large128c0c15_20260704024223_c10_ml_digits_c0v1v2_192s_6q_d1_r3_seed3031.json,ok
practical_strongnative_4node_large128c0c15_20260704024223_c10_ml_digits_c0v1v2_192s_6q_d1_r3_seed3043.json,ml,multiclass_ml,test_accuracy,0.0001509120047558099,linear_ridge_numpy,linear_ridge_numpy,6,6.815269031998469,45160.549308361704,1.0,0.75,0.25,2304,960,1152,192,strongnative_4node_large128c0c15_20260704024223_c10,6.973344416008331,3043,192,6,3,digits,"0,1,2",sklearn_digits,1,21,1,,4,chordal,7,tfim,auto,4,4,data/raw/perlmutter/practical_suite_sweep/practical_strongnative_4node_large128c0c15_20260704024223_c10_ml_digits_c0v1v2_192s_6q_d1_r3_seed3043.json,ok
practical_strongnative_4node_large128c0c15_20260704024223_c10_qaoa_chordal_7n_grid11_r0_seed17.json,optimization,optimization_qaoa,approximation_ratio,3.1170027796179056e-05,greedy_assignment_numpy,,4,40.47983291599667,1298678.1141388281,8,6.158837991562405,0.2301452510546994,2783,2178,847,121,strongnative_4node_large128c0c15_20260704024223_c10,40.73712871299358,17,72,4,3,synthetic,"0,1,2",,1,21,1,,7,chordal,11,tfim,auto,4,4,data/raw/perlmutter/practical_suite_sweep/practical_strongnative_4node_large128c0c15_20260704024223_c10_qaoa_chordal_7n_grid11_r0_seed17.json,ok
practical_strongnative_4node_large128c0c15_20260704024223_c10_qaoa_chordal_7n_grid11_r2_seed2017.json,optimization,optimization_qaoa,approximation_ratio,3.0749011784791946e-05,greedy_assignment_numpy,,4,6.995100186992204,227490.24378246482,8,6.158837991562405,0.2301452510546994,2783,2178,847,121,strongnative_4node_large128c0c15_20260704024223_c10,7.018425050977385,2017,72,4,3,synthetic,"0,1,2",,1,21,1,,7,chordal,11,tfim,auto,4,4,data/raw/perlmutter/practical_suite_sweep/practical_strongnative_4node_large128c0c15_20260704024223_c10_qaoa_chordal_7n_grid11_r2_seed2017.json,ok
practical_strongnative_4node_large128c0c15_20260704024223_c10_qaoa_ladder_4n_grid11_r1_seed1031.json,optimization,optimization_qaoa,approximation_ratio,1.5830009942874312e-05,greedy_assignment_numpy,,4,7.185557264019735,453919.9463519116,4,2.9045084971874733,0.2738728757031317,1452,968,484,121,strongnative_4node_large128c0c15_20260704024223_c10,7.20751545400708,1031,72,4,3,synthetic,"0,1,2",,1,21,1,,4,ladder,11,tfim,auto,4,4,data/raw/perlmutter/practical_suite_sweep/practical_strongnative_4node_large128c0c15_20260704024223_c10_qaoa_ladder_4n_grid11_r1_seed1031.json,ok
practical_strongnative_4node_large128c0c15_20260704024223_c10_qaoa_ladder_4n_grid11_r3_seed3031.json,optimization,optimization_qaoa,approximation_ratio,1.592101762071252e-05,greedy_assignment_numpy,,4,6.458342905010795,405648.8761502773,4,2.9045084971874733,0.2738728757031317,1452,968,484,121,strongnative_4node_large128c0c15_20260704024223_c10,6.48242881000624,3031,72,4,3,synthetic,"0,1,2",,1,21,1,,4,ladder,11,tfim,auto,4,4,data/raw/perlmutter/practical_suite_sweep/practical_strongnative_4node_large128c0c15_20260704024223_c10_qaoa_ladder_4n_grid11_r3_seed3031.json,ok
practical_strongnative_4node_large128c0c15_20260704024223_c10_qaoa_ring_6n_grid11_r0_seed43.json,optimization,optimization_qaoa,approximation_ratio,2.3083994165062904e-05,greedy_assignment_numpy,,4,11.87774488600553,514544.6148129003,6,4.356762745781209,0.2738728757031318,2178,1452,726,121,strongnative_4node_large128c0c15_20260704024223_c10,11.90147949999664,43,72,4,3,synthetic,"0,1,2",,1,21,1,,6,ring,11,tfim,auto,4,4,data/raw/perlmutter/practical_suite_sweep/practical_strongnative_4node_large128c0c15_20260704024223_c10_qaoa_ring_6n_grid11_r0_seed43.json,ok
practical_strongnative_4node_large128c0c15_20260704024223_c10_qaoa_ring_6n_grid11_r2_seed2043.json,optimization,optimization_qaoa,approximation_ratio,2.2263004211708903e-05,greedy_assignment_numpy,,4,6.3252499959780835,284114.8452306095,6,4.356762745781209,0.2738728757031318,2178,1452,726,121,strongnative_4node_large128c0c15_20260704024223_c10,6.346978524001315,2043,72,4,3,synthetic,"0,1,2",,1,21,1,,6,ring,11,tfim,auto,4,4,data/raw/perlmutter/practical_suite_sweep/practical_strongnative_4node_large128c0c15_20260704024223_c10_qaoa_ring_6n_grid11_r2_seed2043.json,ok
practical_strongnative_4node_large128c0c15_20260704024223_c10_sim_tfim_6q_8steps_r0_seed23.json,simulation,hamiltonian_simulation,absolute_observable_error,0.0026144339935854077,exact_dense_eigendecomposition_numpy,,0,7.054502929997398,2698.290699748333,0.821802450632914,0.8215212314654883,0.00028121916742573916,88,80,6,1,strongnative_4node_large128c0c15_20260704024223_c10,7.070168525999179,23,72,4,3,synthetic,"0,1,2",,1,21,1,,4,chordal,7,tfim,auto,6,8,data/raw/perlmutter/practical_suite_sweep/practical_strongnative_4node_large128c0c15_20260704024223_c10_sim_tfim_6q_8steps_r0_seed23.json,ok
practical_strongnative_4node_large128c0c15_20260704024223_c10_sim_tfim_6q_8steps_r1_seed1023.json,simulation,hamiltonian_simulation,absolute_observable_error,0.0026107369922101498,exact_dense_eigendecomposition_numpy,,0,6.899065153003903,2642.5737918408317,0.821802450632914,0.8215212314654883,0.00028121916742573916,88,80,6,1,strongnative_4node_large128c0c15_20260704024223_c10,6.919499928975711,1023,72,4,3,synthetic,"0,1,2",,1,21,1,,4,chordal,7,tfim,auto,6,8,data/raw/perlmutter/practical_suite_sweep/practical_strongnative_4node_large128c0c15_20260704024223_c10_sim_tfim_6q_8steps_r1_seed1023.json,ok
practical_strongnative_4node_large128c0c15_20260704024223_c10_sim_tfim_6q_8steps_r2_seed2023.json,simulation,hamiltonian_simulation,absolute_observable_error,0.0025911690026987344,exact_dense_eigendecomposition_numpy,,0,7.12849782401463,2751.0740583073552,0.821802450632914,0.8215212314654883,0.00028121916742573916,88,80,6,1,strongnative_4node_large128c0c15_20260704024223_c10,7.147855798975797,2023,72,4,3,synthetic,"0,1,2",,1,21,1,,4,chordal,7,tfim,auto,6,8,data/raw/perlmutter/practical_suite_sweep/practical_strongnative_4node_large128c0c15_20260704024223_c10_sim_tfim_6q_8steps_r2_seed2023.json,ok
practical_strongnative_4node_large128c0c15_20260704024223_c10_sim_tfim_6q_8steps_r3_seed3023.json,simulation,hamiltonian_simulation,absolute_observable_error,0.002611357980640605,exact_dense_eigendecomposition_numpy,,0,6.351703518972499,2432.3373379142495,0.821802450632914,0.8215212314654883,0.00028121916742573916,88,80,6,1,strongnative_4node_large128c0c15_20260704024223_c10,6.362709987006383,3023,72,4,3,synthetic,"0,1,2",,1,21,1,,4,chordal,7,tfim,auto,6,8,data/raw/perlmutter/practical_suite_sweep/practical_strongnative_4node_large128c0c15_20260704024223_c10_sim_tfim_6q_8steps_r3_seed3023.json,ok
practical_strongnative_4node_large128c0c15_20260704024223_c11_chem_4q_l2_grid17_r2_seed2023.json,chemistry,chemistry_vqe,absolute_energy_error,0.0001792559924069792,exact_diagonalization_numpy,,0,6.933406139985891,38678.79699242871,-1.705732892552902,-0.9598637992425669,0.7458690933103351,592,222,148,37,strongnative_4node_large128c0c15_20260704024223_c11,6.948477755999193,2023,72,4,3,synthetic,"0,1,2",,1,17,2,benchmarks/workloads/hamiltonians/molecular_chain_4q.json,4,chordal,7,tfim,auto,4,4,data/raw/perlmutter/practical_suite_sweep/practical_strongnative_4node_large128c0c15_20260704024223_c11_chem_4q_l2_grid17_r2_seed2023.json,ok
practical_strongnative_4node_large128c0c15_20260704024223_c11_chem_4q_l2_grid9_r0_seed17.json,chemistry,chemistry_vqe,absolute_energy_error,0.00020945401047356427,exact_diagonalization_numpy,,0,6.798081173008541,32456.199609825777,-1.705732892552902,-0.9059288256492263,0.7998040669036758,336,126,84,21,strongnative_4node_large128c0c15_20260704024223_c11,6.808837065997068,17,72,4,3,synthetic,"0,1,2",,1,9,2,benchmarks/workloads/hamiltonians/molecular_chain_4q.json,4,chordal,7,tfim,auto,4,4,data/raw/perlmutter/practical_suite_sweep/practical_strongnative_4node_large128c0c15_20260704024223_c11_chem_4q_l2_grid9_r0_seed17.json,ok
practical_strongnative_4node_large128c0c15_20260704024223_c11_ml_digits_c0v1v2_192s_6q_d2_r0_seed17.json,ml,multiclass_ml,test_accuracy,0.0004577850049827248,nearest_centroid_numpy,nearest_centroid_numpy,6,10.581149172998266,23113.795903816383,1.0,0.7708333333333334,0.22916666666666663,4608,1920,1152,192,strongnative_4node_large128c0c15_20260704024223_c11,10.827781307016267,17,192,6,3,digits,"0,1,2",sklearn_digits,2,21,1,,4,chordal,7,tfim,auto,4,4,data/raw/perlmutter/practical_suite_sweep/practical_strongnative_4node_large128c0c15_20260704024223_c11_ml_digits_c0v1v2_192s_6q_d2_r0_seed17.json,ok
practical_strongnative_4node_large128c0c15_20260704024223_c11_ml_digits_c0v1v2_192s_6q_d2_r0_seed23.json,ml,multiclass_ml,test_accuracy,0.00015607199748046696,linear_ridge_numpy,linear_ridge_numpy,6,6.9548854480090085,44562.032653419716,0.9791666666666666,0.7083333333333334,0.27083333333333326,4608,1920,1152,192,strongnative_4node_large128c0c15_20260704024223_c11,7.070521262008697,23,192,6,3,digits,"0,1,2",sklearn_digits,2,21,1,,4,chordal,7,tfim,auto,4,4,data/raw/perlmutter/practical_suite_sweep/practical_strongnative_4node_large128c0c15_20260704024223_c11_ml_digits_c0v1v2_192s_6q_d2_r0_seed23.json,ok
practical_strongnative_4node_large128c0c15_20260704024223_c11_ml_digits_c0v1v2_192s_6q_d2_r0_seed31.json,ml,multiclass_ml,test_accuracy,0.0016462620114907622,knn_numpy,knn_numpy,6,7.001638045010623,4253.0520634867435,1.0,0.7916666666666666,0.20833333333333337,4608,1920,1152,192,strongnative_4node_large128c0c15_20260704024223_c11,7.110368201014353,31,192,6,3,digits,"0,1,2",sklearn_digits,2,21,1,,4,chordal,7,tfim,auto,4,4,data/raw/perlmutter/practical_suite_sweep/practical_strongnative_4node_large128c0c15_20260704024223_c11_ml_digits_c0v1v2_192s_6q_d2_r0_seed31.json,ok
practical_strongnative_4node_large128c0c15_20260704024223_c11_ml_digits_c0v1v2_192s_6q_d2_r0_seed43.json,ml,multiclass_ml,test_accuracy,0.013112277025356889,rbf_kernel_ridge_numpy,rbf_kernel_ridge_numpy,6,6.810819956008345,519.4231286326083,1.0,0.6458333333333334,0.35416666666666663,4608,1920,1152,192,strongnative_4node_large128c0c15_20260704024223_c11,6.918474542995682,43,192,6,3,digits,"0,1,2",sklearn_digits,2,21,1,,4,chordal,7,tfim,auto,4,4,data/raw/perlmutter/practical_suite_sweep/practical_strongnative_4node_large128c0c15_20260704024223_c11_ml_digits_c0v1v2_192s_6q_d2_r0_seed43.json,ok
practical_strongnative_4node_large128c0c15_20260704024223_c11_ml_digits_c0v1v2_192s_6q_d2_r1_seed1017.json,ml,multiclass_ml,test_accuracy,0.0015924980107229203,knn_numpy,knn_numpy,6,6.847215954010608,4299.670020248433,1.0,0.6666666666666666,0.33333333333333337,4608,1920,1152,192,strongnative_4node_large128c0c15_20260704024223_c11,6.955278117005946,1017,192,6,3,digits,"0,1,2",sklearn_digits,2,21,1,,4,chordal,7,tfim,auto,4,4,data/raw/perlmutter/practical_suite_sweep/practical_strongnative_4node_large128c0c15_20260704024223_c11_ml_digits_c0v1v2_192s_6q_d2_r1_seed1017.json,ok
practical_strongnative_4node_large128c0c15_20260704024223_c11_ml_digits_c0v1v2_192s_6q_d2_r1_seed1023.json,ml,multiclass_ml,test_accuracy,0.0015641840000171214,knn_numpy,knn_numpy,6,6.616597365005873,4230.063320513091,1.0,0.625,0.375,4608,1920,1152,192,strongnative_4node_large128c0c15_20260704024223_c11,6.724633971025469,1023,192,6,3,digits,"0,1,2",sklearn_digits,2,21,1,,4,chordal,7,tfim,auto,4,4,data/raw/perlmutter/practical_suite_sweep/practical_strongnative_4node_large128c0c15_20260704024223_c11_ml_digits_c0v1v2_192s_6q_d2_r1_seed1023.json,ok
practical_strongnative_4node_large128c0c15_20260704024223_c11_ml_digits_c0v1v2_192s_6q_d2_r1_seed1031.json,ml,multiclass_ml,test_accuracy,0.00015008100308477879,linear_ridge_numpy,linear_ridge_numpy,6,6.976998775004176,46488.2205715467,0.9791666666666666,0.625,0.35416666666666663,4608,1920,1152,192,strongnative_4node_large128c0c15_20260704024223_c11,7.085988853010349,1031,192,6,3,digits,"0,1,2",sklearn_digits,2,21,1,,4,chordal,7,tfim,auto,4,4,data/raw/perlmutter/practical_suite_sweep/practical_strongnative_4node_large128c0c15_20260704024223_c11_ml_digits_c0v1v2_192s_6q_d2_r1_seed1031.json,ok
practical_strongnative_4node_large128c0c15_20260704024223_c11_ml_digits_c0v1v2_192s_6q_d2_r1_seed1043.json,ml,multiclass_ml,test_accuracy,0.012935495004057884,rbf_kernel_ridge_numpy,rbf_kernel_ridge_numpy,6,6.798582040006295,525.5757153378026,1.0,0.6875,0.3125,4608,1920,1152,192,strongnative_4node_large128c0c15_20260704024223_c11,6.908296387002338,1043,192,6,3,digits,"0,1,2",sklearn_digits,2,21,1,,4,chordal,7,tfim,auto,4,4,data/raw/perlmutter/practical_suite_sweep/practical_strongnative_4node_large128c0c15_20260704024223_c11_ml_digits_c0v1v2_192s_6q_d2_r1_seed1043.json,ok
practical_strongnative_4node_large128c0c15_20260704024223_c11_ml_digits_c0v1v2_192s_6q_d2_r2_seed2017.json,ml,multiclass_ml,test_accuracy,0.0001483169908169657,linear_ridge_numpy,linear_ridge_numpy,6,6.515953910013195,43932.6194127979,1.0,0.6458333333333334,0.35416666666666663,4608,1920,1152,192,strongnative_4node_large128c0c15_20260704024223_c11,6.624390999000752,2017,192,6,3,digits,"0,1,2",sklearn_digits,2,21,1,,4,chordal,7,tfim,auto,4,4,data/raw/perlmutter/practical_suite_sweep/practical_strongnative_4node_large128c0c15_20260704024223_c11_ml_digits_c0v1v2_192s_6q_d2_r2_seed2017.json,ok
practical_strongnative_4node_large128c0c15_20260704024223_c11_ml_digits_c0v1v2_192s_6q_d2_r2_seed2023.json,ml,multiclass_ml,test_accuracy,0.0015795729996170849,knn_numpy,knn_numpy,6,6.183675831009168,3914.776862169837,0.9791666666666666,0.6041666666666666,0.375,4608,1920,1152,192,strongnative_4node_large128c0c15_20260704024223_c11,6.292527857993264,2023,192,6,3,digits,"0,1,2",sklearn_digits,2,21,1,,4,chordal,7,tfim,auto,4,4,data/raw/perlmutter/practical_suite_sweep/practical_strongnative_4node_large128c0c15_20260704024223_c11_ml_digits_c0v1v2_192s_6q_d2_r2_seed2023.json,ok
practical_strongnative_4node_large128c0c15_20260704024223_c11_ml_digits_c0v1v2_192s_6q_d2_r2_seed2031.json,ml,multiclass_ml,test_accuracy,0.0015898729907348752,knn_numpy,knn_numpy,6,6.571223075996386,4133.174860061632,1.0,0.625,0.375,4608,1920,1152,192,strongnative_4node_large128c0c15_20260704024223_c11,6.687969182996312,2031,192,6,3,digits,"0,1,2",sklearn_digits,2,21,1,,4,chordal,7,tfim,auto,4,4,data/raw/perlmutter/practical_suite_sweep/practical_strongnative_4node_large128c0c15_20260704024223_c11_ml_digits_c0v1v2_192s_6q_d2_r2_seed2031.json,ok
practical_strongnative_4node_large128c0c15_20260704024223_c11_ml_digits_c0v1v2_192s_6q_d2_r2_seed2043.json,ml,multiclass_ml,test_accuracy,0.00015364697901532054,linear_ridge_numpy,linear_ridge_numpy,6,7.00802110999939,45611.18711810534,1.0,0.7708333333333334,0.22916666666666663,4608,1920,1152,192,strongnative_4node_large128c0c15_20260704024223_c11,7.115726229996653,2043,192,6,3,digits,"0,1,2",sklearn_digits,2,21,1,,4,chordal,7,tfim,auto,4,4,data/raw/perlmutter/practical_suite_sweep/practical_strongnative_4node_large128c0c15_20260704024223_c11_ml_digits_c0v1v2_192s_6q_d2_r2_seed2043.json,ok
practical_strongnative_4node_large128c0c15_20260704024223_c11_ml_digits_c0v1v2_192s_6q_d2_r3_seed3017.json,ml,multiclass_ml,test_accuracy,0.00014810598804615438,linear_ridge_numpy,linear_ridge_numpy,6,6.811694663017988,45992.027418197664,1.0,0.625,0.375,4608,1920,1152,192,strongnative_4node_large128c0c15_20260704024223_c11,6.92011925301631,3017,192,6,3,digits,"0,1,2",sklearn_digits,2,21,1,,4,chordal,7,tfim,auto,4,4,data/raw/perlmutter/practical_suite_sweep/practical_strongnative_4node_large128c0c15_20260704024223_c11_ml_digits_c0v1v2_192s_6q_d2_r3_seed3017.json,ok
practical_strongnative_4node_large128c0c15_20260704024223_c11_ml_digits_c0v1v2_192s_6q_d2_r3_seed3023.json,ml,multiclass_ml,test_accuracy,0.00016115201287902892,linear_ridge_numpy,linear_ridge_numpy,6,6.639339435001602,41199.23367004741,1.0,0.7083333333333334,0.29166666666666663,4608,1920,1152,192,strongnative_4node_large128c0c15_20260704024223_c11,6.751724761998048,3023,192,6,3,digits,"0,1,2",sklearn_digits,2,21,1,,4,chordal,7,tfim,auto,4,4,data/raw/perlmutter/practical_suite_sweep/practical_strongnative_4node_large128c0c15_20260704024223_c11_ml_digits_c0v1v2_192s_6q_d2_r3_seed3023.json,ok
practical_strongnative_4node_large128c0c15_20260704024223_c11_ml_digits_c0v1v2_192s_6q_d2_r3_seed3031.json,ml,multiclass_ml,test_accuracy,0.00014571199426427484,nearest_centroid_numpy,nearest_centroid_numpy,6,6.878456311998889,47205.83467908328,1.0,0.625,0.375,4608,1920,1152,192,strongnative_4node_large128c0c15_20260704024223_c11,6.9833897939824965,3031,192,6,3,digits,"0,1,2",sklearn_digits,2,21,1,,4,chordal,7,tfim,auto,4,4,data/raw/perlmutter/practical_suite_sweep/practical_strongnative_4node_large128c0c15_20260704024223_c11_ml_digits_c0v1v2_192s_6q_d2_r3_seed3031.json,ok
practical_strongnative_4node_large128c0c15_20260704024223_c11_ml_digits_c0v1v2_192s_6q_d2_r3_seed3043.json,ml,multiclass_ml,test_accuracy,0.00014792598085477948,linear_ridge_numpy,linear_ridge_numpy,6,6.728515766008059,45485.69309547803,1.0,0.6875,0.3125,4608,1920,1152,192,strongnative_4node_large128c0c15_20260704024223_c11,6.8367421540024225,3043,192,6,3,digits,"0,1,2",sklearn_digits,2,21,1,,4,chordal,7,tfim,auto,4,4,data/raw/perlmutter/practical_suite_sweep/practical_strongnative_4node_large128c0c15_20260704024223_c11_ml_digits_c0v1v2_192s_6q_d2_r3_seed3043.json,ok
practical_strongnative_4node_large128c0c15_20260704024223_c11_qaoa_chordal_7n_grid13_r0_seed17.json,optimization,optimization_qaoa,approximation_ratio,3.086999640800059e-05,greedy_assignment_numpy,,4,40.356252842990216,1307296.9724263095,8,6.133894052838323,0.23326324339520965,3887,3042,1183,169,strongnative_4node_large128c0c15_20260704024223_c11,40.58610809399397,17,72,4,3,synthetic,"0,1,2",,1,21,1,,7,chordal,13,tfim,auto,4,4,data/raw/perlmutter/practical_suite_sweep/practical_strongnative_4node_large128c0c15_20260704024223_c11_qaoa_chordal_7n_grid13_r0_seed17.json,ok
practical_strongnative_4node_large128c0c15_20260704024223_c11_qaoa_chordal_7n_grid13_r2_seed2017.json,optimization,optimization_qaoa,approximation_ratio,3.177198232151568e-05,greedy_assignment_numpy,,4,6.898132770002121,217113.70414967064,8,6.133894052838323,0.23326324339520965,3887,3042,1183,169,strongnative_4node_large128c0c15_20260704024223_c11,6.9207967660040595,2017,72,4,3,synthetic,"0,1,2",,1,21,1,,7,chordal,13,tfim,auto,4,4,data/raw/perlmutter/practical_suite_sweep/practical_strongnative_4node_large128c0c15_20260704024223_c11_qaoa_chordal_7n_grid13_r2_seed2017.json,ok
practical_strongnative_4node_large128c0c15_20260704024223_c11_qaoa_ladder_4n_grid13_r1_seed1031.json,optimization,optimization_qaoa,approximation_ratio,1.6202015103772283e-05,greedy_assignment_numpy,,4,7.100454086990794,438245.1220735876,4,2.9999999999999982,0.25000000000000044,2028,1352,676,169,strongnative_4node_large128c0c15_20260704024223_c11,7.122347500990145,1031,72,4,3,synthetic,"0,1,2",,1,21,1,,4,ladder,13,tfim,auto,4,4,data/raw/perlmutter/practical_suite_sweep/practical_strongnative_4node_large128c0c15_20260704024223_c11_qaoa_ladder_4n_grid13_r1_seed1031.json,ok
practical_strongnative_4node_large128c0c15_20260704024223_c11_qaoa_ladder_4n_grid13_r3_seed3031.json,optimization,optimization_qaoa,approximation_ratio,1.720301224850118e-05,greedy_assignment_numpy,,4,6.398210161016323,371923.8275595467,4,2.9999999999999982,0.25000000000000044,2028,1352,676,169,strongnative_4node_large128c0c15_20260704024223_c11,6.421325119008543,3031,72,4,3,synthetic,"0,1,2",,1,21,1,,4,ladder,13,tfim,auto,4,4,data/raw/perlmutter/practical_suite_sweep/practical_strongnative_4node_large128c0c15_20260704024223_c11_qaoa_ladder_4n_grid13_r3_seed3031.json,ok
practical_strongnative_4node_large128c0c15_20260704024223_c11_qaoa_ring_6n_grid13_r0_seed43.json,optimization,optimization_qaoa,approximation_ratio,2.3244996555149555e-05,greedy_assignment_numpy,,4,11.829735865991097,508915.36326644063,6,4.499999999999997,0.25000000000000044,3042,2028,1014,169,strongnative_4node_large128c0c15_20260704024223_c11,11.85170601902064,43,72,4,3,synthetic,"0,1,2",,1,21,1,,6,ring,13,tfim,auto,4,4,data/raw/perlmutter/practical_suite_sweep/practical_strongnative_4node_large128c0c15_20260704024223_c11_qaoa_ring_6n_grid13_r0_seed43.json,ok
practical_strongnative_4node_large128c0c15_20260704024223_c11_qaoa_ring_6n_grid13_r2_seed2043.json,optimization,optimization_qaoa,approximation_ratio,2.2092019207775593e-05,greedy_assignment_numpy,,4,6.41859925899189,290539.2756825404,6,4.499999999999997,0.25000000000000044,3042,2028,1014,169,strongnative_4node_large128c0c15_20260704024223_c11,6.440481263998663,2043,72,4,3,synthetic,"0,1,2",,1,21,1,,6,ring,13,tfim,auto,4,4,data/raw/perlmutter/practical_suite_sweep/practical_strongnative_4node_large128c0c15_20260704024223_c11_qaoa_ring_6n_grid13_r2_seed2043.json,ok
practical_strongnative_4node_large128c0c15_20260704024223_c11_sim_tfim_6q_10steps_r0_seed23.json,simulation,hamiltonian_simulation,absolute_observable_error,0.0026418979978188872,exact_dense_eigendecomposition_numpy,,0,6.967356770008337,2637.254267863667,0.821802450632914,0.8216225570780548,0.00017989355485925618,110,100,6,1,strongnative_4node_large128c0c15_20260704024223_c11,6.979667131003225,23,72,4,3,synthetic,"0,1,2",,1,21,1,,4,chordal,7,tfim,auto,6,10,data/raw/perlmutter/practical_suite_sweep/practical_strongnative_4node_large128c0c15_20260704024223_c11_sim_tfim_6q_10steps_r0_seed23.json,ok
practical_strongnative_4node_large128c0c15_20260704024223_c11_sim_tfim_6q_10steps_r1_seed1023.json,simulation,hamiltonian_simulation,absolute_observable_error,0.002659821999259293,exact_dense_eigendecomposition_numpy,,0,7.005636035988573,2633.874010343362,0.821802450632914,0.8216225570780548,0.00017989355485925618,110,100,6,1,strongnative_4node_large128c0c15_20260704024223_c11,7.0216571189812385,1023,72,4,3,synthetic,"0,1,2",,1,21,1,,4,chordal,7,tfim,auto,6,10,data/raw/perlmutter/practical_suite_sweep/practical_strongnative_4node_large128c0c15_20260704024223_c11_sim_tfim_6q_10steps_r1_seed1023.json,ok
practical_strongnative_4node_large128c0c15_20260704024223_c11_sim_tfim_6q_10steps_r2_seed2023.json,simulation,hamiltonian_simulation,absolute_observable_error,0.0026137630047742277,exact_dense_eigendecomposition_numpy,,0,7.361657371016918,2816.4976539840513,0.821802450632914,0.8216225570780548,0.00017989355485925618,110,100,6,1,strongnative_4node_large128c0c15_20260704024223_c11,7.374502124992432,2023,72,4,3,synthetic,"0,1,2",,1,21,1,,4,chordal,7,tfim,auto,6,10,data/raw/perlmutter/practical_suite_sweep/practical_strongnative_4node_large128c0c15_20260704024223_c11_sim_tfim_6q_10steps_r2_seed2023.json,ok
practical_strongnative_4node_large128c0c15_20260704024223_c11_sim_tfim_6q_10steps_r3_seed3023.json,simulation,hamiltonian_simulation,absolute_observable_error,0.0025987439730670303,exact_dense_eigendecomposition_numpy,,0,6.4070330479880795,2465.4345000467733,0.821802450632914,0.8216225570780548,0.00017989355485925618,110,100,6,1,strongnative_4node_large128c0c15_20260704024223_c11,6.421014297986403,3023,72,4,3,synthetic,"0,1,2",,1,21,1,,4,chordal,7,tfim,auto,6,10,data/raw/perlmutter/practical_suite_sweep/practical_strongnative_4node_large128c0c15_20260704024223_c11_sim_tfim_6q_10steps_r3_seed3023.json,ok
practical_strongnative_4node_large128c0c15_20260704024223_c12_chem_4q_l2_grid13_r0_seed17.json,chemistry,chemistry_vqe,absolute_energy_error,0.00021025800378993154,exact_diagonalization_numpy,,0,6.74357461501495,32072.85569852763,-1.705732892552902,-0.9059288256492263,0.7998040669036758,464,174,116,29,strongnative_4node_large128c0c15_20260704024223_c12,6.754906984016998,17,72,4,3,synthetic,"0,1,2",,1,13,2,benchmarks/workloads/hamiltonians/molecular_chain_4q.json,4,chordal,7,tfim,auto,4,4,data/raw/perlmutter/practical_suite_sweep/practical_strongnative_4node_large128c0c15_20260704024223_c12_chem_4q_l2_grid13_r0_seed17.json,ok
practical_strongnative_4node_large128c0c15_20260704024223_c12_chem_h2_l1_grid17_r2_seed2031.json,chemistry,chemistry_vqe,absolute_energy_error,0.00015295599587261677,exact_diagonalization_numpy,,0,6.618875850981567,43273.072187989485,-1.85727503020238,-1.8456249981377126,0.011650032064667304,1304,326,652,326,strongnative_4node_large128c0c15_20260704024223_c12,6.629073140007677,2031,72,4,3,synthetic,"0,1,2",,1,17,1,,4,chordal,7,tfim,auto,4,4,data/raw/perlmutter/practical_suite_sweep/practical_strongnative_4node_large128c0c15_20260704024223_c12_chem_h2_l1_grid17_r2_seed2031.json,ok
practical_strongnative_4node_large128c0c15_20260704024223_c12_ml_digits_c0v1v2_192s_8q_d1_r0_seed17.json,ml,multiclass_ml,test_accuracy,0.00013718599802814424,nearest_centroid_numpy,nearest_centroid_numpy,6,10.62438345598639,77445.10087543158,1.0,0.6875,0.3125,3072,1344,1536,192,strongnative_4node_large128c0c15_20260704024223_c12,10.89463869901374,17,192,8,3,digits,"0,1,2",sklearn_digits,1,21,1,,4,chordal,7,tfim,auto,4,4,data/raw/perlmutter/practical_suite_sweep/practical_strongnative_4node_large128c0c15_20260704024223_c12_ml_digits_c0v1v2_192s_8q_d1_r0_seed17.json,ok
practical_strongnative_4node_large128c0c15_20260704024223_c12_ml_digits_c0v1v2_192s_8q_d1_r0_seed23.json,ml,multiclass_ml,test_accuracy,0.0015641609788872302,knn_numpy,knn_numpy,6,7.078371865005465,4525.347429419404,1.0,0.75,0.25,3072,1344,1536,192,strongnative_4node_large128c0c15_20260704024223_c12,7.196345370000927,23,192,8,3,digits,"0,1,2",sklearn_digits,1,21,1,,4,chordal,7,tfim,auto,4,4,data/raw/perlmutter/practical_suite_sweep/practical_strongnative_4node_large128c0c15_20260704024223_c12_ml_digits_c0v1v2_192s_8q_d1_r0_seed23.json,ok
practical_strongnative_4node_large128c0c15_20260704024223_c12_ml_digits_c0v1v2_192s_8q_d1_r0_seed31.json,ml,multiclass_ml,test_accuracy,0.00016688299365341663,nearest_centroid_numpy,nearest_centroid_numpy,6,6.723148949997267,40286.60322309374,1.0,0.7083333333333334,0.29166666666666663,3072,1344,1536,192,strongnative_4node_large128c0c15_20260704024223_c12,6.8348414770152885,31,192,8,3,digits,"0,1,2",sklearn_digits,1,21,1,,4,chordal,7,tfim,auto,4,4,data/raw/perlmutter/practical_suite_sweep/practical_strongnative_4node_large128c0c15_20260704024223_c12_ml_digits_c0v1v2_192s_8q_d1_r0_seed31.json,ok
practical_strongnative_4node_large128c0c15_20260704024223_c12_ml_digits_c0v1v2_192s_8q_d1_r0_seed43.json,ml,multiclass_ml,test_accuracy,0.00016924701048992574,linear_ridge_numpy,linear_ridge_numpy,6,6.971738741005538,41192.68470872355,1.0,0.7291666666666666,0.27083333333333337,3072,1344,1536,192,strongnative_4node_large128c0c15_20260704024223_c12,7.088341742986813,43,192,8,3,digits,"0,1,2",sklearn_digits,1,21,1,,4,chordal,7,tfim,auto,4,4,data/raw/perlmutter/practical_suite_sweep/practical_strongnative_4node_large128c0c15_20260704024223_c12_ml_digits_c0v1v2_192s_8q_d1_r0_seed43.json,ok
practical_strongnative_4node_large128c0c15_20260704024223_c12_ml_digits_c0v1v2_192s_8q_d1_r1_seed1017.json,ml,multiclass_ml,test_accuracy,0.0015942890022415668,knn_numpy,knn_numpy,6,6.7596870599954855,4239.938336456803,1.0,0.6458333333333334,0.35416666666666663,3072,1344,1536,192,strongnative_4node_large128c0c15_20260704024223_c12,6.870599293994019,1017,192,8,3,digits,"0,1,2",sklearn_digits,1,21,1,,4,chordal,7,tfim,auto,4,4,data/raw/perlmutter/practical_suite_sweep/practical_strongnative_4node_large128c0c15_20260704024223_c12_ml_digits_c0v1v2_192s_8q_d1_r1_seed1017.json,ok
practical_strongnative_4node_large128c0c15_20260704024223_c12_ml_digits_c0v1v2_192s_8q_d1_r1_seed1023.json,ml,multiclass_ml,test_accuracy,0.0015788190066814423,knn_numpy,knn_numpy,6,6.903558418009197,4372.609139359142,1.0,0.7291666666666666,0.27083333333333337,3072,1344,1536,192,strongnative_4node_large128c0c15_20260704024223_c12,7.0152584690076765,1023,192,8,3,digits,"0,1,2",sklearn_digits,1,21,1,,4,chordal,7,tfim,auto,4,4,data/raw/perlmutter/practical_suite_sweep/practical_strongnative_4node_large128c0c15_20260704024223_c12_ml_digits_c0v1v2_192s_8q_d1_r1_seed1023.json,ok
practical_strongnative_4node_large128c0c15_20260704024223_c12_ml_digits_c0v1v2_192s_8q_d1_r1_seed1031.json,ml,multiclass_ml,test_accuracy,0.00016567099373787642,nearest_centroid_numpy,nearest_centroid_numpy,6,7.034892694995506,42463.03191810431,1.0,0.7291666666666666,0.27083333333333337,3072,1344,1536,192,strongnative_4node_large128c0c15_20260704024223_c12,7.146057928999653,1031,192,8,3,digits,"0,1,2",sklearn_digits,1,21,1,,4,chordal,7,tfim,auto,4,4,data/raw/perlmutter/practical_suite_sweep/practical_strongnative_4node_large128c0c15_20260704024223_c12_ml_digits_c0v1v2_192s_8q_d1_r1_seed1031.json,ok
practical_strongnative_4node_large128c0c15_20260704024223_c12_ml_digits_c0v1v2_192s_8q_d1_r1_seed1043.json,ml,multiclass_ml,test_accuracy,0.00016659300308674574,nearest_centroid_numpy,nearest_centroid_numpy,6,7.125181306008017,42769.99138011758,0.9791666666666666,0.8541666666666666,0.125,3072,1344,1536,192,strongnative_4node_large128c0c15_20260704024223_c12,7.242143191979267,1043,192,8,3,digits,"0,1,2",sklearn_digits,1,21,1,,4,chordal,7,tfim,auto,4,4,data/raw/perlmutter/practical_suite_sweep/practical_strongnative_4node_large128c0c15_20260704024223_c12_ml_digits_c0v1v2_192s_8q_d1_r1_seed1043.json,ok
practical_strongnative_4node_large128c0c15_20260704024223_c12_ml_digits_c0v1v2_192s_8q_d1_r2_seed2017.json,ml,multiclass_ml,test_accuracy,0.00016898699686862528,nearest_centroid_numpy,nearest_centroid_numpy,6,6.376546790997963,37733.949411239315,1.0,0.7708333333333334,0.22916666666666663,3072,1344,1536,192,strongnative_4node_large128c0c15_20260704024223_c12,6.488376997993328,2017,192,8,3,digits,"0,1,2",sklearn_digits,1,21,1,,4,chordal,7,tfim,auto,4,4,data/raw/perlmutter/practical_suite_sweep/practical_strongnative_4node_large128c0c15_20260704024223_c12_ml_digits_c0v1v2_192s_8q_d1_r2_seed2017.json,ok
practical_strongnative_4node_large128c0c15_20260704024223_c12_ml_digits_c0v1v2_192s_8q_d1_r2_seed2023.json,ml,multiclass_ml,test_accuracy,0.0015697120106779039,knn_numpy,knn_numpy,6,6.725158134999219,4284.326098833159,1.0,0.6875,0.3125,3072,1344,1536,192,strongnative_4node_large128c0c15_20260704024223_c12,6.83663911401527,2023,192,8,3,digits,"0,1,2",sklearn_digits,1,21,1,,4,chordal,7,tfim,auto,4,4,data/raw/perlmutter/practical_suite_sweep/practical_strongnative_4node_large128c0c15_20260704024223_c12_ml_digits_c0v1v2_192s_8q_d1_r2_seed2023.json,ok
practical_strongnative_4node_large128c0c15_20260704024223_c12_ml_digits_c0v1v2_192s_8q_d1_r2_seed2031.json,ml,multiclass_ml,test_accuracy,0.0015744910051580518,knn_numpy,knn_numpy,6,7.120926324976608,4522.684665487682,1.0,0.7291666666666666,0.27083333333333337,3072,1344,1536,192,strongnative_4node_large128c0c15_20260704024223_c12,7.235005088994512,2031,192,8,3,digits,"0,1,2",sklearn_digits,1,21,1,,4,chordal,7,tfim,auto,4,4,data/raw/perlmutter/practical_suite_sweep/practical_strongnative_4node_large128c0c15_20260704024223_c12_ml_digits_c0v1v2_192s_8q_d1_r2_seed2031.json,ok
practical_strongnative_4node_large128c0c15_20260704024223_c12_ml_digits_c0v1v2_192s_8q_d1_r2_seed2043.json,ml,multiclass_ml,test_accuracy,0.00016562998644076288,nearest_centroid_numpy,nearest_centroid_numpy,6,6.964249047014164,42047.030230874945,1.0,0.7291666666666666,0.27083333333333337,3072,1344,1536,192,strongnative_4node_large128c0c15_20260704024223_c12,7.104115038993768,2043,192,8,3,digits,"0,1,2",sklearn_digits,1,21,1,,4,chordal,7,tfim,auto,4,4,data/raw/perlmutter/practical_suite_sweep/practical_strongnative_4node_large128c0c15_20260704024223_c12_ml_digits_c0v1v2_192s_8q_d1_r2_seed2043.json,ok
practical_strongnative_4node_large128c0c15_20260704024223_c12_ml_digits_c0v1v2_192s_8q_d1_r3_seed3017.json,ml,multiclass_ml,test_accuracy,0.00016726501053199172,nearest_centroid_numpy,nearest_centroid_numpy,6,6.5245543099881615,39007.287233813026,1.0,0.7291666666666666,0.27083333333333337,3072,1344,1536,192,strongnative_4node_large128c0c15_20260704024223_c12,6.637032672006171,3017,192,8,3,digits,"0,1,2",sklearn_digits,1,21,1,,4,chordal,7,tfim,auto,4,4,data/raw/perlmutter/practical_suite_sweep/practical_strongnative_4node_large128c0c15_20260704024223_c12_ml_digits_c0v1v2_192s_8q_d1_r3_seed3017.json,ok
practical_strongnative_4node_large128c0c15_20260704024223_c12_ml_digits_c0v1v2_192s_8q_d1_r3_seed3023.json,ml,multiclass_ml,test_accuracy,0.0001669930061325431,linear_ridge_numpy,linear_ridge_numpy,6,6.621958172006998,39654.10483569067,1.0,0.75,0.25,3072,1344,1536,192,strongnative_4node_large128c0c15_20260704024223_c12,6.733883553009946,3023,192,8,3,digits,"0,1,2",sklearn_digits,1,21,1,,4,chordal,7,tfim,auto,4,4,data/raw/perlmutter/practical_suite_sweep/practical_strongnative_4node_large128c0c15_20260704024223_c12_ml_digits_c0v1v2_192s_8q_d1_r3_seed3023.json,ok
practical_strongnative_4node_large128c0c15_20260704024223_c12_ml_digits_c0v1v2_192s_8q_d1_r3_seed3031.json,ml,multiclass_ml,test_accuracy,0.00016849598614498973,linear_ridge_numpy,linear_ridge_numpy,6,6.890482267015614,40894.04397494904,1.0,0.7916666666666666,0.20833333333333337,3072,1344,1536,192,strongnative_4node_large128c0c15_20260704024223_c12,7.002078240009723,3031,192,8,3,digits,"0,1,2",sklearn_digits,1,21,1,,4,chordal,7,tfim,auto,4,4,data/raw/perlmutter/practical_suite_sweep/practical_strongnative_4node_large128c0c15_20260704024223_c12_ml_digits_c0v1v2_192s_8q_d1_r3_seed3031.json,ok
practical_strongnative_4node_large128c0c15_20260704024223_c12_ml_digits_c0v1v2_192s_8q_d1_r3_seed3043.json,ml,multiclass_ml,test_accuracy,0.00016891799168661237,nearest_centroid_numpy,nearest_centroid_numpy,6,7.0236770949850325,41580.39664605896,1.0,0.7708333333333334,0.22916666666666663,3072,1344,1536,192,strongnative_4node_large128c0c15_20260704024223_c12,7.138379006006289,3043,192,8,3,digits,"0,1,2",sklearn_digits,1,21,1,,4,chordal,7,tfim,auto,4,4,data/raw/perlmutter/practical_suite_sweep/practical_strongnative_4node_large128c0c15_20260704024223_c12_ml_digits_c0v1v2_192s_8q_d1_r3_seed3043.json,ok
practical_strongnative_4node_large128c0c15_20260704024223_c12_qaoa_chordal_6n_grid7_r0_seed43.json,optimization,optimization_qaoa,approximation_ratio,2.6632013032212853e-05,greedy_assignment_numpy,,4,43.221271937014535,1622906.6831987533,7,5.278966079257489,0.24586198867750153,980,784,294,49,strongnative_4node_large128c0c15_20260704024223_c12,43.959219960990595,43,72,4,3,synthetic,"0,1,2",,1,21,1,,6,chordal,7,tfim,auto,4,4,data/raw/perlmutter/practical_suite_sweep/practical_strongnative_4node_large128c0c15_20260704024223_c12_qaoa_chordal_6n_grid7_r0_seed43.json,ok
practical_strongnative_4node_large128c0c15_20260704024223_c12_qaoa_chordal_6n_grid7_r2_seed2043.json,optimization,optimization_qaoa,approximation_ratio,3.8305006455630064e-05,greedy_assignment_numpy,,4,6.946439727005782,181345.4785617141,7,5.278966079257489,0.24586198867750153,980,784,294,49,strongnative_4node_large128c0c15_20260704024223_c12,6.972472448978806,2043,72,4,3,synthetic,"0,1,2",,1,21,1,,6,chordal,7,tfim,auto,4,4,data/raw/perlmutter/practical_suite_sweep/practical_strongnative_4node_large128c0c15_20260704024223_c12_qaoa_chordal_6n_grid7_r2_seed2043.json,ok
practical_strongnative_4node_large128c0c15_20260704024223_c12_qaoa_ladder_7n_grid7_r0_seed17.json,optimization,optimization_qaoa,approximation_ratio,3.0198978492990136e-05,greedy_assignment_numpy,,4,6.731521839014022,222905.61386295102,8,5.401462109916174,0.3248172362604782,1078,784,343,49,strongnative_4node_large128c0c15_20260704024223_c12,7.2267888100177515,17,72,4,3,synthetic,"0,1,2",,1,21,1,,7,ladder,7,tfim,auto,4,4,data/raw/perlmutter/practical_suite_sweep/practical_strongnative_4node_large128c0c15_20260704024223_c12_qaoa_ladder_7n_grid7_r0_seed17.json,ok
practical_strongnative_4node_large128c0c15_20260704024223_c12_qaoa_ladder_7n_grid7_r2_seed2017.json,optimization,optimization_qaoa,approximation_ratio,2.963698352687061e-05,greedy_assignment_numpy,,4,6.712304040003801,226484.04936076023,8,5.401462109916174,0.3248172362604782,1078,784,343,49,strongnative_4node_large128c0c15_20260704024223_c12,6.744698089984013,2017,72,4,3,synthetic,"0,1,2",,1,21,1,,7,ladder,7,tfim,auto,4,4,data/raw/perlmutter/practical_suite_sweep/practical_strongnative_4node_large128c0c15_20260704024223_c12_qaoa_ladder_7n_grid7_r2_seed2017.json,ok
practical_strongnative_4node_large128c0c15_20260704024223_c12_qaoa_ring_5n_grid7_r1_seed1031.json,optimization,optimization_qaoa,approximation_ratio,1.92980223800987e-05,greedy_assignment_numpy,,4,6.805141149001429,352634.12047958374,4,3.4375,0.140625,735,490,245,49,strongnative_4node_large128c0c15_20260704024223_c12,6.830990123999072,1031,72,4,3,synthetic,"0,1,2",,1,21,1,,5,ring,7,tfim,auto,4,4,data/raw/perlmutter/practical_suite_sweep/practical_strongnative_4node_large128c0c15_20260704024223_c12_qaoa_ring_5n_grid7_r1_seed1031.json,ok
practical_strongnative_4node_large128c0c15_20260704024223_c12_qaoa_ring_5n_grid7_r3_seed3031.json,optimization,optimization_qaoa,approximation_ratio,1.974799670279026e-05,greedy_assignment_numpy,,4,6.409297340986086,324554.3047959136,4,3.4375,0.140625,735,490,245,49,strongnative_4node_large128c0c15_20260704024223_c12,6.434478934010258,3031,72,4,3,synthetic,"0,1,2",,1,21,1,,5,ring,7,tfim,auto,4,4,data/raw/perlmutter/practical_suite_sweep/practical_strongnative_4node_large128c0c15_20260704024223_c12_qaoa_ring_5n_grid7_r3_seed3031.json,ok
practical_strongnative_4node_large128c0c15_20260704024223_c12_sim_tfim_7q_4steps_r0_seed23.json,simulation,hamiltonian_simulation,absolute_observable_error,0.00839681300567463,exact_dense_eigendecomposition_numpy,,0,6.599171248002676,785.9138036708578,0.8218024506329149,0.8206730318635873,0.0011294187693275948,52,48,7,1,strongnative_4node_large128c0c15_20260704024223_c12,6.618430862989044,23,72,4,3,synthetic,"0,1,2",,1,21,1,,4,chordal,7,tfim,auto,7,4,data/raw/perlmutter/practical_suite_sweep/practical_strongnative_4node_large128c0c15_20260704024223_c12_sim_tfim_7q_4steps_r0_seed23.json,ok
practical_strongnative_4node_large128c0c15_20260704024223_c12_sim_tfim_7q_4steps_r1_seed1023.json,simulation,hamiltonian_simulation,absolute_observable_error,0.00912441301625222,exact_dense_eigendecomposition_numpy,,0,6.49135715700686,711.427370225853,0.8218024506329149,0.8206730318635873,0.0011294187693275948,52,48,7,1,strongnative_4node_large128c0c15_20260704024223_c12,6.517698102979921,1023,72,4,3,synthetic,"0,1,2",,1,21,1,,4,chordal,7,tfim,auto,7,4,data/raw/perlmutter/practical_suite_sweep/practical_strongnative_4node_large128c0c15_20260704024223_c12_sim_tfim_7q_4steps_r1_seed1023.json,ok
practical_strongnative_4node_large128c0c15_20260704024223_c12_sim_tfim_7q_4steps_r2_seed2023.json,simulation,hamiltonian_simulation,absolute_observable_error,0.008913561992812902,exact_dense_eigendecomposition_numpy,,0,6.8344105199794285,766.7429166353569,0.8218024506329149,0.8206730318635873,0.0011294187693275948,52,48,7,1,strongnative_4node_large128c0c15_20260704024223_c12,6.867749792989343,2023,72,4,3,synthetic,"0,1,2",,1,21,1,,4,chordal,7,tfim,auto,7,4,data/raw/perlmutter/practical_suite_sweep/practical_strongnative_4node_large128c0c15_20260704024223_c12_sim_tfim_7q_4steps_r2_seed2023.json,ok
practical_strongnative_4node_large128c0c15_20260704024223_c12_sim_tfim_7q_4steps_r3_seed3023.json,simulation,hamiltonian_simulation,absolute_observable_error,0.008580616995459422,exact_dense_eigendecomposition_numpy,,0,6.716316138015827,782.7311417780188,0.8218024506329149,0.8206730318635873,0.0011294187693275948,52,48,7,1,strongnative_4node_large128c0c15_20260704024223_c12,6.738842588994885,3023,72,4,3,synthetic,"0,1,2",,1,21,1,,4,chordal,7,tfim,auto,7,4,data/raw/perlmutter/practical_suite_sweep/practical_strongnative_4node_large128c0c15_20260704024223_c12_sim_tfim_7q_4steps_r3_seed3023.json,ok
practical_strongnative_4node_large128c0c15_20260704024223_c13_chem_4q_l2_grid17_r0_seed17.json,chemistry,chemistry_vqe,absolute_energy_error,0.00017629200010560453,exact_diagonalization_numpy,,0,6.510432505980134,36929.82382683376,-1.705732892552902,-0.9059288256492263,0.7998040669036758,592,222,148,37,strongnative_4node_large128c0c15_20260704024223_c13,6.51930271400488,17,72,4,3,synthetic,"0,1,2",,1,17,2,benchmarks/workloads/hamiltonians/molecular_chain_4q.json,4,chordal,7,tfim,auto,4,4,data/raw/perlmutter/practical_suite_sweep/practical_strongnative_4node_large128c0c15_20260704024223_c13_chem_4q_l2_grid17_r0_seed17.json,ok
practical_strongnative_4node_large128c0c15_20260704024223_c13_chem_h2_l1_grid21_r2_seed2031.json,chemistry,chemistry_vqe,absolute_energy_error,0.0001560829987283796,exact_diagonalization_numpy,,0,6.511267433001194,41716.69871830372,-1.85727503020238,-1.8539259190122395,0.0033491111901404746,1944,486,972,486,strongnative_4node_large128c0c15_20260704024223_c13,6.5181002439931035,2031,72,4,3,synthetic,"0,1,2",,1,21,1,,4,chordal,7,tfim,auto,4,4,data/raw/perlmutter/practical_suite_sweep/practical_strongnative_4node_large128c0c15_20260704024223_c13_chem_h2_l1_grid21_r2_seed2031.json,ok
practical_strongnative_4node_large128c0c15_20260704024223_c13_ml_digits_c0v1v2_192s_8q_d2_r0_seed17.json,ml,multiclass_ml,test_accuracy,0.00013840800966136158,nearest_centroid_numpy,nearest_centroid_numpy,6,10.666613574983785,77066.44724594658,1.0,0.6875,0.3125,6144,2688,1536,192,strongnative_4node_large128c0c15_20260704024223_c13,10.9291930939944,17,192,8,3,digits,"0,1,2",sklearn_digits,2,21,1,,4,chordal,7,tfim,auto,4,4,data/raw/perlmutter/practical_suite_sweep/practical_strongnative_4node_large128c0c15_20260704024223_c13_ml_digits_c0v1v2_192s_8q_d2_r0_seed17.json,ok
practical_strongnative_4node_large128c0c15_20260704024223_c13_ml_digits_c0v1v2_192s_8q_d2_r0_seed23.json,ml,multiclass_ml,test_accuracy,0.001626059995032847,knn_numpy,knn_numpy,6,6.942270600993652,4269.381586288528,1.0,0.6458333333333334,0.35416666666666663,6144,2688,1536,192,strongnative_4node_large128c0c15_20260704024223_c13,7.052447080001002,23,192,8,3,digits,"0,1,2",sklearn_digits,2,21,1,,4,chordal,7,tfim,auto,4,4,data/raw/perlmutter/practical_suite_sweep/practical_strongnative_4node_large128c0c15_20260704024223_c13_ml_digits_c0v1v2_192s_8q_d2_r0_seed23.json,ok
practical_strongnative_4node_large128c0c15_20260704024223_c13_ml_digits_c0v1v2_192s_8q_d2_r0_seed31.json,ml,multiclass_ml,test_accuracy,0.00016706300084479153,nearest_centroid_numpy,nearest_centroid_numpy,6,6.491291251993971,38855.34929439374,1.0,0.7708333333333334,0.22916666666666663,6144,2688,1536,192,strongnative_4node_large128c0c15_20260704024223_c13,6.599797773000319,31,192,8,3,digits,"0,1,2",sklearn_digits,2,21,1,,4,chordal,7,tfim,auto,4,4,data/raw/perlmutter/practical_suite_sweep/practical_strongnative_4node_large128c0c15_20260704024223_c13_ml_digits_c0v1v2_192s_8q_d2_r0_seed31.json,ok
practical_strongnative_4node_large128c0c15_20260704024223_c13_ml_digits_c0v1v2_192s_8q_d2_r0_seed43.json,ml,multiclass_ml,test_accuracy,0.00017039099475368857,linear_ridge_numpy,linear_ridge_numpy,6,6.596777302009286,38715.527845502416,1.0,0.625,0.375,6144,2688,1536,192,strongnative_4node_large128c0c15_20260704024223_c13,6.703769018989988,43,192,8,3,digits,"0,1,2",sklearn_digits,2,21,1,,4,chordal,7,tfim,auto,4,4,data/raw/perlmutter/practical_suite_sweep/practical_strongnative_4node_large128c0c15_20260704024223_c13_ml_digits_c0v1v2_192s_8q_d2_r0_seed43.json,ok
practical_strongnative_4node_large128c0c15_20260704024223_c13_ml_digits_c0v1v2_192s_8q_d2_r1_seed1017.json,ml,multiclass_ml,test_accuracy,0.001591503998497501,knn_numpy,knn_numpy,6,6.644874549005181,4175.216999315389,1.0,0.6458333333333334,0.35416666666666663,6144,2688,1536,192,strongnative_4node_large128c0c15_20260704024223_c13,6.75343645902467,1017,192,8,3,digits,"0,1,2",sklearn_digits,2,21,1,,4,chordal,7,tfim,auto,4,4,data/raw/perlmutter/practical_suite_sweep/practical_strongnative_4node_large128c0c15_20260704024223_c13_ml_digits_c0v1v2_192s_8q_d2_r1_seed1017.json,ok
practical_strongnative_4node_large128c0c15_20260704024223_c13_ml_digits_c0v1v2_192s_8q_d2_r1_seed1023.json,ml,multiclass_ml,test_accuracy,0.001575703005073592,knn_numpy,knn_numpy,6,6.693743993993849,4248.100036898275,1.0,0.625,0.375,6144,2688,1536,192,strongnative_4node_large128c0c15_20260704024223_c13,6.801999919989612,1023,192,8,3,digits,"0,1,2",sklearn_digits,2,21,1,,4,chordal,7,tfim,auto,4,4,data/raw/perlmutter/practical_suite_sweep/practical_strongnative_4node_large128c0c15_20260704024223_c13_ml_digits_c0v1v2_192s_8q_d2_r1_seed1023.json,ok
practical_strongnative_4node_large128c0c15_20260704024223_c13_ml_digits_c0v1v2_192s_8q_d2_r1_seed1031.json,ml,multiclass_ml,test_accuracy,0.00016812598914839327,nearest_centroid_numpy,nearest_centroid_numpy,6,6.923011612991104,41177.52197657339,1.0,0.7083333333333334,0.29166666666666663,6144,2688,1536,192,strongnative_4node_large128c0c15_20260704024223_c13,7.032036810996942,1031,192,8,3,digits,"0,1,2",sklearn_digits,2,21,1,,4,chordal,7,tfim,auto,4,4,data/raw/perlmutter/practical_suite_sweep/practical_strongnative_4node_large128c0c15_20260704024223_c13_ml_digits_c0v1v2_192s_8q_d2_r1_seed1031.json,ok
practical_strongnative_4node_large128c0c15_20260704024223_c13_ml_digits_c0v1v2_192s_8q_d2_r1_seed1043.json,ml,multiclass_ml,test_accuracy,0.0001663419825490564,nearest_centroid_numpy,nearest_centroid_numpy,6,6.911941132013453,41552.595599099775,0.9791666666666666,0.6875,0.29166666666666663,6144,2688,1536,192,strongnative_4node_large128c0c15_20260704024223_c13,7.020362240000395,1043,192,8,3,digits,"0,1,2",sklearn_digits,2,21,1,,4,chordal,7,tfim,auto,4,4,data/raw/perlmutter/practical_suite_sweep/practical_strongnative_4node_large128c0c15_20260704024223_c13_ml_digits_c0v1v2_192s_8q_d2_r1_seed1043.json,ok
practical_strongnative_4node_large128c0c15_20260704024223_c13_ml_digits_c0v1v2_192s_8q_d2_r2_seed2017.json,ml,multiclass_ml,test_accuracy,0.00017060100799426436,nearest_centroid_numpy,nearest_centroid_numpy,6,6.545213161007268,38365.618339296794,1.0,0.5625,0.4375,6144,2688,1536,192,strongnative_4node_large128c0c15_20260704024223_c13,6.653841773018939,2017,192,8,3,digits,"0,1,2",sklearn_digits,2,21,1,,4,chordal,7,tfim,auto,4,4,data/raw/perlmutter/practical_suite_sweep/practical_strongnative_4node_large128c0c15_20260704024223_c13_ml_digits_c0v1v2_192s_8q_d2_r2_seed2017.json,ok
practical_strongnative_4node_large128c0c15_20260704024223_c13_ml_digits_c0v1v2_192s_8q_d2_r2_seed2023.json,ml,multiclass_ml,test_accuracy,0.0015821050037629902,knn_numpy,knn_numpy,6,6.643885861005401,4199.396275976066,1.0,0.5833333333333334,0.41666666666666663,6144,2688,1536,192,strongnative_4node_large128c0c15_20260704024223_c13,6.751740453997627,2023,192,8,3,digits,"0,1,2",sklearn_digits,2,21,1,,4,chordal,7,tfim,auto,4,4,data/raw/perlmutter/practical_suite_sweep/practical_strongnative_4node_large128c0c15_20260704024223_c13_ml_digits_c0v1v2_192s_8q_d2_r2_seed2023.json,ok
practical_strongnative_4node_large128c0c15_20260704024223_c13_ml_digits_c0v1v2_192s_8q_d2_r2_seed2031.json,ml,multiclass_ml,test_accuracy,0.0015612650022376329,knn_numpy,knn_numpy,6,6.798095648002345,4354.2227861760775,1.0,0.6041666666666666,0.39583333333333337,6144,2688,1536,192,strongnative_4node_large128c0c15_20260704024223_c13,6.906078017986147,2031,192,8,3,digits,"0,1,2",sklearn_digits,2,21,1,,4,chordal,7,tfim,auto,4,4,data/raw/perlmutter/practical_suite_sweep/practical_strongnative_4node_large128c0c15_20260704024223_c13_ml_digits_c0v1v2_192s_8q_d2_r2_seed2031.json,ok
practical_strongnative_4node_large128c0c15_20260704024223_c13_ml_digits_c0v1v2_192s_8q_d2_r2_seed2043.json,ml,multiclass_ml,test_accuracy,0.00016811600653454661,nearest_centroid_numpy,nearest_centroid_numpy,6,6.680711508990498,39738.699762759716,1.0,0.7708333333333334,0.22916666666666663,6144,2688,1536,192,strongnative_4node_large128c0c15_20260704024223_c13,6.788645807013381,2043,192,8,3,digits,"0,1,2",sklearn_digits,2,21,1,,4,chordal,7,tfim,auto,4,4,data/raw/perlmutter/practical_suite_sweep/practical_strongnative_4node_large128c0c15_20260704024223_c13_ml_digits_c0v1v2_192s_8q_d2_r2_seed2043.json,ok
practical_strongnative_4node_large128c0c15_20260704024223_c13_ml_digits_c0v1v2_192s_8q_d2_r3_seed3017.json,ml,multiclass_ml,test_accuracy,0.0001647890021558851,nearest_centroid_numpy,nearest_centroid_numpy,6,6.464604081993457,39229.58448330277,1.0,0.625,0.375,6144,2688,1536,192,strongnative_4node_large128c0c15_20260704024223_c13,6.576638304017251,3017,192,8,3,digits,"0,1,2",sklearn_digits,2,21,1,,4,chordal,7,tfim,auto,4,4,data/raw/perlmutter/practical_suite_sweep/practical_strongnative_4node_large128c0c15_20260704024223_c13_ml_digits_c0v1v2_192s_8q_d2_r3_seed3017.json,ok
practical_strongnative_4node_large128c0c15_20260704024223_c13_ml_digits_c0v1v2_192s_8q_d2_r3_seed3023.json,ml,multiclass_ml,test_accuracy,0.00016498900367878377,nearest_centroid_numpy,nearest_centroid_numpy,6,6.551064419007162,39706.06690710973,1.0,0.7291666666666666,0.27083333333333337,6144,2688,1536,192,strongnative_4node_large128c0c15_20260704024223_c13,6.658630071993684,3023,192,8,3,digits,"0,1,2",sklearn_digits,2,21,1,,4,chordal,7,tfim,auto,4,4,data/raw/perlmutter/practical_suite_sweep/practical_strongnative_4node_large128c0c15_20260704024223_c13_ml_digits_c0v1v2_192s_8q_d2_r3_seed3023.json,ok
practical_strongnative_4node_large128c0c15_20260704024223_c13_ml_digits_c0v1v2_192s_8q_d2_r3_seed3031.json,ml,multiclass_ml,test_accuracy,0.00016540000797249377,linear_ridge_numpy,linear_ridge_numpy,6,6.757573537004646,40855.94444547088,1.0,0.6666666666666666,0.33333333333333337,6144,2688,1536,192,strongnative_4node_large128c0c15_20260704024223_c13,6.865330591012025,3031,192,8,3,digits,"0,1,2",sklearn_digits,2,21,1,,4,chordal,7,tfim,auto,4,4,data/raw/perlmutter/practical_suite_sweep/practical_strongnative_4node_large128c0c15_20260704024223_c13_ml_digits_c0v1v2_192s_8q_d2_r3_seed3031.json,ok
practical_strongnative_4node_large128c0c15_20260704024223_c13_ml_digits_c0v1v2_192s_8q_d2_r3_seed3043.json,ml,multiclass_ml,test_accuracy,0.00016668299213051796,nearest_centroid_numpy,nearest_centroid_numpy,6,6.816164934018161,40892.98402251438,1.0,0.7083333333333334,0.29166666666666663,6144,2688,1536,192,strongnative_4node_large128c0c15_20260704024223_c13,6.9253252370108385,3043,192,8,3,digits,"0,1,2",sklearn_digits,2,21,1,,4,chordal,7,tfim,auto,4,4,data/raw/perlmutter/practical_suite_sweep/practical_strongnative_4node_large128c0c15_20260704024223_c13_ml_digits_c0v1v2_192s_8q_d2_r3_seed3043.json,ok
practical_strongnative_4node_large128c0c15_20260704024223_c13_qaoa_chordal_6n_grid9_r0_seed43.json,optimization,optimization_qaoa,approximation_ratio,2.614999539218843e-05,greedy_assignment_numpy,,4,44.545514616009314,1703461.6621506566,7,5.373160171779813,0.23240568974574105,1620,1296,486,81,strongnative_4node_large128c0c15_20260704024223_c13,44.570463882992044,43,72,4,3,synthetic,"0,1,2",,1,21,1,,6,chordal,9,tfim,auto,4,4,data/raw/perlmutter/practical_suite_sweep/practical_strongnative_4node_large128c0c15_20260704024223_c13_qaoa_chordal_6n_grid9_r0_seed43.json,ok
practical_strongnative_4node_large128c0c15_20260704024223_c13_qaoa_chordal_6n_grid9_r2_seed2043.json,optimization,optimization_qaoa,approximation_ratio,2.703300560824573e-05,greedy_assignment_numpy,,4,6.810781582025811,251943.18681117558,7,5.373160171779813,0.23240568974574105,1620,1296,486,81,strongnative_4node_large128c0c15_20260704024223_c13,6.832529207982589,2043,72,4,3,synthetic,"0,1,2",,1,21,1,,6,chordal,9,tfim,auto,4,4,data/raw/perlmutter/practical_suite_sweep/practical_strongnative_4node_large128c0c15_20260704024223_c13_qaoa_chordal_6n_grid9_r2_seed2043.json,ok
practical_strongnative_4node_large128c0c15_20260704024223_c13_qaoa_ladder_7n_grid9_r0_seed17.json,optimization,optimization_qaoa,approximation_ratio,3.0277995392680168e-05,greedy_assignment_numpy,,4,6.938816302979831,229170.2674826788,8,5.722271824131493,0.2847160219835634,1782,1296,567,81,strongnative_4node_large128c0c15_20260704024223_c13,7.43628971700673,17,72,4,3,synthetic,"0,1,2",,1,21,1,,7,ladder,9,tfim,auto,4,4,data/raw/perlmutter/practical_suite_sweep/practical_strongnative_4node_large128c0c15_20260704024223_c13_qaoa_ladder_7n_grid9_r0_seed17.json,ok
practical_strongnative_4node_large128c0c15_20260704024223_c13_qaoa_ladder_7n_grid9_r2_seed2017.json,optimization,optimization_qaoa,approximation_ratio,2.9746996005997062e-05,greedy_assignment_numpy,,4,6.898037432023557,231890.21945721502,8,5.722271824131493,0.2847160219835634,1782,1296,567,81,strongnative_4node_large128c0c15_20260704024223_c13,6.920642892015167,2017,72,4,3,synthetic,"0,1,2",,1,21,1,,7,ladder,9,tfim,auto,4,4,data/raw/perlmutter/practical_suite_sweep/practical_strongnative_4node_large128c0c15_20260704024223_c13_qaoa_ladder_7n_grid9_r2_seed2017.json,ok
practical_strongnative_4node_large128c0c15_20260704024223_c13_qaoa_ring_5n_grid9_r1_seed1031.json,optimization,optimization_qaoa,approximation_ratio,2.0350009435787797e-05,greedy_assignment_numpy,,4,6.10889003999182,300191.0175652619,4,3.749999999999998,0.06250000000000056,1215,810,405,81,strongnative_4node_large128c0c15_20260704024223_c13,6.13039509698865,1031,72,4,3,synthetic,"0,1,2",,1,21,1,,5,ring,9,tfim,auto,4,4,data/raw/perlmutter/practical_suite_sweep/practical_strongnative_4node_large128c0c15_20260704024223_c13_qaoa_ring_5n_grid9_r1_seed1031.json,ok
practical_strongnative_4node_large128c0c15_20260704024223_c13_qaoa_ring_5n_grid9_r3_seed3031.json,optimization,optimization_qaoa,approximation_ratio,1.9096973119303584e-05,greedy_assignment_numpy,,4,6.192831369000487,324283.3997991365,4,3.749999999999998,0.06250000000000056,1215,810,405,81,strongnative_4node_large128c0c15_20260704024223_c13,6.215279283002019,3031,72,4,3,synthetic,"0,1,2",,1,21,1,,5,ring,9,tfim,auto,4,4,data/raw/perlmutter/practical_suite_sweep/practical_strongnative_4node_large128c0c15_20260704024223_c13_qaoa_ring_5n_grid9_r3_seed3031.json,ok
practical_strongnative_4node_large128c0c15_20260704024223_c13_sim_tfim_7q_6steps_r0_seed23.json,simulation,hamiltonian_simulation,absolute_observable_error,0.008646907983347774,exact_dense_eigendecomposition_numpy,,0,6.708748178993119,775.8551602391092,0.8218024506329149,0.8213019840508498,0.000500466582065151,78,72,7,1,strongnative_4node_large128c0c15_20260704024223_c13,6.731564677000279,23,72,4,3,synthetic,"0,1,2",,1,21,1,,4,chordal,7,tfim,auto,7,6,data/raw/perlmutter/practical_suite_sweep/practical_strongnative_4node_large128c0c15_20260704024223_c13_sim_tfim_7q_6steps_r0_seed23.json,ok
practical_strongnative_4node_large128c0c15_20260704024223_c13_sim_tfim_7q_6steps_r1_seed1023.json,simulation,hamiltonian_simulation,absolute_observable_error,0.009559706988511607,exact_dense_eigendecomposition_numpy,,0,6.7168245339998975,702.6182436419706,0.8218024506329149,0.8213019840508498,0.000500466582065151,78,72,7,1,strongnative_4node_large128c0c15_20260704024223_c13,6.738789601018652,1023,72,4,3,synthetic,"0,1,2",,1,21,1,,4,chordal,7,tfim,auto,7,6,data/raw/perlmutter/practical_suite_sweep/practical_strongnative_4node_large128c0c15_20260704024223_c13_sim_tfim_7q_6steps_r1_seed1023.json,ok
practical_strongnative_4node_large128c0c15_20260704024223_c13_sim_tfim_7q_6steps_r2_seed2023.json,simulation,hamiltonian_simulation,absolute_observable_error,0.00877018499886617,exact_dense_eigendecomposition_numpy,,0,6.743275094020646,768.8862999916686,0.8218024506329149,0.8213019840508498,0.000500466582065151,78,72,7,1,strongnative_4node_large128c0c15_20260704024223_c13,6.780255582998507,2023,72,4,3,synthetic,"0,1,2",,1,21,1,,4,chordal,7,tfim,auto,7,6,data/raw/perlmutter/practical_suite_sweep/practical_strongnative_4node_large128c0c15_20260704024223_c13_sim_tfim_7q_6steps_r2_seed2023.json,ok
practical_strongnative_4node_large128c0c15_20260704024223_c13_sim_tfim_7q_6steps_r3_seed3023.json,simulation,hamiltonian_simulation,absolute_observable_error,0.008230058010667562,exact_dense_eigendecomposition_numpy,,0,6.550479703000747,795.9214497042676,0.8218024506329149,0.8213019840508498,0.000500466582065151,78,72,7,1,strongnative_4node_large128c0c15_20260704024223_c13,6.570255091995932,3023,72,4,3,synthetic,"0,1,2",,1,21,1,,4,chordal,7,tfim,auto,7,6,data/raw/perlmutter/practical_suite_sweep/practical_strongnative_4node_large128c0c15_20260704024223_c13_sim_tfim_7q_6steps_r3_seed3023.json,ok
practical_strongnative_4node_large128c0c15_20260704024223_c14_chem_h2_l1_grid17_r0_seed23.json,chemistry,chemistry_vqe,absolute_energy_error,0.00015926899504847825,exact_diagonalization_numpy,,0,6.643511447007768,41712.52191919474,-1.85727503020238,-1.8456249981377126,0.011650032064667304,1304,326,652,326,strongnative_4node_large128c0c15_20260704024223_c14,6.650398894009413,23,72,4,3,synthetic,"0,1,2",,1,17,1,,4,chordal,7,tfim,auto,4,4,data/raw/perlmutter/practical_suite_sweep/practical_strongnative_4node_large128c0c15_20260704024223_c14_chem_h2_l1_grid17_r0_seed23.json,ok
practical_strongnative_4node_large128c0c15_20260704024223_c14_chem_h2_l1_grid25_r2_seed2031.json,chemistry,chemistry_vqe,absolute_energy_error,0.00015139399329200387,exact_diagonalization_numpy,,0,6.397033768007532,42254.211206841865,-1.85727503020238,-1.8566776536800178,0.0005973765223621363,2712,678,1356,678,strongnative_4node_large128c0c15_20260704024223_c14,6.403606856008992,2031,72,4,3,synthetic,"0,1,2",,1,25,1,,4,chordal,7,tfim,auto,4,4,data/raw/perlmutter/practical_suite_sweep/practical_strongnative_4node_large128c0c15_20260704024223_c14_chem_h2_l1_grid25_r2_seed2031.json,ok
practical_strongnative_4node_large128c0c15_20260704024223_c14_ml_digits_c0v1v2_192s_10q_d1_r0_seed17.json,ml,multiclass_ml,test_accuracy,0.00017436800408177078,linear_ridge_numpy,linear_ridge_numpy,6,10.641143823013408,61026.92910347926,1.0,0.6875,0.3125,3840,1728,1920,192,strongnative_4node_large128c0c15_20260704024223_c14,10.903827623988036,17,192,10,3,digits,"0,1,2",sklearn_digits,1,21,1,,4,chordal,7,tfim,auto,4,4,data/raw/perlmutter/practical_suite_sweep/practical_strongnative_4node_large128c0c15_20260704024223_c14_ml_digits_c0v1v2_192s_10q_d1_r0_seed17.json,ok
practical_strongnative_4node_large128c0c15_20260704024223_c14_ml_digits_c0v1v2_192s_10q_d1_r0_seed23.json,ml,multiclass_ml,test_accuracy,0.001608137012226507,knn_numpy,knn_numpy,6,6.972774929978186,4335.933366973626,1.0,0.7291666666666666,0.27083333333333337,3840,1728,1920,192,strongnative_4node_large128c0c15_20260704024223_c14,7.0885806450096425,23,192,10,3,digits,"0,1,2",sklearn_digits,1,21,1,,4,chordal,7,tfim,auto,4,4,data/raw/perlmutter/practical_suite_sweep/practical_strongnative_4node_large128c0c15_20260704024223_c14_ml_digits_c0v1v2_192s_10q_d1_r0_seed23.json,ok
practical_strongnative_4node_large128c0c15_20260704024223_c14_ml_digits_c0v1v2_192s_10q_d1_r0_seed31.json,ml,multiclass_ml,test_accuracy,0.013278389000333846,rbf_kernel_ridge_numpy,rbf_kernel_ridge_numpy,6,6.524231129005784,491.3420693460443,1.0,0.6875,0.3125,3840,1728,1920,192,strongnative_4node_large128c0c15_20260704024223_c14,6.66370772200753,31,192,10,3,digits,"0,1,2",sklearn_digits,1,21,1,,4,chordal,7,tfim,auto,4,4,data/raw/perlmutter/practical_suite_sweep/practical_strongnative_4node_large128c0c15_20260704024223_c14_ml_digits_c0v1v2_192s_10q_d1_r0_seed31.json,ok
practical_strongnative_4node_large128c0c15_20260704024223_c14_ml_digits_c0v1v2_192s_10q_d1_r0_seed43.json,ml,multiclass_ml,test_accuracy,0.012949341005878523,rbf_kernel_ridge_numpy,rbf_kernel_ridge_numpy,6,6.6510138860030565,513.6179426415399,1.0,0.7083333333333334,0.29166666666666663,3840,1728,1920,192,strongnative_4node_large128c0c15_20260704024223_c14,6.813893605984049,43,192,10,3,digits,"0,1,2",sklearn_digits,1,21,1,,4,chordal,7,tfim,auto,4,4,data/raw/perlmutter/practical_suite_sweep/practical_strongnative_4node_large128c0c15_20260704024223_c14_ml_digits_c0v1v2_192s_10q_d1_r0_seed43.json,ok
practical_strongnative_4node_large128c0c15_20260704024223_c14_ml_digits_c0v1v2_192s_10q_d1_r1_seed1017.json,ml,multiclass_ml,test_accuracy,0.0001750490046106279,linear_ridge_numpy,linear_ridge_numpy,6,6.416114252002444,36653.24613684149,1.0,0.625,0.375,3840,1728,1920,192,strongnative_4node_large128c0c15_20260704024223_c14,6.549643681006273,1017,192,10,3,digits,"0,1,2",sklearn_digits,1,21,1,,4,chordal,7,tfim,auto,4,4,data/raw/perlmutter/practical_suite_sweep/practical_strongnative_4node_large128c0c15_20260704024223_c14_ml_digits_c0v1v2_192s_10q_d1_r1_seed1017.json,ok
practical_strongnative_4node_large128c0c15_20260704024223_c14_ml_digits_c0v1v2_192s_10q_d1_r1_seed1023.json,ml,multiclass_ml,test_accuracy,0.00018388699390925467,nearest_centroid_numpy,nearest_centroid_numpy,6,6.8137632939906325,37054.079514471356,1.0,0.75,0.25,3840,1728,1920,192,strongnative_4node_large128c0c15_20260704024223_c14,6.921729007997783,1023,192,10,3,digits,"0,1,2",sklearn_digits,1,21,1,,4,chordal,7,tfim,auto,4,4,data/raw/perlmutter/practical_suite_sweep/practical_strongnative_4node_large128c0c15_20260704024223_c14_ml_digits_c0v1v2_192s_10q_d1_r1_seed1023.json,ok
practical_strongnative_4node_large128c0c15_20260704024223_c14_ml_digits_c0v1v2_192s_10q_d1_r1_seed1031.json,ml,multiclass_ml,test_accuracy,0.00017147199832834303,nearest_centroid_numpy,nearest_centroid_numpy,6,6.729554151999764,39245.79066906121,0.9791666666666666,0.6458333333333334,0.33333333333333326,3840,1728,1920,192,strongnative_4node_large128c0c15_20260704024223_c14,6.837985418998869,1031,192,10,3,digits,"0,1,2",sklearn_digits,1,21,1,,4,chordal,7,tfim,auto,4,4,data/raw/perlmutter/practical_suite_sweep/practical_strongnative_4node_large128c0c15_20260704024223_c14_ml_digits_c0v1v2_192s_10q_d1_r1_seed1031.json,ok
practical_strongnative_4node_large128c0c15_20260704024223_c14_ml_digits_c0v1v2_192s_10q_d1_r1_seed1043.json,ml,multiclass_ml,test_accuracy,0.016445515997475013,rbf_kernel_ridge_numpy,rbf_kernel_ridge_numpy,6,6.988441306020832,424.9450918471523,1.0,0.8125,0.1875,3840,1728,1920,192,strongnative_4node_large128c0c15_20260704024223_c14,7.099502969009336,1043,192,10,3,digits,"0,1,2",sklearn_digits,1,21,1,,4,chordal,7,tfim,auto,4,4,data/raw/perlmutter/practical_suite_sweep/practical_strongnative_4node_large128c0c15_20260704024223_c14_ml_digits_c0v1v2_192s_10q_d1_r1_seed1043.json,ok
practical_strongnative_4node_large128c0c15_20260704024223_c14_ml_digits_c0v1v2_192s_10q_d1_r2_seed2017.json,ml,multiclass_ml,test_accuracy,0.00018477797857485712,linear_ridge_numpy,linear_ridge_numpy,6,6.298945521004498,34089.265233804224,1.0,0.6875,0.3125,3840,1728,1920,192,strongnative_4node_large128c0c15_20260704024223_c14,6.410654773004353,2017,192,10,3,digits,"0,1,2",sklearn_digits,1,21,1,,4,chordal,7,tfim,auto,4,4,data/raw/perlmutter/practical_suite_sweep/practical_strongnative_4node_large128c0c15_20260704024223_c14_ml_digits_c0v1v2_192s_10q_d1_r2_seed2017.json,ok
practical_strongnative_4node_large128c0c15_20260704024223_c14_ml_digits_c0v1v2_192s_10q_d1_r2_seed2023.json,ml,multiclass_ml,test_accuracy,0.0001760010200086981,linear_ridge_numpy,linear_ridge_numpy,6,6.857427616982022,38962.43110774655,1.0,0.6666666666666666,0.33333333333333337,3840,1728,1920,192,strongnative_4node_large128c0c15_20260704024223_c14,6.9651455450220965,2023,192,10,3,digits,"0,1,2",sklearn_digits,1,21,1,,4,chordal,7,tfim,auto,4,4,data/raw/perlmutter/practical_suite_sweep/practical_strongnative_4node_large128c0c15_20260704024223_c14_ml_digits_c0v1v2_192s_10q_d1_r2_seed2023.json,ok
practical_strongnative_4node_large128c0c15_20260704024223_c14_ml_digits_c0v1v2_192s_10q_d1_r2_seed2031.json,ml,multiclass_ml,test_accuracy,0.0015655939932912588,knn_numpy,knn_numpy,6,6.891071769001428,4401.570137935137,1.0,0.75,0.25,3840,1728,1920,192,strongnative_4node_large128c0c15_20260704024223_c14,7.048270187980961,2031,192,10,3,digits,"0,1,2",sklearn_digits,1,21,1,,4,chordal,7,tfim,auto,4,4,data/raw/perlmutter/practical_suite_sweep/practical_strongnative_4node_large128c0c15_20260704024223_c14_ml_digits_c0v1v2_192s_10q_d1_r2_seed2031.json,ok
practical_strongnative_4node_large128c0c15_20260704024223_c14_ml_digits_c0v1v2_192s_10q_d1_r2_seed2043.json,ml,multiclass_ml,test_accuracy,0.00017055097850970924,nearest_centroid_numpy,nearest_centroid_numpy,6,6.829573413007893,40044.17607383645,1.0,0.75,0.25,3840,1728,1920,192,strongnative_4node_large128c0c15_20260704024223_c14,6.939129501988646,2043,192,10,3,digits,"0,1,2",sklearn_digits,1,21,1,,4,chordal,7,tfim,auto,4,4,data/raw/perlmutter/practical_suite_sweep/practical_strongnative_4node_large128c0c15_20260704024223_c14_ml_digits_c0v1v2_192s_10q_d1_r2_seed2043.json,ok
practical_strongnative_4node_large128c0c15_20260704024223_c14_ml_digits_c0v1v2_192s_10q_d1_r3_seed3017.json,ml,multiclass_ml,test_accuracy,0.00017139199189841747,nearest_centroid_numpy,nearest_centroid_numpy,6,6.698817494005198,39084.775314213795,0.9791666666666666,0.75,0.22916666666666663,3840,1728,1920,192,strongnative_4node_large128c0c15_20260704024223_c14,6.805917465011589,3017,192,10,3,digits,"0,1,2",sklearn_digits,1,21,1,,4,chordal,7,tfim,auto,4,4,data/raw/perlmutter/practical_suite_sweep/practical_strongnative_4node_large128c0c15_20260704024223_c14_ml_digits_c0v1v2_192s_10q_d1_r3_seed3017.json,ok
practical_strongnative_4node_large128c0c15_20260704024223_c14_ml_digits_c0v1v2_192s_10q_d1_r3_seed3023.json,ml,multiclass_ml,test_accuracy,0.0001700089778751135,nearest_centroid_numpy,nearest_centroid_numpy,6,6.73272867500782,39602.194890869825,1.0,0.75,0.25,3840,1728,1920,192,strongnative_4node_large128c0c15_20260704024223_c14,6.841035062971059,3023,192,10,3,digits,"0,1,2",sklearn_digits,1,21,1,,4,chordal,7,tfim,auto,4,4,data/raw/perlmutter/practical_suite_sweep/practical_strongnative_4node_large128c0c15_20260704024223_c14_ml_digits_c0v1v2_192s_10q_d1_r3_seed3023.json,ok
practical_strongnative_4node_large128c0c15_20260704024223_c14_ml_digits_c0v1v2_192s_10q_d1_r3_seed3031.json,ml,multiclass_ml,test_accuracy,0.00016136199701577425,nearest_centroid_numpy,nearest_centroid_numpy,6,6.657906418986386,41260.684313020305,1.0,0.7916666666666666,0.20833333333333337,3840,1728,1920,192,strongnative_4node_large128c0c15_20260704024223_c14,6.765612002986018,3031,192,10,3,digits,"0,1,2",sklearn_digits,1,21,1,,4,chordal,7,tfim,auto,4,4,data/raw/perlmutter/practical_suite_sweep/practical_strongnative_4node_large128c0c15_20260704024223_c14_ml_digits_c0v1v2_192s_10q_d1_r3_seed3031.json,ok
practical_strongnative_4node_large128c0c15_20260704024223_c14_ml_digits_c0v1v2_192s_10q_d1_r3_seed3043.json,ml,multiclass_ml,test_accuracy,0.0015638300101272762,knn_numpy,knn_numpy,6,6.8836542289936915,4401.791872783825,1.0,0.75,0.25,3840,1728,1920,192,strongnative_4node_large128c0c15_20260704024223_c14,6.990998913999647,3043,192,10,3,digits,"0,1,2",sklearn_digits,1,21,1,,4,chordal,7,tfim,auto,4,4,data/raw/perlmutter/practical_suite_sweep/practical_strongnative_4node_large128c0c15_20260704024223_c14_ml_digits_c0v1v2_192s_10q_d1_r3_seed3043.json,ok
practical_strongnative_4node_large128c0c15_20260704024223_c14_qaoa_chordal_6n_grid11_r0_seed43.json,optimization,optimization_qaoa,approximation_ratio,2.6832014555111527e-05,greedy_assignment_numpy,,4,44.46933983798954,1657323.930957621,7,5.43271086726554,0.2238984475334942,2420,1936,726,121,strongnative_4node_large128c0c15_20260704024223_c14,44.49173211000743,43,72,4,3,synthetic,"0,1,2",,1,21,1,,6,chordal,11,tfim,auto,4,4,data/raw/perlmutter/practical_suite_sweep/practical_strongnative_4node_large128c0c15_20260704024223_c14_qaoa_chordal_6n_grid11_r0_seed43.json,ok
practical_strongnative_4node_large128c0c15_20260704024223_c14_qaoa_chordal_6n_grid11_r2_seed2043.json,optimization,optimization_qaoa,approximation_ratio,2.6119989342987537e-05,greedy_assignment_numpy,,4,6.646185222984059,254448.23639517938,7,5.43271086726554,0.2238984475334942,2420,1936,726,121,strongnative_4node_large128c0c15_20260704024223_c14,6.668711628008168,2043,72,4,3,synthetic,"0,1,2",,1,21,1,,6,chordal,11,tfim,auto,4,4,data/raw/perlmutter/practical_suite_sweep/practical_strongnative_4node_large128c0c15_20260704024223_c14_qaoa_chordal_6n_grid11_r2_seed2043.json,ok
practical_strongnative_4node_large128c0c15_20260704024223_c14_qaoa_ladder_7n_grid11_r0_seed17.json,optimization,optimization_qaoa,approximation_ratio,2.9917981009930372e-05,greedy_assignment_numpy,,4,6.66726311299135,222851.37191504842,8,5.641368710488195,0.2948289111889756,2662,1936,847,121,strongnative_4node_large128c0c15_20260704024223_c14,7.167332217999501,17,72,4,3,synthetic,"0,1,2",,1,21,1,,7,ladder,11,tfim,auto,4,4,data/raw/perlmutter/practical_suite_sweep/practical_strongnative_4node_large128c0c15_20260704024223_c14_qaoa_ladder_7n_grid11_r0_seed17.json,ok
practical_strongnative_4node_large128c0c15_20260704024223_c14_qaoa_ladder_7n_grid11_r2_seed2017.json,optimization,optimization_qaoa,approximation_ratio,3.0329014407470822e-05,greedy_assignment_numpy,,4,6.6007883319980465,217639.39451893634,8,5.641368710488195,0.2948289111889756,2662,1936,847,121,strongnative_4node_large128c0c15_20260704024223_c14,6.623596174002159,2017,72,4,3,synthetic,"0,1,2",,1,21,1,,7,ladder,11,tfim,auto,4,4,data/raw/perlmutter/practical_suite_sweep/practical_strongnative_4node_large128c0c15_20260704024223_c14_qaoa_ladder_7n_grid11_r2_seed2017.json,ok
practical_strongnative_4node_large128c0c15_20260704024223_c14_qaoa_ring_5n_grid11_r1_seed1031.json,optimization,optimization_qaoa,approximation_ratio,1.9327009795233607e-05,greedy_assignment_numpy,,4,6.016795468982309,311315.3836381953,4,3.63063562148434,0.09234109462891504,1815,1210,605,121,strongnative_4node_large128c0c15_20260704024223_c14,6.045270073984284,1031,72,4,3,synthetic,"0,1,2",,1,21,1,,5,ring,11,tfim,auto,4,4,data/raw/perlmutter/practical_suite_sweep/practical_strongnative_4node_large128c0c15_20260704024223_c14_qaoa_ring_5n_grid11_r1_seed1031.json,ok
practical_strongnative_4node_large128c0c15_20260704024223_c14_qaoa_ring_5n_grid11_r3_seed3031.json,optimization,optimization_qaoa,approximation_ratio,2.0139006664976478e-05,greedy_assignment_numpy,,4,6.275112459989032,311589.9688787536,4,3.63063562148434,0.09234109462891504,1815,1210,605,121,strongnative_4node_large128c0c15_20260704024223_c14,6.29580693601747,3031,72,4,3,synthetic,"0,1,2",,1,21,1,,5,ring,11,tfim,auto,4,4,data/raw/perlmutter/practical_suite_sweep/practical_strongnative_4node_large128c0c15_20260704024223_c14_qaoa_ring_5n_grid11_r3_seed3031.json,ok
practical_strongnative_4node_large128c0c15_20260704024223_c14_sim_tfim_7q_8steps_r0_seed23.json,simulation,hamiltonian_simulation,absolute_observable_error,0.0085139200091362,exact_dense_eigendecomposition_numpy,,0,6.46085070099798,758.8573411618746,0.8218024506329149,0.8215212314654866,0.00028121916742829267,104,96,7,1,strongnative_4node_large128c0c15_20260704024223_c14,6.480226762010716,23,72,4,3,synthetic,"0,1,2",,1,21,1,,4,chordal,7,tfim,auto,7,8,data/raw/perlmutter/practical_suite_sweep/practical_strongnative_4node_large128c0c15_20260704024223_c14_sim_tfim_7q_8steps_r0_seed23.json,ok
practical_strongnative_4node_large128c0c15_20260704024223_c14_sim_tfim_7q_8steps_r1_seed1023.json,simulation,hamiltonian_simulation,absolute_observable_error,0.008582131995353848,exact_dense_eigendecomposition_numpy,,0,6.573975531005999,766.0072735498575,0.8218024506329149,0.8215212314654866,0.00028121916742829267,104,96,7,1,strongnative_4node_large128c0c15_20260704024223_c14,6.59360915000434,1023,72,4,3,synthetic,"0,1,2",,1,21,1,,4,chordal,7,tfim,auto,7,8,data/raw/perlmutter/practical_suite_sweep/practical_strongnative_4node_large128c0c15_20260704024223_c14_sim_tfim_7q_8steps_r1_seed1023.json,ok
practical_strongnative_4node_large128c0c15_20260704024223_c14_sim_tfim_7q_8steps_r2_seed2023.json,simulation,hamiltonian_simulation,absolute_observable_error,0.011029240995412692,exact_dense_eigendecomposition_numpy,,0,7.123424852004973,645.8671865967717,0.8218024506329149,0.8215212314654866,0.00028121916742829267,104,96,7,1,strongnative_4node_large128c0c15_20260704024223_c14,7.161059376987396,2023,72,4,3,synthetic,"0,1,2",,1,21,1,,4,chordal,7,tfim,auto,7,8,data/raw/perlmutter/practical_suite_sweep/practical_strongnative_4node_large128c0c15_20260704024223_c14_sim_tfim_7q_8steps_r2_seed2023.json,ok
practical_strongnative_4node_large128c0c15_20260704024223_c14_sim_tfim_7q_8steps_r3_seed3023.json,simulation,hamiltonian_simulation,absolute_observable_error,0.008606357005191967,exact_dense_eigendecomposition_numpy,,0,6.493051863013534,754.4483524325639,0.8218024506329149,0.8215212314654866,0.00028121916742829267,104,96,7,1,strongnative_4node_large128c0c15_20260704024223_c14,6.512240676005604,3023,72,4,3,synthetic,"0,1,2",,1,21,1,,4,chordal,7,tfim,auto,7,8,data/raw/perlmutter/practical_suite_sweep/practical_strongnative_4node_large128c0c15_20260704024223_c14_sim_tfim_7q_8steps_r3_seed3023.json,ok
practical_strongnative_4node_large128c0c15_20260704024223_c15_chem_h2_l1_grid21_r0_seed23.json,chemistry,chemistry_vqe,absolute_energy_error,0.0001572749752085656,exact_diagonalization_numpy,,0,6.505981038993923,41366.91822946535,-1.85727503020238,-1.8539259190122395,0.0033491111901404746,1944,486,972,486,strongnative_4node_large128c0c15_20260704024223_c15,6.512422871979652,23,72,4,3,synthetic,"0,1,2",,1,21,1,,4,chordal,7,tfim,auto,4,4,data/raw/perlmutter/practical_suite_sweep/practical_strongnative_4node_large128c0c15_20260704024223_c15_chem_h2_l1_grid21_r0_seed23.json,ok
practical_strongnative_4node_large128c0c15_20260704024223_c15_chem_h2_l1_grid33_r2_seed2031.json,chemistry,chemistry_vqe,absolute_energy_error,0.00015497999265789986,exact_diagonalization_numpy,,0,6.339259016007418,40903.72510212068,-1.85727503020238,-1.8569734051608102,0.0003016250415697197,4632,1158,2316,1158,strongnative_4node_large128c0c15_20260704024223_c15,6.346838822995778,2031,72,4,3,synthetic,"0,1,2",,1,33,1,,4,chordal,7,tfim,auto,4,4,data/raw/perlmutter/practical_suite_sweep/practical_strongnative_4node_large128c0c15_20260704024223_c15_chem_h2_l1_grid33_r2_seed2031.json,ok
practical_strongnative_4node_large128c0c15_20260704024223_c15_ml_digits_c0v1v2_192s_10q_d2_r0_seed17.json,ml,multiclass_ml,test_accuracy,0.00017457801732234657,linear_ridge_numpy,linear_ridge_numpy,6,10.686981141014257,61216.07579768457,1.0,0.7083333333333334,0.29166666666666663,7680,3456,1920,192,strongnative_4node_large128c0c15_20260704024223_c15,10.950744453992229,17,192,10,3,digits,"0,1,2",sklearn_digits,2,21,1,,4,chordal,7,tfim,auto,4,4,data/raw/perlmutter/practical_suite_sweep/practical_strongnative_4node_large128c0c15_20260704024223_c15_ml_digits_c0v1v2_192s_10q_d2_r0_seed17.json,ok
practical_strongnative_4node_large128c0c15_20260704024223_c15_ml_digits_c0v1v2_192s_10q_d2_r0_seed23.json,ml,multiclass_ml,test_accuracy,0.00280950398882851,knn_numpy,knn_numpy,6,7.232277827017242,2574.218743157191,1.0,0.6666666666666666,0.33333333333333337,7680,3456,1920,192,strongnative_4node_large128c0c15_20260704024223_c15,7.365398533991538,23,192,10,3,digits,"0,1,2",sklearn_digits,2,21,1,,4,chordal,7,tfim,auto,4,4,data/raw/perlmutter/practical_suite_sweep/practical_strongnative_4node_large128c0c15_20260704024223_c15_ml_digits_c0v1v2_192s_10q_d2_r0_seed23.json,ok
practical_strongnative_4node_large128c0c15_20260704024223_c15_ml_digits_c0v1v2_192s_10q_d2_r0_seed31.json,ml,multiclass_ml,test_accuracy,0.013565215020207688,rbf_kernel_ridge_numpy,rbf_kernel_ridge_numpy,6,6.403893070993945,472.08194351908617,1.0,0.7708333333333334,0.22916666666666663,7680,3456,1920,192,strongnative_4node_large128c0c15_20260704024223_c15,6.51730720201158,31,192,10,3,digits,"0,1,2",sklearn_digits,2,21,1,,4,chordal,7,tfim,auto,4,4,data/raw/perlmutter/practical_suite_sweep/practical_strongnative_4node_large128c0c15_20260704024223_c15_ml_digits_c0v1v2_192s_10q_d2_r0_seed31.json,ok
practical_strongnative_4node_large128c0c15_20260704024223_c15_ml_digits_c0v1v2_192s_10q_d2_r0_seed43.json,ml,multiclass_ml,test_accuracy,0.012840010022046044,rbf_kernel_ridge_numpy,rbf_kernel_ridge_numpy,6,6.54121826501796,509.4402772105954,1.0,0.6458333333333334,0.35416666666666663,7680,3456,1920,192,strongnative_4node_large128c0c15_20260704024223_c15,6.651598747994285,43,192,10,3,digits,"0,1,2",sklearn_digits,2,21,1,,4,chordal,7,tfim,auto,4,4,data/raw/perlmutter/practical_suite_sweep/practical_strongnative_4node_large128c0c15_20260704024223_c15_ml_digits_c0v1v2_192s_10q_d2_r0_seed43.json,ok
practical_strongnative_4node_large128c0c15_20260704024223_c15_ml_digits_c0v1v2_192s_10q_d2_r1_seed1017.json,ml,multiclass_ml,test_accuracy,0.00017558998661115766,linear_ridge_numpy,linear_ridge_numpy,6,6.544597283005714,37272.041585712184,1.0,0.6458333333333334,0.35416666666666663,7680,3456,1920,192,strongnative_4node_large128c0c15_20260704024223_c15,6.656292333005695,1017,192,10,3,digits,"0,1,2",sklearn_digits,2,21,1,,4,chordal,7,tfim,auto,4,4,data/raw/perlmutter/practical_suite_sweep/practical_strongnative_4node_large128c0c15_20260704024223_c15_ml_digits_c0v1v2_192s_10q_d2_r1_seed1017.json,ok
practical_strongnative_4node_large128c0c15_20260704024223_c15_ml_digits_c0v1v2_192s_10q_d2_r1_seed1023.json,ml,multiclass_ml,test_accuracy,0.0001691979996394366,nearest_centroid_numpy,nearest_centroid_numpy,6,6.5853370940021705,38920.89213841546,1.0,0.625,0.375,7680,3456,1920,192,strongnative_4node_large128c0c15_20260704024223_c15,6.703880183020374,1023,192,10,3,digits,"0,1,2",sklearn_digits,2,21,1,,4,chordal,7,tfim,auto,4,4,data/raw/perlmutter/practical_suite_sweep/practical_strongnative_4node_large128c0c15_20260704024223_c15_ml_digits_c0v1v2_192s_10q_d2_r1_seed1023.json,ok
practical_strongnative_4node_large128c0c15_20260704024223_c15_ml_digits_c0v1v2_192s_10q_d2_r1_seed1031.json,ml,multiclass_ml,test_accuracy,0.0001709110219962895,nearest_centroid_numpy,nearest_centroid_numpy,6,6.8641308909864165,40162.01419201295,0.9791666666666666,0.7291666666666666,0.25,7680,3456,1920,192,strongnative_4node_large128c0c15_20260704024223_c15,6.973550271999557,1031,192,10,3,digits,"0,1,2",sklearn_digits,2,21,1,,4,chordal,7,tfim,auto,4,4,data/raw/perlmutter/practical_suite_sweep/practical_strongnative_4node_large128c0c15_20260704024223_c15_ml_digits_c0v1v2_192s_10q_d2_r1_seed1031.json,ok
practical_strongnative_4node_large128c0c15_20260704024223_c15_ml_digits_c0v1v2_192s_10q_d2_r1_seed1043.json,ml,multiclass_ml,test_accuracy,0.01217223599087447,rbf_kernel_ridge_numpy,rbf_kernel_ridge_numpy,6,6.772382010996807,556.3794537071138,1.0,0.6666666666666666,0.33333333333333337,7680,3456,1920,192,strongnative_4node_large128c0c15_20260704024223_c15,6.8815260080154985,1043,192,10,3,digits,"0,1,2",sklearn_digits,2,21,1,,4,chordal,7,tfim,auto,4,4,data/raw/perlmutter/practical_suite_sweep/practical_strongnative_4node_large128c0c15_20260704024223_c15_ml_digits_c0v1v2_192s_10q_d2_r1_seed1043.json,ok
practical_strongnative_4node_large128c0c15_20260704024223_c15_ml_digits_c0v1v2_192s_10q_d2_r2_seed2017.json,ml,multiclass_ml,test_accuracy,0.00016889700782485306,nearest_centroid_numpy,nearest_centroid_numpy,6,6.255032500019297,37034.5962937709,1.0,0.6041666666666666,0.39583333333333337,7680,3456,1920,192,strongnative_4node_large128c0c15_20260704024223_c15,6.36286024999572,2017,192,10,3,digits,"0,1,2",sklearn_digits,2,21,1,,4,chordal,7,tfim,auto,4,4,data/raw/perlmutter/practical_suite_sweep/practical_strongnative_4node_large128c0c15_20260704024223_c15_ml_digits_c0v1v2_192s_10q_d2_r2_seed2017.json,ok
practical_strongnative_4node_large128c0c15_20260704024223_c15_ml_digits_c0v1v2_192s_10q_d2_r2_seed2023.json,ml,multiclass_ml,test_accuracy,0.00017336601740680635,linear_ridge_numpy,linear_ridge_numpy,6,6.631134002003819,38249.32995053897,1.0,0.625,0.375,7680,3456,1920,192,strongnative_4node_large128c0c15_20260704024223_c15,6.740428154007532,2023,192,10,3,digits,"0,1,2",sklearn_digits,2,21,1,,4,chordal,7,tfim,auto,4,4,data/raw/perlmutter/practical_suite_sweep/practical_strongnative_4node_large128c0c15_20260704024223_c15_ml_digits_c0v1v2_192s_10q_d2_r2_seed2023.json,ok
practical_strongnative_4node_large128c0c15_20260704024223_c15_ml_digits_c0v1v2_192s_10q_d2_r2_seed2031.json,ml,multiclass_ml,test_accuracy,0.0015712750027887523,knn_numpy,knn_numpy,6,6.89301781100221,4386.894591187569,1.0,0.6041666666666666,0.39583333333333337,7680,3456,1920,192,strongnative_4node_large128c0c15_20260704024223_c15,7.000737602007575,2031,192,10,3,digits,"0,1,2",sklearn_digits,2,21,1,,4,chordal,7,tfim,auto,4,4,data/raw/perlmutter/practical_suite_sweep/practical_strongnative_4node_large128c0c15_20260704024223_c15_ml_digits_c0v1v2_192s_10q_d2_r2_seed2031.json,ok
practical_strongnative_4node_large128c0c15_20260704024223_c15_ml_digits_c0v1v2_192s_10q_d2_r2_seed2043.json,ml,multiclass_ml,test_accuracy,0.00017105098231695592,nearest_centroid_numpy,nearest_centroid_numpy,6,6.806052405998344,39789.61309550851,1.0,0.7916666666666666,0.20833333333333337,7680,3456,1920,192,strongnative_4node_large128c0c15_20260704024223_c15,6.913387170992792,2043,192,10,3,digits,"0,1,2",sklearn_digits,2,21,1,,4,chordal,7,tfim,auto,4,4,data/raw/perlmutter/practical_suite_sweep/practical_strongnative_4node_large128c0c15_20260704024223_c15_ml_digits_c0v1v2_192s_10q_d2_r2_seed2043.json,ok
practical_strongnative_4node_large128c0c15_20260704024223_c15_ml_digits_c0v1v2_192s_10q_d2_r3_seed3017.json,ml,multiclass_ml,test_accuracy,0.00017023002146743238,nearest_centroid_numpy,nearest_centroid_numpy,6,6.38637404399924,37516.14426730864,0.9791666666666666,0.625,0.35416666666666663,7680,3456,1920,192,strongnative_4node_large128c0c15_20260704024223_c15,6.495612266997341,3017,192,10,3,digits,"0,1,2",sklearn_digits,2,21,1,,4,chordal,7,tfim,auto,4,4,data/raw/perlmutter/practical_suite_sweep/practical_strongnative_4node_large128c0c15_20260704024223_c15_ml_digits_c0v1v2_192s_10q_d2_r3_seed3017.json,ok
practical_strongnative_4node_large128c0c15_20260704024223_c15_ml_digits_c0v1v2_192s_10q_d2_r3_seed3023.json,ml,multiclass_ml,test_accuracy,0.0001717229897622019,linear_ridge_numpy,linear_ridge_numpy,6,6.500876288017025,37856.76161950878,1.0,0.7083333333333334,0.29166666666666663,7680,3456,1920,192,strongnative_4node_large128c0c15_20260704024223_c15,6.608780346025014,3023,192,10,3,digits,"0,1,2",sklearn_digits,2,21,1,,4,chordal,7,tfim,auto,4,4,data/raw/perlmutter/practical_suite_sweep/practical_strongnative_4node_large128c0c15_20260704024223_c15_ml_digits_c0v1v2_192s_10q_d2_r3_seed3023.json,ok
practical_strongnative_4node_large128c0c15_20260704024223_c15_ml_digits_c0v1v2_192s_10q_d2_r3_seed3031.json,ml,multiclass_ml,test_accuracy,0.00014856699272058904,nearest_centroid_numpy,nearest_centroid_numpy,6,6.579993024992291,44289.73693616676,1.0,0.6458333333333334,0.35416666666666663,7680,3456,1920,192,strongnative_4node_large128c0c15_20260704024223_c15,6.687923302990384,3031,192,10,3,digits,"0,1,2",sklearn_digits,2,21,1,,4,chordal,7,tfim,auto,4,4,data/raw/perlmutter/practical_suite_sweep/practical_strongnative_4node_large128c0c15_20260704024223_c15_ml_digits_c0v1v2_192s_10q_d2_r3_seed3031.json,ok
practical_strongnative_4node_large128c0c15_20260704024223_c15_ml_digits_c0v1v2_192s_10q_d2_r3_seed3043.json,ml,multiclass_ml,test_accuracy,0.001640458998735994,knn_numpy,knn_numpy,6,6.751599183975486,4115.676886272517,1.0,0.7291666666666666,0.27083333333333337,7680,3456,1920,192,strongnative_4node_large128c0c15_20260704024223_c15,6.862959590012906,3043,192,10,3,digits,"0,1,2",sklearn_digits,2,21,1,,4,chordal,7,tfim,auto,4,4,data/raw/perlmutter/practical_suite_sweep/practical_strongnative_4node_large128c0c15_20260704024223_c15_ml_digits_c0v1v2_192s_10q_d2_r3_seed3043.json,ok
practical_strongnative_4node_large128c0c15_20260704024223_c15_qaoa_chordal_6n_grid13_r0_seed43.json,optimization,optimization_qaoa,approximation_ratio,2.694202703423798e-05,greedy_assignment_numpy,,4,44.40820653599803,1648287.5055972587,7,5.417387701892214,0.22608747115825512,3380,2704,1014,169,strongnative_4node_large128c0c15_20260704024223_c15,44.431877827009885,43,72,4,3,synthetic,"0,1,2",,1,21,1,,6,chordal,13,tfim,auto,4,4,data/raw/perlmutter/practical_suite_sweep/practical_strongnative_4node_large128c0c15_20260704024223_c15_qaoa_chordal_6n_grid13_r0_seed43.json,ok
practical_strongnative_4node_large128c0c15_20260704024223_c15_qaoa_chordal_6n_grid13_r2_seed2043.json,optimization,optimization_qaoa,approximation_ratio,2.679199678823352e-05,greedy_assignment_numpy,,4,6.764655048027635,252487.9015735971,7,5.417387701892214,0.22608747115825512,3380,2704,1014,169,strongnative_4node_large128c0c15_20260704024223_c15,6.786868837982183,2043,72,4,3,synthetic,"0,1,2",,1,21,1,,6,chordal,13,tfim,auto,4,4,data/raw/perlmutter/practical_suite_sweep/practical_strongnative_4node_large128c0c15_20260704024223_c15_qaoa_chordal_6n_grid13_r2_seed2043.json,ok
practical_strongnative_4node_large128c0c15_20260704024223_c15_qaoa_ladder_7n_grid13_r0_seed17.json,optimization,optimization_qaoa,approximation_ratio,2.990802749991417e-05,greedy_assignment_numpy,,4,6.576022741995985,219874.8393559173,8,5.722271824131493,0.2847160219835634,3718,2704,1183,169,strongnative_4node_large128c0c15_20260704024223_c15,7.10596969400649,17,72,4,3,synthetic,"0,1,2",,1,21,1,,7,ladder,13,tfim,auto,4,4,data/raw/perlmutter/practical_suite_sweep/practical_strongnative_4node_large128c0c15_20260704024223_c15_qaoa_ladder_7n_grid13_r0_seed17.json,ok
practical_strongnative_4node_large128c0c15_20260704024223_c15_qaoa_ladder_7n_grid13_r2_seed2017.json,optimization,optimization_qaoa,approximation_ratio,2.987799234688282e-05,greedy_assignment_numpy,,4,6.502410674991552,217632.1152873563,8,5.722271824131493,0.2847160219835634,3718,2704,1183,169,strongnative_4node_large128c0c15_20260704024223_c15,6.527920993976295,2017,72,4,3,synthetic,"0,1,2",,1,21,1,,7,ladder,13,tfim,auto,4,4,data/raw/perlmutter/practical_suite_sweep/practical_strongnative_4node_large128c0c15_20260704024223_c15_qaoa_ladder_7n_grid13_r2_seed2017.json,ok
practical_strongnative_4node_large128c0c15_20260704024223_c15_qaoa_ring_5n_grid13_r1_seed1031.json,optimization,optimization_qaoa,approximation_ratio,2.0279985619708896e-05,greedy_assignment_numpy,,4,5.919143369013909,291871.18176560494,4,3.749999999999998,0.06250000000000056,2535,1690,845,169,strongnative_4node_large128c0c15_20260704024223_c15,5.940648857009364,1031,72,4,3,synthetic,"0,1,2",,1,21,1,,5,ring,13,tfim,auto,4,4,data/raw/perlmutter/practical_suite_sweep/practical_strongnative_4node_large128c0c15_20260704024223_c15_qaoa_ring_5n_grid13_r1_seed1031.json,ok
practical_strongnative_4node_large128c0c15_20260704024223_c15_qaoa_ring_5n_grid13_r3_seed3031.json,optimization,optimization_qaoa,approximation_ratio,2.0018982468172908e-05,greedy_assignment_numpy,,4,6.092690474994015,304345.66215742746,4,3.749999999999998,0.06250000000000056,2535,1690,845,169,strongnative_4node_large128c0c15_20260704024223_c15,6.128336257999763,3031,72,4,3,synthetic,"0,1,2",,1,21,1,,5,ring,13,tfim,auto,4,4,data/raw/perlmutter/practical_suite_sweep/practical_strongnative_4node_large128c0c15_20260704024223_c15_qaoa_ring_5n_grid13_r3_seed3031.json,ok
practical_strongnative_4node_large128c0c15_20260704024223_c15_sim_tfim_7q_10steps_r0_seed23.json,simulation,hamiltonian_simulation,absolute_observable_error,0.009025851992191747,exact_dense_eigendecomposition_numpy,,0,6.368181887984974,705.5491153072397,0.8218024506329149,0.8216225570780562,0.00017989355485870107,130,120,7,1,strongnative_4node_large128c0c15_20260704024223_c15,6.388110890024109,23,72,4,3,synthetic,"0,1,2",,1,21,1,,4,chordal,7,tfim,auto,7,10,data/raw/perlmutter/practical_suite_sweep/practical_strongnative_4node_large128c0c15_20260704024223_c15_sim_tfim_7q_10steps_r0_seed23.json,ok
practical_strongnative_4node_large128c0c15_20260704024223_c15_sim_tfim_7q_10steps_r1_seed1023.json,simulation,hamiltonian_simulation,absolute_observable_error,0.010691359988413751,exact_dense_eigendecomposition_numpy,,0,6.400473432004219,598.6584904951685,0.8218024506329149,0.8216225570780562,0.00017989355485870107,130,120,7,1,strongnative_4node_large128c0c15_20260704024223_c15,6.422606425010599,1023,72,4,3,synthetic,"0,1,2",,1,21,1,,4,chordal,7,tfim,auto,7,10,data/raw/perlmutter/practical_suite_sweep/practical_strongnative_4node_large128c0c15_20260704024223_c15_sim_tfim_7q_10steps_r1_seed1023.json,ok
practical_strongnative_4node_large128c0c15_20260704024223_c15_sim_tfim_7q_10steps_r2_seed2023.json,simulation,hamiltonian_simulation,absolute_observable_error,0.00888628899701871,exact_dense_eigendecomposition_numpy,,0,6.986891937995097,786.2553131390564,0.8218024506329149,0.8216225570780562,0.00017989355485870107,130,120,7,1,strongnative_4node_large128c0c15_20260704024223_c15,7.021771325002192,2023,72,4,3,synthetic,"0,1,2",,1,21,1,,4,chordal,7,tfim,auto,7,10,data/raw/perlmutter/practical_suite_sweep/practical_strongnative_4node_large128c0c15_20260704024223_c15_sim_tfim_7q_10steps_r2_seed2023.json,ok
practical_strongnative_4node_large128c0c15_20260704024223_c15_sim_tfim_7q_10steps_r3_seed3023.json,simulation,hamiltonian_simulation,absolute_observable_error,0.009049636020790786,exact_dense_eigendecomposition_numpy,,0,6.435768924973672,711.163289903376,0.8218024506329149,0.8216225570780562,0.00017989355485870107,130,120,7,1,strongnative_4node_large128c0c15_20260704024223_c15,6.4561678119935095,3023,72,4,3,synthetic,"0,1,2",,1,21,1,,4,chordal,7,tfim,auto,7,10,data/raw/perlmutter/practical_suite_sweep/practical_strongnative_4node_large128c0c15_20260704024223_c15_sim_tfim_7q_10steps_r3_seed3023.json,ok
practical_strongnative_4node_large128c0c15_20260704024223_c1_chem_h2_l1_grid21_r0_seed17.json,chemistry,chemistry_vqe,absolute_energy_error,0.0001519960060250014,exact_diagonalization_numpy,,0,7.605021469993517,50034.35069696889,-1.85727503020238,-1.8539259190122395,0.0033491111901404746,1944,486,972,486,strongnative_4node_large128c0c15_20260704024223_c1,7.611792188021354,17,72,4,3,synthetic,"0,1,2",,1,21,1,,4,chordal,7,tfim,auto,4,4,data/raw/perlmutter/practical_suite_sweep/practical_strongnative_4node_large128c0c15_20260704024223_c1_chem_h2_l1_grid21_r0_seed17.json,ok
practical_strongnative_4node_large128c0c15_20260704024223_c1_chem_h2_l1_grid33_r2_seed2023.json,chemistry,chemistry_vqe,absolute_energy_error,0.00015159399481490254,exact_diagonalization_numpy,,0,40.45269886200549,266848.9534258831,-1.85727503020238,-1.8569734051608102,0.0003016250415697197,4632,1158,2316,1158,strongnative_4node_large128c0c15_20260704024223_c1,40.462477480003145,2023,72,4,3,synthetic,"0,1,2",,1,33,1,,4,chordal,7,tfim,auto,4,4,data/raw/perlmutter/practical_suite_sweep/practical_strongnative_4node_large128c0c15_20260704024223_c1_chem_h2_l1_grid33_r2_seed2023.json,ok
practical_strongnative_4node_large128c0c15_20260704024223_c1_ml_digits_c0v1v2_128s_4q_d2_r0_seed17.json,ml,multiclass_ml,test_accuracy,0.00016400701133534312,linear_ridge_numpy,linear_ridge_numpy,6,11.199034277000464,68283.8750966685,1.0,0.71875,0.28125,2048,768,512,128,strongnative_4node_large128c0c15_20260704024223_c1,11.441203371010488,17,128,4,3,digits,"0,1,2",sklearn_digits,2,21,1,,4,chordal,7,tfim,auto,4,4,data/raw/perlmutter/practical_suite_sweep/practical_strongnative_4node_large128c0c15_20260704024223_c1_ml_digits_c0v1v2_128s_4q_d2_r0_seed17.json,ok
practical_strongnative_4node_large128c0c15_20260704024223_c1_ml_digits_c0v1v2_128s_4q_d2_r0_seed23.json,ml,multiclass_ml,test_accuracy,0.00013317700359039009,nearest_centroid_numpy,nearest_centroid_numpy,6,7.46617876298842,56062.071992188685,1.0,0.59375,0.40625,2048,768,512,128,strongnative_4node_large128c0c15_20260704024223_c1,7.558027916995343,23,128,4,3,digits,"0,1,2",sklearn_digits,2,21,1,,4,chordal,7,tfim,auto,4,4,data/raw/perlmutter/practical_suite_sweep/practical_strongnative_4node_large128c0c15_20260704024223_c1_ml_digits_c0v1v2_128s_4q_d2_r0_seed23.json,ok
practical_strongnative_4node_large128c0c15_20260704024223_c1_ml_digits_c0v1v2_128s_4q_d2_r0_seed31.json,ml,multiclass_ml,test_accuracy,0.00014182401355355978,linear_ridge_numpy,linear_ridge_numpy,6,7.531825315993046,53106.84084644562,1.0,0.65625,0.34375,2048,768,512,128,strongnative_4node_large128c0c15_20260704024223_c1,7.655649072985398,31,128,4,3,digits,"0,1,2",sklearn_digits,2,21,1,,4,chordal,7,tfim,auto,4,4,data/raw/perlmutter/practical_suite_sweep/practical_strongnative_4node_large128c0c15_20260704024223_c1_ml_digits_c0v1v2_128s_4q_d2_r0_seed31.json,ok
practical_strongnative_4node_large128c0c15_20260704024223_c1_ml_digits_c0v1v2_128s_4q_d2_r0_seed43.json,ml,multiclass_ml,test_accuracy,0.00014041198301129043,linear_ridge_numpy,linear_ridge_numpy,6,7.093087412009481,50516.254096626006,1.0,0.8125,0.1875,2048,768,512,128,strongnative_4node_large128c0c15_20260704024223_c1,7.185686656011967,43,128,4,3,digits,"0,1,2",sklearn_digits,2,21,1,,4,chordal,7,tfim,auto,4,4,data/raw/perlmutter/practical_suite_sweep/practical_strongnative_4node_large128c0c15_20260704024223_c1_ml_digits_c0v1v2_128s_4q_d2_r0_seed43.json,ok
practical_strongnative_4node_large128c0c15_20260704024223_c1_ml_digits_c0v1v2_128s_4q_d2_r1_seed1017.json,ml,multiclass_ml,test_accuracy,0.00016652297927066684,nearest_centroid_numpy,nearest_centroid_numpy,6,7.326565675000893,43997.325216553305,1.0,0.6875,0.3125,2048,768,512,128,strongnative_4node_large128c0c15_20260704024223_c1,7.417770493018907,1017,128,4,3,digits,"0,1,2",sklearn_digits,2,21,1,,4,chordal,7,tfim,auto,4,4,data/raw/perlmutter/practical_suite_sweep/practical_strongnative_4node_large128c0c15_20260704024223_c1_ml_digits_c0v1v2_128s_4q_d2_r1_seed1017.json,ok
practical_strongnative_4node_large128c0c15_20260704024223_c1_ml_digits_c0v1v2_128s_4q_d2_r1_seed1023.json,ml,multiclass_ml,test_accuracy,0.012034416984533891,rbf_kernel_ridge_numpy,rbf_kernel_ridge_numpy,6,7.317882621980971,608.0795298505607,1.0,0.5,0.5,2048,768,512,128,strongnative_4node_large128c0c15_20260704024223_c1,7.409149080020143,1023,128,4,3,digits,"0,1,2",sklearn_digits,2,21,1,,4,chordal,7,tfim,auto,4,4,data/raw/perlmutter/practical_suite_sweep/practical_strongnative_4node_large128c0c15_20260704024223_c1_ml_digits_c0v1v2_128s_4q_d2_r1_seed1023.json,ok
practical_strongnative_4node_large128c0c15_20260704024223_c1_ml_digits_c0v1v2_128s_4q_d2_r1_seed1031.json,ml,multiclass_ml,test_accuracy,0.0008149519853759557,knn_numpy,knn_numpy,6,7.058619262999855,8661.392805544925,1.0,0.75,0.25,2048,768,512,128,strongnative_4node_large128c0c15_20260704024223_c1,7.170997795998119,1031,128,4,3,digits,"0,1,2",sklearn_digits,2,21,1,,4,chordal,7,tfim,auto,4,4,data/raw/perlmutter/practical_suite_sweep/practical_strongnative_4node_large128c0c15_20260704024223_c1_ml_digits_c0v1v2_128s_4q_d2_r1_seed1031.json,ok
practical_strongnative_4node_large128c0c15_20260704024223_c1_ml_digits_c0v1v2_128s_4q_d2_r1_seed1043.json,ml,multiclass_ml,test_accuracy,0.012078984000254422,rbf_kernel_ridge_numpy,rbf_kernel_ridge_numpy,6,7.396866840979783,612.3749183560456,1.0,0.8125,0.1875,2048,768,512,128,strongnative_4node_large128c0c15_20260704024223_c1,7.5072862209926825,1043,128,4,3,digits,"0,1,2",sklearn_digits,2,21,1,,4,chordal,7,tfim,auto,4,4,data/raw/perlmutter/practical_suite_sweep/practical_strongnative_4node_large128c0c15_20260704024223_c1_ml_digits_c0v1v2_128s_4q_d2_r1_seed1043.json,ok
practical_strongnative_4node_large128c0c15_20260704024223_c1_ml_digits_c0v1v2_128s_4q_d2_r2_seed2017.json,ml,multiclass_ml,test_accuracy,0.00015259598148986697,linear_ridge_numpy,linear_ridge_numpy,6,7.183767930982867,47077.04528549397,1.0,0.625,0.375,2048,768,512,128,strongnative_4node_large128c0c15_20260704024223_c1,7.297344510006951,2017,128,4,3,digits,"0,1,2",sklearn_digits,2,21,1,,4,chordal,7,tfim,auto,4,4,data/raw/perlmutter/practical_suite_sweep/practical_strongnative_4node_large128c0c15_20260704024223_c1_ml_digits_c0v1v2_128s_4q_d2_r2_seed2017.json,ok
practical_strongnative_4node_large128c0c15_20260704024223_c1_ml_digits_c0v1v2_128s_4q_d2_r2_seed2023.json,ml,multiclass_ml,test_accuracy,0.0008202719909604639,knn_numpy,knn_numpy,6,7.12934088599286,8691.435236798772,1.0,0.625,0.375,2048,768,512,128,strongnative_4node_large128c0c15_20260704024223_c1,7.221144474984612,2023,128,4,3,digits,"0,1,2",sklearn_digits,2,21,1,,4,chordal,7,tfim,auto,4,4,data/raw/perlmutter/practical_suite_sweep/practical_strongnative_4node_large128c0c15_20260704024223_c1_ml_digits_c0v1v2_128s_4q_d2_r2_seed2023.json,ok
practical_strongnative_4node_large128c0c15_20260704024223_c1_ml_digits_c0v1v2_128s_4q_d2_r2_seed2031.json,ml,multiclass_ml,test_accuracy,0.0008152020163834095,knn_numpy,knn_numpy,6,7.514545326004736,9218.0161174558,1.0,0.75,0.25,2048,768,512,128,strongnative_4node_large128c0c15_20260704024223_c1,7.605380149005214,2031,128,4,3,digits,"0,1,2",sklearn_digits,2,21,1,,4,chordal,7,tfim,auto,4,4,data/raw/perlmutter/practical_suite_sweep/practical_strongnative_4node_large128c0c15_20260704024223_c1_ml_digits_c0v1v2_128s_4q_d2_r2_seed2031.json,ok
practical_strongnative_4node_large128c0c15_20260704024223_c1_ml_digits_c0v1v2_128s_4q_d2_r2_seed2043.json,ml,multiclass_ml,test_accuracy,0.00014600399299524724,linear_ridge_numpy,linear_ridge_numpy,6,7.285723440989386,49900.850596781645,1.0,0.6875,0.3125,2048,768,512,128,strongnative_4node_large128c0c15_20260704024223_c1,7.3779872140148655,2043,128,4,3,digits,"0,1,2",sklearn_digits,2,21,1,,4,chordal,7,tfim,auto,4,4,data/raw/perlmutter/practical_suite_sweep/practical_strongnative_4node_large128c0c15_20260704024223_c1_ml_digits_c0v1v2_128s_4q_d2_r2_seed2043.json,ok
practical_strongnative_4node_large128c0c15_20260704024223_c1_ml_digits_c0v1v2_128s_4q_d2_r3_seed3017.json,ml,multiclass_ml,test_accuracy,0.000835785991512239,knn_numpy,knn_numpy,6,7.150827498000581,8555.81161998438,1.0,0.59375,0.40625,2048,768,512,128,strongnative_4node_large128c0c15_20260704024223_c1,7.247722750005778,3017,128,4,3,digits,"0,1,2",sklearn_digits,2,21,1,,4,chordal,7,tfim,auto,4,4,data/raw/perlmutter/practical_suite_sweep/practical_strongnative_4node_large128c0c15_20260704024223_c1_ml_digits_c0v1v2_128s_4q_d2_r3_seed3017.json,ok
practical_strongnative_4node_large128c0c15_20260704024223_c1_ml_digits_c0v1v2_128s_4q_d2_r3_seed3023.json,ml,multiclass_ml,test_accuracy,0.00014231601380743086,linear_ridge_numpy,linear_ridge_numpy,6,6.9065169249952305,48529.44331577825,1.0,0.5,0.5,2048,768,512,128,strongnative_4node_large128c0c15_20260704024223_c1,6.997462572995573,3023,128,4,3,digits,"0,1,2",sklearn_digits,2,21,1,,4,chordal,7,tfim,auto,4,4,data/raw/perlmutter/practical_suite_sweep/practical_strongnative_4node_large128c0c15_20260704024223_c1_ml_digits_c0v1v2_128s_4q_d2_r3_seed3023.json,ok
practical_strongnative_4node_large128c0c15_20260704024223_c1_ml_digits_c0v1v2_128s_4q_d2_r3_seed3031.json,ml,multiclass_ml,test_accuracy,0.0008170799992512912,knn_numpy,knn_numpy,6,7.667436251998879,9383.948033270579,1.0,0.65625,0.34375,2048,768,512,128,strongnative_4node_large128c0c15_20260704024223_c1,7.758439452998573,3031,128,4,3,digits,"0,1,2",sklearn_digits,2,21,1,,4,chordal,7,tfim,auto,4,4,data/raw/perlmutter/practical_suite_sweep/practical_strongnative_4node_large128c0c15_20260704024223_c1_ml_digits_c0v1v2_128s_4q_d2_r3_seed3031.json,ok
practical_strongnative_4node_large128c0c15_20260704024223_c1_ml_digits_c0v1v2_128s_4q_d2_r3_seed3043.json,ml,multiclass_ml,test_accuracy,0.0001356240245513618,nearest_centroid_numpy,nearest_centroid_numpy,6,7.308127025986323,53885.195120564225,1.0,0.65625,0.34375,2048,768,512,128,strongnative_4node_large128c0c15_20260704024223_c1,7.400178957002936,3043,128,4,3,digits,"0,1,2",sklearn_digits,2,21,1,,4,chordal,7,tfim,auto,4,4,data/raw/perlmutter/practical_suite_sweep/practical_strongnative_4node_large128c0c15_20260704024223_c1_ml_digits_c0v1v2_128s_4q_d2_r3_seed3043.json,ok
practical_strongnative_4node_large128c0c15_20260704024223_c1_qaoa_chordal_5n_grid9_r0_seed43.json,optimization,optimization_qaoa,approximation_ratio,6.24610111117363e-05,exact_enumeration_numpy,,4,7.732376341999043,123795.24769726543,6,4.469198918953913,0.2551335135076811,1377,1134,405,81,strongnative_4node_large128c0c15_20260704024223_c1,7.7561292110185605,43,72,4,3,synthetic,"0,1,2",,1,21,1,,5,chordal,9,tfim,auto,4,4,data/raw/perlmutter/practical_suite_sweep/practical_strongnative_4node_large128c0c15_20260704024223_c1_qaoa_chordal_5n_grid9_r0_seed43.json,ok
practical_strongnative_4node_large128c0c15_20260704024223_c1_qaoa_chordal_5n_grid9_r2_seed2043.json,optimization,optimization_qaoa,approximation_ratio,6.257300265133381e-05,exact_enumeration_numpy,,4,7.449317296006484,119050.02126100934,6,4.469198918953913,0.2551335135076811,1377,1134,405,81,strongnative_4node_large128c0c15_20260704024223_c1,7.475515629979782,2043,72,4,3,synthetic,"0,1,2",,1,21,1,,5,chordal,9,tfim,auto,4,4,data/raw/perlmutter/practical_suite_sweep/practical_strongnative_4node_large128c0c15_20260704024223_c1_qaoa_chordal_5n_grid9_r2_seed2043.json,ok
practical_strongnative_4node_large128c0c15_20260704024223_c1_qaoa_ladder_6n_grid9_r0_seed17.json,optimization,optimization_qaoa,approximation_ratio,2.4478009436279535e-05,greedy_assignment_numpy,,4,12.523736356990412,511632.1402519208,7,5.030330085889901,0.28138141630144275,1539,1134,486,81,strongnative_4node_large128c0c15_20260704024223_c1,12.545651953987544,17,72,4,3,synthetic,"0,1,2",,1,21,1,,6,ladder,9,tfim,auto,4,4,data/raw/perlmutter/practical_suite_sweep/practical_strongnative_4node_large128c0c15_20260704024223_c1_qaoa_ladder_6n_grid9_r0_seed17.json,ok
practical_strongnative_4node_large128c0c15_20260704024223_c1_qaoa_ladder_6n_grid9_r2_seed2017.json,optimization,optimization_qaoa,approximation_ratio,2.417599898763001e-05,greedy_assignment_numpy,,4,6.556759694998618,271209.46267219307,7,5.030330085889901,0.28138141630144275,1539,1134,486,81,strongnative_4node_large128c0c15_20260704024223_c1,6.5931848699983675,2017,72,4,3,synthetic,"0,1,2",,1,21,1,,6,ladder,9,tfim,auto,4,4,data/raw/perlmutter/practical_suite_sweep/practical_strongnative_4node_large128c0c15_20260704024223_c1_qaoa_ladder_6n_grid9_r2_seed2017.json,ok
practical_strongnative_4node_large128c0c15_20260704024223_c1_qaoa_ring_4n_grid9_r1_seed1031.json,optimization,optimization_qaoa,approximation_ratio,1.6362027963623405e-05,greedy_assignment_numpy,,4,7.348797030019341,449137.2980389367,4,2.999999999999998,0.25000000000000056,972,648,324,81,strongnative_4node_large128c0c15_20260704024223_c1,7.371605319000082,1031,72,4,3,synthetic,"0,1,2",,1,21,1,,4,ring,9,tfim,auto,4,4,data/raw/perlmutter/practical_suite_sweep/practical_strongnative_4node_large128c0c15_20260704024223_c1_qaoa_ring_4n_grid9_r1_seed1031.json,ok
practical_strongnative_4node_large128c0c15_20260704024223_c1_qaoa_ring_4n_grid9_r3_seed3031.json,optimization,optimization_qaoa,approximation_ratio,1.6281992429867387e-05,greedy_assignment_numpy,,4,6.832389284012606,419628.5751539472,4,2.999999999999998,0.25000000000000056,972,648,324,81,strongnative_4node_large128c0c15_20260704024223_c1,6.853860651986906,3031,72,4,3,synthetic,"0,1,2",,1,21,1,,4,ring,9,tfim,auto,4,4,data/raw/perlmutter/practical_suite_sweep/practical_strongnative_4node_large128c0c15_20260704024223_c1_qaoa_ring_4n_grid9_r3_seed3031.json,ok
practical_strongnative_4node_large128c0c15_20260704024223_c1_sim_tfim_4q_6steps_r0_seed23.json,simulation,hamiltonian_simulation,absolute_observable_error,0.0004885770031251013,exact_dense_eigendecomposition_numpy,,0,7.576930909010116,15508.161171208512,0.8218024506329117,0.8213019840508518,0.000500466582059933,42,36,4,1,strongnative_4node_large128c0c15_20260704024223_c1,7.589501156006008,23,72,4,3,synthetic,"0,1,2",,1,21,1,,4,chordal,7,tfim,auto,4,6,data/raw/perlmutter/practical_suite_sweep/practical_strongnative_4node_large128c0c15_20260704024223_c1_sim_tfim_4q_6steps_r0_seed23.json,ok
practical_strongnative_4node_large128c0c15_20260704024223_c1_sim_tfim_4q_6steps_r1_seed1023.json,simulation,hamiltonian_simulation,absolute_observable_error,0.0004721860168501735,exact_dense_eigendecomposition_numpy,,0,6.767768757010344,14332.84450513024,0.8218024506329117,0.8213019840508518,0.000500466582059933,42,36,4,1,strongnative_4node_large128c0c15_20260704024223_c1,6.779250284016598,1023,72,4,3,synthetic,"0,1,2",,1,21,1,,4,chordal,7,tfim,auto,4,6,data/raw/perlmutter/practical_suite_sweep/practical_strongnative_4node_large128c0c15_20260704024223_c1_sim_tfim_4q_6steps_r1_seed1023.json,ok
practical_strongnative_4node_large128c0c15_20260704024223_c1_sim_tfim_4q_6steps_r2_seed2023.json,simulation,hamiltonian_simulation,absolute_observable_error,0.0004556640051305294,exact_dense_eigendecomposition_numpy,,0,6.649788800976239,14593.623209433325,0.8218024506329117,0.8213019840508518,0.000500466582059933,42,36,4,1,strongnative_4node_large128c0c15_20260704024223_c1,6.660231995017966,2023,72,4,3,synthetic,"0,1,2",,1,21,1,,4,chordal,7,tfim,auto,4,6,data/raw/perlmutter/practical_suite_sweep/practical_strongnative_4node_large128c0c15_20260704024223_c1_sim_tfim_4q_6steps_r2_seed2023.json,ok
practical_strongnative_4node_large128c0c15_20260704024223_c1_sim_tfim_4q_6steps_r3_seed3023.json,simulation,hamiltonian_simulation,absolute_observable_error,0.00047425899538211524,exact_dense_eigendecomposition_numpy,,0,6.999305738980183,14758.40375645542,0.8218024506329117,0.8213019840508518,0.000500466582059933,42,36,4,1,strongnative_4node_large128c0c15_20260704024223_c1,7.025969720009016,3023,72,4,3,synthetic,"0,1,2",,1,21,1,,4,chordal,7,tfim,auto,4,6,data/raw/perlmutter/practical_suite_sweep/practical_strongnative_4node_large128c0c15_20260704024223_c1_sim_tfim_4q_6steps_r3_seed3023.json,ok
practical_strongnative_4node_large128c0c15_20260704024223_c2_chem_4q_l1_grid9_r2_seed2023.json,chemistry,chemistry_vqe,absolute_energy_error,0.000176702014869079,exact_diagonalization_numpy,,0,40.462830336997285,228989.0716128889,-1.705732892552902,-0.9022888650985728,0.8034440274543293,168,63,84,21,strongnative_4node_large128c0c15_20260704024223_c2,40.58437251599389,2023,72,4,3,synthetic,"0,1,2",,1,9,1,benchmarks/workloads/hamiltonians/molecular_chain_4q.json,4,chordal,7,tfim,auto,4,4,data/raw/perlmutter/practical_suite_sweep/practical_strongnative_4node_large128c0c15_20260704024223_c2_chem_4q_l1_grid9_r2_seed2023.json,ok
practical_strongnative_4node_large128c0c15_20260704024223_c2_chem_h2_l1_grid25_r0_seed17.json,chemistry,chemistry_vqe,absolute_energy_error,0.0001652610080782324,exact_diagonalization_numpy,,0,7.856387128005736,47539.26663866545,-1.85727503020238,-1.8566776536800178,0.0005973765223621363,2712,678,1356,678,strongnative_4node_large128c0c15_20260704024223_c2,7.863052822998725,17,72,4,3,synthetic,"0,1,2",,1,25,1,,4,chordal,7,tfim,auto,4,4,data/raw/perlmutter/practical_suite_sweep/practical_strongnative_4node_large128c0c15_20260704024223_c2_chem_h2_l1_grid25_r0_seed17.json,ok
practical_strongnative_4node_large128c0c15_20260704024223_c2_ml_digits_c0v1v2_128s_6q_d1_r0_seed17.json,ml,multiclass_ml,test_accuracy,0.00016824502381496131,linear_ridge_numpy,linear_ridge_numpy,6,11.19030789801036,66511.96953270753,1.0,0.625,0.375,1536,640,768,128,strongnative_4node_large128c0c15_20260704024223_c2,11.4318185680022,17,128,6,3,digits,"0,1,2",sklearn_digits,1,21,1,,4,chordal,7,tfim,auto,4,4,data/raw/perlmutter/practical_suite_sweep/practical_strongnative_4node_large128c0c15_20260704024223_c2_ml_digits_c0v1v2_128s_6q_d1_r0_seed17.json,ok
practical_strongnative_4node_large128c0c15_20260704024223_c2_ml_digits_c0v1v2_128s_6q_d1_r0_seed23.json,ml,multiclass_ml,test_accuracy,0.0008143879822455347,knn_numpy,knn_numpy,6,7.289815238997107,8951.280468182618,1.0,0.75,0.25,1536,640,768,128,strongnative_4node_large128c0c15_20260704024223_c2,7.384038610005518,23,128,6,3,digits,"0,1,2",sklearn_digits,1,21,1,,4,chordal,7,tfim,auto,4,4,data/raw/perlmutter/practical_suite_sweep/practical_strongnative_4node_large128c0c15_20260704024223_c2_ml_digits_c0v1v2_128s_6q_d1_r0_seed23.json,ok
practical_strongnative_4node_large128c0c15_20260704024223_c2_ml_digits_c0v1v2_128s_6q_d1_r0_seed31.json,ml,multiclass_ml,test_accuracy,0.0001584670098964125,nearest_centroid_numpy,nearest_centroid_numpy,6,7.609968605014728,48022.4155803107,1.0,0.6875,0.3125,1536,640,768,128,strongnative_4node_large128c0c15_20260704024223_c2,7.7234853849804495,31,128,6,3,digits,"0,1,2",sklearn_digits,1,21,1,,4,chordal,7,tfim,auto,4,4,data/raw/perlmutter/practical_suite_sweep/practical_strongnative_4node_large128c0c15_20260704024223_c2_ml_digits_c0v1v2_128s_6q_d1_r0_seed31.json,ok
practical_strongnative_4node_large128c0c15_20260704024223_c2_ml_digits_c0v1v2_128s_6q_d1_r0_seed43.json,ml,multiclass_ml,test_accuracy,0.00015752599574625492,nearest_centroid_numpy,nearest_centroid_numpy,6,7.332044237991795,46544.9794699432,1.0,0.8125,0.1875,1536,640,768,128,strongnative_4node_large128c0c15_20260704024223_c2,7.425523050012998,43,128,6,3,digits,"0,1,2",sklearn_digits,1,21,1,,4,chordal,7,tfim,auto,4,4,data/raw/perlmutter/practical_suite_sweep/practical_strongnative_4node_large128c0c15_20260704024223_c2_ml_digits_c0v1v2_128s_6q_d1_r0_seed43.json,ok
practical_strongnative_4node_large128c0c15_20260704024223_c2_ml_digits_c0v1v2_128s_6q_d1_r1_seed1017.json,ml,multiclass_ml,test_accuracy,0.0008454720082227141,knn_numpy,knn_numpy,6,6.979532435012516,8255.1904346122,1.0,0.75,0.25,1536,640,768,128,strongnative_4node_large128c0c15_20260704024223_c2,7.079582060017856,1017,128,6,3,digits,"0,1,2",sklearn_digits,1,21,1,,4,chordal,7,tfim,auto,4,4,data/raw/perlmutter/practical_suite_sweep/practical_strongnative_4node_large128c0c15_20260704024223_c2_ml_digits_c0v1v2_128s_6q_d1_r1_seed1017.json,ok
practical_strongnative_4node_large128c0c15_20260704024223_c2_ml_digits_c0v1v2_128s_6q_d1_r1_seed1023.json,ml,multiclass_ml,test_accuracy,0.01204328500898555,rbf_kernel_ridge_numpy,rbf_kernel_ridge_numpy,6,7.659739305003313,636.0174403651783,0.96875,0.75,0.21875,1536,640,768,128,strongnative_4node_large128c0c15_20260704024223_c2,7.767967983003473,1023,128,6,3,digits,"0,1,2",sklearn_digits,1,21,1,,4,chordal,7,tfim,auto,4,4,data/raw/perlmutter/practical_suite_sweep/practical_strongnative_4node_large128c0c15_20260704024223_c2_ml_digits_c0v1v2_128s_6q_d1_r1_seed1023.json,ok
practical_strongnative_4node_large128c0c15_20260704024223_c2_ml_digits_c0v1v2_128s_6q_d1_r1_seed1031.json,ml,multiclass_ml,test_accuracy,0.00013762700837105513,nearest_centroid_numpy,nearest_centroid_numpy,6,7.240336855000351,52608.40107400819,0.96875,0.6875,0.28125,1536,640,768,128,strongnative_4node_large128c0c15_20260704024223_c2,7.3390342550119385,1031,128,6,3,digits,"0,1,2",sklearn_digits,1,21,1,,4,chordal,7,tfim,auto,4,4,data/raw/perlmutter/practical_suite_sweep/practical_strongnative_4node_large128c0c15_20260704024223_c2_ml_digits_c0v1v2_128s_6q_d1_r1_seed1031.json,ok
practical_strongnative_4node_large128c0c15_20260704024223_c2_ml_digits_c0v1v2_128s_6q_d1_r1_seed1043.json,ml,multiclass_ml,test_accuracy,0.00016512101865373552,nearest_centroid_numpy,nearest_centroid_numpy,6,7.284862664993852,44118.3243925503,1.0,0.875,0.125,1536,640,768,128,strongnative_4node_large128c0c15_20260704024223_c2,7.392194232001202,1043,128,6,3,digits,"0,1,2",sklearn_digits,1,21,1,,4,chordal,7,tfim,auto,4,4,data/raw/perlmutter/practical_suite_sweep/practical_strongnative_4node_large128c0c15_20260704024223_c2_ml_digits_c0v1v2_128s_6q_d1_r1_seed1043.json,ok
practical_strongnative_4node_large128c0c15_20260704024223_c2_ml_digits_c0v1v2_128s_6q_d1_r2_seed2017.json,ml,multiclass_ml,test_accuracy,0.00016053201397880912,nearest_centroid_numpy,nearest_centroid_numpy,6,7.396093791001476,46072.3914668995,1.0,0.75,0.25,1536,640,768,128,strongnative_4node_large128c0c15_20260704024223_c2,7.4904871369944885,2017,128,6,3,digits,"0,1,2",sklearn_digits,1,21,1,,4,chordal,7,tfim,auto,4,4,data/raw/perlmutter/practical_suite_sweep/practical_strongnative_4node_large128c0c15_20260704024223_c2_ml_digits_c0v1v2_128s_6q_d1_r2_seed2017.json,ok
practical_strongnative_4node_large128c0c15_20260704024223_c2_ml_digits_c0v1v2_128s_6q_d1_r2_seed2023.json,ml,multiclass_ml,test_accuracy,0.00016622300609014928,linear_ridge_numpy,linear_ridge_numpy,6,7.4247232470079325,44667.24204819887,1.0,0.5625,0.4375,1536,640,768,128,strongnative_4node_large128c0c15_20260704024223_c2,7.534201922011562,2023,128,6,3,digits,"0,1,2",sklearn_digits,1,21,1,,4,chordal,7,tfim,auto,4,4,data/raw/perlmutter/practical_suite_sweep/practical_strongnative_4node_large128c0c15_20260704024223_c2_ml_digits_c0v1v2_128s_6q_d1_r2_seed2023.json,ok
practical_strongnative_4node_large128c0c15_20260704024223_c2_ml_digits_c0v1v2_128s_6q_d1_r2_seed2031.json,ml,multiclass_ml,test_accuracy,0.00016614299966022372,linear_ridge_numpy,linear_ridge_numpy,6,7.696957754000323,46327.30701709517,1.0,0.78125,0.21875,1536,640,768,128,strongnative_4node_large128c0c15_20260704024223_c2,7.793746491021011,2031,128,6,3,digits,"0,1,2",sklearn_digits,1,21,1,,4,chordal,7,tfim,auto,4,4,data/raw/perlmutter/practical_suite_sweep/practical_strongnative_4node_large128c0c15_20260704024223_c2_ml_digits_c0v1v2_128s_6q_d1_r2_seed2031.json,ok
practical_strongnative_4node_large128c0c15_20260704024223_c2_ml_digits_c0v1v2_128s_6q_d1_r2_seed2043.json,ml,multiclass_ml,test_accuracy,0.00015783801791258156,nearest_centroid_numpy,nearest_centroid_numpy,6,7.411703290010337,46957.65562714619,1.0,0.78125,0.21875,1536,640,768,128,strongnative_4node_large128c0c15_20260704024223_c2,7.509182628011331,2043,128,6,3,digits,"0,1,2",sklearn_digits,1,21,1,,4,chordal,7,tfim,auto,4,4,data/raw/perlmutter/practical_suite_sweep/practical_strongnative_4node_large128c0c15_20260704024223_c2_ml_digits_c0v1v2_128s_6q_d1_r2_seed2043.json,ok
practical_strongnative_4node_large128c0c15_20260704024223_c2_ml_digits_c0v1v2_128s_6q_d1_r3_seed3017.json,ml,multiclass_ml,test_accuracy,0.00982357599423267,softmax_regression_numpy,softmax_regression_numpy,6,6.8615781189873815,698.4806879913945,1.0,0.875,0.125,1536,640,768,128,strongnative_4node_large128c0c15_20260704024223_c2,6.963097463012673,3017,128,6,3,digits,"0,1,2",sklearn_digits,1,21,1,,4,chordal,7,tfim,auto,4,4,data/raw/perlmutter/practical_suite_sweep/practical_strongnative_4node_large128c0c15_20260704024223_c2_ml_digits_c0v1v2_128s_6q_d1_r3_seed3017.json,ok
practical_strongnative_4node_large128c0c15_20260704024223_c2_ml_digits_c0v1v2_128s_6q_d1_r3_seed3023.json,ml,multiclass_ml,test_accuracy,0.00015551201067864895,nearest_centroid_numpy,nearest_centroid_numpy,6,7.036133168003289,45244.95013149049,1.0,0.6875,0.3125,1536,640,768,128,strongnative_4node_large128c0c15_20260704024223_c2,7.130378375004511,3023,128,6,3,digits,"0,1,2",sklearn_digits,1,21,1,,4,chordal,7,tfim,auto,4,4,data/raw/perlmutter/practical_suite_sweep/practical_strongnative_4node_large128c0c15_20260704024223_c2_ml_digits_c0v1v2_128s_6q_d1_r3_seed3023.json,ok
practical_strongnative_4node_large128c0c15_20260704024223_c2_ml_digits_c0v1v2_128s_6q_d1_r3_seed3031.json,ml,multiclass_ml,test_accuracy,0.00016895800945349038,nearest_centroid_numpy,nearest_centroid_numpy,6,7.424814933008747,43944.73489019531,1.0,0.6875,0.3125,1536,640,768,128,strongnative_4node_large128c0c15_20260704024223_c2,7.517330196016701,3031,128,6,3,digits,"0,1,2",sklearn_digits,1,21,1,,4,chordal,7,tfim,auto,4,4,data/raw/perlmutter/practical_suite_sweep/practical_strongnative_4node_large128c0c15_20260704024223_c2_ml_digits_c0v1v2_128s_6q_d1_r3_seed3031.json,ok
practical_strongnative_4node_large128c0c15_20260704024223_c2_ml_digits_c0v1v2_128s_6q_d1_r3_seed3043.json,ml,multiclass_ml,test_accuracy,0.00015864899614825845,linear_ridge_numpy,linear_ridge_numpy,6,7.1448684979986865,45035.69938332143,1.0,0.65625,0.34375,1536,640,768,128,strongnative_4node_large128c0c15_20260704024223_c2,7.238030597975012,3043,128,6,3,digits,"0,1,2",sklearn_digits,1,21,1,,4,chordal,7,tfim,auto,4,4,data/raw/perlmutter/practical_suite_sweep/practical_strongnative_4node_large128c0c15_20260704024223_c2_ml_digits_c0v1v2_128s_6q_d1_r3_seed3043.json,ok
practical_strongnative_4node_large128c0c15_20260704024223_c2_qaoa_chordal_5n_grid11_r0_seed43.json,optimization,optimization_qaoa,approximation_ratio,6.282201502472162e-05,exact_enumeration_numpy,,4,7.381157519994304,117493.16727726231,6,4.589396242968677,0.2351006261718872,2057,1694,605,121,strongnative_4node_large128c0c15_20260704024223_c2,7.408171287010191,43,72,4,3,synthetic,"0,1,2",,1,21,1,,5,chordal,11,tfim,auto,4,4,data/raw/perlmutter/practical_suite_sweep/practical_strongnative_4node_large128c0c15_20260704024223_c2_qaoa_chordal_5n_grid11_r0_seed43.json,ok
practical_strongnative_4node_large128c0c15_20260704024223_c2_qaoa_chordal_5n_grid11_r2_seed2043.json,optimization,optimization_qaoa,approximation_ratio,4.8936024541035295e-05,exact_enumeration_numpy,,4,7.2831148029945325,148829.31074401597,6,4.589396242968677,0.2351006261718872,2057,1694,605,121,strongnative_4node_large128c0c15_20260704024223_c2,7.3017596830031835,2043,72,4,3,synthetic,"0,1,2",,1,21,1,,5,chordal,11,tfim,auto,4,4,data/raw/perlmutter/practical_suite_sweep/practical_strongnative_4node_large128c0c15_20260704024223_c2_qaoa_chordal_5n_grid11_r2_seed2043.json,ok
practical_strongnative_4node_large128c0c15_20260704024223_c2_qaoa_ladder_6n_grid11_r0_seed17.json,optimization,optimization_qaoa,approximation_ratio,2.4778011720627546e-05,greedy_assignment_numpy,,4,12.722153795009945,513445.3053962691,7,4.9533305565233725,0.29238134906808966,2299,1694,726,121,strongnative_4node_large128c0c15_20260704024223_c2,12.745996079000179,17,72,4,3,synthetic,"0,1,2",,1,21,1,,6,ladder,11,tfim,auto,4,4,data/raw/perlmutter/practical_suite_sweep/practical_strongnative_4node_large128c0c15_20260704024223_c2_qaoa_ladder_6n_grid11_r0_seed17.json,ok
practical_strongnative_4node_large128c0c15_20260704024223_c2_qaoa_ladder_6n_grid11_r2_seed2017.json,optimization,optimization_qaoa,approximation_ratio,3.6860990803688765e-05,greedy_assignment_numpy,,4,6.83065560599789,185308.51876380737,7,4.9533305565233725,0.29238134906808966,2299,1694,726,121,strongnative_4node_large128c0c15_20260704024223_c2,6.861020059994189,2017,72,4,3,synthetic,"0,1,2",,1,21,1,,6,ladder,11,tfim,auto,4,4,data/raw/perlmutter/practical_suite_sweep/practical_strongnative_4node_large128c0c15_20260704024223_c2_qaoa_ladder_6n_grid11_r2_seed2017.json,ok
practical_strongnative_4node_large128c0c15_20260704024223_c2_qaoa_ring_4n_grid11_r1_seed1031.json,optimization,optimization_qaoa,approximation_ratio,1.630201586522162e-05,greedy_assignment_numpy,,4,7.462871824973263,457788.28131890105,4,2.904508497187473,0.2738728757031318,1452,968,484,121,strongnative_4node_large128c0c15_20260704024223_c2,7.484330545004923,1031,72,4,3,synthetic,"0,1,2",,1,21,1,,4,ring,11,tfim,auto,4,4,data/raw/perlmutter/practical_suite_sweep/practical_strongnative_4node_large128c0c15_20260704024223_c2_qaoa_ring_4n_grid11_r1_seed1031.json,ok
practical_strongnative_4node_large128c0c15_20260704024223_c2_qaoa_ring_4n_grid11_r3_seed3031.json,optimization,optimization_qaoa,approximation_ratio,1.6292004147544503e-05,greedy_assignment_numpy,,4,7.124486265995074,437299.56127398,4,2.904508497187473,0.2738728757031318,1452,968,484,121,strongnative_4node_large128c0c15_20260704024223_c2,7.146560131979641,3031,72,4,3,synthetic,"0,1,2",,1,21,1,,4,ring,11,tfim,auto,4,4,data/raw/perlmutter/practical_suite_sweep/practical_strongnative_4node_large128c0c15_20260704024223_c2_qaoa_ring_4n_grid11_r3_seed3031.json,ok
practical_strongnative_4node_large128c0c15_20260704024223_c2_sim_tfim_4q_8steps_r0_seed23.json,simulation,hamiltonian_simulation,absolute_observable_error,0.0004562550166156143,exact_dense_eigendecomposition_numpy,,0,7.228170969989151,15842.392317362155,0.8218024506329117,0.8215212314654879,0.00028121916742374076,56,48,4,1,strongnative_4node_large128c0c15_20260704024223_c2,7.237875190010527,23,72,4,3,synthetic,"0,1,2",,1,21,1,,4,chordal,7,tfim,auto,4,8,data/raw/perlmutter/practical_suite_sweep/practical_strongnative_4node_large128c0c15_20260704024223_c2_sim_tfim_4q_8steps_r0_seed23.json,ok
practical_strongnative_4node_large128c0c15_20260704024223_c2_sim_tfim_4q_8steps_r1_seed1023.json,simulation,hamiltonian_simulation,absolute_observable_error,0.0004681069985963404,exact_dense_eigendecomposition_numpy,,0,6.9779841489798855,14906.814403339362,0.8218024506329117,0.8215212314654879,0.00028121916742374076,56,48,4,1,strongnative_4node_large128c0c15_20260704024223_c2,6.9885591979837045,1023,72,4,3,synthetic,"0,1,2",,1,21,1,,4,chordal,7,tfim,auto,4,8,data/raw/perlmutter/practical_suite_sweep/practical_strongnative_4node_large128c0c15_20260704024223_c2_sim_tfim_4q_8steps_r1_seed1023.json,ok
practical_strongnative_4node_large128c0c15_20260704024223_c2_sim_tfim_4q_8steps_r2_seed2023.json,simulation,hamiltonian_simulation,absolute_observable_error,0.00046811799984425306,exact_dense_eigendecomposition_numpy,,0,6.871139038004912,14678.220107517764,0.8218024506329117,0.8215212314654879,0.00028121916742374076,56,48,4,1,strongnative_4node_large128c0c15_20260704024223_c2,6.881534498999827,2023,72,4,3,synthetic,"0,1,2",,1,21,1,,4,chordal,7,tfim,auto,4,8,data/raw/perlmutter/practical_suite_sweep/practical_strongnative_4node_large128c0c15_20260704024223_c2_sim_tfim_4q_8steps_r2_seed2023.json,ok
practical_strongnative_4node_large128c0c15_20260704024223_c2_sim_tfim_4q_8steps_r3_seed3023.json,simulation,hamiltonian_simulation,absolute_observable_error,0.00045540399150922894,exact_dense_eigendecomposition_numpy,,0,6.85528559301747,15053.196109016855,0.8218024506329117,0.8215212314654879,0.00028121916742374076,56,48,4,1,strongnative_4node_large128c0c15_20260704024223_c2,6.882081838994054,3023,72,4,3,synthetic,"0,1,2",,1,21,1,,4,chordal,7,tfim,auto,4,8,data/raw/perlmutter/practical_suite_sweep/practical_strongnative_4node_large128c0c15_20260704024223_c2_sim_tfim_4q_8steps_r3_seed3023.json,ok
practical_strongnative_4node_large128c0c15_20260704024223_c3_chem_4q_l1_grid13_r2_seed2023.json,chemistry,chemistry_vqe,absolute_energy_error,0.00017642101738601923,exact_diagonalization_numpy,,0,40.149841194972396,227579.6942442649,-1.705732892552902,-1.1901014927052382,0.5156313998476638,232,87,116,29,strongnative_4node_large128c0c15_20260704024223_c3,40.31887719401857,2023,72,4,3,synthetic,"0,1,2",,1,13,1,benchmarks/workloads/hamiltonians/molecular_chain_4q.json,4,chordal,7,tfim,auto,4,4,data/raw/perlmutter/practical_suite_sweep/practical_strongnative_4node_large128c0c15_20260704024223_c3_chem_4q_l1_grid13_r2_seed2023.json,ok
practical_strongnative_4node_large128c0c15_20260704024223_c3_chem_h2_l1_grid33_r0_seed17.json,chemistry,chemistry_vqe,absolute_energy_error,0.00015271702432073653,exact_diagonalization_numpy,,0,7.552873856009683,49456.659397364405,-1.85727503020238,-1.8569734051608102,0.0003016250415697197,4632,1158,2316,1158,strongnative_4node_large128c0c15_20260704024223_c3,7.55963813100243,17,72,4,3,synthetic,"0,1,2",,1,33,1,,4,chordal,7,tfim,auto,4,4,data/raw/perlmutter/practical_suite_sweep/practical_strongnative_4node_large128c0c15_20260704024223_c3_chem_h2_l1_grid33_r0_seed17.json,ok
practical_strongnative_4node_large128c0c15_20260704024223_c3_ml_digits_c0v1v2_128s_6q_d2_r0_seed17.json,ml,multiclass_ml,test_accuracy,0.00016568100545555353,linear_ridge_numpy,linear_ridge_numpy,6,11.21311867100303,67678.96319901994,1.0,0.65625,0.34375,3072,1280,768,128,strongnative_4node_large128c0c15_20260704024223_c3,11.448397341999225,17,128,6,3,digits,"0,1,2",sklearn_digits,2,21,1,,4,chordal,7,tfim,auto,4,4,data/raw/perlmutter/practical_suite_sweep/practical_strongnative_4node_large128c0c15_20260704024223_c3_ml_digits_c0v1v2_128s_6q_d2_r0_seed17.json,ok
practical_strongnative_4node_large128c0c15_20260704024223_c3_ml_digits_c0v1v2_128s_6q_d2_r0_seed23.json,ml,multiclass_ml,test_accuracy,0.0008437850046902895,knn_numpy,knn_numpy,6,7.569813388981856,8971.25849227476,1.0,0.59375,0.40625,3072,1280,768,128,strongnative_4node_large128c0c15_20260704024223_c3,7.669831139995949,23,128,6,3,digits,"0,1,2",sklearn_digits,2,21,1,,4,chordal,7,tfim,auto,4,4,data/raw/perlmutter/practical_suite_sweep/practical_strongnative_4node_large128c0c15_20260704024223_c3_ml_digits_c0v1v2_128s_6q_d2_r0_seed23.json,ok
practical_strongnative_4node_large128c0c15_20260704024223_c3_ml_digits_c0v1v2_128s_6q_d2_r0_seed31.json,ml,multiclass_ml,test_accuracy,0.00015553098637610674,nearest_centroid_numpy,nearest_centroid_numpy,6,7.82054935200722,50282.902039182605,1.0,0.75,0.25,3072,1280,768,128,strongnative_4node_large128c0c15_20260704024223_c3,7.921351932018297,31,128,6,3,digits,"0,1,2",sklearn_digits,2,21,1,,4,chordal,7,tfim,auto,4,4,data/raw/perlmutter/practical_suite_sweep/practical_strongnative_4node_large128c0c15_20260704024223_c3_ml_digits_c0v1v2_128s_6q_d2_r0_seed31.json,ok
practical_strongnative_4node_large128c0c15_20260704024223_c3_ml_digits_c0v1v2_128s_6q_d2_r0_seed43.json,ml,multiclass_ml,test_accuracy,0.00015756601351313293,nearest_centroid_numpy,nearest_centroid_numpy,6,7.158564583980478,45432.16157070459,1.0,0.84375,0.15625,3072,1280,768,128,strongnative_4node_large128c0c15_20260704024223_c3,7.251862654986326,43,128,6,3,digits,"0,1,2",sklearn_digits,2,21,1,,4,chordal,7,tfim,auto,4,4,data/raw/perlmutter/practical_suite_sweep/practical_strongnative_4node_large128c0c15_20260704024223_c3_ml_digits_c0v1v2_128s_6q_d2_r0_seed43.json,ok
practical_strongnative_4node_large128c0c15_20260704024223_c3_ml_digits_c0v1v2_128s_6q_d2_r1_seed1017.json,ml,multiclass_ml,test_accuracy,0.0008744370134081692,knn_numpy,knn_numpy,6,7.151695553009631,8178.628584276736,1.0,0.65625,0.34375,3072,1280,768,128,strongnative_4node_large128c0c15_20260704024223_c3,7.244789257005323,1017,128,6,3,digits,"0,1,2",sklearn_digits,2,21,1,,4,chordal,7,tfim,auto,4,4,data/raw/perlmutter/practical_suite_sweep/practical_strongnative_4node_large128c0c15_20260704024223_c3_ml_digits_c0v1v2_128s_6q_d2_r1_seed1017.json,ok
practical_strongnative_4node_large128c0c15_20260704024223_c3_ml_digits_c0v1v2_128s_6q_d2_r1_seed1023.json,ml,multiclass_ml,test_accuracy,0.012306346005061641,rbf_kernel_ridge_numpy,rbf_kernel_ridge_numpy,6,7.38503449599375,600.0996959581878,0.96875,0.59375,0.375,3072,1280,768,128,strongnative_4node_large128c0c15_20260704024223_c3,7.4782211300043855,1023,128,6,3,digits,"0,1,2",sklearn_digits,2,21,1,,4,chordal,7,tfim,auto,4,4,data/raw/perlmutter/practical_suite_sweep/practical_strongnative_4node_large128c0c15_20260704024223_c3_ml_digits_c0v1v2_128s_6q_d2_r1_seed1023.json,ok
practical_strongnative_4node_large128c0c15_20260704024223_c3_ml_digits_c0v1v2_128s_6q_d2_r1_seed1031.json,ml,multiclass_ml,test_accuracy,0.00013824799680151045,nearest_centroid_numpy,nearest_centroid_numpy,6,7.440696748992195,53821.371167317346,0.96875,0.78125,0.1875,3072,1280,768,128,strongnative_4node_large128c0c15_20260704024223_c3,7.536511554004392,1031,128,6,3,digits,"0,1,2",sklearn_digits,2,21,1,,4,chordal,7,tfim,auto,4,4,data/raw/perlmutter/practical_suite_sweep/practical_strongnative_4node_large128c0c15_20260704024223_c3_ml_digits_c0v1v2_128s_6q_d2_r1_seed1031.json,ok
practical_strongnative_4node_large128c0c15_20260704024223_c3_ml_digits_c0v1v2_128s_6q_d2_r1_seed1043.json,ml,multiclass_ml,test_accuracy,0.0001560030214022845,nearest_centroid_numpy,nearest_centroid_numpy,6,7.54773172098794,48381.95858735728,1.0,0.8125,0.1875,3072,1280,768,128,strongnative_4node_large128c0c15_20260704024223_c3,7.65125090899528,1043,128,6,3,digits,"0,1,2",sklearn_digits,2,21,1,,4,chordal,7,tfim,auto,4,4,data/raw/perlmutter/practical_suite_sweep/practical_strongnative_4node_large128c0c15_20260704024223_c3_ml_digits_c0v1v2_128s_6q_d2_r1_seed1043.json,ok
practical_strongnative_4node_large128c0c15_20260704024223_c3_ml_digits_c0v1v2_128s_6q_d2_r2_seed2017.json,ml,multiclass_ml,test_accuracy,0.00015796598745509982,nearest_centroid_numpy,nearest_centroid_numpy,6,7.1043268959911074,44973.77575036802,1.0,0.6875,0.3125,3072,1280,768,128,strongnative_4node_large128c0c15_20260704024223_c3,7.19722035099403,2017,128,6,3,digits,"0,1,2",sklearn_digits,2,21,1,,4,chordal,7,tfim,auto,4,4,data/raw/perlmutter/practical_suite_sweep/practical_strongnative_4node_large128c0c15_20260704024223_c3_ml_digits_c0v1v2_128s_6q_d2_r2_seed2017.json,ok
practical_strongnative_4node_large128c0c15_20260704024223_c3_ml_digits_c0v1v2_128s_6q_d2_r2_seed2023.json,ml,multiclass_ml,test_accuracy,0.0001643190043978393,linear_ridge_numpy,linear_ridge_numpy,6,7.20701588402153,43859.90476532061,1.0,0.59375,0.40625,3072,1280,768,128,strongnative_4node_large128c0c15_20260704024223_c3,7.303293646982638,2023,128,6,3,digits,"0,1,2",sklearn_digits,2,21,1,,4,chordal,7,tfim,auto,4,4,data/raw/perlmutter/practical_suite_sweep/practical_strongnative_4node_large128c0c15_20260704024223_c3_ml_digits_c0v1v2_128s_6q_d2_r2_seed2023.json,ok
practical_strongnative_4node_large128c0c15_20260704024223_c3_ml_digits_c0v1v2_128s_6q_d2_r2_seed2031.json,ml,multiclass_ml,test_accuracy,0.00016538999625481665,linear_ridge_numpy,linear_ridge_numpy,6,7.413320218998706,44823.26855837756,1.0,0.625,0.375,3072,1280,768,128,strongnative_4node_large128c0c15_20260704024223_c3,7.506137458985904,2031,128,6,3,digits,"0,1,2",sklearn_digits,2,21,1,,4,chordal,7,tfim,auto,4,4,data/raw/perlmutter/practical_suite_sweep/practical_strongnative_4node_large128c0c15_20260704024223_c3_ml_digits_c0v1v2_128s_6q_d2_r2_seed2031.json,ok
practical_strongnative_4node_large128c0c15_20260704024223_c3_ml_digits_c0v1v2_128s_6q_d2_r2_seed2043.json,ml,multiclass_ml,test_accuracy,0.0001549019943922758,nearest_centroid_numpy,nearest_centroid_numpy,6,7.183353731990792,46373.53934772185,1.0,0.75,0.25,3072,1280,768,128,strongnative_4node_large128c0c15_20260704024223_c3,7.27924857698963,2043,128,6,3,digits,"0,1,2",sklearn_digits,2,21,1,,4,chordal,7,tfim,auto,4,4,data/raw/perlmutter/practical_suite_sweep/practical_strongnative_4node_large128c0c15_20260704024223_c3_ml_digits_c0v1v2_128s_6q_d2_r2_seed2043.json,ok
practical_strongnative_4node_large128c0c15_20260704024223_c3_ml_digits_c0v1v2_128s_6q_d2_r3_seed3017.json,ml,multiclass_ml,test_accuracy,0.009818677004659548,softmax_regression_numpy,softmax_regression_numpy,6,6.924334248993546,705.2206978300168,1.0,0.59375,0.40625,3072,1280,768,128,strongnative_4node_large128c0c15_20260704024223_c3,7.0686037029954605,3017,128,6,3,digits,"0,1,2",sklearn_digits,2,21,1,,4,chordal,7,tfim,auto,4,4,data/raw/perlmutter/practical_suite_sweep/practical_strongnative_4node_large128c0c15_20260704024223_c3_ml_digits_c0v1v2_128s_6q_d2_r3_seed3017.json,ok
practical_strongnative_4node_large128c0c15_20260704024223_c3_ml_digits_c0v1v2_128s_6q_d2_r3_seed3023.json,ml,multiclass_ml,test_accuracy,0.000157045986270532,nearest_centroid_numpy,nearest_centroid_numpy,6,6.801427064987365,43308.50616755673,1.0,0.5625,0.4375,3072,1280,768,128,strongnative_4node_large128c0c15_20260704024223_c3,6.894898146012565,3023,128,6,3,digits,"0,1,2",sklearn_digits,2,21,1,,4,chordal,7,tfim,auto,4,4,data/raw/perlmutter/practical_suite_sweep/practical_strongnative_4node_large128c0c15_20260704024223_c3_ml_digits_c0v1v2_128s_6q_d2_r3_seed3023.json,ok
practical_strongnative_4node_large128c0c15_20260704024223_c3_ml_digits_c0v1v2_128s_6q_d2_r3_seed3031.json,ml,multiclass_ml,test_accuracy,0.00015506200725212693,nearest_centroid_numpy,nearest_centroid_numpy,6,7.523482712014811,48519.188196640695,1.0,0.6875,0.3125,3072,1280,768,128,strongnative_4node_large128c0c15_20260704024223_c3,7.615281802020036,3031,128,6,3,digits,"0,1,2",sklearn_digits,2,21,1,,4,chordal,7,tfim,auto,4,4,data/raw/perlmutter/practical_suite_sweep/practical_strongnative_4node_large128c0c15_20260704024223_c3_ml_digits_c0v1v2_128s_6q_d2_r3_seed3031.json,ok
practical_strongnative_4node_large128c0c15_20260704024223_c3_ml_digits_c0v1v2_128s_6q_d2_r3_seed3043.json,ml,multiclass_ml,test_accuracy,0.00016979000065475702,linear_ridge_numpy,linear_ridge_numpy,6,7.178989543986972,42281.58028330768,1.0,0.625,0.375,3072,1280,768,128,strongnative_4node_large128c0c15_20260704024223_c3,7.272090745012974,3043,128,6,3,digits,"0,1,2",sklearn_digits,2,21,1,,4,chordal,7,tfim,auto,4,4,data/raw/perlmutter/practical_suite_sweep/practical_strongnative_4node_large128c0c15_20260704024223_c3_ml_digits_c0v1v2_128s_6q_d2_r3_seed3043.json,ok
practical_strongnative_4node_large128c0c15_20260704024223_c3_qaoa_chordal_5n_grid13_r0_seed43.json,optimization,optimization_qaoa,approximation_ratio,6.272201426327229e-05,exact_enumeration_numpy,,4,7.567226963990834,120647.0655139965,6,4.560256350946107,0.23995727484231555,2873,2366,845,169,strongnative_4node_large128c0c15_20260704024223_c3,7.5905752679973375,43,72,4,3,synthetic,"0,1,2",,1,21,1,,5,chordal,13,tfim,auto,4,4,data/raw/perlmutter/practical_suite_sweep/practical_strongnative_4node_large128c0c15_20260704024223_c3_qaoa_chordal_5n_grid13_r0_seed43.json,ok
practical_strongnative_4node_large128c0c15_20260704024223_c3_qaoa_chordal_5n_grid13_r2_seed2043.json,optimization,optimization_qaoa,approximation_ratio,6.202099029906094e-05,exact_enumeration_numpy,,4,7.155974467023043,115379.88078741451,6,4.560256350946107,0.23995727484231555,2873,2366,845,169,strongnative_4node_large128c0c15_20260704024223_c3,7.178044886997668,2043,72,4,3,synthetic,"0,1,2",,1,21,1,,5,chordal,13,tfim,auto,4,4,data/raw/perlmutter/practical_suite_sweep/practical_strongnative_4node_large128c0c15_20260704024223_c3_qaoa_chordal_5n_grid13_r2_seed2043.json,ok
practical_strongnative_4node_large128c0c15_20260704024223_c3_qaoa_ladder_6n_grid13_r0_seed17.json,optimization,optimization_qaoa,approximation_ratio,2.4858018150553107e-05,greedy_assignment_numpy,,4,12.376358957000775,497881.96637572226,7,5.030330085889901,0.28138141630144275,3211,2366,1014,169,strongnative_4node_large128c0c15_20260704024223_c3,12.39956540701678,17,72,4,3,synthetic,"0,1,2",,1,21,1,,6,ladder,13,tfim,auto,4,4,data/raw/perlmutter/practical_suite_sweep/practical_strongnative_4node_large128c0c15_20260704024223_c3_qaoa_ladder_6n_grid13_r0_seed17.json,ok
practical_strongnative_4node_large128c0c15_20260704024223_c3_qaoa_ladder_6n_grid13_r2_seed2017.json,optimization,optimization_qaoa,approximation_ratio,2.5039014872163534e-05,greedy_assignment_numpy,,4,6.527273452986265,260684.1158212973,7,5.030330085889901,0.28138141630144275,3211,2366,1014,169,strongnative_4node_large128c0c15_20260704024223_c3,6.553800214023795,2017,72,4,3,synthetic,"0,1,2",,1,21,1,,6,ladder,13,tfim,auto,4,4,data/raw/perlmutter/practical_suite_sweep/practical_strongnative_4node_large128c0c15_20260704024223_c3_qaoa_ladder_6n_grid13_r2_seed2017.json,ok
practical_strongnative_4node_large128c0c15_20260704024223_c3_qaoa_ring_4n_grid13_r1_seed1031.json,optimization,optimization_qaoa,approximation_ratio,1.5770987374708056e-05,greedy_assignment_numpy,,4,7.21470632601995,457467.0028326939,4,2.999999999999998,0.25000000000000056,2028,1352,676,169,strongnative_4node_large128c0c15_20260704024223_c3,7.236521817976609,1031,72,4,3,synthetic,"0,1,2",,1,21,1,,4,ring,13,tfim,auto,4,4,data/raw/perlmutter/practical_suite_sweep/practical_strongnative_4node_large128c0c15_20260704024223_c3_qaoa_ring_4n_grid13_r1_seed1031.json,ok
practical_strongnative_4node_large128c0c15_20260704024223_c3_qaoa_ring_4n_grid13_r3_seed3031.json,optimization,optimization_qaoa,approximation_ratio,1.5591009287163615e-05,greedy_assignment_numpy,,4,6.974121651990572,447316.88138576783,4,2.999999999999998,0.25000000000000056,2028,1352,676,169,strongnative_4node_large128c0c15_20260704024223_c3,6.996100462012691,3031,72,4,3,synthetic,"0,1,2",,1,21,1,,4,ring,13,tfim,auto,4,4,data/raw/perlmutter/practical_suite_sweep/practical_strongnative_4node_large128c0c15_20260704024223_c3_qaoa_ring_4n_grid13_r3_seed3031.json,ok
practical_strongnative_4node_large128c0c15_20260704024223_c3_sim_tfim_4q_10steps_r0_seed23.json,simulation,hamiltonian_simulation,absolute_observable_error,0.00048023200361058116,exact_dense_eigendecomposition_numpy,,0,7.448577446019044,15510.372882310183,0.8218024506329117,0.8216225570780517,0.00017989355486003333,70,60,4,1,strongnative_4node_large128c0c15_20260704024223_c3,7.474214004003443,23,72,4,3,synthetic,"0,1,2",,1,21,1,,4,chordal,7,tfim,auto,4,10,data/raw/perlmutter/practical_suite_sweep/practical_strongnative_4node_large128c0c15_20260704024223_c3_sim_tfim_4q_10steps_r0_seed23.json,ok
practical_strongnative_4node_large128c0c15_20260704024223_c3_sim_tfim_4q_10steps_r1_seed1023.json,simulation,hamiltonian_simulation,absolute_observable_error,0.00045844900887459517,exact_dense_eigendecomposition_numpy,,0,6.709186283987947,14634.53111275716,0.8218024506329117,0.8216225570780517,0.00017989355486003333,70,60,4,1,strongnative_4node_large128c0c15_20260704024223_c3,6.720047216978855,1023,72,4,3,synthetic,"0,1,2",,1,21,1,,4,chordal,7,tfim,auto,4,10,data/raw/perlmutter/practical_suite_sweep/practical_strongnative_4node_large128c0c15_20260704024223_c3_sim_tfim_4q_10steps_r1_seed1023.json,ok
practical_strongnative_4node_large128c0c15_20260704024223_c3_sim_tfim_4q_10steps_r2_seed2023.json,simulation,hamiltonian_simulation,absolute_observable_error,0.00047899901983328164,exact_dense_eigendecomposition_numpy,,0,6.757446328003425,14107.432475238453,0.8218024506329117,0.8216225570780517,0.00017989355486003333,70,60,4,1,strongnative_4node_large128c0c15_20260704024223_c3,6.764584460994229,2023,72,4,3,synthetic,"0,1,2",,1,21,1,,4,chordal,7,tfim,auto,4,10,data/raw/perlmutter/practical_suite_sweep/practical_strongnative_4node_large128c0c15_20260704024223_c3_sim_tfim_4q_10steps_r2_seed2023.json,ok
practical_strongnative_4node_large128c0c15_20260704024223_c3_sim_tfim_4q_10steps_r3_seed3023.json,simulation,hamiltonian_simulation,absolute_observable_error,0.0004885280213784426,exact_dense_eigendecomposition_numpy,,0,6.762228872015839,13842.049127367083,0.8218024506329117,0.8216225570780517,0.00017989355486003333,70,60,4,1,strongnative_4node_large128c0c15_20260704024223_c3,6.788635213015368,3023,72,4,3,synthetic,"0,1,2",,1,21,1,,4,chordal,7,tfim,auto,4,10,data/raw/perlmutter/practical_suite_sweep/practical_strongnative_4node_large128c0c15_20260704024223_c3_sim_tfim_4q_10steps_r3_seed3023.json,ok
practical_strongnative_4node_large128c0c15_20260704024223_c4_chem_4q_l1_grid17_r2_seed2023.json,chemistry,chemistry_vqe,absolute_energy_error,0.00017553899670019746,exact_diagonalization_numpy,,0,37.00687378499424,210818.53309323723,-1.705732892552902,-1.1901014927052382,0.5156313998476638,296,111,148,37,strongnative_4node_large128c0c15_20260704024223_c4,37.20785903200158,2023,72,4,3,synthetic,"0,1,2",,1,17,1,benchmarks/workloads/hamiltonians/molecular_chain_4q.json,4,chordal,7,tfim,auto,4,4,data/raw/perlmutter/practical_suite_sweep/practical_strongnative_4node_large128c0c15_20260704024223_c4_chem_4q_l1_grid17_r2_seed2023.json,ok
practical_strongnative_4node_large128c0c15_20260704024223_c4_chem_4q_l1_grid9_r0_seed17.json,chemistry,chemistry_vqe,absolute_energy_error,0.00019270298071205616,exact_diagonalization_numpy,,0,7.432500627997797,38569.72321099543,-1.705732892552902,-0.9019600519043551,0.8037728406485469,168,63,84,21,strongnative_4node_large128c0c15_20260704024223_c4,7.448990985983983,17,72,4,3,synthetic,"0,1,2",,1,9,1,benchmarks/workloads/hamiltonians/molecular_chain_4q.json,4,chordal,7,tfim,auto,4,4,data/raw/perlmutter/practical_suite_sweep/practical_strongnative_4node_large128c0c15_20260704024223_c4_chem_4q_l1_grid9_r0_seed17.json,ok
practical_strongnative_4node_large128c0c15_20260704024223_c4_ml_digits_c0v1v2_128s_8q_d1_r0_seed17.json,ml,multiclass_ml,test_accuracy,0.0003150689881294966,linear_ridge_numpy,linear_ridge_numpy,6,10.803637605975382,34289.7524447407,1.0,0.6875,0.3125,2048,896,1024,128,strongnative_4node_large128c0c15_20260704024223_c4,11.057292587996926,17,128,8,3,digits,"0,1,2",sklearn_digits,1,21,1,,4,chordal,7,tfim,auto,4,4,data/raw/perlmutter/practical_suite_sweep/practical_strongnative_4node_large128c0c15_20260704024223_c4_ml_digits_c0v1v2_128s_8q_d1_r0_seed17.json,ok
practical_strongnative_4node_large128c0c15_20260704024223_c4_ml_digits_c0v1v2_128s_8q_d1_r0_seed23.json,ml,multiclass_ml,test_accuracy,0.0008210870146285743,knn_numpy,knn_numpy,6,7.563679435988888,9211.78791191867,1.0,0.78125,0.21875,2048,896,1024,128,strongnative_4node_large128c0c15_20260704024223_c4,7.662830415996723,23,128,8,3,digits,"0,1,2",sklearn_digits,1,21,1,,4,chordal,7,tfim,auto,4,4,data/raw/perlmutter/practical_suite_sweep/practical_strongnative_4node_large128c0c15_20260704024223_c4_ml_digits_c0v1v2_128s_8q_d1_r0_seed23.json,ok
practical_strongnative_4node_large128c0c15_20260704024223_c4_ml_digits_c0v1v2_128s_8q_d1_r0_seed31.json,ml,multiclass_ml,test_accuracy,0.00015909801004454494,nearest_centroid_numpy,nearest_centroid_numpy,6,7.054176664998522,44338.5600047635,1.0,0.65625,0.34375,2048,896,1024,128,strongnative_4node_large128c0c15_20260704024223_c4,7.1540373580064625,31,128,8,3,digits,"0,1,2",sklearn_digits,1,21,1,,4,chordal,7,tfim,auto,4,4,data/raw/perlmutter/practical_suite_sweep/practical_strongnative_4node_large128c0c15_20260704024223_c4_ml_digits_c0v1v2_128s_8q_d1_r0_seed31.json,ok
practical_strongnative_4node_large128c0c15_20260704024223_c4_ml_digits_c0v1v2_128s_8q_d1_r0_seed43.json,ml,multiclass_ml,test_accuracy,0.00015791499754413962,nearest_centroid_numpy,nearest_centroid_numpy,6,7.2767948060063645,46080.45416314806,1.0,0.75,0.25,2048,896,1024,128,strongnative_4node_large128c0c15_20260704024223_c4,7.433443645015359,43,128,8,3,digits,"0,1,2",sklearn_digits,1,21,1,,4,chordal,7,tfim,auto,4,4,data/raw/perlmutter/practical_suite_sweep/practical_strongnative_4node_large128c0c15_20260704024223_c4_ml_digits_c0v1v2_128s_8q_d1_r0_seed43.json,ok
practical_strongnative_4node_large128c0c15_20260704024223_c4_ml_digits_c0v1v2_128s_8q_d1_r1_seed1017.json,ml,multiclass_ml,test_accuracy,0.0008317670144606382,knn_numpy,knn_numpy,6,7.3197835570026655,8800.28112409483,1.0,0.71875,0.28125,2048,896,1024,128,strongnative_4node_large128c0c15_20260704024223_c4,7.418894650996663,1017,128,8,3,digits,"0,1,2",sklearn_digits,1,21,1,,4,chordal,7,tfim,auto,4,4,data/raw/perlmutter/practical_suite_sweep/practical_strongnative_4node_large128c0c15_20260704024223_c4_ml_digits_c0v1v2_128s_8q_d1_r1_seed1017.json,ok
practical_strongnative_4node_large128c0c15_20260704024223_c4_ml_digits_c0v1v2_128s_8q_d1_r1_seed1023.json,ml,multiclass_ml,test_accuracy,0.00016484901425428689,nearest_centroid_numpy,nearest_centroid_numpy,6,7.634009451983729,46309.09979363257,0.9375,0.78125,0.15625,2048,896,1024,128,strongnative_4node_large128c0c15_20260704024223_c4,7.749926290998701,1023,128,8,3,digits,"0,1,2",sklearn_digits,1,21,1,,4,chordal,7,tfim,auto,4,4,data/raw/perlmutter/practical_suite_sweep/practical_strongnative_4node_large128c0c15_20260704024223_c4_ml_digits_c0v1v2_128s_8q_d1_r1_seed1023.json,ok
practical_strongnative_4node_large128c0c15_20260704024223_c4_ml_digits_c0v1v2_128s_8q_d1_r1_seed1031.json,ml,multiclass_ml,test_accuracy,0.00013618299271911383,nearest_centroid_numpy,nearest_centroid_numpy,6,7.320025175024057,53751.39016163405,0.96875,0.71875,0.25,2048,896,1024,128,strongnative_4node_large128c0c15_20260704024223_c4,7.482977805979317,1031,128,8,3,digits,"0,1,2",sklearn_digits,1,21,1,,4,chordal,7,tfim,auto,4,4,data/raw/perlmutter/practical_suite_sweep/practical_strongnative_4node_large128c0c15_20260704024223_c4_ml_digits_c0v1v2_128s_8q_d1_r1_seed1031.json,ok
practical_strongnative_4node_large128c0c15_20260704024223_c4_ml_digits_c0v1v2_128s_8q_d1_r1_seed1043.json,ml,multiclass_ml,test_accuracy,0.00015710399020463228,nearest_centroid_numpy,nearest_centroid_numpy,6,7.132939828996314,45402.66494635472,1.0,0.875,0.125,2048,896,1024,128,strongnative_4node_large128c0c15_20260704024223_c4,7.228890263999347,1043,128,8,3,digits,"0,1,2",sklearn_digits,1,21,1,,4,chordal,7,tfim,auto,4,4,data/raw/perlmutter/practical_suite_sweep/practical_strongnative_4node_large128c0c15_20260704024223_c4_ml_digits_c0v1v2_128s_8q_d1_r1_seed1043.json,ok
practical_strongnative_4node_large128c0c15_20260704024223_c4_ml_digits_c0v1v2_128s_8q_d1_r2_seed2017.json,ml,multiclass_ml,test_accuracy,0.0001557309878990054,nearest_centroid_numpy,nearest_centroid_numpy,6,6.86101678799605,44056.850088471496,1.0,0.78125,0.21875,2048,896,1024,128,strongnative_4node_large128c0c15_20260704024223_c4,6.954386338009499,2017,128,8,3,digits,"0,1,2",sklearn_digits,1,21,1,,4,chordal,7,tfim,auto,4,4,data/raw/perlmutter/practical_suite_sweep/practical_strongnative_4node_large128c0c15_20260704024223_c4_ml_digits_c0v1v2_128s_8q_d1_r2_seed2017.json,ok
practical_strongnative_4node_large128c0c15_20260704024223_c4_ml_digits_c0v1v2_128s_8q_d1_r2_seed2023.json,ml,multiclass_ml,test_accuracy,0.0001631460036151111,linear_ridge_numpy,linear_ridge_numpy,6,6.908374933002051,42344.738945000885,1.0,0.625,0.375,2048,896,1024,128,strongnative_4node_large128c0c15_20260704024223_c4,7.005692895996617,2023,128,8,3,digits,"0,1,2",sklearn_digits,1,21,1,,4,chordal,7,tfim,auto,4,4,data/raw/perlmutter/practical_suite_sweep/practical_strongnative_4node_large128c0c15_20260704024223_c4_ml_digits_c0v1v2_128s_8q_d1_r2_seed2023.json,ok
practical_strongnative_4node_large128c0c15_20260704024223_c4_ml_digits_c0v1v2_128s_8q_d1_r2_seed2031.json,ml,multiclass_ml,test_accuracy,0.00015809500473551452,nearest_centroid_numpy,nearest_centroid_numpy,6,7.487619977007853,47361.52157074341,1.0,0.75,0.25,2048,896,1024,128,strongnative_4node_large128c0c15_20260704024223_c4,7.582744340004865,2031,128,8,3,digits,"0,1,2",sklearn_digits,1,21,1,,4,chordal,7,tfim,auto,4,4,data/raw/perlmutter/practical_suite_sweep/practical_strongnative_4node_large128c0c15_20260704024223_c4_ml_digits_c0v1v2_128s_8q_d1_r2_seed2031.json,ok
practical_strongnative_4node_large128c0c15_20260704024223_c4_ml_digits_c0v1v2_128s_8q_d1_r2_seed2043.json,ml,multiclass_ml,test_accuracy,0.0001569929881952703,nearest_centroid_numpy,nearest_centroid_numpy,6,7.063459466997301,44992.19709234186,1.0,0.8125,0.1875,2048,896,1024,128,strongnative_4node_large128c0c15_20260704024223_c4,7.162226229003863,2043,128,8,3,digits,"0,1,2",sklearn_digits,1,21,1,,4,chordal,7,tfim,auto,4,4,data/raw/perlmutter/practical_suite_sweep/practical_strongnative_4node_large128c0c15_20260704024223_c4_ml_digits_c0v1v2_128s_8q_d1_r2_seed2043.json,ok
practical_strongnative_4node_large128c0c15_20260704024223_c4_ml_digits_c0v1v2_128s_8q_d1_r3_seed3017.json,ml,multiclass_ml,test_accuracy,0.00016089100972749293,nearest_centroid_numpy,nearest_centroid_numpy,6,6.657792232988868,41380.75983403558,1.0,0.875,0.125,2048,896,1024,128,strongnative_4node_large128c0c15_20260704024223_c4,6.766828040010296,3017,128,8,3,digits,"0,1,2",sklearn_digits,1,21,1,,4,chordal,7,tfim,auto,4,4,data/raw/perlmutter/practical_suite_sweep/practical_strongnative_4node_large128c0c15_20260704024223_c4_ml_digits_c0v1v2_128s_8q_d1_r3_seed3017.json,ok
practical_strongnative_4node_large128c0c15_20260704024223_c4_ml_digits_c0v1v2_128s_8q_d1_r3_seed3023.json,ml,multiclass_ml,test_accuracy,0.011876059987116605,rbf_kernel_ridge_numpy,rbf_kernel_ridge_numpy,6,7.099993667012313,597.8408390252772,1.0,0.71875,0.28125,2048,896,1024,128,strongnative_4node_large128c0c15_20260704024223_c4,7.199168428021949,3023,128,8,3,digits,"0,1,2",sklearn_digits,1,21,1,,4,chordal,7,tfim,auto,4,4,data/raw/perlmutter/practical_suite_sweep/practical_strongnative_4node_large128c0c15_20260704024223_c4_ml_digits_c0v1v2_128s_8q_d1_r3_seed3023.json,ok
practical_strongnative_4node_large128c0c15_20260704024223_c4_ml_digits_c0v1v2_128s_8q_d1_r3_seed3031.json,ml,multiclass_ml,test_accuracy,0.00016767397755756974,linear_ridge_numpy,linear_ridge_numpy,6,7.752902542997617,46237.9592583811,1.0,0.6875,0.3125,2048,896,1024,128,strongnative_4node_large128c0c15_20260704024223_c4,7.901921815995593,3031,128,8,3,digits,"0,1,2",sklearn_digits,1,21,1,,4,chordal,7,tfim,auto,4,4,data/raw/perlmutter/practical_suite_sweep/practical_strongnative_4node_large128c0c15_20260704024223_c4_ml_digits_c0v1v2_128s_8q_d1_r3_seed3031.json,ok
practical_strongnative_4node_large128c0c15_20260704024223_c4_ml_digits_c0v1v2_128s_8q_d1_r3_seed3043.json,ml,multiclass_ml,test_accuracy,0.00013705500168725848,nearest_centroid_numpy,nearest_centroid_numpy,6,7.193336197000463,52485.032347923436,1.0,0.65625,0.34375,2048,896,1024,128,strongnative_4node_large128c0c15_20260704024223_c4,7.290332208009204,3043,128,8,3,digits,"0,1,2",sklearn_digits,1,21,1,,4,chordal,7,tfim,auto,4,4,data/raw/perlmutter/practical_suite_sweep/practical_strongnative_4node_large128c0c15_20260704024223_c4_ml_digits_c0v1v2_128s_8q_d1_r3_seed3043.json,ok
practical_strongnative_4node_large128c0c15_20260704024223_c4_qaoa_chordal_4n_grid7_r1_seed1031.json,optimization,optimization_qaoa,approximation_ratio,1.7754005966708064e-05,greedy_assignment_numpy,,4,6.858860873006051,386327.5074857833,4,3.2070111141556907,0.19824722146107732,637,490,196,49,strongnative_4node_large128c0c15_20260704024223_c4,6.886548762995517,1031,72,4,3,synthetic,"0,1,2",,1,21,1,,4,chordal,7,tfim,auto,4,4,data/raw/perlmutter/practical_suite_sweep/practical_strongnative_4node_large128c0c15_20260704024223_c4_qaoa_chordal_4n_grid7_r1_seed1031.json,ok
practical_strongnative_4node_large128c0c15_20260704024223_c4_qaoa_chordal_4n_grid7_r3_seed3031.json,optimization,optimization_qaoa,approximation_ratio,1.74140150193125e-05,greedy_assignment_numpy,,4,7.251543169026263,416419.944566727,4,3.2070111141556907,0.19824722146107732,637,490,196,49,strongnative_4node_large128c0c15_20260704024223_c4,7.275546810007654,3031,72,4,3,synthetic,"0,1,2",,1,21,1,,4,chordal,7,tfim,auto,4,4,data/raw/perlmutter/practical_suite_sweep/practical_strongnative_4node_large128c0c15_20260704024223_c4_qaoa_chordal_4n_grid7_r3_seed3031.json,ok
practical_strongnative_4node_large128c0c15_20260704024223_c4_qaoa_ladder_5n_grid7_r0_seed43.json,optimization,optimization_qaoa,approximation_ratio,1.9486993551254272e-05,greedy_assignment_numpy,,4,7.187112051004078,368815.8479706318,5,3.414322820287427,0.3171354359425146,735,490,245,49,strongnative_4node_large128c0c15_20260704024223_c4,7.20846129002166,43,72,4,3,synthetic,"0,1,2",,1,21,1,,5,ladder,7,tfim,auto,4,4,data/raw/perlmutter/practical_suite_sweep/practical_strongnative_4node_large128c0c15_20260704024223_c4_qaoa_ladder_5n_grid7_r0_seed43.json,ok
practical_strongnative_4node_large128c0c15_20260704024223_c4_qaoa_ladder_5n_grid7_r2_seed2043.json,optimization,optimization_qaoa,approximation_ratio,2.052000490948558e-05,greedy_assignment_numpy,,4,7.126032435975503,347272.4527800392,5,3.414322820287427,0.3171354359425146,735,490,245,49,strongnative_4node_large128c0c15_20260704024223_c4,7.15543005001382,2043,72,4,3,synthetic,"0,1,2",,1,21,1,,5,ladder,7,tfim,auto,4,4,data/raw/perlmutter/practical_suite_sweep/practical_strongnative_4node_large128c0c15_20260704024223_c4_qaoa_ladder_5n_grid7_r2_seed2043.json,ok
practical_strongnative_4node_large128c0c15_20260704024223_c4_qaoa_ring_7n_grid7_r0_seed17.json,optimization,optimization_qaoa,approximation_ratio,2.6941997930407524e-05,greedy_assignment_numpy,,4,15.645526856998913,580711.4564187876,6,4.8125,0.19791666666666663,1029,686,343,49,strongnative_4node_large128c0c15_20260704024223_c4,15.681712918012636,17,72,4,3,synthetic,"0,1,2",,1,21,1,,7,ring,7,tfim,auto,4,4,data/raw/perlmutter/practical_suite_sweep/practical_strongnative_4node_large128c0c15_20260704024223_c4_qaoa_ring_7n_grid7_r0_seed17.json,ok
practical_strongnative_4node_large128c0c15_20260704024223_c4_qaoa_ring_7n_grid7_r2_seed2017.json,optimization,optimization_qaoa,approximation_ratio,2.7793983463197947e-05,greedy_assignment_numpy,,4,7.120347879012115,256183.06524648322,6,4.8125,0.19791666666666663,1029,686,343,49,strongnative_4node_large128c0c15_20260704024223_c4,7.228720573009923,2017,72,4,3,synthetic,"0,1,2",,1,21,1,,7,ring,7,tfim,auto,4,4,data/raw/perlmutter/practical_suite_sweep/practical_strongnative_4node_large128c0c15_20260704024223_c4_qaoa_ring_7n_grid7_r2_seed2017.json,ok
practical_strongnative_4node_large128c0c15_20260704024223_c4_sim_tfim_5q_4steps_r0_seed23.json,simulation,hamiltonian_simulation,absolute_observable_error,0.0007386179931927472,exact_dense_eigendecomposition_numpy,,0,7.37139618198853,9979.984579207125,0.8218024506329158,0.8206730318635854,0.0011294187693303703,36,32,5,1,strongnative_4node_large128c0c15_20260704024223_c4,7.392215547006344,23,72,4,3,synthetic,"0,1,2",,1,21,1,,4,chordal,7,tfim,auto,5,4,data/raw/perlmutter/practical_suite_sweep/practical_strongnative_4node_large128c0c15_20260704024223_c4_sim_tfim_5q_4steps_r0_seed23.json,ok
practical_strongnative_4node_large128c0c15_20260704024223_c4_sim_tfim_5q_4steps_r1_seed1023.json,simulation,hamiltonian_simulation,absolute_observable_error,0.0007158030057325959,exact_dense_eigendecomposition_numpy,,0,7.410746111010667,10353.052518166032,0.8218024506329158,0.8206730318635854,0.0011294187693303703,36,32,5,1,strongnative_4node_large128c0c15_20260704024223_c4,7.421534649998648,1023,72,4,3,synthetic,"0,1,2",,1,21,1,,4,chordal,7,tfim,auto,5,4,data/raw/perlmutter/practical_suite_sweep/practical_strongnative_4node_large128c0c15_20260704024223_c4_sim_tfim_5q_4steps_r1_seed1023.json,ok
practical_strongnative_4node_large128c0c15_20260704024223_c4_sim_tfim_5q_4steps_r2_seed2023.json,simulation,hamiltonian_simulation,absolute_observable_error,0.0006743230042047799,exact_dense_eigendecomposition_numpy,,0,6.5043005500047,9645.675009523271,0.8218024506329158,0.8206730318635854,0.0011294187693303703,36,32,5,1,strongnative_4node_large128c0c15_20260704024223_c4,6.514507979009068,2023,72,4,3,synthetic,"0,1,2",,1,21,1,,4,chordal,7,tfim,auto,5,4,data/raw/perlmutter/practical_suite_sweep/practical_strongnative_4node_large128c0c15_20260704024223_c4_sim_tfim_5q_4steps_r2_seed2023.json,ok
practical_strongnative_4node_large128c0c15_20260704024223_c4_sim_tfim_5q_4steps_r3_seed3023.json,simulation,hamiltonian_simulation,absolute_observable_error,0.0007995250052772462,exact_dense_eigendecomposition_numpy,,0,6.576679777004756,8225.733696376641,0.8218024506329158,0.8206730318635854,0.0011294187693303703,36,32,5,1,strongnative_4node_large128c0c15_20260704024223_c4,6.585030739021022,3023,72,4,3,synthetic,"0,1,2",,1,21,1,,4,chordal,7,tfim,auto,5,4,data/raw/perlmutter/practical_suite_sweep/practical_strongnative_4node_large128c0c15_20260704024223_c4_sim_tfim_5q_4steps_r3_seed3023.json,ok
practical_strongnative_4node_large128c0c15_20260704024223_c5_chem_4q_l1_grid13_r0_seed17.json,chemistry,chemistry_vqe,absolute_energy_error,0.00017611999646760523,exact_diagonalization_numpy,,0,7.196758957987186,40862.815707079164,-1.705732892552902,-0.9019600519043551,0.8037728406485469,232,87,116,29,strongnative_4node_large128c0c15_20260704024223_c5,7.206508208997548,17,72,4,3,synthetic,"0,1,2",,1,13,1,benchmarks/workloads/hamiltonians/molecular_chain_4q.json,4,chordal,7,tfim,auto,4,4,data/raw/perlmutter/practical_suite_sweep/practical_strongnative_4node_large128c0c15_20260704024223_c5_chem_4q_l1_grid13_r0_seed17.json,ok
practical_strongnative_4node_large128c0c15_20260704024223_c5_chem_h2_l2_grid17_r2_seed2023.json,chemistry,chemistry_vqe,absolute_energy_error,0.00015123299090191722,exact_diagonalization_numpy,,0,37.09254424800747,245267.5439849232,-1.85727503020238,-1.8369679912029844,0.020307038999395566,296,74,74,37,strongnative_4node_large128c0c15_20260704024223_c5,37.28285360298469,2023,72,4,3,synthetic,"0,1,2",,1,17,2,,4,chordal,7,tfim,auto,4,4,data/raw/perlmutter/practical_suite_sweep/practical_strongnative_4node_large128c0c15_20260704024223_c5_chem_h2_l2_grid17_r2_seed2023.json,ok
practical_strongnative_4node_large128c0c15_20260704024223_c5_ml_digits_c0v1v2_128s_8q_d2_r0_seed17.json,ml,multiclass_ml,test_accuracy,0.000367189000826329,linear_ridge_numpy,linear_ridge_numpy,6,10.82658650301164,29485.051236957774,1.0,0.6875,0.3125,4096,1792,1024,128,strongnative_4node_large128c0c15_20260704024223_c5,11.065984714980004,17,128,8,3,digits,"0,1,2",sklearn_digits,2,21,1,,4,chordal,7,tfim,auto,4,4,data/raw/perlmutter/practical_suite_sweep/practical_strongnative_4node_large128c0c15_20260704024223_c5_ml_digits_c0v1v2_128s_8q_d2_r0_seed17.json,ok
practical_strongnative_4node_large128c0c15_20260704024223_c5_ml_digits_c0v1v2_128s_8q_d2_r0_seed23.json,ml,multiclass_ml,test_accuracy,0.0008094340155366808,knn_numpy,knn_numpy,6,7.354188441997394,9085.593514526729,1.0,0.625,0.375,4096,1792,1024,128,strongnative_4node_large128c0c15_20260704024223_c5,7.447633736010175,23,128,8,3,digits,"0,1,2",sklearn_digits,2,21,1,,4,chordal,7,tfim,auto,4,4,data/raw/perlmutter/practical_suite_sweep/practical_strongnative_4node_large128c0c15_20260704024223_c5_ml_digits_c0v1v2_128s_8q_d2_r0_seed23.json,ok
practical_strongnative_4node_large128c0c15_20260704024223_c5_ml_digits_c0v1v2_128s_8q_d2_r0_seed31.json,ml,multiclass_ml,test_accuracy,0.0001621129922568798,linear_ridge_numpy,linear_ridge_numpy,6,7.154564216005383,44133.194486154796,1.0,0.75,0.25,4096,1792,1024,128,strongnative_4node_large128c0c15_20260704024223_c5,7.2466322089894675,31,128,8,3,digits,"0,1,2",sklearn_digits,2,21,1,,4,chordal,7,tfim,auto,4,4,data/raw/perlmutter/practical_suite_sweep/practical_strongnative_4node_large128c0c15_20260704024223_c5_ml_digits_c0v1v2_128s_8q_d2_r0_seed31.json,ok
practical_strongnative_4node_large128c0c15_20260704024223_c5_ml_digits_c0v1v2_128s_8q_d2_r0_seed43.json,ml,multiclass_ml,test_accuracy,0.00015894699026830494,nearest_centroid_numpy,nearest_centroid_numpy,6,7.255405153002357,45646.69730930496,1.0,0.8125,0.1875,4096,1792,1024,128,strongnative_4node_large128c0c15_20260704024223_c5,7.353042127011577,43,128,8,3,digits,"0,1,2",sklearn_digits,2,21,1,,4,chordal,7,tfim,auto,4,4,data/raw/perlmutter/practical_suite_sweep/practical_strongnative_4node_large128c0c15_20260704024223_c5_ml_digits_c0v1v2_128s_8q_d2_r0_seed43.json,ok
practical_strongnative_4node_large128c0c15_20260704024223_c5_ml_digits_c0v1v2_128s_8q_d2_r1_seed1017.json,ml,multiclass_ml,test_accuracy,0.0008180410077329725,knn_numpy,knn_numpy,6,7.056639443995664,8626.266137380626,1.0,0.71875,0.28125,4096,1792,1024,128,strongnative_4node_large128c0c15_20260704024223_c5,7.148964784981217,1017,128,8,3,digits,"0,1,2",sklearn_digits,2,21,1,,4,chordal,7,tfim,auto,4,4,data/raw/perlmutter/practical_suite_sweep/practical_strongnative_4node_large128c0c15_20260704024223_c5_ml_digits_c0v1v2_128s_8q_d2_r1_seed1017.json,ok
practical_strongnative_4node_large128c0c15_20260704024223_c5_ml_digits_c0v1v2_128s_8q_d2_r1_seed1023.json,ml,multiclass_ml,test_accuracy,0.00015825597802177072,nearest_centroid_numpy,nearest_centroid_numpy,6,7.549836785998195,47706.487175856266,0.9375,0.59375,0.34375,4096,1792,1024,128,strongnative_4node_large128c0c15_20260704024223_c5,7.643622117000632,1023,128,8,3,digits,"0,1,2",sklearn_digits,2,21,1,,4,chordal,7,tfim,auto,4,4,data/raw/perlmutter/practical_suite_sweep/practical_strongnative_4node_large128c0c15_20260704024223_c5_ml_digits_c0v1v2_128s_8q_d2_r1_seed1023.json,ok
practical_strongnative_4node_large128c0c15_20260704024223_c5_ml_digits_c0v1v2_128s_8q_d2_r1_seed1031.json,ml,multiclass_ml,test_accuracy,0.00013838702579960227,nearest_centroid_numpy,nearest_centroid_numpy,6,7.232365820003906,52261.877717330724,0.96875,0.84375,0.125,4096,1792,1024,128,strongnative_4node_large128c0c15_20260704024223_c5,7.325571413006401,1031,128,8,3,digits,"0,1,2",sklearn_digits,2,21,1,,4,chordal,7,tfim,auto,4,4,data/raw/perlmutter/practical_suite_sweep/practical_strongnative_4node_large128c0c15_20260704024223_c5_ml_digits_c0v1v2_128s_8q_d2_r1_seed1031.json,ok
practical_strongnative_4node_large128c0c15_20260704024223_c5_ml_digits_c0v1v2_128s_8q_d2_r1_seed1043.json,ml,multiclass_ml,test_accuracy,0.0001549689914099872,nearest_centroid_numpy,nearest_centroid_numpy,6,7.114283856994007,45907.78963110368,1.0,0.78125,0.21875,4096,1792,1024,128,strongnative_4node_large128c0c15_20260704024223_c5,7.207055952021619,1043,128,8,3,digits,"0,1,2",sklearn_digits,2,21,1,,4,chordal,7,tfim,auto,4,4,data/raw/perlmutter/practical_suite_sweep/practical_strongnative_4node_large128c0c15_20260704024223_c5_ml_digits_c0v1v2_128s_8q_d2_r1_seed1043.json,ok
practical_strongnative_4node_large128c0c15_20260704024223_c5_ml_digits_c0v1v2_128s_8q_d2_r2_seed2017.json,ml,multiclass_ml,test_accuracy,0.00015982898185029626,nearest_centroid_numpy,nearest_centroid_numpy,6,6.7918244100001175,42494.323190781986,1.0,0.65625,0.34375,4096,1792,1024,128,strongnative_4node_large128c0c15_20260704024223_c5,6.885211552988039,2017,128,8,3,digits,"0,1,2",sklearn_digits,2,21,1,,4,chordal,7,tfim,auto,4,4,data/raw/perlmutter/practical_suite_sweep/practical_strongnative_4node_large128c0c15_20260704024223_c5_ml_digits_c0v1v2_128s_8q_d2_r2_seed2017.json,ok
practical_strongnative_4node_large128c0c15_20260704024223_c5_ml_digits_c0v1v2_128s_8q_d2_r2_seed2023.json,ml,multiclass_ml,test_accuracy,0.0001641879789531231,linear_ridge_numpy,linear_ridge_numpy,6,7.016542322002351,42734.81144442144,1.0,0.59375,0.40625,4096,1792,1024,128,strongnative_4node_large128c0c15_20260704024223_c5,7.110425666003721,2023,128,8,3,digits,"0,1,2",sklearn_digits,2,21,1,,4,chordal,7,tfim,auto,4,4,data/raw/perlmutter/practical_suite_sweep/practical_strongnative_4node_large128c0c15_20260704024223_c5_ml_digits_c0v1v2_128s_8q_d2_r2_seed2023.json,ok
practical_strongnative_4node_large128c0c15_20260704024223_c5_ml_digits_c0v1v2_128s_8q_d2_r2_seed2031.json,ml,multiclass_ml,test_accuracy,0.00015612199786119163,nearest_centroid_numpy,nearest_centroid_numpy,6,7.398659987025894,47390.24665572149,1.0,0.65625,0.34375,4096,1792,1024,128,strongnative_4node_large128c0c15_20260704024223_c5,7.493826452002395,2031,128,8,3,digits,"0,1,2",sklearn_digits,2,21,1,,4,chordal,7,tfim,auto,4,4,data/raw/perlmutter/practical_suite_sweep/practical_strongnative_4node_large128c0c15_20260704024223_c5_ml_digits_c0v1v2_128s_8q_d2_r2_seed2031.json,ok
practical_strongnative_4node_large128c0c15_20260704024223_c5_ml_digits_c0v1v2_128s_8q_d2_r2_seed2043.json,ml,multiclass_ml,test_accuracy,0.00015999999595806003,nearest_centroid_numpy,nearest_centroid_numpy,6,6.93302009900799,43331.37671344259,1.0,0.71875,0.28125,4096,1792,1024,128,strongnative_4node_large128c0c15_20260704024223_c5,7.026484925008845,2043,128,8,3,digits,"0,1,2",sklearn_digits,2,21,1,,4,chordal,7,tfim,auto,4,4,data/raw/perlmutter/practical_suite_sweep/practical_strongnative_4node_large128c0c15_20260704024223_c5_ml_digits_c0v1v2_128s_8q_d2_r2_seed2043.json,ok
practical_strongnative_4node_large128c0c15_20260704024223_c5_ml_digits_c0v1v2_128s_8q_d2_r3_seed3017.json,ml,multiclass_ml,test_accuracy,0.00015930802328512073,nearest_centroid_numpy,nearest_centroid_numpy,6,6.816811010998208,42790.12990323692,1.0,0.59375,0.40625,4096,1792,1024,128,strongnative_4node_large128c0c15_20260704024223_c5,6.909699302021181,3017,128,8,3,digits,"0,1,2",sklearn_digits,2,21,1,,4,chordal,7,tfim,auto,4,4,data/raw/perlmutter/practical_suite_sweep/practical_strongnative_4node_large128c0c15_20260704024223_c5_ml_digits_c0v1v2_128s_8q_d2_r3_seed3017.json,ok
practical_strongnative_4node_large128c0c15_20260704024223_c5_ml_digits_c0v1v2_128s_8q_d2_r3_seed3023.json,ml,multiclass_ml,test_accuracy,0.012097648024791852,rbf_kernel_ridge_numpy,rbf_kernel_ridge_numpy,6,7.275101755018113,601.364971117457,1.0,0.5625,0.4375,4096,1792,1024,128,strongnative_4node_large128c0c15_20260704024223_c5,7.367966621997766,3023,128,8,3,digits,"0,1,2",sklearn_digits,2,21,1,,4,chordal,7,tfim,auto,4,4,data/raw/perlmutter/practical_suite_sweep/practical_strongnative_4node_large128c0c15_20260704024223_c5_ml_digits_c0v1v2_128s_8q_d2_r3_seed3023.json,ok
practical_strongnative_4node_large128c0c15_20260704024223_c5_ml_digits_c0v1v2_128s_8q_d2_r3_seed3031.json,ml,multiclass_ml,test_accuracy,0.00017042900435626507,linear_ridge_numpy,linear_ridge_numpy,6,7.588848015991971,44527.91380584628,1.0,0.71875,0.28125,4096,1792,1024,128,strongnative_4node_large128c0c15_20260704024223_c5,7.69637920500827,3031,128,8,3,digits,"0,1,2",sklearn_digits,2,21,1,,4,chordal,7,tfim,auto,4,4,data/raw/perlmutter/practical_suite_sweep/practical_strongnative_4node_large128c0c15_20260704024223_c5_ml_digits_c0v1v2_128s_8q_d2_r3_seed3031.json,ok
practical_strongnative_4node_large128c0c15_20260704024223_c5_ml_digits_c0v1v2_128s_8q_d2_r3_seed3043.json,ml,multiclass_ml,test_accuracy,0.0001376759901177138,nearest_centroid_numpy,nearest_centroid_numpy,6,7.115468040981796,51682.708327704975,1.0,0.625,0.375,4096,1792,1024,128,strongnative_4node_large128c0c15_20260704024223_c5,7.212880346021848,3043,128,8,3,digits,"0,1,2",sklearn_digits,2,21,1,,4,chordal,7,tfim,auto,4,4,data/raw/perlmutter/practical_suite_sweep/practical_strongnative_4node_large128c0c15_20260704024223_c5_ml_digits_c0v1v2_128s_8q_d2_r3_seed3043.json,ok
practical_strongnative_4node_large128c0c15_20260704024223_c5_qaoa_chordal_4n_grid9_r1_seed1031.json,optimization,optimization_qaoa,approximation_ratio,1.7403013771399856e-05,greedy_assignment_numpy,,4,6.76793109998107,388894.1989521091,4,3.1457154773853633,0.21357113065365918,1053,810,324,81,strongnative_4node_large128c0c15_20260704024223_c5,6.794183584977873,1031,72,4,3,synthetic,"0,1,2",,1,21,1,,4,chordal,9,tfim,auto,4,4,data/raw/perlmutter/practical_suite_sweep/practical_strongnative_4node_large128c0c15_20260704024223_c5_qaoa_chordal_4n_grid9_r1_seed1031.json,ok
practical_strongnative_4node_large128c0c15_20260704024223_c5_qaoa_chordal_4n_grid9_r3_seed3031.json,optimization,optimization_qaoa,approximation_ratio,1.7523998394608498e-05,greedy_assignment_numpy,,4,7.087808031996246,404462.9468909852,4,3.1457154773853633,0.21357113065365918,1053,810,324,81,strongnative_4node_large128c0c15_20260704024223_c5,7.109525944018969,3031,72,4,3,synthetic,"0,1,2",,1,21,1,,4,chordal,9,tfim,auto,4,4,data/raw/perlmutter/practical_suite_sweep/practical_strongnative_4node_large128c0c15_20260704024223_c5_qaoa_chordal_4n_grid9_r3_seed3031.json,ok
practical_strongnative_4node_large128c0c15_20260704024223_c5_qaoa_ladder_5n_grid9_r0_seed43.json,optimization,optimization_qaoa,approximation_ratio,2.014799974858761e-05,greedy_assignment_numpy,,4,7.014687279006466,348157.99913329864,5,3.6919417382415882,0.2616116523516824,1215,810,405,81,strongnative_4node_large128c0c15_20260704024223_c5,7.036907472007442,43,72,4,3,synthetic,"0,1,2",,1,21,1,,5,ladder,9,tfim,auto,4,4,data/raw/perlmutter/practical_suite_sweep/practical_strongnative_4node_large128c0c15_20260704024223_c5_qaoa_ladder_5n_grid9_r0_seed43.json,ok
practical_strongnative_4node_large128c0c15_20260704024223_c5_qaoa_ladder_5n_grid9_r2_seed2043.json,optimization,optimization_qaoa,approximation_ratio,2.0239007426425815e-05,greedy_assignment_numpy,,4,7.51725040198653,371423.8669714282,5,3.6919417382415882,0.2616116523516824,1215,810,405,81,strongnative_4node_large128c0c15_20260704024223_c5,7.540850221994333,2043,72,4,3,synthetic,"0,1,2",,1,21,1,,5,ladder,9,tfim,auto,4,4,data/raw/perlmutter/practical_suite_sweep/practical_strongnative_4node_large128c0c15_20260704024223_c5_qaoa_ladder_5n_grid9_r2_seed2043.json,ok
practical_strongnative_4node_large128c0c15_20260704024223_c5_qaoa_ring_7n_grid9_r0_seed17.json,optimization,optimization_qaoa,approximation_ratio,2.6841007638722658e-05,greedy_assignment_numpy,,4,15.858433390996652,590828.5413293575,6,5.249999999999997,0.12500000000000044,1701,1134,567,81,strongnative_4node_large128c0c15_20260704024223_c5,15.881782876007492,17,72,4,3,synthetic,"0,1,2",,1,21,1,,7,ring,9,tfim,auto,4,4,data/raw/perlmutter/practical_suite_sweep/practical_strongnative_4node_large128c0c15_20260704024223_c5_qaoa_ring_7n_grid9_r0_seed17.json,ok
practical_strongnative_4node_large128c0c15_20260704024223_c5_qaoa_ring_7n_grid9_r2_seed2017.json,optimization,optimization_qaoa,approximation_ratio,2.6380992494523525e-05,greedy_assignment_numpy,,4,6.9097481799835805,261921.46415332882,6,5.249999999999997,0.12500000000000044,1701,1134,567,81,strongnative_4node_large128c0c15_20260704024223_c5,6.934497520996956,2017,72,4,3,synthetic,"0,1,2",,1,21,1,,7,ring,9,tfim,auto,4,4,data/raw/perlmutter/practical_suite_sweep/practical_strongnative_4node_large128c0c15_20260704024223_c5_qaoa_ring_7n_grid9_r2_seed2017.json,ok
practical_strongnative_4node_large128c0c15_20260704024223_c5_sim_tfim_5q_6steps_r0_seed23.json,simulation,hamiltonian_simulation,absolute_observable_error,0.0007536570192314684,exact_dense_eigendecomposition_numpy,,0,7.258636017999379,9631.219285134868,0.8218024506329158,0.8213019840508522,0.0005004665820635967,54,48,5,1,strongnative_4node_large128c0c15_20260704024223_c5,7.279889753990574,23,72,4,3,synthetic,"0,1,2",,1,21,1,,4,chordal,7,tfim,auto,5,6,data/raw/perlmutter/practical_suite_sweep/practical_strongnative_4node_large128c0c15_20260704024223_c5_sim_tfim_5q_6steps_r0_seed23.json,ok
practical_strongnative_4node_large128c0c15_20260704024223_c5_sim_tfim_5q_6steps_r1_seed1023.json,simulation,hamiltonian_simulation,absolute_observable_error,0.0007158530061133206,exact_dense_eigendecomposition_numpy,,0,7.293513544020243,10188.563129209893,0.8218024506329158,0.8213019840508522,0.0005004665820635967,54,48,5,1,strongnative_4node_large128c0c15_20260704024223_c5,7.303612510993844,1023,72,4,3,synthetic,"0,1,2",,1,21,1,,4,chordal,7,tfim,auto,5,6,data/raw/perlmutter/practical_suite_sweep/practical_strongnative_4node_large128c0c15_20260704024223_c5_sim_tfim_5q_6steps_r1_seed1023.json,ok
practical_strongnative_4node_large128c0c15_20260704024223_c5_sim_tfim_5q_6steps_r2_seed2023.json,simulation,hamiltonian_simulation,absolute_observable_error,0.0007354310073424131,exact_dense_eigendecomposition_numpy,,0,6.637760619021719,9025.67413224557,0.8218024506329158,0.8213019840508522,0.0005004665820635967,54,48,5,1,strongnative_4node_large128c0c15_20260704024223_c5,6.648137364012655,2023,72,4,3,synthetic,"0,1,2",,1,21,1,,4,chordal,7,tfim,auto,5,6,data/raw/perlmutter/practical_suite_sweep/practical_strongnative_4node_large128c0c15_20260704024223_c5_sim_tfim_5q_6steps_r2_seed2023.json,ok
practical_strongnative_4node_large128c0c15_20260704024223_c5_sim_tfim_5q_6steps_r3_seed3023.json,simulation,hamiltonian_simulation,absolute_observable_error,0.0007918099872767925,exact_dense_eigendecomposition_numpy,,0,6.951082834013505,8778.725888416484,0.8218024506329158,0.8213019840508522,0.0005004665820635967,54,48,5,1,strongnative_4node_large128c0c15_20260704024223_c5,6.9610283989750315,3023,72,4,3,synthetic,"0,1,2",,1,21,1,,4,chordal,7,tfim,auto,5,6,data/raw/perlmutter/practical_suite_sweep/practical_strongnative_4node_large128c0c15_20260704024223_c5_sim_tfim_5q_6steps_r3_seed3023.json,ok
practical_strongnative_4node_large128c0c15_20260704024223_c6_chem_4q_l1_grid17_r0_seed17.json,chemistry,chemistry_vqe,absolute_energy_error,0.00017720201867632568,exact_diagonalization_numpy,,0,7.2391474719916005,40852.51130922221,-1.705732892552902,-1.3483747830949033,0.35735810945799873,296,111,148,37,strongnative_4node_large128c0c15_20260704024223_c6,7.247454497002764,17,72,4,3,synthetic,"0,1,2",,1,17,1,benchmarks/workloads/hamiltonians/molecular_chain_4q.json,4,chordal,7,tfim,auto,4,4,data/raw/perlmutter/practical_suite_sweep/practical_strongnative_4node_large128c0c15_20260704024223_c6_chem_4q_l1_grid17_r0_seed17.json,ok
practical_strongnative_4node_large128c0c15_20260704024223_c6_chem_h2_l2_grid21_r2_seed2023.json,chemistry,chemistry_vqe,absolute_energy_error,0.00015404701116494834,exact_diagonalization_numpy,,0,36.90309346499271,239557.34801941804,-1.85727503020238,-1.8369679912029844,0.020307038999395566,360,90,90,45,strongnative_4node_large128c0c15_20260704024223_c6,37.09838233102346,2023,72,4,3,synthetic,"0,1,2",,1,21,2,,4,chordal,7,tfim,auto,4,4,data/raw/perlmutter/practical_suite_sweep/practical_strongnative_4node_large128c0c15_20260704024223_c6_chem_h2_l2_grid21_r2_seed2023.json,ok
practical_strongnative_4node_large128c0c15_20260704024223_c6_ml_digits_c0v1v2_128s_10q_d1_r0_seed17.json,ml,multiclass_ml,test_accuracy,0.00017872502212412655,linear_ridge_numpy,linear_ridge_numpy,6,10.811715596006252,60493.57536796047,1.0,0.625,0.375,2560,1152,1280,128,strongnative_4node_large128c0c15_20260704024223_c6,11.05729855899699,17,128,10,3,digits,"0,1,2",sklearn_digits,1,21,1,,4,chordal,7,tfim,auto,4,4,data/raw/perlmutter/practical_suite_sweep/practical_strongnative_4node_large128c0c15_20260704024223_c6_ml_digits_c0v1v2_128s_10q_d1_r0_seed17.json,ok
practical_strongnative_4node_large128c0c15_20260704024223_c6_ml_digits_c0v1v2_128s_10q_d1_r0_seed23.json,ml,multiclass_ml,test_accuracy,0.03943407299811952,one_hidden_layer_mlp_numpy,one_hidden_layer_mlp_numpy,6,7.277392340998631,184.54579473303875,1.0,0.75,0.25,2560,1152,1280,128,strongnative_4node_large128c0c15_20260704024223_c6,7.373796162020881,23,128,10,3,digits,"0,1,2",sklearn_digits,1,21,1,,4,chordal,7,tfim,auto,4,4,data/raw/perlmutter/practical_suite_sweep/practical_strongnative_4node_large128c0c15_20260704024223_c6_ml_digits_c0v1v2_128s_10q_d1_r0_seed23.json,ok
practical_strongnative_4node_large128c0c15_20260704024223_c6_ml_digits_c0v1v2_128s_10q_d1_r0_seed31.json,ml,multiclass_ml,test_accuracy,0.00016434802091680467,nearest_centroid_numpy,nearest_centroid_numpy,6,7.25008803702076,44114.23999252695,1.0,0.71875,0.28125,2560,1152,1280,128,strongnative_4node_large128c0c15_20260704024223_c6,7.348093443986727,31,128,10,3,digits,"0,1,2",sklearn_digits,1,21,1,,4,chordal,7,tfim,auto,4,4,data/raw/perlmutter/practical_suite_sweep/practical_strongnative_4node_large128c0c15_20260704024223_c6_ml_digits_c0v1v2_128s_10q_d1_r0_seed31.json,ok
practical_strongnative_4node_large128c0c15_20260704024223_c6_ml_digits_c0v1v2_128s_10q_d1_r0_seed43.json,ml,multiclass_ml,test_accuracy,0.00016177300130948424,nearest_centroid_numpy,nearest_centroid_numpy,6,7.543204619985772,46628.32832998529,1.0,0.75,0.25,2560,1152,1280,128,strongnative_4node_large128c0c15_20260704024223_c6,7.637189025990665,43,128,10,3,digits,"0,1,2",sklearn_digits,1,21,1,,4,chordal,7,tfim,auto,4,4,data/raw/perlmutter/practical_suite_sweep/practical_strongnative_4node_large128c0c15_20260704024223_c6_ml_digits_c0v1v2_128s_10q_d1_r0_seed43.json,ok
practical_strongnative_4node_large128c0c15_20260704024223_c6_ml_digits_c0v1v2_128s_10q_d1_r1_seed1017.json,ml,multiclass_ml,test_accuracy,0.00016313500236719847,nearest_centroid_numpy,nearest_centroid_numpy,6,7.137647044000914,43753.00787954063,1.0,0.71875,0.28125,2560,1152,1280,128,strongnative_4node_large128c0c15_20260704024223_c6,7.237787046004087,1017,128,10,3,digits,"0,1,2",sklearn_digits,1,21,1,,4,chordal,7,tfim,auto,4,4,data/raw/perlmutter/practical_suite_sweep/practical_strongnative_4node_large128c0c15_20260704024223_c6_ml_digits_c0v1v2_128s_10q_d1_r1_seed1017.json,ok
practical_strongnative_4node_large128c0c15_20260704024223_c6_ml_digits_c0v1v2_128s_10q_d1_r1_seed1023.json,ml,multiclass_ml,test_accuracy,0.000174196989974007,linear_ridge_numpy,linear_ridge_numpy,6,7.449134738009889,42762.706399929295,0.96875,0.75,0.21875,2560,1152,1280,128,strongnative_4node_large128c0c15_20260704024223_c6,7.546430974995019,1023,128,10,3,digits,"0,1,2",sklearn_digits,1,21,1,,4,chordal,7,tfim,auto,4,4,data/raw/perlmutter/practical_suite_sweep/practical_strongnative_4node_large128c0c15_20260704024223_c6_ml_digits_c0v1v2_128s_10q_d1_r1_seed1023.json,ok
practical_strongnative_4node_large128c0c15_20260704024223_c6_ml_digits_c0v1v2_128s_10q_d1_r1_seed1031.json,ml,multiclass_ml,test_accuracy,0.0001677839900366962,linear_ridge_numpy,linear_ridge_numpy,6,7.182369698013645,42807.24100340433,1.0,0.71875,0.28125,2560,1152,1280,128,strongnative_4node_large128c0c15_20260704024223_c6,7.276399261987535,1031,128,10,3,digits,"0,1,2",sklearn_digits,1,21,1,,4,chordal,7,tfim,auto,4,4,data/raw/perlmutter/practical_suite_sweep/practical_strongnative_4node_large128c0c15_20260704024223_c6_ml_digits_c0v1v2_128s_10q_d1_r1_seed1031.json,ok
practical_strongnative_4node_large128c0c15_20260704024223_c6_ml_digits_c0v1v2_128s_10q_d1_r1_seed1043.json,ml,multiclass_ml,test_accuracy,0.00016639099339954555,nearest_centroid_numpy,nearest_centroid_numpy,6,7.446183805004694,44751.12295966995,1.0,0.84375,0.15625,2560,1152,1280,128,strongnative_4node_large128c0c15_20260704024223_c6,7.540552123973612,1043,128,10,3,digits,"0,1,2",sklearn_digits,1,21,1,,4,chordal,7,tfim,auto,4,4,data/raw/perlmutter/practical_suite_sweep/practical_strongnative_4node_large128c0c15_20260704024223_c6_ml_digits_c0v1v2_128s_10q_d1_r1_seed1043.json,ok
practical_strongnative_4node_large128c0c15_20260704024223_c6_ml_digits_c0v1v2_128s_10q_d1_r2_seed2017.json,ml,multiclass_ml,test_accuracy,0.010149684007046744,softmax_regression_numpy,softmax_regression_numpy,6,7.011485797003843,690.8082844880583,1.0,0.71875,0.28125,2560,1152,1280,128,strongnative_4node_large128c0c15_20260704024223_c6,7.105484531988623,2017,128,10,3,digits,"0,1,2",sklearn_digits,1,21,1,,4,chordal,7,tfim,auto,4,4,data/raw/perlmutter/practical_suite_sweep/practical_strongnative_4node_large128c0c15_20260704024223_c6_ml_digits_c0v1v2_128s_10q_d1_r2_seed2017.json,ok
practical_strongnative_4node_large128c0c15_20260704024223_c6_ml_digits_c0v1v2_128s_10q_d1_r2_seed2023.json,ml,multiclass_ml,test_accuracy,0.011909434979315847,rbf_kernel_ridge_numpy,rbf_kernel_ridge_numpy,6,7.265596718003508,610.0706482400133,1.0,0.625,0.375,2560,1152,1280,128,strongnative_4node_large128c0c15_20260704024223_c6,7.3593424769933335,2023,128,10,3,digits,"0,1,2",sklearn_digits,1,21,1,,4,chordal,7,tfim,auto,4,4,data/raw/perlmutter/practical_suite_sweep/practical_strongnative_4node_large128c0c15_20260704024223_c6_ml_digits_c0v1v2_128s_10q_d1_r2_seed2023.json,ok
practical_strongnative_4node_large128c0c15_20260704024223_c6_ml_digits_c0v1v2_128s_10q_d1_r2_seed2031.json,ml,multiclass_ml,test_accuracy,0.00016192300245165825,nearest_centroid_numpy,nearest_centroid_numpy,6,7.2654319390130695,44869.671566163976,1.0,0.75,0.25,2560,1152,1280,128,strongnative_4node_large128c0c15_20260704024223_c6,7.358681810001144,2031,128,10,3,digits,"0,1,2",sklearn_digits,1,21,1,,4,chordal,7,tfim,auto,4,4,data/raw/perlmutter/practical_suite_sweep/practical_strongnative_4node_large128c0c15_20260704024223_c6_ml_digits_c0v1v2_128s_10q_d1_r2_seed2031.json,ok
practical_strongnative_4node_large128c0c15_20260704024223_c6_ml_digits_c0v1v2_128s_10q_d1_r2_seed2043.json,ml,multiclass_ml,test_accuracy,0.00016218397649936378,nearest_centroid_numpy,nearest_centroid_numpy,6,7.179431457014289,44267.20574977672,1.0,0.78125,0.21875,2560,1152,1280,128,strongnative_4node_large128c0c15_20260704024223_c6,7.276404462987557,2043,128,10,3,digits,"0,1,2",sklearn_digits,1,21,1,,4,chordal,7,tfim,auto,4,4,data/raw/perlmutter/practical_suite_sweep/practical_strongnative_4node_large128c0c15_20260704024223_c6_ml_digits_c0v1v2_128s_10q_d1_r2_seed2043.json,ok
practical_strongnative_4node_large128c0c15_20260704024223_c6_ml_digits_c0v1v2_128s_10q_d1_r3_seed3017.json,ml,multiclass_ml,test_accuracy,0.00016353599494323134,nearest_centroid_numpy,nearest_centroid_numpy,6,6.966016212012619,42596.22607506531,0.96875,0.75,0.21875,2560,1152,1280,128,strongnative_4node_large128c0c15_20260704024223_c6,7.059562125010416,3017,128,10,3,digits,"0,1,2",sklearn_digits,1,21,1,,4,chordal,7,tfim,auto,4,4,data/raw/perlmutter/practical_suite_sweep/practical_strongnative_4node_large128c0c15_20260704024223_c6_ml_digits_c0v1v2_128s_10q_d1_r3_seed3017.json,ok
practical_strongnative_4node_large128c0c15_20260704024223_c6_ml_digits_c0v1v2_128s_10q_d1_r3_seed3023.json,ml,multiclass_ml,test_accuracy,0.010063677007565275,softmax_regression_numpy,softmax_regression_numpy,6,7.412824828992598,736.5920849228444,1.0,0.71875,0.28125,2560,1152,1280,128,strongnative_4node_large128c0c15_20260704024223_c6,7.505462206987431,3023,128,10,3,digits,"0,1,2",sklearn_digits,1,21,1,,4,chordal,7,tfim,auto,4,4,data/raw/perlmutter/practical_suite_sweep/practical_strongnative_4node_large128c0c15_20260704024223_c6_ml_digits_c0v1v2_128s_10q_d1_r3_seed3023.json,ok
practical_strongnative_4node_large128c0c15_20260704024223_c6_ml_digits_c0v1v2_128s_10q_d1_r3_seed3031.json,ml,multiclass_ml,test_accuracy,0.00016245400183834136,nearest_centroid_numpy,nearest_centroid_numpy,6,7.477619822981069,46029.15125736379,1.0,0.75,0.25,2560,1152,1280,128,strongnative_4node_large128c0c15_20260704024223_c6,7.583648887986783,3031,128,10,3,digits,"0,1,2",sklearn_digits,1,21,1,,4,chordal,7,tfim,auto,4,4,data/raw/perlmutter/practical_suite_sweep/practical_strongnative_4node_large128c0c15_20260704024223_c6_ml_digits_c0v1v2_128s_10q_d1_r3_seed3031.json,ok
practical_strongnative_4node_large128c0c15_20260704024223_c6_ml_digits_c0v1v2_128s_10q_d1_r3_seed3043.json,ml,multiclass_ml,test_accuracy,0.0008198940195143223,knn_numpy,knn_numpy,6,7.417862475005677,9047.343069290553,1.0,0.6875,0.3125,2560,1152,1280,128,strongnative_4node_large128c0c15_20260704024223_c6,7.511418648005929,3043,128,10,3,digits,"0,1,2",sklearn_digits,1,21,1,,4,chordal,7,tfim,auto,4,4,data/raw/perlmutter/practical_suite_sweep/practical_strongnative_4node_large128c0c15_20260704024223_c6_ml_digits_c0v1v2_128s_10q_d1_r3_seed3043.json,ok
practical_strongnative_4node_large128c0c15_20260704024223_c6_qaoa_chordal_4n_grid11_r1_seed1031.json,optimization,optimization_qaoa,approximation_ratio,1.7725018551573157e-05,greedy_assignment_numpy,,4,7.13062646400067,402291.62205123913,4,3.229815686445298,0.19254607838867555,1573,1210,484,121,strongnative_4node_large128c0c15_20260704024223_c6,7.152483496000059,1031,72,4,3,synthetic,"0,1,2",,1,21,1,,4,chordal,11,tfim,auto,4,4,data/raw/perlmutter/practical_suite_sweep/practical_strongnative_4node_large128c0c15_20260704024223_c6_qaoa_chordal_4n_grid11_r1_seed1031.json,ok
practical_strongnative_4node_large128c0c15_20260704024223_c6_qaoa_chordal_4n_grid11_r3_seed3031.json,optimization,optimization_qaoa,approximation_ratio,1.772399991750717e-05,greedy_assignment_numpy,,4,7.0492060180113185,397720.94622096844,4,3.229815686445298,0.19254607838867555,1573,1210,484,121,strongnative_4node_large128c0c15_20260704024223_c6,7.074009114003275,3031,72,4,3,synthetic,"0,1,2",,1,21,1,,4,chordal,11,tfim,auto,4,4,data/raw/perlmutter/practical_suite_sweep/practical_strongnative_4node_large128c0c15_20260704024223_c6_qaoa_chordal_4n_grid11_r3_seed3031.json,ok
practical_strongnative_4node_large128c0c15_20260704024223_c6_qaoa_ladder_5n_grid11_r0_seed43.json,optimization,optimization_qaoa,approximation_ratio,2.0278996089473367e-05,greedy_assignment_numpy,,4,6.844969910016516,337539.88017038355,5,3.5925466511522917,0.2814906697695416,1815,1210,605,121,strongnative_4node_large128c0c15_20260704024223_c6,6.873181370989187,43,72,4,3,synthetic,"0,1,2",,1,21,1,,5,ladder,11,tfim,auto,4,4,data/raw/perlmutter/practical_suite_sweep/practical_strongnative_4node_large128c0c15_20260704024223_c6_qaoa_ladder_5n_grid11_r0_seed43.json,ok
practical_strongnative_4node_large128c0c15_20260704024223_c6_qaoa_ladder_5n_grid11_r2_seed2043.json,optimization,optimization_qaoa,approximation_ratio,1.9507016986608505e-05,greedy_assignment_numpy,,4,7.267745953984559,372570.8527846077,5,3.5925466511522917,0.2814906697695416,1815,1210,605,121,strongnative_4node_large128c0c15_20260704024223_c6,7.28979908398469,2043,72,4,3,synthetic,"0,1,2",,1,21,1,,5,ladder,11,tfim,auto,4,4,data/raw/perlmutter/practical_suite_sweep/practical_strongnative_4node_large128c0c15_20260704024223_c6_qaoa_ladder_5n_grid11_r2_seed2043.json,ok
practical_strongnative_4node_large128c0c15_20260704024223_c6_qaoa_ring_7n_grid11_r0_seed17.json,optimization,optimization_qaoa,approximation_ratio,2.7774018235504627e-05,greedy_assignment_numpy,,4,15.628185824985849,562690.8462603268,6,5.082889870078074,0.15285168832032092,2541,1694,847,121,strongnative_4node_large128c0c15_20260704024223_c6,15.650850325007923,17,72,4,3,synthetic,"0,1,2",,1,21,1,,7,ring,11,tfim,auto,4,4,data/raw/perlmutter/practical_suite_sweep/practical_strongnative_4node_large128c0c15_20260704024223_c6_qaoa_ring_7n_grid11_r0_seed17.json,ok
practical_strongnative_4node_large128c0c15_20260704024223_c6_qaoa_ring_7n_grid11_r2_seed2017.json,optimization,optimization_qaoa,approximation_ratio,2.7063011657446623e-05,greedy_assignment_numpy,,4,7.027595524006756,259675.29456659907,6,5.082889870078074,0.15285168832032092,2541,1694,847,121,strongnative_4node_large128c0c15_20260704024223_c6,7.051110438012984,2017,72,4,3,synthetic,"0,1,2",,1,21,1,,7,ring,11,tfim,auto,4,4,data/raw/perlmutter/practical_suite_sweep/practical_strongnative_4node_large128c0c15_20260704024223_c6_qaoa_ring_7n_grid11_r2_seed2017.json,ok
practical_strongnative_4node_large128c0c15_20260704024223_c6_sim_tfim_5q_8steps_r0_seed23.json,simulation,hamiltonian_simulation,absolute_observable_error,0.0007197300146799535,exact_dense_eigendecomposition_numpy,,0,7.101639433007222,9867.088058242436,0.8218024506329158,0.8215212314654874,0.0002812191674284037,72,64,5,1,strongnative_4node_large128c0c15_20260704024223_c6,7.113750578981126,23,72,4,3,synthetic,"0,1,2",,1,21,1,,4,chordal,7,tfim,auto,5,8,data/raw/perlmutter/practical_suite_sweep/practical_strongnative_4node_large128c0c15_20260704024223_c6_sim_tfim_5q_8steps_r0_seed23.json,ok
practical_strongnative_4node_large128c0c15_20260704024223_c6_sim_tfim_5q_8steps_r1_seed1023.json,simulation,hamiltonian_simulation,absolute_observable_error,0.0007125079864636064,exact_dense_eigendecomposition_numpy,,0,7.232302435004385,10150.486131250964,0.8218024506329158,0.8215212314654874,0.0002812191674284037,72,64,5,1,strongnative_4node_large128c0c15_20260704024223_c6,7.242007452005055,1023,72,4,3,synthetic,"0,1,2",,1,21,1,,4,chordal,7,tfim,auto,5,8,data/raw/perlmutter/practical_suite_sweep/practical_strongnative_4node_large128c0c15_20260704024223_c6_sim_tfim_5q_8steps_r1_seed1023.json,ok
practical_strongnative_4node_large128c0c15_20260704024223_c6_sim_tfim_5q_8steps_r2_seed2023.json,simulation,hamiltonian_simulation,absolute_observable_error,0.0007828930101823062,exact_dense_eigendecomposition_numpy,,0,6.468025554990163,8261.697921512934,0.8218024506329158,0.8215212314654874,0.0002812191674284037,72,64,5,1,strongnative_4node_large128c0c15_20260704024223_c6,6.47625675299787,2023,72,4,3,synthetic,"0,1,2",,1,21,1,,4,chordal,7,tfim,auto,5,8,data/raw/perlmutter/practical_suite_sweep/practical_strongnative_4node_large128c0c15_20260704024223_c6_sim_tfim_5q_8steps_r2_seed2023.json,ok
practical_strongnative_4node_large128c0c15_20260704024223_c6_sim_tfim_5q_8steps_r3_seed3023.json,simulation,hamiltonian_simulation,absolute_observable_error,0.0007396299915853888,exact_dense_eigendecomposition_numpy,,0,6.664707156975055,9010.866558682035,0.8218024506329158,0.8215212314654874,0.0002812191674284037,72,64,5,1,strongnative_4node_large128c0c15_20260704024223_c6,6.676251202006824,3023,72,4,3,synthetic,"0,1,2",,1,21,1,,4,chordal,7,tfim,auto,5,8,data/raw/perlmutter/practical_suite_sweep/practical_strongnative_4node_large128c0c15_20260704024223_c6_sim_tfim_5q_8steps_r3_seed3023.json,ok
practical_strongnative_4node_large128c0c15_20260704024223_c7_chem_h2_l2_grid17_r0_seed17.json,chemistry,chemistry_vqe,absolute_energy_error,0.00014983900473453104,exact_diagonalization_numpy,,0,7.345901689986931,49025.29687114264,-1.85727503020238,-1.8369679912029844,0.020307038999395566,296,74,74,37,strongnative_4node_large128c0c15_20260704024223_c7,7.3553061750135385,17,72,4,3,synthetic,"0,1,2",,1,17,2,,4,chordal,7,tfim,auto,4,4,data/raw/perlmutter/practical_suite_sweep/practical_strongnative_4node_large128c0c15_20260704024223_c7_chem_h2_l2_grid17_r0_seed17.json,ok
practical_strongnative_4node_large128c0c15_20260704024223_c7_chem_h2_l2_grid25_r2_seed2023.json,chemistry,chemistry_vqe,absolute_energy_error,0.00015745399286970496,exact_diagonalization_numpy,,0,37.20609090500511,236298.17337051334,-1.85727503020238,-1.8369679912029844,0.020307038999395566,424,106,106,53,strongnative_4node_large128c0c15_20260704024223_c7,37.394085685984464,2023,72,4,3,synthetic,"0,1,2",,1,25,2,,4,chordal,7,tfim,auto,4,4,data/raw/perlmutter/practical_suite_sweep/practical_strongnative_4node_large128c0c15_20260704024223_c7_chem_h2_l2_grid25_r2_seed2023.json,ok
practical_strongnative_4node_large128c0c15_20260704024223_c7_ml_digits_c0v1v2_128s_10q_d2_r0_seed17.json,ml,multiclass_ml,test_accuracy,0.00018886500038206577,linear_ridge_numpy,linear_ridge_numpy,6,10.846131942002103,57427.961348375,1.0,0.625,0.375,5120,2304,1280,128,strongnative_4node_large128c0c15_20260704024223_c7,11.094802752981195,17,128,10,3,digits,"0,1,2",sklearn_digits,2,21,1,,4,chordal,7,tfim,auto,4,4,data/raw/perlmutter/practical_suite_sweep/practical_strongnative_4node_large128c0c15_20260704024223_c7_ml_digits_c0v1v2_128s_10q_d2_r0_seed17.json,ok
practical_strongnative_4node_large128c0c15_20260704024223_c7_ml_digits_c0v1v2_128s_10q_d2_r0_seed23.json,ml,multiclass_ml,test_accuracy,0.03914635701221414,one_hidden_layer_mlp_numpy,one_hidden_layer_mlp_numpy,6,7.437706933997106,189.99742253606001,1.0,0.59375,0.40625,5120,2304,1280,128,strongnative_4node_large128c0c15_20260704024223_c7,7.538687239983119,23,128,10,3,digits,"0,1,2",sklearn_digits,2,21,1,,4,chordal,7,tfim,auto,4,4,data/raw/perlmutter/practical_suite_sweep/practical_strongnative_4node_large128c0c15_20260704024223_c7_ml_digits_c0v1v2_128s_10q_d2_r0_seed23.json,ok
practical_strongnative_4node_large128c0c15_20260704024223_c7_ml_digits_c0v1v2_128s_10q_d2_r0_seed31.json,ml,multiclass_ml,test_accuracy,0.00015889701899141073,nearest_centroid_numpy,nearest_centroid_numpy,6,7.0425788830034435,44321.655168270554,1.0,0.78125,0.21875,5120,2304,1280,128,strongnative_4node_large128c0c15_20260704024223_c7,7.144817800988676,31,128,10,3,digits,"0,1,2",sklearn_digits,2,21,1,,4,chordal,7,tfim,auto,4,4,data/raw/perlmutter/practical_suite_sweep/practical_strongnative_4node_large128c0c15_20260704024223_c7_ml_digits_c0v1v2_128s_10q_d2_r0_seed31.json,ok
practical_strongnative_4node_large128c0c15_20260704024223_c7_ml_digits_c0v1v2_128s_10q_d2_r0_seed43.json,ml,multiclass_ml,test_accuracy,0.00015956899733282626,nearest_centroid_numpy,nearest_centroid_numpy,6,7.186142566992203,45034.70402839889,1.0,0.84375,0.15625,5120,2304,1280,128,strongnative_4node_large128c0c15_20260704024223_c7,7.286689265019959,43,128,10,3,digits,"0,1,2",sklearn_digits,2,21,1,,4,chordal,7,tfim,auto,4,4,data/raw/perlmutter/practical_suite_sweep/practical_strongnative_4node_large128c0c15_20260704024223_c7_ml_digits_c0v1v2_128s_10q_d2_r0_seed43.json,ok
practical_strongnative_4node_large128c0c15_20260704024223_c7_ml_digits_c0v1v2_128s_10q_d2_r1_seed1017.json,ml,multiclass_ml,test_accuracy,0.00016071100253611803,nearest_centroid_numpy,nearest_centroid_numpy,6,6.998972507019062,43550.05193528128,1.0,0.71875,0.28125,5120,2304,1280,128,strongnative_4node_large128c0c15_20260704024223_c7,7.092013281013351,1017,128,10,3,digits,"0,1,2",sklearn_digits,2,21,1,,4,chordal,7,tfim,auto,4,4,data/raw/perlmutter/practical_suite_sweep/practical_strongnative_4node_large128c0c15_20260704024223_c7_ml_digits_c0v1v2_128s_10q_d2_r1_seed1017.json,ok
practical_strongnative_4node_large128c0c15_20260704024223_c7_ml_digits_c0v1v2_128s_10q_d2_r1_seed1023.json,ml,multiclass_ml,test_accuracy,0.00016669300384819508,linear_ridge_numpy,linear_ridge_numpy,6,7.416981222981121,44494.856123269936,0.96875,0.59375,0.375,5120,2304,1280,128,strongnative_4node_large128c0c15_20260704024223_c7,7.519311678013764,1023,128,10,3,digits,"0,1,2",sklearn_digits,2,21,1,,4,chordal,7,tfim,auto,4,4,data/raw/perlmutter/practical_suite_sweep/practical_strongnative_4node_large128c0c15_20260704024223_c7_ml_digits_c0v1v2_128s_10q_d2_r1_seed1023.json,ok
practical_strongnative_4node_large128c0c15_20260704024223_c7_ml_digits_c0v1v2_128s_10q_d2_r1_seed1031.json,ml,multiclass_ml,test_accuracy,0.00016707301256246865,linear_ridge_numpy,linear_ridge_numpy,6,7.070411817985587,42319.29328108546,1.0,0.84375,0.15625,5120,2304,1280,128,strongnative_4node_large128c0c15_20260704024223_c7,7.169684524007607,1031,128,10,3,digits,"0,1,2",sklearn_digits,2,21,1,,4,chordal,7,tfim,auto,4,4,data/raw/perlmutter/practical_suite_sweep/practical_strongnative_4node_large128c0c15_20260704024223_c7_ml_digits_c0v1v2_128s_10q_d2_r1_seed1031.json,ok
practical_strongnative_4node_large128c0c15_20260704024223_c7_ml_digits_c0v1v2_128s_10q_d2_r1_seed1043.json,ml,multiclass_ml,test_accuracy,0.00016141199739649892,nearest_centroid_numpy,nearest_centroid_numpy,6,7.280169477016898,45103.02576290904,1.0,0.8125,0.1875,5120,2304,1280,128,strongnative_4node_large128c0c15_20260704024223_c7,7.39071147001232,1043,128,10,3,digits,"0,1,2",sklearn_digits,2,21,1,,4,chordal,7,tfim,auto,4,4,data/raw/perlmutter/practical_suite_sweep/practical_strongnative_4node_large128c0c15_20260704024223_c7_ml_digits_c0v1v2_128s_10q_d2_r1_seed1043.json,ok
practical_strongnative_4node_large128c0c15_20260704024223_c7_ml_digits_c0v1v2_128s_10q_d2_r2_seed2017.json,ml,multiclass_ml,test_accuracy,0.010144964006030932,softmax_regression_numpy,softmax_regression_numpy,6,6.732098395994399,663.5901706494308,1.0,0.65625,0.34375,5120,2304,1280,128,strongnative_4node_large128c0c15_20260704024223_c7,6.8420180969988,2017,128,10,3,digits,"0,1,2",sklearn_digits,2,21,1,,4,chordal,7,tfim,auto,4,4,data/raw/perlmutter/practical_suite_sweep/practical_strongnative_4node_large128c0c15_20260704024223_c7_ml_digits_c0v1v2_128s_10q_d2_r2_seed2017.json,ok
practical_strongnative_4node_large128c0c15_20260704024223_c7_ml_digits_c0v1v2_128s_10q_d2_r2_seed2023.json,ml,multiclass_ml,test_accuracy,0.012299396999878809,rbf_kernel_ridge_numpy,rbf_kernel_ridge_numpy,6,7.113947242003633,578.3980500892628,1.0,0.65625,0.34375,5120,2304,1280,128,strongnative_4node_large128c0c15_20260704024223_c7,7.207491201988887,2023,128,10,3,digits,"0,1,2",sklearn_digits,2,21,1,,4,chordal,7,tfim,auto,4,4,data/raw/perlmutter/practical_suite_sweep/practical_strongnative_4node_large128c0c15_20260704024223_c7_ml_digits_c0v1v2_128s_10q_d2_r2_seed2023.json,ok
practical_strongnative_4node_large128c0c15_20260704024223_c7_ml_digits_c0v1v2_128s_10q_d2_r2_seed2031.json,ml,multiclass_ml,test_accuracy,0.00015836601960472763,nearest_centroid_numpy,nearest_centroid_numpy,6,7.198207852023188,45452.982085358315,1.0,0.625,0.375,5120,2304,1280,128,strongnative_4node_large128c0c15_20260704024223_c7,7.339675080991583,2031,128,10,3,digits,"0,1,2",sklearn_digits,2,21,1,,4,chordal,7,tfim,auto,4,4,data/raw/perlmutter/practical_suite_sweep/practical_strongnative_4node_large128c0c15_20260704024223_c7_ml_digits_c0v1v2_128s_10q_d2_r2_seed2031.json,ok
practical_strongnative_4node_large128c0c15_20260704024223_c7_ml_digits_c0v1v2_128s_10q_d2_r2_seed2043.json,ml,multiclass_ml,test_accuracy,0.00015962900943122804,nearest_centroid_numpy,nearest_centroid_numpy,6,7.002705382008571,43868.626429242504,1.0,0.75,0.25,5120,2304,1280,128,strongnative_4node_large128c0c15_20260704024223_c7,7.098636063979939,2043,128,10,3,digits,"0,1,2",sklearn_digits,2,21,1,,4,chordal,7,tfim,auto,4,4,data/raw/perlmutter/practical_suite_sweep/practical_strongnative_4node_large128c0c15_20260704024223_c7_ml_digits_c0v1v2_128s_10q_d2_r2_seed2043.json,ok
practical_strongnative_4node_large128c0c15_20260704024223_c7_ml_digits_c0v1v2_128s_10q_d2_r3_seed3017.json,ml,multiclass_ml,test_accuracy,0.00016612099716439843,nearest_centroid_numpy,nearest_centroid_numpy,6,6.590522157988744,39673.02310054497,0.96875,0.59375,0.375,5120,2304,1280,128,strongnative_4node_large128c0c15_20260704024223_c7,6.685003238002537,3017,128,10,3,digits,"0,1,2",sklearn_digits,2,21,1,,4,chordal,7,tfim,auto,4,4,data/raw/perlmutter/practical_suite_sweep/practical_strongnative_4node_large128c0c15_20260704024223_c7_ml_digits_c0v1v2_128s_10q_d2_r3_seed3017.json,ok
practical_strongnative_4node_large128c0c15_20260704024223_c7_ml_digits_c0v1v2_128s_10q_d2_r3_seed3023.json,ml,multiclass_ml,test_accuracy,0.010065621987450868,softmax_regression_numpy,softmax_regression_numpy,6,7.182162655022694,713.5339141462817,1.0,0.5625,0.4375,5120,2304,1280,128,strongnative_4node_large128c0c15_20260704024223_c7,7.275839230976999,3023,128,10,3,digits,"0,1,2",sklearn_digits,2,21,1,,4,chordal,7,tfim,auto,4,4,data/raw/perlmutter/practical_suite_sweep/practical_strongnative_4node_large128c0c15_20260704024223_c7_ml_digits_c0v1v2_128s_10q_d2_r3_seed3023.json,ok
practical_strongnative_4node_large128c0c15_20260704024223_c7_ml_digits_c0v1v2_128s_10q_d2_r3_seed3031.json,ml,multiclass_ml,test_accuracy,0.0001600600080564618,nearest_centroid_numpy,nearest_centroid_numpy,6,7.681674127001315,47992.46370331041,1.0,0.6875,0.3125,5120,2304,1280,128,strongnative_4node_large128c0c15_20260704024223_c7,7.779819289018633,3031,128,10,3,digits,"0,1,2",sklearn_digits,2,21,1,,4,chordal,7,tfim,auto,4,4,data/raw/perlmutter/practical_suite_sweep/practical_strongnative_4node_large128c0c15_20260704024223_c7_ml_digits_c0v1v2_128s_10q_d2_r3_seed3031.json,ok
practical_strongnative_4node_large128c0c15_20260704024223_c7_ml_digits_c0v1v2_128s_10q_d2_r3_seed3043.json,ml,multiclass_ml,test_accuracy,0.0008687379886396229,knn_numpy,knn_numpy,6,7.052995044999989,8118.667696395363,1.0,0.5625,0.4375,5120,2304,1280,128,strongnative_4node_large128c0c15_20260704024223_c7,7.147671662998619,3043,128,10,3,digits,"0,1,2",sklearn_digits,2,21,1,,4,chordal,7,tfim,auto,4,4,data/raw/perlmutter/practical_suite_sweep/practical_strongnative_4node_large128c0c15_20260704024223_c7_ml_digits_c0v1v2_128s_10q_d2_r3_seed3043.json,ok
practical_strongnative_4node_large128c0c15_20260704024223_c7_qaoa_chordal_4n_grid13_r1_seed1031.json,optimization,optimization_qaoa,approximation_ratio,1.8555991118773818e-05,greedy_assignment_numpy,,4,6.700367745012045,361089.1868897815,4,3.2070111141556907,0.19824722146107732,2197,1690,676,169,strongnative_4node_large128c0c15_20260704024223_c7,6.723452409991296,1031,72,4,3,synthetic,"0,1,2",,1,21,1,,4,chordal,13,tfim,auto,4,4,data/raw/perlmutter/practical_suite_sweep/practical_strongnative_4node_large128c0c15_20260704024223_c7_qaoa_chordal_4n_grid13_r1_seed1031.json,ok
practical_strongnative_4node_large128c0c15_20260704024223_c7_qaoa_chordal_4n_grid13_r3_seed3031.json,optimization,optimization_qaoa,approximation_ratio,1.986901042982936e-05,greedy_assignment_numpy,,4,7.211334521998651,362943.8188412378,4,3.2070111141556907,0.19824722146107732,2197,1690,676,169,strongnative_4node_large128c0c15_20260704024223_c7,7.235825454001315,3031,72,4,3,synthetic,"0,1,2",,1,21,1,,4,chordal,13,tfim,auto,4,4,data/raw/perlmutter/practical_suite_sweep/practical_strongnative_4node_large128c0c15_20260704024223_c7_qaoa_chordal_4n_grid13_r3_seed3031.json,ok
practical_strongnative_4node_large128c0c15_20260704024223_c7_qaoa_ladder_5n_grid13_r0_seed43.json,optimization,optimization_qaoa,approximation_ratio,1.953798346221447e-05,greedy_assignment_numpy,,4,6.9690430619812105,356692.0340299708,5,3.6919417382415882,0.2616116523516824,2535,1690,845,169,strongnative_4node_large128c0c15_20260704024223_c7,6.994718672998715,43,72,4,3,synthetic,"0,1,2",,1,21,1,,5,ladder,13,tfim,auto,4,4,data/raw/perlmutter/practical_suite_sweep/practical_strongnative_4node_large128c0c15_20260704024223_c7_qaoa_ladder_5n_grid13_r0_seed43.json,ok
practical_strongnative_4node_large128c0c15_20260704024223_c7_qaoa_ladder_5n_grid13_r2_seed2043.json,optimization,optimization_qaoa,approximation_ratio,2.0849984139204025e-05,greedy_assignment_numpy,,4,7.128551723988494,341897.2252638191,5,3.6919417382415882,0.2616116523516824,2535,1690,845,169,strongnative_4node_large128c0c15_20260704024223_c7,7.150623822002672,2043,72,4,3,synthetic,"0,1,2",,1,21,1,,5,ladder,13,tfim,auto,4,4,data/raw/perlmutter/practical_suite_sweep/practical_strongnative_4node_large128c0c15_20260704024223_c7_qaoa_ladder_5n_grid13_r2_seed2043.json,ok
practical_strongnative_4node_large128c0c15_20260704024223_c7_qaoa_ring_7n_grid13_r0_seed17.json,optimization,optimization_qaoa,approximation_ratio,2.6591995265334845e-05,greedy_assignment_numpy,,4,15.810537078010384,594560.0140287668,6,5.249999999999997,0.12500000000000044,3549,2366,1183,169,strongnative_4node_large128c0c15_20260704024223_c7,15.833206729002995,17,72,4,3,synthetic,"0,1,2",,1,21,1,,7,ring,13,tfim,auto,4,4,data/raw/perlmutter/practical_suite_sweep/practical_strongnative_4node_large128c0c15_20260704024223_c7_qaoa_ring_7n_grid13_r0_seed17.json,ok
practical_strongnative_4node_large128c0c15_20260704024223_c7_qaoa_ring_7n_grid13_r2_seed2017.json,optimization,optimization_qaoa,approximation_ratio,2.716301241889596e-05,greedy_assignment_numpy,,4,6.885353542980738,253482.69318578742,6,5.249999999999997,0.12500000000000044,3549,2366,1183,169,strongnative_4node_large128c0c15_20260704024223_c7,6.907959111005766,2017,72,4,3,synthetic,"0,1,2",,1,21,1,,7,ring,13,tfim,auto,4,4,data/raw/perlmutter/practical_suite_sweep/practical_strongnative_4node_large128c0c15_20260704024223_c7_qaoa_ring_7n_grid13_r2_seed2017.json,ok
practical_strongnative_4node_large128c0c15_20260704024223_c7_sim_tfim_5q_10steps_r0_seed23.json,simulation,hamiltonian_simulation,absolute_observable_error,0.0007247900066431612,exact_dense_eigendecomposition_numpy,,0,7.159890570008429,9878.572420126491,0.8218024506329158,0.8216225570780523,0.00017989355486347502,90,80,5,1,strongnative_4node_large128c0c15_20260704024223_c7,7.181087044999003,23,72,4,3,synthetic,"0,1,2",,1,21,1,,4,chordal,7,tfim,auto,5,10,data/raw/perlmutter/practical_suite_sweep/practical_strongnative_4node_large128c0c15_20260704024223_c7_sim_tfim_5q_10steps_r0_seed23.json,ok
practical_strongnative_4node_large128c0c15_20260704024223_c7_sim_tfim_5q_10steps_r1_seed1023.json,simulation,hamiltonian_simulation,absolute_observable_error,0.0007639169925823808,exact_dense_eigendecomposition_numpy,,0,7.550342007976724,9883.720458230931,0.8218024506329158,0.8216225570780523,0.00017989355486347502,90,80,5,1,strongnative_4node_large128c0c15_20260704024223_c7,7.56006269401405,1023,72,4,3,synthetic,"0,1,2",,1,21,1,,4,chordal,7,tfim,auto,5,10,data/raw/perlmutter/practical_suite_sweep/practical_strongnative_4node_large128c0c15_20260704024223_c7_sim_tfim_5q_10steps_r1_seed1023.json,ok
practical_strongnative_4node_large128c0c15_20260704024223_c7_sim_tfim_5q_10steps_r2_seed2023.json,simulation,hamiltonian_simulation,absolute_observable_error,0.0008159460267052054,exact_dense_eigendecomposition_numpy,,0,6.840424271998927,8383.427393623813,0.8218024506329158,0.8216225570780523,0.00017989355486347502,90,80,5,1,strongnative_4node_large128c0c15_20260704024223_c7,6.850743274990236,2023,72,4,3,synthetic,"0,1,2",,1,21,1,,4,chordal,7,tfim,auto,5,10,data/raw/perlmutter/practical_suite_sweep/practical_strongnative_4node_large128c0c15_20260704024223_c7_sim_tfim_5q_10steps_r2_seed2023.json,ok
practical_strongnative_4node_large128c0c15_20260704024223_c7_sim_tfim_5q_10steps_r3_seed3023.json,simulation,hamiltonian_simulation,absolute_observable_error,0.0007773729739710689,exact_dense_eigendecomposition_numpy,,0,6.758292693004478,8693.758233555465,0.8218024506329158,0.8216225570780523,0.00017989355486347502,90,80,5,1,strongnative_4node_large128c0c15_20260704024223_c7,6.769941359991208,3023,72,4,3,synthetic,"0,1,2",,1,21,1,,4,chordal,7,tfim,auto,5,10,data/raw/perlmutter/practical_suite_sweep/practical_strongnative_4node_large128c0c15_20260704024223_c7_sim_tfim_5q_10steps_r3_seed3023.json,ok
practical_strongnative_4node_large128c0c15_20260704024223_c8_chem_h2_l2_grid21_r0_seed17.json,chemistry,chemistry_vqe,absolute_energy_error,0.00016823498299345374,exact_diagonalization_numpy,,0,7.03219197402359,41799.819804999905,-1.85727503020238,-1.8369679912029844,0.020307038999395566,360,90,90,45,strongnative_4node_large128c0c15_20260704024223_c8,7.041317043011077,17,72,4,3,synthetic,"0,1,2",,1,21,2,,4,chordal,7,tfim,auto,4,4,data/raw/perlmutter/practical_suite_sweep/practical_strongnative_4node_large128c0c15_20260704024223_c8_chem_h2_l2_grid21_r0_seed17.json,ok
practical_strongnative_4node_large128c0c15_20260704024223_c8_chem_h2_l2_grid33_r2_seed2023.json,chemistry,chemistry_vqe,absolute_energy_error,0.00014824699610471725,exact_diagonalization_numpy,,0,7.047772791003808,47540.746026485904,-1.85727503020238,-1.8369679912029844,0.020307038999395566,552,138,138,69,strongnative_4node_large128c0c15_20260704024223_c8,7.060734899016097,2023,72,4,3,synthetic,"0,1,2",,1,33,2,,4,chordal,7,tfim,auto,4,4,data/raw/perlmutter/practical_suite_sweep/practical_strongnative_4node_large128c0c15_20260704024223_c8_chem_h2_l2_grid33_r2_seed2023.json,ok
practical_strongnative_4node_large128c0c15_20260704024223_c8_ml_digits_c0v1v2_192s_4q_d1_r0_seed17.json,ml,multiclass_ml,test_accuracy,0.012588734010932967,softmax_regression_numpy,softmax_regression_numpy,6,10.543595358001767,837.542150691638,1.0,0.8541666666666666,0.14583333333333337,1536,576,768,192,strongnative_4node_large128c0c15_20260704024223_c8,10.797493938007392,17,192,4,3,digits,"0,1,2",sklearn_digits,1,21,1,,4,chordal,7,tfim,auto,4,4,data/raw/perlmutter/practical_suite_sweep/practical_strongnative_4node_large128c0c15_20260704024223_c8_ml_digits_c0v1v2_192s_4q_d1_r0_seed17.json,ok
practical_strongnative_4node_large128c0c15_20260704024223_c8_ml_digits_c0v1v2_192s_4q_d1_r0_seed23.json,ml,multiclass_ml,test_accuracy,0.0015874089731369168,knn_numpy,knn_numpy,6,6.852519556006882,4316.795275804354,1.0,0.75,0.25,1536,576,768,192,strongnative_4node_large128c0c15_20260704024223_c8,6.991670818009879,23,192,4,3,digits,"0,1,2",sklearn_digits,1,21,1,,4,chordal,7,tfim,auto,4,4,data/raw/perlmutter/practical_suite_sweep/practical_strongnative_4node_large128c0c15_20260704024223_c8_ml_digits_c0v1v2_192s_4q_d1_r0_seed23.json,ok
practical_strongnative_4node_large128c0c15_20260704024223_c8_ml_digits_c0v1v2_192s_4q_d1_r0_seed31.json,ml,multiclass_ml,test_accuracy,0.0015542639885097742,knn_numpy,knn_numpy,6,6.754123455990339,4345.544583109193,1.0,0.7708333333333334,0.22916666666666663,1536,576,768,192,strongnative_4node_large128c0c15_20260704024223_c8,6.870569688006071,31,192,4,3,digits,"0,1,2",sklearn_digits,1,21,1,,4,chordal,7,tfim,auto,4,4,data/raw/perlmutter/practical_suite_sweep/practical_strongnative_4node_large128c0c15_20260704024223_c8_ml_digits_c0v1v2_192s_4q_d1_r0_seed31.json,ok
practical_strongnative_4node_large128c0c15_20260704024223_c8_ml_digits_c0v1v2_192s_4q_d1_r0_seed43.json,ml,multiclass_ml,test_accuracy,0.0016344999894499779,knn_numpy,knn_numpy,6,6.691919770993991,4094.169357104661,1.0,0.7708333333333334,0.22916666666666663,1536,576,768,192,strongnative_4node_large128c0c15_20260704024223_c8,6.804901194991544,43,192,4,3,digits,"0,1,2",sklearn_digits,1,21,1,,4,chordal,7,tfim,auto,4,4,data/raw/perlmutter/practical_suite_sweep/practical_strongnative_4node_large128c0c15_20260704024223_c8_ml_digits_c0v1v2_192s_4q_d1_r0_seed43.json,ok
practical_strongnative_4node_large128c0c15_20260704024223_c8_ml_digits_c0v1v2_192s_4q_d1_r1_seed1017.json,ml,multiclass_ml,test_accuracy,0.0015802450070623308,knn_numpy,knn_numpy,6,7.0461107440060005,4458.87233467973,0.9791666666666666,0.75,0.22916666666666663,1536,576,768,192,strongnative_4node_large128c0c15_20260704024223_c8,7.164097594999475,1017,192,4,3,digits,"0,1,2",sklearn_digits,1,21,1,,4,chordal,7,tfim,auto,4,4,data/raw/perlmutter/practical_suite_sweep/practical_strongnative_4node_large128c0c15_20260704024223_c8_ml_digits_c0v1v2_192s_4q_d1_r1_seed1017.json,ok
practical_strongnative_4node_large128c0c15_20260704024223_c8_ml_digits_c0v1v2_192s_4q_d1_r1_seed1023.json,ml,multiclass_ml,test_accuracy,0.0015636119933333248,knn_numpy,knn_numpy,6,6.7002154479851015,4285.0882933569155,1.0,0.8125,0.1875,1536,576,768,192,strongnative_4node_large128c0c15_20260704024223_c8,6.809574058017461,1023,192,4,3,digits,"0,1,2",sklearn_digits,1,21,1,,4,chordal,7,tfim,auto,4,4,data/raw/perlmutter/practical_suite_sweep/practical_strongnative_4node_large128c0c15_20260704024223_c8_ml_digits_c0v1v2_192s_4q_d1_r1_seed1023.json,ok
practical_strongnative_4node_large128c0c15_20260704024223_c8_ml_digits_c0v1v2_192s_4q_d1_r1_seed1031.json,ml,multiclass_ml,test_accuracy,0.00014631301746703684,linear_ridge_numpy,linear_ridge_numpy,6,7.1873254450038075,49122.939089292275,1.0,0.7083333333333334,0.29166666666666663,1536,576,768,192,strongnative_4node_large128c0c15_20260704024223_c8,7.294089981005527,1031,192,4,3,digits,"0,1,2",sklearn_digits,1,21,1,,4,chordal,7,tfim,auto,4,4,data/raw/perlmutter/practical_suite_sweep/practical_strongnative_4node_large128c0c15_20260704024223_c8_ml_digits_c0v1v2_192s_4q_d1_r1_seed1031.json,ok
practical_strongnative_4node_large128c0c15_20260704024223_c8_ml_digits_c0v1v2_192s_4q_d1_r1_seed1043.json,ml,multiclass_ml,test_accuracy,0.013073131995042786,rbf_kernel_ridge_numpy,rbf_kernel_ridge_numpy,6,7.054164514003787,539.59254115071,1.0,0.9166666666666666,0.08333333333333337,1536,576,768,192,strongnative_4node_large128c0c15_20260704024223_c8,7.164572070993017,1043,192,4,3,digits,"0,1,2",sklearn_digits,1,21,1,,4,chordal,7,tfim,auto,4,4,data/raw/perlmutter/practical_suite_sweep/practical_strongnative_4node_large128c0c15_20260704024223_c8_ml_digits_c0v1v2_192s_4q_d1_r1_seed1043.json,ok
practical_strongnative_4node_large128c0c15_20260704024223_c8_ml_digits_c0v1v2_192s_4q_d1_r2_seed2017.json,ml,multiclass_ml,test_accuracy,0.0015641640056855977,knn_numpy,knn_numpy,6,6.693903449981008,4279.540652801919,1.0,0.875,0.125,1536,576,768,192,strongnative_4node_large128c0c15_20260704024223_c8,6.8098673000058625,2017,192,4,3,digits,"0,1,2",sklearn_digits,1,21,1,,4,chordal,7,tfim,auto,4,4,data/raw/perlmutter/practical_suite_sweep/practical_strongnative_4node_large128c0c15_20260704024223_c8_ml_digits_c0v1v2_192s_4q_d1_r2_seed2017.json,ok
practical_strongnative_4node_large128c0c15_20260704024223_c8_ml_digits_c0v1v2_192s_4q_d1_r2_seed2023.json,ml,multiclass_ml,test_accuracy,0.00159535399870947,knn_numpy,knn_numpy,6,6.2343734269961715,3907.8307585898456,1.0,0.7291666666666666,0.27083333333333337,1536,576,768,192,strongnative_4node_large128c0c15_20260704024223_c8,6.35825305301114,2023,192,4,3,digits,"0,1,2",sklearn_digits,1,21,1,,4,chordal,7,tfim,auto,4,4,data/raw/perlmutter/practical_suite_sweep/practical_strongnative_4node_large128c0c15_20260704024223_c8_ml_digits_c0v1v2_192s_4q_d1_r2_seed2023.json,ok
practical_strongnative_4node_large128c0c15_20260704024223_c8_ml_digits_c0v1v2_192s_4q_d1_r2_seed2031.json,ml,multiclass_ml,test_accuracy,0.012528459978057072,rbf_kernel_ridge_numpy,rbf_kernel_ridge_numpy,6,6.9085612099734135,551.4294033004368,1.0,0.8125,0.1875,1536,576,768,192,strongnative_4node_large128c0c15_20260704024223_c8,7.018261787015945,2031,192,4,3,digits,"0,1,2",sklearn_digits,1,21,1,,4,chordal,7,tfim,auto,4,4,data/raw/perlmutter/practical_suite_sweep/practical_strongnative_4node_large128c0c15_20260704024223_c8_ml_digits_c0v1v2_192s_4q_d1_r2_seed2031.json,ok
practical_strongnative_4node_large128c0c15_20260704024223_c8_ml_digits_c0v1v2_192s_4q_d1_r2_seed2043.json,ml,multiclass_ml,test_accuracy,0.00016236299416050315,nearest_centroid_numpy,nearest_centroid_numpy,6,6.8287886979815084,42058.775358816936,1.0,0.7708333333333334,0.22916666666666663,1536,576,768,192,strongnative_4node_large128c0c15_20260704024223_c8,6.937488711002516,2043,192,4,3,digits,"0,1,2",sklearn_digits,1,21,1,,4,chordal,7,tfim,auto,4,4,data/raw/perlmutter/practical_suite_sweep/practical_strongnative_4node_large128c0c15_20260704024223_c8_ml_digits_c0v1v2_192s_4q_d1_r2_seed2043.json,ok
practical_strongnative_4node_large128c0c15_20260704024223_c8_ml_digits_c0v1v2_192s_4q_d1_r3_seed3017.json,ml,multiclass_ml,test_accuracy,0.0001487970002926886,linear_ridge_numpy,linear_ridge_numpy,6,7.055059453006834,47413.98979232981,1.0,0.7708333333333334,0.22916666666666663,1536,576,768,192,strongnative_4node_large128c0c15_20260704024223_c8,7.162656322005205,3017,192,4,3,digits,"0,1,2",sklearn_digits,1,21,1,,4,chordal,7,tfim,auto,4,4,data/raw/perlmutter/practical_suite_sweep/practical_strongnative_4node_large128c0c15_20260704024223_c8_ml_digits_c0v1v2_192s_4q_d1_r3_seed3017.json,ok
practical_strongnative_4node_large128c0c15_20260704024223_c8_ml_digits_c0v1v2_192s_4q_d1_r3_seed3023.json,ml,multiclass_ml,test_accuracy,0.00014536100206896663,linear_ridge_numpy,linear_ridge_numpy,6,6.701732379995519,46104.060130349666,1.0,0.8541666666666666,0.14583333333333337,1536,576,768,192,strongnative_4node_large128c0c15_20260704024223_c8,6.810402193979826,3023,192,4,3,digits,"0,1,2",sklearn_digits,1,21,1,,4,chordal,7,tfim,auto,4,4,data/raw/perlmutter/practical_suite_sweep/practical_strongnative_4node_large128c0c15_20260704024223_c8_ml_digits_c0v1v2_192s_4q_d1_r3_seed3023.json,ok
practical_strongnative_4node_large128c0c15_20260704024223_c8_ml_digits_c0v1v2_192s_4q_d1_r3_seed3031.json,ml,multiclass_ml,test_accuracy,0.00014607200864702463,nearest_centroid_numpy,nearest_centroid_numpy,6,6.974066009977832,47744.02758320588,1.0,0.875,0.125,1536,576,768,192,strongnative_4node_large128c0c15_20260704024223_c8,7.088314780005021,3031,192,4,3,digits,"0,1,2",sklearn_digits,1,21,1,,4,chordal,7,tfim,auto,4,4,data/raw/perlmutter/practical_suite_sweep/practical_strongnative_4node_large128c0c15_20260704024223_c8_ml_digits_c0v1v2_192s_4q_d1_r3_seed3031.json,ok
practical_strongnative_4node_large128c0c15_20260704024223_c8_ml_digits_c0v1v2_192s_4q_d1_r3_seed3043.json,ml,multiclass_ml,test_accuracy,0.0001496399927418679,linear_ridge_numpy,linear_ridge_numpy,6,7.072104794002371,47260.79348454593,1.0,0.7291666666666666,0.27083333333333337,1536,576,768,192,strongnative_4node_large128c0c15_20260704024223_c8,7.18302560999291,3043,192,4,3,digits,"0,1,2",sklearn_digits,1,21,1,,4,chordal,7,tfim,auto,4,4,data/raw/perlmutter/practical_suite_sweep/practical_strongnative_4node_large128c0c15_20260704024223_c8_ml_digits_c0v1v2_192s_4q_d1_r3_seed3043.json,ok
practical_strongnative_4node_large128c0c15_20260704024223_c8_qaoa_chordal_7n_grid7_r0_seed17.json,optimization,optimization_qaoa,approximation_ratio,3.039799048565328e-05,greedy_assignment_numpy,,4,40.09019102001912,1318843.462331505,8,5.966466079257492,0.25419174009281353,1127,882,343,49,strongnative_4node_large128c0c15_20260704024223_c8,40.2788313649944,17,72,4,3,synthetic,"0,1,2",,1,21,1,,7,chordal,7,tfim,auto,4,4,data/raw/perlmutter/practical_suite_sweep/practical_strongnative_4node_large128c0c15_20260704024223_c8_qaoa_chordal_7n_grid7_r0_seed17.json,ok
practical_strongnative_4node_large128c0c15_20260704024223_c8_qaoa_chordal_7n_grid7_r2_seed2017.json,optimization,optimization_qaoa,approximation_ratio,3.203199594281614e-05,greedy_assignment_numpy,,4,7.073448558017844,220824.47096476413,8,5.966466079257492,0.25419174009281353,1127,882,343,49,strongnative_4node_large128c0c15_20260704024223_c8,7.098935630987398,2017,72,4,3,synthetic,"0,1,2",,1,21,1,,7,chordal,7,tfim,auto,4,4,data/raw/perlmutter/practical_suite_sweep/practical_strongnative_4node_large128c0c15_20260704024223_c8_qaoa_chordal_7n_grid7_r2_seed2017.json,ok
practical_strongnative_4node_large128c0c15_20260704024223_c8_qaoa_ladder_4n_grid7_r1_seed1031.json,optimization,optimization_qaoa,approximation_ratio,1.528899883851409e-05,greedy_assignment_numpy,,4,7.40057898600935,484046.0166277702,4,2.749999999999999,0.3125000000000002,588,392,196,49,strongnative_4node_large128c0c15_20260704024223_c8,7.430510740989121,1031,72,4,3,synthetic,"0,1,2",,1,21,1,,4,ladder,7,tfim,auto,4,4,data/raw/perlmutter/practical_suite_sweep/practical_strongnative_4node_large128c0c15_20260704024223_c8_qaoa_ladder_4n_grid7_r1_seed1031.json,ok
practical_strongnative_4node_large128c0c15_20260704024223_c8_qaoa_ladder_4n_grid7_r3_seed3031.json,optimization,optimization_qaoa,approximation_ratio,1.5769997844472528e-05,greedy_assignment_numpy,,4,6.7569832259905525,428470.7767641777,4,2.749999999999999,0.3125000000000002,588,392,196,49,strongnative_4node_large128c0c15_20260704024223_c8,6.78134178800974,3031,72,4,3,synthetic,"0,1,2",,1,21,1,,4,ladder,7,tfim,auto,4,4,data/raw/perlmutter/practical_suite_sweep/practical_strongnative_4node_large128c0c15_20260704024223_c8_qaoa_ladder_4n_grid7_r3_seed3031.json,ok
practical_strongnative_4node_large128c0c15_20260704024223_c8_qaoa_ring_6n_grid7_r0_seed43.json,optimization,optimization_qaoa,approximation_ratio,2.249301178380847e-05,greedy_assignment_numpy,,4,12.206754498998635,542690.975149252,6,4.125,0.3125,882,588,294,49,strongnative_4node_large128c0c15_20260704024223_c8,12.233886340021854,43,72,4,3,synthetic,"0,1,2",,1,21,1,,6,ring,7,tfim,auto,4,4,data/raw/perlmutter/practical_suite_sweep/practical_strongnative_4node_large128c0c15_20260704024223_c8_qaoa_ring_6n_grid7_r0_seed43.json,ok
practical_strongnative_4node_large128c0c15_20260704024223_c8_qaoa_ring_6n_grid7_r2_seed2043.json,optimization,optimization_qaoa,approximation_ratio,2.321501960977912e-05,greedy_assignment_numpy,,4,6.696999990992481,288477.0335568198,6,4.125,0.3125,882,588,294,49,strongnative_4node_large128c0c15_20260704024223_c8,6.724507971026469,2043,72,4,3,synthetic,"0,1,2",,1,21,1,,6,ring,7,tfim,auto,4,4,data/raw/perlmutter/practical_suite_sweep/practical_strongnative_4node_large128c0c15_20260704024223_c8_qaoa_ring_6n_grid7_r2_seed2043.json,ok
practical_strongnative_4node_large128c0c15_20260704024223_c8_sim_tfim_6q_4steps_r0_seed23.json,simulation,hamiltonian_simulation,absolute_observable_error,0.0026216790138278157,exact_dense_eigendecomposition_numpy,,0,7.166024945996469,2733.3723572565136,0.821802450632914,0.8206730318635869,0.0011294187693271507,44,40,6,1,strongnative_4node_large128c0c15_20260704024223_c8,7.179546586994547,23,72,4,3,synthetic,"0,1,2",,1,21,1,,4,chordal,7,tfim,auto,6,4,data/raw/perlmutter/practical_suite_sweep/practical_strongnative_4node_large128c0c15_20260704024223_c8_sim_tfim_6q_4steps_r0_seed23.json,ok
practical_strongnative_4node_large128c0c15_20260704024223_c8_sim_tfim_6q_4steps_r1_seed1023.json,simulation,hamiltonian_simulation,absolute_observable_error,0.0026328600069973618,exact_dense_eigendecomposition_numpy,,0,6.824687979998998,2592.119581694811,0.821802450632914,0.8206730318635869,0.0011294187693271507,44,40,6,1,strongnative_4node_large128c0c15_20260704024223_c8,6.8431739379884675,1023,72,4,3,synthetic,"0,1,2",,1,21,1,,4,chordal,7,tfim,auto,6,4,data/raw/perlmutter/practical_suite_sweep/practical_strongnative_4node_large128c0c15_20260704024223_c8_sim_tfim_6q_4steps_r1_seed1023.json,ok
practical_strongnative_4node_large128c0c15_20260704024223_c8_sim_tfim_6q_4steps_r2_seed2023.json,simulation,hamiltonian_simulation,absolute_observable_error,0.0026227000053040683,exact_dense_eigendecomposition_numpy,,0,7.078639152983669,2698.989262465416,0.821802450632914,0.8206730318635869,0.0011294187693271507,44,40,6,1,strongnative_4node_large128c0c15_20260704024223_c8,7.098253263015067,2023,72,4,3,synthetic,"0,1,2",,1,21,1,,4,chordal,7,tfim,auto,6,4,data/raw/perlmutter/practical_suite_sweep/practical_strongnative_4node_large128c0c15_20260704024223_c8_sim_tfim_6q_4steps_r2_seed2023.json,ok
practical_strongnative_4node_large128c0c15_20260704024223_c8_sim_tfim_6q_4steps_r3_seed3023.json,simulation,hamiltonian_simulation,absolute_observable_error,0.0025996759941335768,exact_dense_eigendecomposition_numpy,,0,6.516668024996761,2506.723160771673,0.821802450632914,0.8206730318635869,0.0011294187693271507,44,40,6,1,strongnative_4node_large128c0c15_20260704024223_c8,6.527459769014968,3023,72,4,3,synthetic,"0,1,2",,1,21,1,,4,chordal,7,tfim,auto,6,4,data/raw/perlmutter/practical_suite_sweep/practical_strongnative_4node_large128c0c15_20260704024223_c8_sim_tfim_6q_4steps_r3_seed3023.json,ok
practical_strongnative_4node_large128c0c15_20260704024223_c9_chem_4q_l2_grid9_r2_seed2023.json,chemistry,chemistry_vqe,absolute_energy_error,0.00017928698798641562,exact_diagonalization_numpy,,0,7.265884869004367,40526.55996181326,-1.705732892552902,-0.9598637992425669,0.7458690933103351,336,126,84,21,strongnative_4node_large128c0c15_20260704024223_c9,7.28495106799528,2023,72,4,3,synthetic,"0,1,2",,1,9,2,benchmarks/workloads/hamiltonians/molecular_chain_4q.json,4,chordal,7,tfim,auto,4,4,data/raw/perlmutter/practical_suite_sweep/practical_strongnative_4node_large128c0c15_20260704024223_c9_chem_4q_l2_grid9_r2_seed2023.json,ok
practical_strongnative_4node_large128c0c15_20260704024223_c9_chem_h2_l2_grid25_r0_seed17.json,chemistry,chemistry_vqe,absolute_energy_error,0.00015348699525929987,exact_diagonalization_numpy,,0,6.688172383990604,43574.84731974622,-1.85727503020238,-1.8369679912029844,0.020307038999395566,424,106,106,53,strongnative_4node_large128c0c15_20260704024223_c9,6.696366794989444,17,72,4,3,synthetic,"0,1,2",,1,25,2,,4,chordal,7,tfim,auto,4,4,data/raw/perlmutter/practical_suite_sweep/practical_strongnative_4node_large128c0c15_20260704024223_c9_chem_h2_l2_grid25_r0_seed17.json,ok
practical_strongnative_4node_large128c0c15_20260704024223_c9_ml_digits_c0v1v2_192s_4q_d2_r0_seed17.json,ml,multiclass_ml,test_accuracy,0.012557795009342954,softmax_regression_numpy,softmax_regression_numpy,6,10.577996838022955,842.3450797017282,1.0,0.7083333333333334,0.29166666666666663,3072,1152,768,192,strongnative_4node_large128c0c15_20260704024223_c9,10.824249480006984,17,192,4,3,digits,"0,1,2",sklearn_digits,2,21,1,,4,chordal,7,tfim,auto,4,4,data/raw/perlmutter/practical_suite_sweep/practical_strongnative_4node_large128c0c15_20260704024223_c9_ml_digits_c0v1v2_192s_4q_d2_r0_seed17.json,ok
practical_strongnative_4node_large128c0c15_20260704024223_c9_ml_digits_c0v1v2_192s_4q_d2_r0_seed23.json,ml,multiclass_ml,test_accuracy,0.0015568190137855709,knn_numpy,knn_numpy,6,7.071249700995395,4542.114168943055,1.0,0.6875,0.3125,3072,1152,768,192,strongnative_4node_large128c0c15_20260704024223_c9,7.186699797020992,23,192,4,3,digits,"0,1,2",sklearn_digits,2,21,1,,4,chordal,7,tfim,auto,4,4,data/raw/perlmutter/practical_suite_sweep/practical_strongnative_4node_large128c0c15_20260704024223_c9_ml_digits_c0v1v2_192s_4q_d2_r0_seed23.json,ok
practical_strongnative_4node_large128c0c15_20260704024223_c9_ml_digits_c0v1v2_192s_4q_d2_r0_seed31.json,ml,multiclass_ml,test_accuracy,0.0015487740165553987,knn_numpy,knn_numpy,6,6.876615854998818,4440.038237659087,1.0,0.7708333333333334,0.22916666666666663,3072,1152,768,192,strongnative_4node_large128c0c15_20260704024223_c9,6.983797849010443,31,192,4,3,digits,"0,1,2",sklearn_digits,2,21,1,,4,chordal,7,tfim,auto,4,4,data/raw/perlmutter/practical_suite_sweep/practical_strongnative_4node_large128c0c15_20260704024223_c9_ml_digits_c0v1v2_192s_4q_d2_r0_seed31.json,ok
practical_strongnative_4node_large128c0c15_20260704024223_c9_ml_digits_c0v1v2_192s_4q_d2_r0_seed43.json,ml,multiclass_ml,test_accuracy,0.0015845340094529092,knn_numpy,knn_numpy,6,7.012025914998958,4425.292150983868,1.0,0.6041666666666666,0.39583333333333337,3072,1152,768,192,strongnative_4node_large128c0c15_20260704024223_c9,7.119937077979557,43,192,4,3,digits,"0,1,2",sklearn_digits,2,21,1,,4,chordal,7,tfim,auto,4,4,data/raw/perlmutter/practical_suite_sweep/practical_strongnative_4node_large128c0c15_20260704024223_c9_ml_digits_c0v1v2_192s_4q_d2_r0_seed43.json,ok
practical_strongnative_4node_large128c0c15_20260704024223_c9_ml_digits_c0v1v2_192s_4q_d2_r1_seed1017.json,ml,multiclass_ml,test_accuracy,0.0015901339938864112,knn_numpy,knn_numpy,6,6.753017788985744,4246.823107328737,0.9791666666666666,0.6666666666666666,0.3125,3072,1152,768,192,strongnative_4node_large128c0c15_20260704024223_c9,6.860076072975062,1017,192,4,3,digits,"0,1,2",sklearn_digits,2,21,1,,4,chordal,7,tfim,auto,4,4,data/raw/perlmutter/practical_suite_sweep/practical_strongnative_4node_large128c0c15_20260704024223_c9_ml_digits_c0v1v2_192s_4q_d2_r1_seed1017.json,ok
practical_strongnative_4node_large128c0c15_20260704024223_c9_ml_digits_c0v1v2_192s_4q_d2_r1_seed1023.json,ml,multiclass_ml,test_accuracy,0.0015709569852333516,knn_numpy,knn_numpy,6,6.678535247978289,4251.2527782460265,1.0,0.6666666666666666,0.33333333333333337,3072,1152,768,192,strongnative_4node_large128c0c15_20260704024223_c9,6.785538584983442,1023,192,4,3,digits,"0,1,2",sklearn_digits,2,21,1,,4,chordal,7,tfim,auto,4,4,data/raw/perlmutter/practical_suite_sweep/practical_strongnative_4node_large128c0c15_20260704024223_c9_ml_digits_c0v1v2_192s_4q_d2_r1_seed1023.json,ok
practical_strongnative_4node_large128c0c15_20260704024223_c9_ml_digits_c0v1v2_192s_4q_d2_r1_seed1031.json,ml,multiclass_ml,test_accuracy,0.00015664301463402808,linear_ridge_numpy,linear_ridge_numpy,6,6.7341048090020195,42990.13795626446,1.0,0.7708333333333334,0.22916666666666663,3072,1152,768,192,strongnative_4node_large128c0c15_20260704024223_c9,6.8448214740201365,1031,192,4,3,digits,"0,1,2",sklearn_digits,2,21,1,,4,chordal,7,tfim,auto,4,4,data/raw/perlmutter/practical_suite_sweep/practical_strongnative_4node_large128c0c15_20260704024223_c9_ml_digits_c0v1v2_192s_4q_d2_r1_seed1031.json,ok
practical_strongnative_4node_large128c0c15_20260704024223_c9_ml_digits_c0v1v2_192s_4q_d2_r1_seed1043.json,ml,multiclass_ml,test_accuracy,0.012914744991576299,rbf_kernel_ridge_numpy,rbf_kernel_ridge_numpy,6,6.8461649020027835,530.1045360530328,1.0,0.6666666666666666,0.33333333333333337,3072,1152,768,192,strongnative_4node_large128c0c15_20260704024223_c9,6.954314063012134,1043,192,4,3,digits,"0,1,2",sklearn_digits,2,21,1,,4,chordal,7,tfim,auto,4,4,data/raw/perlmutter/practical_suite_sweep/practical_strongnative_4node_large128c0c15_20260704024223_c9_ml_digits_c0v1v2_192s_4q_d2_r1_seed1043.json,ok
practical_strongnative_4node_large128c0c15_20260704024223_c9_ml_digits_c0v1v2_192s_4q_d2_r2_seed2017.json,ml,multiclass_ml,test_accuracy,0.001557420997414738,knn_numpy,knn_numpy,6,6.618897398002446,4249.908925710886,1.0,0.6875,0.3125,3072,1152,768,192,strongnative_4node_large128c0c15_20260704024223_c9,6.72588131800876,2017,192,4,3,digits,"0,1,2",sklearn_digits,2,21,1,,4,chordal,7,tfim,auto,4,4,data/raw/perlmutter/practical_suite_sweep/practical_strongnative_4node_large128c0c15_20260704024223_c9_ml_digits_c0v1v2_192s_4q_d2_r2_seed2017.json,ok
practical_strongnative_4node_large128c0c15_20260704024223_c9_ml_digits_c0v1v2_192s_4q_d2_r2_seed2023.json,ml,multiclass_ml,test_accuracy,0.0015793930215295404,knn_numpy,knn_numpy,6,6.564227251976263,4156.170859625067,1.0,0.5833333333333334,0.41666666666666663,3072,1152,768,192,strongnative_4node_large128c0c15_20260704024223_c9,6.6712983660108875,2023,192,4,3,digits,"0,1,2",sklearn_digits,2,21,1,,4,chordal,7,tfim,auto,4,4,data/raw/perlmutter/practical_suite_sweep/practical_strongnative_4node_large128c0c15_20260704024223_c9_ml_digits_c0v1v2_192s_4q_d2_r2_seed2023.json,ok
practical_strongnative_4node_large128c0c15_20260704024223_c9_ml_digits_c0v1v2_192s_4q_d2_r2_seed2031.json,ml,multiclass_ml,test_accuracy,0.012874457985162735,rbf_kernel_ridge_numpy,rbf_kernel_ridge_numpy,6,6.729828544019256,522.7271355248583,1.0,0.5833333333333334,0.41666666666666663,3072,1152,768,192,strongnative_4node_large128c0c15_20260704024223_c9,6.8373923799954355,2031,192,4,3,digits,"0,1,2",sklearn_digits,2,21,1,,4,chordal,7,tfim,auto,4,4,data/raw/perlmutter/practical_suite_sweep/practical_strongnative_4node_large128c0c15_20260704024223_c9_ml_digits_c0v1v2_192s_4q_d2_r2_seed2031.json,ok
practical_strongnative_4node_large128c0c15_20260704024223_c9_ml_digits_c0v1v2_192s_4q_d2_r2_seed2043.json,ml,multiclass_ml,test_accuracy,0.00016303500160574913,nearest_centroid_numpy,nearest_centroid_numpy,6,6.6582588689925615,40839.44431204747,1.0,0.7083333333333334,0.29166666666666663,3072,1152,768,192,strongnative_4node_large128c0c15_20260704024223_c9,6.765369149012258,2043,192,4,3,digits,"0,1,2",sklearn_digits,2,21,1,,4,chordal,7,tfim,auto,4,4,data/raw/perlmutter/practical_suite_sweep/practical_strongnative_4node_large128c0c15_20260704024223_c9_ml_digits_c0v1v2_192s_4q_d2_r2_seed2043.json,ok
practical_strongnative_4node_large128c0c15_20260704024223_c9_ml_digits_c0v1v2_192s_4q_d2_r3_seed3017.json,ml,multiclass_ml,test_accuracy,0.00014403800014406443,linear_ridge_numpy,linear_ridge_numpy,6,6.776296814001398,47045.20201074618,1.0,0.6458333333333334,0.35416666666666663,3072,1152,768,192,strongnative_4node_large128c0c15_20260704024223_c9,6.889964389993111,3017,192,4,3,digits,"0,1,2",sklearn_digits,2,21,1,,4,chordal,7,tfim,auto,4,4,data/raw/perlmutter/practical_suite_sweep/practical_strongnative_4node_large128c0c15_20260704024223_c9_ml_digits_c0v1v2_192s_4q_d2_r3_seed3017.json,ok
practical_strongnative_4node_large128c0c15_20260704024223_c9_ml_digits_c0v1v2_192s_4q_d2_r3_seed3023.json,ml,multiclass_ml,test_accuracy,0.00015148302190937102,linear_ridge_numpy,linear_ridge_numpy,6,7.00072783100768,46214.60374084736,1.0,0.7708333333333334,0.22916666666666663,3072,1152,768,192,strongnative_4node_large128c0c15_20260704024223_c9,7.11918892301037,3023,192,4,3,digits,"0,1,2",sklearn_digits,2,21,1,,4,chordal,7,tfim,auto,4,4,data/raw/perlmutter/practical_suite_sweep/practical_strongnative_4node_large128c0c15_20260704024223_c9_ml_digits_c0v1v2_192s_4q_d2_r3_seed3023.json,ok
practical_strongnative_4node_large128c0c15_20260704024223_c9_ml_digits_c0v1v2_192s_4q_d2_r3_seed3031.json,ml,multiclass_ml,test_accuracy,0.00014484001439996064,linear_ridge_numpy,linear_ridge_numpy,6,6.717869485990377,46381.30915562932,1.0,0.7291666666666666,0.27083333333333337,3072,1152,768,192,strongnative_4node_large128c0c15_20260704024223_c9,6.8253961890004575,3031,192,4,3,digits,"0,1,2",sklearn_digits,2,21,1,,4,chordal,7,tfim,auto,4,4,data/raw/perlmutter/practical_suite_sweep/practical_strongnative_4node_large128c0c15_20260704024223_c9_ml_digits_c0v1v2_192s_4q_d2_r3_seed3031.json,ok
practical_strongnative_4node_large128c0c15_20260704024223_c9_ml_digits_c0v1v2_192s_4q_d2_r3_seed3043.json,ml,multiclass_ml,test_accuracy,0.0001460920029785484,linear_ridge_numpy,linear_ridge_numpy,6,6.76172754901927,46284.03616323979,1.0,0.75,0.25,3072,1152,768,192,strongnative_4node_large128c0c15_20260704024223_c9,6.868042952002725,3043,192,4,3,digits,"0,1,2",sklearn_digits,2,21,1,,4,chordal,7,tfim,auto,4,4,data/raw/perlmutter/practical_suite_sweep/practical_strongnative_4node_large128c0c15_20260704024223_c9_ml_digits_c0v1v2_192s_4q_d2_r3_seed3043.json,ok
practical_strongnative_4node_large128c0c15_20260704024223_c9_qaoa_chordal_7n_grid9_r0_seed17.json,optimization,optimization_qaoa,approximation_ratio,3.085000207647681e-05,greedy_assignment_numpy,,4,40.23907375699491,1304345.9010875493,8,6.123160171779813,0.23460497852752338,1863,1458,567,81,strongnative_4node_large128c0c15_20260704024223_c9,40.46492717100773,17,72,4,3,synthetic,"0,1,2",,1,21,1,,7,chordal,9,tfim,auto,4,4,data/raw/perlmutter/practical_suite_sweep/practical_strongnative_4node_large128c0c15_20260704024223_c9_qaoa_chordal_7n_grid9_r0_seed17.json,ok
practical_strongnative_4node_large128c0c15_20260704024223_c9_qaoa_chordal_7n_grid9_r2_seed2017.json,optimization,optimization_qaoa,approximation_ratio,3.108000964857638e-05,greedy_assignment_numpy,,4,6.76578304899158,217689.21971044134,8,6.123160171779813,0.23460497852752338,1863,1458,567,81,strongnative_4node_large128c0c15_20260704024223_c9,6.788605470996117,2017,72,4,3,synthetic,"0,1,2",,1,21,1,,7,chordal,9,tfim,auto,4,4,data/raw/perlmutter/practical_suite_sweep/practical_strongnative_4node_large128c0c15_20260704024223_c9_qaoa_chordal_7n_grid9_r2_seed2017.json,ok
practical_strongnative_4node_large128c0c15_20260704024223_c9_qaoa_ladder_4n_grid9_r1_seed1031.json,optimization,optimization_qaoa,approximation_ratio,1.6031000996008515e-05,greedy_assignment_numpy,,4,7.268939556000987,453430.1730634816,4,2.9999999999999982,0.25000000000000044,972,648,324,81,strongnative_4node_large128c0c15_20260704024223_c9,7.291569583991077,1031,72,4,3,synthetic,"0,1,2",,1,21,1,,4,ladder,9,tfim,auto,4,4,data/raw/perlmutter/practical_suite_sweep/practical_strongnative_4node_large128c0c15_20260704024223_c9_qaoa_ladder_4n_grid9_r1_seed1031.json,ok
practical_strongnative_4node_large128c0c15_20260704024223_c9_qaoa_ladder_4n_grid9_r3_seed3031.json,optimization,optimization_qaoa,approximation_ratio,1.575000351294875e-05,greedy_assignment_numpy,,4,6.536504665011307,415016.0766400698,4,2.9999999999999982,0.25000000000000044,972,648,324,81,strongnative_4node_large128c0c15_20260704024223_c9,6.56188588400255,3031,72,4,3,synthetic,"0,1,2",,1,21,1,,4,ladder,9,tfim,auto,4,4,data/raw/perlmutter/practical_suite_sweep/practical_strongnative_4node_large128c0c15_20260704024223_c9_qaoa_ladder_4n_grid9_r3_seed3031.json,ok
practical_strongnative_4node_large128c0c15_20260704024223_c9_qaoa_ring_6n_grid9_r0_seed43.json,optimization,optimization_qaoa,approximation_ratio,2.219300949946046e-05,greedy_assignment_numpy,,4,11.959645353985252,538892.4541430944,6,4.499999999999997,0.25000000000000044,1458,972,486,81,strongnative_4node_large128c0c15_20260704024223_c9,11.988061417010613,43,72,4,3,synthetic,"0,1,2",,1,21,1,,6,ring,9,tfim,auto,4,4,data/raw/perlmutter/practical_suite_sweep/practical_strongnative_4node_large128c0c15_20260704024223_c9_qaoa_ring_6n_grid9_r0_seed43.json,ok
practical_strongnative_4node_large128c0c15_20260704024223_c9_qaoa_ring_6n_grid9_r2_seed2043.json,optimization,optimization_qaoa,approximation_ratio,2.223299816250801e-05,greedy_assignment_numpy,,4,6.474819449009374,291225.6548434391,6,4.499999999999997,0.25000000000000044,1458,972,486,81,strongnative_4node_large128c0c15_20260704024223_c9,6.4970771099906415,2043,72,4,3,synthetic,"0,1,2",,1,21,1,,6,ring,9,tfim,auto,4,4,data/raw/perlmutter/practical_suite_sweep/practical_strongnative_4node_large128c0c15_20260704024223_c9_qaoa_ring_6n_grid9_r2_seed2043.json,ok
practical_strongnative_4node_large128c0c15_20260704024223_c9_sim_tfim_6q_6steps_r0_seed23.json,simulation,hamiltonian_simulation,absolute_observable_error,0.0026577179960440844,exact_dense_eigendecomposition_numpy,,0,7.313397421006812,2751.758249706152,0.821802450632914,0.8213019840508512,0.0005004665820628196,66,60,6,1,strongnative_4node_large128c0c15_20260704024223_c9,7.326656234014081,23,72,4,3,synthetic,"0,1,2",,1,21,1,,4,chordal,7,tfim,auto,6,6,data/raw/perlmutter/practical_suite_sweep/practical_strongnative_4node_large128c0c15_20260704024223_c9_sim_tfim_6q_6steps_r0_seed23.json,ok
practical_strongnative_4node_large128c0c15_20260704024223_c9_sim_tfim_6q_6steps_r1_seed1023.json,simulation,hamiltonian_simulation,absolute_observable_error,0.002580800006398931,exact_dense_eigendecomposition_numpy,,0,7.210436936991755,2793.876673556235,0.821802450632914,0.8213019840508512,0.0005004665820628196,66,60,6,1,strongnative_4node_large128c0c15_20260704024223_c9,7.225326834013686,1023,72,4,3,synthetic,"0,1,2",,1,21,1,,4,chordal,7,tfim,auto,6,6,data/raw/perlmutter/practical_suite_sweep/practical_strongnative_4node_large128c0c15_20260704024223_c9_sim_tfim_6q_6steps_r1_seed1023.json,ok
practical_strongnative_4node_large128c0c15_20260704024223_c9_sim_tfim_6q_6steps_r2_seed2023.json,simulation,hamiltonian_simulation,absolute_observable_error,0.0027147780056111515,exact_dense_eigendecomposition_numpy,,0,7.251288365019718,2671.042844030743,0.821802450632914,0.8213019840508512,0.0005004665820628196,66,60,6,1,strongnative_4node_large128c0c15_20260704024223_c9,7.266656437015627,2023,72,4,3,synthetic,"0,1,2",,1,21,1,,4,chordal,7,tfim,auto,6,6,data/raw/perlmutter/practical_suite_sweep/practical_strongnative_4node_large128c0c15_20260704024223_c9_sim_tfim_6q_6steps_r2_seed2023.json,ok
practical_strongnative_4node_large128c0c15_20260704024223_c9_sim_tfim_6q_6steps_r3_seed3023.json,simulation,hamiltonian_simulation,absolute_observable_error,0.002646787994308397,exact_dense_eigendecomposition_numpy,,0,6.650590767007088,2512.702483655054,0.821802450632914,0.8213019840508512,0.0005004665820628196,66,60,6,1,strongnative_4node_large128c0c15_20260704024223_c9,6.661466762976488,3023,72,4,3,synthetic,"0,1,2",,1,21,1,,4,chordal,7,tfim,auto,6,6,data/raw/perlmutter/practical_suite_sweep/practical_strongnative_4node_large128c0c15_20260704024223_c9_sim_tfim_6q_6steps_r3_seed3023.json,ok
