file,workload,family,quality_metric,native_runtime_sec,native_selected_model,native_best_quality_model,native_model_count,quantum_runtime_sec,speedup_required,native_quality,quantum_quality,quality_gap,one_qubit_gates,two_qubit_gates,measurement_ops,circuit_evaluations,slurm_job_id,total_runtime_sec,seed,ml_samples,ml_features,ml_classes,ml_dataset,digits_classes,dataset_name,ml_depth,chem_grid,chem_layers,chem_hamiltonian_json,opt_nodes,opt_graph,opt_grid,sim_model,sim_initial_state,sim_qubits,sim_steps,path,status
practical_strongnative_2node_large128c0c7_fix_20260704022146_c0_chem_h2_l1_grid17_r0_seed17.json,chemistry,chemistry_vqe,absolute_energy_error,0.00015885700122453272,exact_diagonalization_numpy,,0,7.377327777998289,46440.054395657244,-1.85727503020238,-1.8456249981377126,0.011650032064667304,1304,326,652,326,strongnative_2node_large128c0c7_fix_20260704022146_c0,7.392134418012574,17,72,4,3,synthetic,"0,1,2",,1,17,1,,4,chordal,7,tfim,auto,4,4,data/raw/perlmutter/practical_suite_sweep/practical_strongnative_2node_large128c0c7_fix_20260704022146_c0_chem_h2_l1_grid17_r0_seed17.json,ok
practical_strongnative_2node_large128c0c7_fix_20260704022146_c0_chem_h2_l1_grid25_r2_seed2023.json,chemistry,chemistry_vqe,absolute_energy_error,0.00014949802425689995,exact_diagonalization_numpy,,0,7.444493725983193,49796.602751019964,-1.85727503020238,-1.8566776536800178,0.0005973765223621363,2712,678,1356,678,strongnative_2node_large128c0c7_fix_20260704022146_c0,7.45602363802027,2023,72,4,3,synthetic,"0,1,2",,1,25,1,,4,chordal,7,tfim,auto,4,4,data/raw/perlmutter/practical_suite_sweep/practical_strongnative_2node_large128c0c7_fix_20260704022146_c0_chem_h2_l1_grid25_r2_seed2023.json,ok
practical_strongnative_2node_large128c0c7_fix_20260704022146_c0_ml_digits_c0v1v2_128s_4q_d1_r0_seed17.json,ml,multiclass_ml,test_accuracy,0.0003697840147651732,linear_ridge_numpy,linear_ridge_numpy,6,14.871113852015696,40215.67525426813,1.0,0.6875,0.3125,1024,384,512,128,strongnative_2node_large128c0c7_fix_20260704022146_c0,15.13242934801383,17,128,4,3,digits,"0,1,2",sklearn_digits,1,21,1,,4,chordal,7,tfim,auto,4,4,data/raw/perlmutter/practical_suite_sweep/practical_strongnative_2node_large128c0c7_fix_20260704022146_c0_ml_digits_c0v1v2_128s_4q_d1_r0_seed17.json,ok
practical_strongnative_2node_large128c0c7_fix_20260704022146_c0_ml_digits_c0v1v2_128s_4q_d1_r0_seed23.json,ml,multiclass_ml,test_accuracy,0.00013475000741891563,nearest_centroid_numpy,nearest_centroid_numpy,6,8.124479219026398,60292.97789772083,1.0,0.75,0.25,1024,384,512,128,strongnative_2node_large128c0c7_fix_20260704022146_c0,8.222895625018282,23,128,4,3,digits,"0,1,2",sklearn_digits,1,21,1,,4,chordal,7,tfim,auto,4,4,data/raw/perlmutter/practical_suite_sweep/practical_strongnative_2node_large128c0c7_fix_20260704022146_c0_ml_digits_c0v1v2_128s_4q_d1_r0_seed23.json,ok
practical_strongnative_2node_large128c0c7_fix_20260704022146_c0_ml_digits_c0v1v2_128s_4q_d1_r0_seed31.json,ml,multiclass_ml,test_accuracy,0.0001412619894836098,linear_ridge_numpy,linear_ridge_numpy,6,7.182241219008574,50843.40978959459,1.0,0.8125,0.1875,1024,384,512,128,strongnative_2node_large128c0c7_fix_20260704022146_c0,7.278389604995027,31,128,4,3,digits,"0,1,2",sklearn_digits,1,21,1,,4,chordal,7,tfim,auto,4,4,data/raw/perlmutter/practical_suite_sweep/practical_strongnative_2node_large128c0c7_fix_20260704022146_c0_ml_digits_c0v1v2_128s_4q_d1_r0_seed31.json,ok
practical_strongnative_2node_large128c0c7_fix_20260704022146_c0_ml_digits_c0v1v2_128s_4q_d1_r0_seed43.json,ml,multiclass_ml,test_accuracy,0.0001426759990863502,linear_ridge_numpy,linear_ridge_numpy,6,7.581794923986308,53139.94625962046,1.0,0.84375,0.15625,1024,384,512,128,strongnative_2node_large128c0c7_fix_20260704022146_c0,7.687040746997809,43,128,4,3,digits,"0,1,2",sklearn_digits,1,21,1,,4,chordal,7,tfim,auto,4,4,data/raw/perlmutter/practical_suite_sweep/practical_strongnative_2node_large128c0c7_fix_20260704022146_c0_ml_digits_c0v1v2_128s_4q_d1_r0_seed43.json,ok
practical_strongnative_2node_large128c0c7_fix_20260704022146_c0_ml_digits_c0v1v2_128s_4q_d1_r1_seed1017.json,ml,multiclass_ml,test_accuracy,0.000175989989656955,nearest_centroid_numpy,nearest_centroid_numpy,6,7.387153382005636,41974.84979915561,1.0,0.75,0.25,1024,384,512,128,strongnative_2node_large128c0c7_fix_20260704022146_c0,7.482822083024075,1017,128,4,3,digits,"0,1,2",sklearn_digits,1,21,1,,4,chordal,7,tfim,auto,4,4,data/raw/perlmutter/practical_suite_sweep/practical_strongnative_2node_large128c0c7_fix_20260704022146_c0_ml_digits_c0v1v2_128s_4q_d1_r1_seed1017.json,ok
practical_strongnative_2node_large128c0c7_fix_20260704022146_c0_ml_digits_c0v1v2_128s_4q_d1_r1_seed1023.json,ml,multiclass_ml,test_accuracy,0.01156974898185581,rbf_kernel_ridge_numpy,rbf_kernel_ridge_numpy,6,7.249039535992779,626.5511505358536,1.0,0.8125,0.1875,1024,384,512,128,strongnative_2node_large128c0c7_fix_20260704022146_c0,7.3473900530079845,1023,128,4,3,digits,"0,1,2",sklearn_digits,1,21,1,,4,chordal,7,tfim,auto,4,4,data/raw/perlmutter/practical_suite_sweep/practical_strongnative_2node_large128c0c7_fix_20260704022146_c0_ml_digits_c0v1v2_128s_4q_d1_r1_seed1023.json,ok
practical_strongnative_2node_large128c0c7_fix_20260704022146_c0_ml_digits_c0v1v2_128s_4q_d1_r1_seed1031.json,ml,multiclass_ml,test_accuracy,0.000831154000479728,knn_numpy,knn_numpy,6,7.477988555008778,8997.115517332059,1.0,0.78125,0.21875,1024,384,512,128,strongnative_2node_large128c0c7_fix_20260704022146_c0,7.573034222994465,1031,128,4,3,digits,"0,1,2",sklearn_digits,1,21,1,,4,chordal,7,tfim,auto,4,4,data/raw/perlmutter/practical_suite_sweep/practical_strongnative_2node_large128c0c7_fix_20260704022146_c0_ml_digits_c0v1v2_128s_4q_d1_r1_seed1031.json,ok
practical_strongnative_2node_large128c0c7_fix_20260704022146_c0_ml_digits_c0v1v2_128s_4q_d1_r1_seed1043.json,ml,multiclass_ml,test_accuracy,0.011546524008736014,rbf_kernel_ridge_numpy,rbf_kernel_ridge_numpy,6,8.102584373002173,701.7336444172998,1.0,0.90625,0.09375,1024,384,512,128,strongnative_2node_large128c0c7_fix_20260704022146_c0,8.19919985200977,1043,128,4,3,digits,"0,1,2",sklearn_digits,1,21,1,,4,chordal,7,tfim,auto,4,4,data/raw/perlmutter/practical_suite_sweep/practical_strongnative_2node_large128c0c7_fix_20260704022146_c0_ml_digits_c0v1v2_128s_4q_d1_r1_seed1043.json,ok
practical_strongnative_2node_large128c0c7_fix_20260704022146_c0_ml_digits_c0v1v2_128s_4q_d1_r2_seed2017.json,ml,multiclass_ml,test_accuracy,0.00013945900718681514,linear_ridge_numpy,linear_ridge_numpy,6,8.256143406993942,59201.22029790631,1.0,0.78125,0.21875,1024,384,512,128,strongnative_2node_large128c0c7_fix_20260704022146_c0,8.354416685993783,2017,128,4,3,digits,"0,1,2",sklearn_digits,1,21,1,,4,chordal,7,tfim,auto,4,4,data/raw/perlmutter/practical_suite_sweep/practical_strongnative_2node_large128c0c7_fix_20260704022146_c0_ml_digits_c0v1v2_128s_4q_d1_r2_seed2017.json,ok
practical_strongnative_2node_large128c0c7_fix_20260704022146_c0_ml_digits_c0v1v2_128s_4q_d1_r2_seed2023.json,ml,multiclass_ml,test_accuracy,0.0008218259899877012,knn_numpy,knn_numpy,6,7.347858349996386,8940.893132506491,1.0,0.6875,0.3125,1024,384,512,128,strongnative_2node_large128c0c7_fix_20260704022146_c0,7.4432173630048055,2023,128,4,3,digits,"0,1,2",sklearn_digits,1,21,1,,4,chordal,7,tfim,auto,4,4,data/raw/perlmutter/practical_suite_sweep/practical_strongnative_2node_large128c0c7_fix_20260704022146_c0_ml_digits_c0v1v2_128s_4q_d1_r2_seed2023.json,ok
practical_strongnative_2node_large128c0c7_fix_20260704022146_c0_ml_digits_c0v1v2_128s_4q_d1_r2_seed2031.json,ml,multiclass_ml,test_accuracy,0.0008105150191113353,knn_numpy,knn_numpy,6,7.79229218501132,9614.000976261912,1.0,0.8125,0.1875,1024,384,512,128,strongnative_2node_large128c0c7_fix_20260704022146_c0,7.90043773301295,2031,128,4,3,digits,"0,1,2",sklearn_digits,1,21,1,,4,chordal,7,tfim,auto,4,4,data/raw/perlmutter/practical_suite_sweep/practical_strongnative_2node_large128c0c7_fix_20260704022146_c0_ml_digits_c0v1v2_128s_4q_d1_r2_seed2031.json,ok
practical_strongnative_2node_large128c0c7_fix_20260704022146_c0_ml_digits_c0v1v2_128s_4q_d1_r2_seed2043.json,ml,multiclass_ml,test_accuracy,0.00014046099386177957,linear_ridge_numpy,linear_ridge_numpy,6,7.7020098350185435,54833.79850350265,1.0,0.875,0.125,1024,384,512,128,strongnative_2node_large128c0c7_fix_20260704022146_c0,7.803436241985764,2043,128,4,3,digits,"0,1,2",sklearn_digits,1,21,1,,4,chordal,7,tfim,auto,4,4,data/raw/perlmutter/practical_suite_sweep/practical_strongnative_2node_large128c0c7_fix_20260704022146_c0_ml_digits_c0v1v2_128s_4q_d1_r2_seed2043.json,ok
practical_strongnative_2node_large128c0c7_fix_20260704022146_c0_ml_digits_c0v1v2_128s_4q_d1_r3_seed3017.json,ml,multiclass_ml,test_accuracy,0.0008123790030367672,knn_numpy,knn_numpy,6,7.654023417999269,9421.739593696586,1.0,0.75,0.25,1024,384,512,128,strongnative_2node_large128c0c7_fix_20260704022146_c0,7.747011655010283,3017,128,4,3,digits,"0,1,2",sklearn_digits,1,21,1,,4,chordal,7,tfim,auto,4,4,data/raw/perlmutter/practical_suite_sweep/practical_strongnative_2node_large128c0c7_fix_20260704022146_c0_ml_digits_c0v1v2_128s_4q_d1_r3_seed3017.json,ok
practical_strongnative_2node_large128c0c7_fix_20260704022146_c0_ml_digits_c0v1v2_128s_4q_d1_r3_seed3023.json,ml,multiclass_ml,test_accuracy,0.00014257500879466534,linear_ridge_numpy,linear_ridge_numpy,6,7.129583689005813,50005.84428701489,1.0,0.65625,0.34375,1024,384,512,128,strongnative_2node_large128c0c7_fix_20260704022146_c0,7.223704553005518,3023,128,4,3,digits,"0,1,2",sklearn_digits,1,21,1,,4,chordal,7,tfim,auto,4,4,data/raw/perlmutter/practical_suite_sweep/practical_strongnative_2node_large128c0c7_fix_20260704022146_c0_ml_digits_c0v1v2_128s_4q_d1_r3_seed3023.json,ok
practical_strongnative_2node_large128c0c7_fix_20260704022146_c0_ml_digits_c0v1v2_128s_4q_d1_r3_seed3031.json,ml,multiclass_ml,test_accuracy,0.0008292209822684526,knn_numpy,knn_numpy,6,7.136056768009439,8605.735890193871,1.0,0.78125,0.21875,1024,384,512,128,strongnative_2node_large128c0c7_fix_20260704022146_c0,7.250270107993856,3031,128,4,3,digits,"0,1,2",sklearn_digits,1,21,1,,4,chordal,7,tfim,auto,4,4,data/raw/perlmutter/practical_suite_sweep/practical_strongnative_2node_large128c0c7_fix_20260704022146_c0_ml_digits_c0v1v2_128s_4q_d1_r3_seed3031.json,ok
practical_strongnative_2node_large128c0c7_fix_20260704022146_c0_ml_digits_c0v1v2_128s_4q_d1_r3_seed3043.json,ml,multiclass_ml,test_accuracy,0.00013669399777427316,nearest_centroid_numpy,nearest_centroid_numpy,6,7.2600385890109465,53111.612120670165,1.0,0.75,0.25,1024,384,512,128,strongnative_2node_large128c0c7_fix_20260704022146_c0,7.3553336009790655,3043,128,4,3,digits,"0,1,2",sklearn_digits,1,21,1,,4,chordal,7,tfim,auto,4,4,data/raw/perlmutter/practical_suite_sweep/practical_strongnative_2node_large128c0c7_fix_20260704022146_c0_ml_digits_c0v1v2_128s_4q_d1_r3_seed3043.json,ok
practical_strongnative_2node_large128c0c7_fix_20260704022146_c0_qaoa_chordal_5n_grid7_r0_seed43.json,optimization,optimization_qaoa,approximation_ratio,6.327300798147917e-05,exact_enumeration_numpy,,4,7.765657622017898,122732.55009926202,6,4.521153579257492,0.2464744034570847,833,686,245,49,strongnative_2node_large128c0c7_fix_20260704022146_c0,7.799637477990473,43,72,4,3,synthetic,"0,1,2",,1,21,1,,5,chordal,7,tfim,auto,4,4,data/raw/perlmutter/practical_suite_sweep/practical_strongnative_2node_large128c0c7_fix_20260704022146_c0_qaoa_chordal_5n_grid7_r0_seed43.json,ok
practical_strongnative_2node_large128c0c7_fix_20260704022146_c0_qaoa_chordal_5n_grid7_r2_seed2043.json,optimization,optimization_qaoa,approximation_ratio,6.170899723656476e-05,exact_enumeration_numpy,,4,8.720642529980978,141318.8176847199,6,4.521153579257492,0.2464744034570847,833,686,245,49,strongnative_2node_large128c0c7_fix_20260704022146_c0,8.77188729000045,2043,72,4,3,synthetic,"0,1,2",,1,21,1,,5,chordal,7,tfim,auto,4,4,data/raw/perlmutter/practical_suite_sweep/practical_strongnative_2node_large128c0c7_fix_20260704022146_c0_qaoa_chordal_5n_grid7_r2_seed2043.json,ok
practical_strongnative_2node_large128c0c7_fix_20260704022146_c0_qaoa_ladder_6n_grid7_r0_seed17.json,optimization,optimization_qaoa,approximation_ratio,2.4526991182938218e-05,greedy_assignment_numpy,,4,6.736664850002853,274663.32090049016,7,4.737139289628745,0.32326581576732216,931,686,294,49,strongnative_2node_large128c0c7_fix_20260704022146_c0,6.76563421098399,17,72,4,3,synthetic,"0,1,2",,1,21,1,,6,ladder,7,tfim,auto,4,4,data/raw/perlmutter/practical_suite_sweep/practical_strongnative_2node_large128c0c7_fix_20260704022146_c0_qaoa_ladder_6n_grid7_r0_seed17.json,ok
practical_strongnative_2node_large128c0c7_fix_20260704022146_c0_qaoa_ladder_6n_grid7_r2_seed2017.json,optimization,optimization_qaoa,approximation_ratio,2.4756998755037785e-05,greedy_assignment_numpy,,4,8.979000429011649,362685.3366943163,7,4.737139289628745,0.32326581576732216,931,686,294,49,strongnative_2node_large128c0c7_fix_20260704022146_c0,9.007630252977833,2017,72,4,3,synthetic,"0,1,2",,1,21,1,,6,ladder,7,tfim,auto,4,4,data/raw/perlmutter/practical_suite_sweep/practical_strongnative_2node_large128c0c7_fix_20260704022146_c0_qaoa_ladder_6n_grid7_r2_seed2017.json,ok
practical_strongnative_2node_large128c0c7_fix_20260704022146_c0_qaoa_ring_4n_grid7_r1_seed1031.json,optimization,optimization_qaoa,approximation_ratio,1.5519995940849185e-05,greedy_assignment_numpy,,4,7.47902045599767,481895.7739745679,4,2.749999999999999,0.3125000000000002,588,392,196,49,strongnative_2node_large128c0c7_fix_20260704022146_c0,7.515734542015707,1031,72,4,3,synthetic,"0,1,2",,1,21,1,,4,ring,7,tfim,auto,4,4,data/raw/perlmutter/practical_suite_sweep/practical_strongnative_2node_large128c0c7_fix_20260704022146_c0_qaoa_ring_4n_grid7_r1_seed1031.json,ok
practical_strongnative_2node_large128c0c7_fix_20260704022146_c0_qaoa_ring_4n_grid7_r3_seed3031.json,optimization,optimization_qaoa,approximation_ratio,1.5830009942874312e-05,greedy_assignment_numpy,,4,8.31060515801073,524990.5204103582,4,2.749999999999999,0.3125000000000002,588,392,196,49,strongnative_2node_large128c0c7_fix_20260704022146_c0,8.35625573399011,3031,72,4,3,synthetic,"0,1,2",,1,21,1,,4,ring,7,tfim,auto,4,4,data/raw/perlmutter/practical_suite_sweep/practical_strongnative_2node_large128c0c7_fix_20260704022146_c0_qaoa_ring_4n_grid7_r3_seed3031.json,ok
practical_strongnative_2node_large128c0c7_fix_20260704022146_c0_sim_tfim_4q_4steps_r0_seed23.json,simulation,hamiltonian_simulation,absolute_observable_error,0.00046043898328207433,exact_dense_eigendecomposition_numpy,,0,8.740221010986716,18982.36536942459,0.8218024506329117,0.820673031863585,0.0011294187693267066,28,24,4,1,strongnative_2node_large128c0c7_fix_20260704022146_c0,8.747303078998812,23,72,4,3,synthetic,"0,1,2",,1,21,1,,4,chordal,7,tfim,auto,4,4,data/raw/perlmutter/practical_suite_sweep/practical_strongnative_2node_large128c0c7_fix_20260704022146_c0_sim_tfim_4q_4steps_r0_seed23.json,ok
practical_strongnative_2node_large128c0c7_fix_20260704022146_c0_sim_tfim_4q_4steps_r1_seed1023.json,simulation,hamiltonian_simulation,absolute_observable_error,0.00045966802281327546,exact_dense_eigendecomposition_numpy,,0,9.05722434600466,19703.838197341498,0.8218024506329117,0.820673031863585,0.0011294187693267066,28,24,4,1,strongnative_2node_large128c0c7_fix_20260704022146_c0,9.068528014002368,1023,72,4,3,synthetic,"0,1,2",,1,21,1,,4,chordal,7,tfim,auto,4,4,data/raw/perlmutter/practical_suite_sweep/practical_strongnative_2node_large128c0c7_fix_20260704022146_c0_sim_tfim_4q_4steps_r1_seed1023.json,ok
practical_strongnative_2node_large128c0c7_fix_20260704022146_c0_sim_tfim_4q_4steps_r2_seed2023.json,simulation,hamiltonian_simulation,absolute_observable_error,0.00045371701708063483,exact_dense_eigendecomposition_numpy,,0,8.785952695994638,19364.388738439568,0.8218024506329117,0.820673031863585,0.0011294187693267066,28,24,4,1,strongnative_2node_large128c0c7_fix_20260704022146_c0,8.798974370991345,2023,72,4,3,synthetic,"0,1,2",,1,21,1,,4,chordal,7,tfim,auto,4,4,data/raw/perlmutter/practical_suite_sweep/practical_strongnative_2node_large128c0c7_fix_20260704022146_c0_sim_tfim_4q_4steps_r2_seed2023.json,ok
practical_strongnative_2node_large128c0c7_fix_20260704022146_c0_sim_tfim_4q_4steps_r3_seed3023.json,simulation,hamiltonian_simulation,absolute_observable_error,0.00046289400779642165,exact_dense_eigendecomposition_numpy,,0,7.898968454013811,17064.313473437178,0.8218024506329117,0.820673031863585,0.0011294187693267066,28,24,4,1,strongnative_2node_large128c0c7_fix_20260704022146_c0,7.910523958009435,3023,72,4,3,synthetic,"0,1,2",,1,21,1,,4,chordal,7,tfim,auto,4,4,data/raw/perlmutter/practical_suite_sweep/practical_strongnative_2node_large128c0c7_fix_20260704022146_c0_sim_tfim_4q_4steps_r3_seed3023.json,ok
practical_strongnative_2node_large128c0c7_fix_20260704022146_c1_chem_h2_l1_grid21_r0_seed17.json,chemistry,chemistry_vqe,absolute_energy_error,0.00015215401072055101,exact_diagonalization_numpy,,0,7.562125656986609,49700.46876303087,-1.85727503020238,-1.8539259190122395,0.0033491111901404746,1944,486,972,486,strongnative_2node_large128c0c7_fix_20260704022146_c1,7.568507529009366,17,72,4,3,synthetic,"0,1,2",,1,21,1,,4,chordal,7,tfim,auto,4,4,data/raw/perlmutter/practical_suite_sweep/practical_strongnative_2node_large128c0c7_fix_20260704022146_c1_chem_h2_l1_grid21_r0_seed17.json,ok
practical_strongnative_2node_large128c0c7_fix_20260704022146_c1_chem_h2_l1_grid33_r2_seed2023.json,chemistry,chemistry_vqe,absolute_energy_error,0.00015542999608442187,exact_diagonalization_numpy,,0,7.734917031979421,49764.6350565318,-1.85727503020238,-1.8569734051608102,0.0003016250415697197,4632,1158,2316,1158,strongnative_2node_large128c0c7_fix_20260704022146_c1,7.741527005011449,2023,72,4,3,synthetic,"0,1,2",,1,33,1,,4,chordal,7,tfim,auto,4,4,data/raw/perlmutter/practical_suite_sweep/practical_strongnative_2node_large128c0c7_fix_20260704022146_c1_chem_h2_l1_grid33_r2_seed2023.json,ok
practical_strongnative_2node_large128c0c7_fix_20260704022146_c1_ml_digits_c0v1v2_128s_4q_d2_r0_seed17.json,ml,multiclass_ml,test_accuracy,0.00014438899233937263,linear_ridge_numpy,linear_ridge_numpy,6,14.885645675007254,103094.04777907138,1.0,0.71875,0.28125,2048,768,512,128,strongnative_2node_large128c0c7_fix_20260704022146_c1,15.141597153007751,17,128,4,3,digits,"0,1,2",sklearn_digits,2,21,1,,4,chordal,7,tfim,auto,4,4,data/raw/perlmutter/practical_suite_sweep/practical_strongnative_2node_large128c0c7_fix_20260704022146_c1_ml_digits_c0v1v2_128s_4q_d2_r0_seed17.json,ok
practical_strongnative_2node_large128c0c7_fix_20260704022146_c1_ml_digits_c0v1v2_128s_4q_d2_r0_seed23.json,ml,multiclass_ml,test_accuracy,0.00013644300634041429,nearest_centroid_numpy,nearest_centroid_numpy,6,8.10483664702042,59400.89466219695,1.0,0.59375,0.40625,2048,768,512,128,strongnative_2node_large128c0c7_fix_20260704022146_c1,8.197589916002471,23,128,4,3,digits,"0,1,2",sklearn_digits,2,21,1,,4,chordal,7,tfim,auto,4,4,data/raw/perlmutter/practical_suite_sweep/practical_strongnative_2node_large128c0c7_fix_20260704022146_c1_ml_digits_c0v1v2_128s_4q_d2_r0_seed23.json,ok
practical_strongnative_2node_large128c0c7_fix_20260704022146_c1_ml_digits_c0v1v2_128s_4q_d2_r0_seed31.json,ml,multiclass_ml,test_accuracy,0.00014359698980115354,linear_ridge_numpy,linear_ridge_numpy,6,7.40375046301051,51559.231661212965,1.0,0.65625,0.34375,2048,768,512,128,strongnative_2node_large128c0c7_fix_20260704022146_c1,7.495399889972759,31,128,4,3,digits,"0,1,2",sklearn_digits,2,21,1,,4,chordal,7,tfim,auto,4,4,data/raw/perlmutter/practical_suite_sweep/practical_strongnative_2node_large128c0c7_fix_20260704022146_c1_ml_digits_c0v1v2_128s_4q_d2_r0_seed31.json,ok
practical_strongnative_2node_large128c0c7_fix_20260704022146_c1_ml_digits_c0v1v2_128s_4q_d2_r0_seed43.json,ml,multiclass_ml,test_accuracy,0.00014004998956806958,linear_ridge_numpy,linear_ridge_numpy,6,7.489108715002658,53474.53961331906,1.0,0.8125,0.1875,2048,768,512,128,strongnative_2node_large128c0c7_fix_20260704022146_c1,7.581140683003468,43,128,4,3,digits,"0,1,2",sklearn_digits,2,21,1,,4,chordal,7,tfim,auto,4,4,data/raw/perlmutter/practical_suite_sweep/practical_strongnative_2node_large128c0c7_fix_20260704022146_c1_ml_digits_c0v1v2_128s_4q_d2_r0_seed43.json,ok
practical_strongnative_2node_large128c0c7_fix_20260704022146_c1_ml_digits_c0v1v2_128s_4q_d2_r1_seed1017.json,ml,multiclass_ml,test_accuracy,0.00018216200987808406,nearest_centroid_numpy,nearest_centroid_numpy,6,7.484020886011422,41084.42199896821,1.0,0.6875,0.3125,2048,768,512,128,strongnative_2node_large128c0c7_fix_20260704022146_c1,7.574009466014104,1017,128,4,3,digits,"0,1,2",sklearn_digits,2,21,1,,4,chordal,7,tfim,auto,4,4,data/raw/perlmutter/practical_suite_sweep/practical_strongnative_2node_large128c0c7_fix_20260704022146_c1_ml_digits_c0v1v2_128s_4q_d2_r1_seed1017.json,ok
practical_strongnative_2node_large128c0c7_fix_20260704022146_c1_ml_digits_c0v1v2_128s_4q_d2_r1_seed1023.json,ml,multiclass_ml,test_accuracy,0.011463564005680382,rbf_kernel_ridge_numpy,rbf_kernel_ridge_numpy,6,7.4810150359990075,652.5906805503108,1.0,0.5,0.5,2048,768,512,128,strongnative_2node_large128c0c7_fix_20260704022146_c1,7.571215112984646,1023,128,4,3,digits,"0,1,2",sklearn_digits,2,21,1,,4,chordal,7,tfim,auto,4,4,data/raw/perlmutter/practical_suite_sweep/practical_strongnative_2node_large128c0c7_fix_20260704022146_c1_ml_digits_c0v1v2_128s_4q_d2_r1_seed1023.json,ok
practical_strongnative_2node_large128c0c7_fix_20260704022146_c1_ml_digits_c0v1v2_128s_4q_d2_r1_seed1031.json,ml,multiclass_ml,test_accuracy,0.000830963981570676,knn_numpy,knn_numpy,6,7.511684825993143,9039.723733626415,1.0,0.75,0.25,2048,768,512,128,strongnative_2node_large128c0c7_fix_20260704022146_c1,7.602434002008522,1031,128,4,3,digits,"0,1,2",sklearn_digits,2,21,1,,4,chordal,7,tfim,auto,4,4,data/raw/perlmutter/practical_suite_sweep/practical_strongnative_2node_large128c0c7_fix_20260704022146_c1_ml_digits_c0v1v2_128s_4q_d2_r1_seed1031.json,ok
practical_strongnative_2node_large128c0c7_fix_20260704022146_c1_ml_digits_c0v1v2_128s_4q_d2_r1_seed1043.json,ml,multiclass_ml,test_accuracy,0.011465657007647678,rbf_kernel_ridge_numpy,rbf_kernel_ridge_numpy,6,8.169804982986534,712.5457335360035,1.0,0.8125,0.1875,2048,768,512,128,strongnative_2node_large128c0c7_fix_20260704022146_c1,8.26404023799114,1043,128,4,3,digits,"0,1,2",sklearn_digits,2,21,1,,4,chordal,7,tfim,auto,4,4,data/raw/perlmutter/practical_suite_sweep/practical_strongnative_2node_large128c0c7_fix_20260704022146_c1_ml_digits_c0v1v2_128s_4q_d2_r1_seed1043.json,ok
practical_strongnative_2node_large128c0c7_fix_20260704022146_c1_ml_digits_c0v1v2_128s_4q_d2_r2_seed2017.json,ml,multiclass_ml,test_accuracy,0.00014274599379859865,linear_ridge_numpy,linear_ridge_numpy,6,8.46299758600071,59287.11104804255,1.0,0.625,0.375,2048,768,512,128,strongnative_2node_large128c0c7_fix_20260704022146_c1,8.553434069996001,2017,128,4,3,digits,"0,1,2",sklearn_digits,2,21,1,,4,chordal,7,tfim,auto,4,4,data/raw/perlmutter/practical_suite_sweep/practical_strongnative_2node_large128c0c7_fix_20260704022146_c1_ml_digits_c0v1v2_128s_4q_d2_r2_seed2017.json,ok
practical_strongnative_2node_large128c0c7_fix_20260704022146_c1_ml_digits_c0v1v2_128s_4q_d2_r2_seed2023.json,ml,multiclass_ml,test_accuracy,0.0008318359905388206,knn_numpy,knn_numpy,6,7.778443797986256,9350.93442271929,1.0,0.625,0.375,2048,768,512,128,strongnative_2node_large128c0c7_fix_20260704022146_c1,7.867487543000607,2023,128,4,3,digits,"0,1,2",sklearn_digits,2,21,1,,4,chordal,7,tfim,auto,4,4,data/raw/perlmutter/practical_suite_sweep/practical_strongnative_2node_large128c0c7_fix_20260704022146_c1_ml_digits_c0v1v2_128s_4q_d2_r2_seed2023.json,ok
practical_strongnative_2node_large128c0c7_fix_20260704022146_c1_ml_digits_c0v1v2_128s_4q_d2_r2_seed2031.json,ml,multiclass_ml,test_accuracy,0.0008189819927792996,knn_numpy,knn_numpy,6,7.674971344997175,9371.355429868941,1.0,0.75,0.25,2048,768,512,128,strongnative_2node_large128c0c7_fix_20260704022146_c1,7.775980758015066,2031,128,4,3,digits,"0,1,2",sklearn_digits,2,21,1,,4,chordal,7,tfim,auto,4,4,data/raw/perlmutter/practical_suite_sweep/practical_strongnative_2node_large128c0c7_fix_20260704022146_c1_ml_digits_c0v1v2_128s_4q_d2_r2_seed2031.json,ok
practical_strongnative_2node_large128c0c7_fix_20260704022146_c1_ml_digits_c0v1v2_128s_4q_d2_r2_seed2043.json,ml,multiclass_ml,test_accuracy,0.00014521999401040375,linear_ridge_numpy,linear_ridge_numpy,6,7.808609197003534,53770.8960134244,1.0,0.6875,0.3125,2048,768,512,128,strongnative_2node_large128c0c7_fix_20260704022146_c1,7.902116320998175,2043,128,4,3,digits,"0,1,2",sklearn_digits,2,21,1,,4,chordal,7,tfim,auto,4,4,data/raw/perlmutter/practical_suite_sweep/practical_strongnative_2node_large128c0c7_fix_20260704022146_c1_ml_digits_c0v1v2_128s_4q_d2_r2_seed2043.json,ok
practical_strongnative_2node_large128c0c7_fix_20260704022146_c1_ml_digits_c0v1v2_128s_4q_d2_r3_seed3017.json,ml,multiclass_ml,test_accuracy,0.0008216860005632043,knn_numpy,knn_numpy,6,8.029652805009391,9772.1669828933,1.0,0.59375,0.40625,2048,768,512,128,strongnative_2node_large128c0c7_fix_20260704022146_c1,8.125572953023948,3017,128,4,3,digits,"0,1,2",sklearn_digits,2,21,1,,4,chordal,7,tfim,auto,4,4,data/raw/perlmutter/practical_suite_sweep/practical_strongnative_2node_large128c0c7_fix_20260704022146_c1_ml_digits_c0v1v2_128s_4q_d2_r3_seed3017.json,ok
practical_strongnative_2node_large128c0c7_fix_20260704022146_c1_ml_digits_c0v1v2_128s_4q_d2_r3_seed3023.json,ml,multiclass_ml,test_accuracy,0.0001408520038239658,linear_ridge_numpy,linear_ridge_numpy,6,7.202824999025324,51137.54013771278,1.0,0.5,0.5,2048,768,512,128,strongnative_2node_large128c0c7_fix_20260704022146_c1,7.293520929000806,3023,128,4,3,digits,"0,1,2",sklearn_digits,2,21,1,,4,chordal,7,tfim,auto,4,4,data/raw/perlmutter/practical_suite_sweep/practical_strongnative_2node_large128c0c7_fix_20260704022146_c1_ml_digits_c0v1v2_128s_4q_d2_r3_seed3023.json,ok
practical_strongnative_2node_large128c0c7_fix_20260704022146_c1_ml_digits_c0v1v2_128s_4q_d2_r3_seed3031.json,ml,multiclass_ml,test_accuracy,0.0008310949779115617,knn_numpy,knn_numpy,6,7.097250879014609,8539.638750855069,1.0,0.65625,0.34375,2048,768,512,128,strongnative_2node_large128c0c7_fix_20260704022146_c1,7.191782397014322,3031,128,4,3,digits,"0,1,2",sklearn_digits,2,21,1,,4,chordal,7,tfim,auto,4,4,data/raw/perlmutter/practical_suite_sweep/practical_strongnative_2node_large128c0c7_fix_20260704022146_c1_ml_digits_c0v1v2_128s_4q_d2_r3_seed3031.json,ok
practical_strongnative_2node_large128c0c7_fix_20260704022146_c1_ml_digits_c0v1v2_128s_4q_d2_r3_seed3043.json,ml,multiclass_ml,test_accuracy,0.00013670400949195027,nearest_centroid_numpy,nearest_centroid_numpy,6,7.602098737988854,55609.91785274958,1.0,0.65625,0.34375,2048,768,512,128,strongnative_2node_large128c0c7_fix_20260704022146_c1,7.692197475989815,3043,128,4,3,digits,"0,1,2",sklearn_digits,2,21,1,,4,chordal,7,tfim,auto,4,4,data/raw/perlmutter/practical_suite_sweep/practical_strongnative_2node_large128c0c7_fix_20260704022146_c1_ml_digits_c0v1v2_128s_4q_d2_r3_seed3043.json,ok
practical_strongnative_2node_large128c0c7_fix_20260704022146_c1_qaoa_chordal_5n_grid9_r0_seed43.json,optimization,optimization_qaoa,approximation_ratio,6.24899985268712e-05,exact_enumeration_numpy,,4,8.1504648970149,130428.30995603454,6,4.469198918953913,0.2551335135076811,1377,1134,405,81,strongnative_2node_large128c0c7_fix_20260704022146_c1,8.173001672024839,43,72,4,3,synthetic,"0,1,2",,1,21,1,,5,chordal,9,tfim,auto,4,4,data/raw/perlmutter/practical_suite_sweep/practical_strongnative_2node_large128c0c7_fix_20260704022146_c1_qaoa_chordal_5n_grid9_r0_seed43.json,ok
practical_strongnative_2node_large128c0c7_fix_20260704022146_c1_qaoa_chordal_5n_grid9_r2_seed2043.json,optimization,optimization_qaoa,approximation_ratio,6.123800994828343e-05,exact_enumeration_numpy,,4,8.968169132014737,146447.75588867947,6,4.469198918953913,0.2551335135076811,1377,1134,405,81,strongnative_2node_large128c0c7_fix_20260704022146_c1,9.006681169994408,2043,72,4,3,synthetic,"0,1,2",,1,21,1,,5,chordal,9,tfim,auto,4,4,data/raw/perlmutter/practical_suite_sweep/practical_strongnative_2node_large128c0c7_fix_20260704022146_c1_qaoa_chordal_5n_grid9_r2_seed2043.json,ok
practical_strongnative_2node_large128c0c7_fix_20260704022146_c1_qaoa_ladder_6n_grid9_r0_seed17.json,optimization,optimization_qaoa,approximation_ratio,2.4156004656106234e-05,greedy_assignment_numpy,,4,6.66685776101076,275991.7401872785,7,5.030330085889901,0.28138141630144275,1539,1134,486,81,strongnative_2node_large128c0c7_fix_20260704022146_c1,6.690971624018857,17,72,4,3,synthetic,"0,1,2",,1,21,1,,6,ladder,9,tfim,auto,4,4,data/raw/perlmutter/practical_suite_sweep/practical_strongnative_2node_large128c0c7_fix_20260704022146_c1_qaoa_ladder_6n_grid9_r0_seed17.json,ok
practical_strongnative_2node_large128c0c7_fix_20260704022146_c1_qaoa_ladder_6n_grid9_r2_seed2017.json,optimization,optimization_qaoa,approximation_ratio,2.4147011572495103e-05,greedy_assignment_numpy,,4,9.101398508995771,376916.14474408963,7,5.030330085889901,0.28138141630144275,1539,1134,486,81,strongnative_2node_large128c0c7_fix_20260704022146_c1,9.12597354099853,2017,72,4,3,synthetic,"0,1,2",,1,21,1,,6,ladder,9,tfim,auto,4,4,data/raw/perlmutter/practical_suite_sweep/practical_strongnative_2node_large128c0c7_fix_20260704022146_c1_qaoa_ladder_6n_grid9_r2_seed2017.json,ok
practical_strongnative_2node_large128c0c7_fix_20260704022146_c1_qaoa_ring_4n_grid9_r1_seed1031.json,optimization,optimization_qaoa,approximation_ratio,1.648199395276606e-05,greedy_assignment_numpy,,4,7.536946159001673,457283.638169082,4,2.999999999999998,0.25000000000000056,972,648,324,81,strongnative_2node_large128c0c7_fix_20260704022146_c1,7.563671573996544,1031,72,4,3,synthetic,"0,1,2",,1,21,1,,4,ring,9,tfim,auto,4,4,data/raw/perlmutter/practical_suite_sweep/practical_strongnative_2node_large128c0c7_fix_20260704022146_c1_qaoa_ring_4n_grid9_r1_seed1031.json,ok
practical_strongnative_2node_large128c0c7_fix_20260704022146_c1_qaoa_ring_4n_grid9_r3_seed3031.json,optimization,optimization_qaoa,approximation_ratio,1.5319004887714982e-05,greedy_assignment_numpy,,4,8.445954199996777,551338.3057126628,4,2.999999999999998,0.25000000000000056,972,648,324,81,strongnative_2node_large128c0c7_fix_20260704022146_c1,8.481245328002842,3031,72,4,3,synthetic,"0,1,2",,1,21,1,,4,ring,9,tfim,auto,4,4,data/raw/perlmutter/practical_suite_sweep/practical_strongnative_2node_large128c0c7_fix_20260704022146_c1_qaoa_ring_4n_grid9_r3_seed3031.json,ok
practical_strongnative_2node_large128c0c7_fix_20260704022146_c1_sim_tfim_4q_6steps_r0_seed23.json,simulation,hamiltonian_simulation,absolute_observable_error,0.00045962698641233146,exact_dense_eigendecomposition_numpy,,0,8.782419641007436,19107.71103663771,0.8218024506329117,0.8213019840508518,0.000500466582059933,42,36,4,1,strongnative_2node_large128c0c7_fix_20260704022146_c1,8.7940588890051,23,72,4,3,synthetic,"0,1,2",,1,21,1,,4,chordal,7,tfim,auto,4,6,data/raw/perlmutter/practical_suite_sweep/practical_strongnative_2node_large128c0c7_fix_20260704022146_c1_sim_tfim_4q_6steps_r0_seed23.json,ok
practical_strongnative_2node_large128c0c7_fix_20260704022146_c1_sim_tfim_4q_6steps_r1_seed1023.json,simulation,hamiltonian_simulation,absolute_observable_error,0.0005601719894912094,exact_dense_eigendecomposition_numpy,,0,9.240013820002787,16494.95867937857,0.8218024506329117,0.8213019840508518,0.000500466582059933,42,36,4,1,strongnative_2node_large128c0c7_fix_20260704022146_c1,9.25063102200511,1023,72,4,3,synthetic,"0,1,2",,1,21,1,,4,chordal,7,tfim,auto,4,6,data/raw/perlmutter/practical_suite_sweep/practical_strongnative_2node_large128c0c7_fix_20260704022146_c1_sim_tfim_4q_6steps_r1_seed1023.json,ok
practical_strongnative_2node_large128c0c7_fix_20260704022146_c1_sim_tfim_4q_6steps_r2_seed2023.json,simulation,hamiltonian_simulation,absolute_observable_error,0.000461420975625515,exact_dense_eigendecomposition_numpy,,0,8.836368610005593,19150.340094588824,0.8218024506329117,0.8213019840508518,0.000500466582059933,42,36,4,1,strongnative_2node_large128c0c7_fix_20260704022146_c1,8.843891297001392,2023,72,4,3,synthetic,"0,1,2",,1,21,1,,4,chordal,7,tfim,auto,4,6,data/raw/perlmutter/practical_suite_sweep/practical_strongnative_2node_large128c0c7_fix_20260704022146_c1_sim_tfim_4q_6steps_r2_seed2023.json,ok
practical_strongnative_2node_large128c0c7_fix_20260704022146_c1_sim_tfim_4q_6steps_r3_seed3023.json,simulation,hamiltonian_simulation,absolute_observable_error,0.00047703098971396685,exact_dense_eigendecomposition_numpy,,0,8.080437683995115,16939.020437310028,0.8218024506329117,0.8213019840508518,0.000500466582059933,42,36,4,1,strongnative_2node_large128c0c7_fix_20260704022146_c1,8.090815524978098,3023,72,4,3,synthetic,"0,1,2",,1,21,1,,4,chordal,7,tfim,auto,4,6,data/raw/perlmutter/practical_suite_sweep/practical_strongnative_2node_large128c0c7_fix_20260704022146_c1_sim_tfim_4q_6steps_r3_seed3023.json,ok
practical_strongnative_2node_large128c0c7_fix_20260704022146_c2_chem_4q_l1_grid9_r2_seed2023.json,chemistry,chemistry_vqe,absolute_energy_error,0.000250643992330879,exact_diagonalization_numpy,,0,7.47335144598037,29816.599139207312,-1.705732892552902,-0.9022888650985728,0.8034440274543293,168,63,84,21,strongnative_2node_large128c0c7_fix_20260704022146_c2,7.485443383018719,2023,72,4,3,synthetic,"0,1,2",,1,9,1,benchmarks/workloads/hamiltonians/molecular_chain_4q.json,4,chordal,7,tfim,auto,4,4,data/raw/perlmutter/practical_suite_sweep/practical_strongnative_2node_large128c0c7_fix_20260704022146_c2_chem_4q_l1_grid9_r2_seed2023.json,ok
practical_strongnative_2node_large128c0c7_fix_20260704022146_c2_chem_h2_l1_grid25_r0_seed17.json,chemistry,chemistry_vqe,absolute_energy_error,0.00018944600014947355,exact_diagonalization_numpy,,0,7.7387343919835985,40849.28890490013,-1.85727503020238,-1.8566776536800178,0.0005973765223621363,2712,678,1356,678,strongnative_2node_large128c0c7_fix_20260704022146_c2,7.746009549999144,17,72,4,3,synthetic,"0,1,2",,1,25,1,,4,chordal,7,tfim,auto,4,4,data/raw/perlmutter/practical_suite_sweep/practical_strongnative_2node_large128c0c7_fix_20260704022146_c2_chem_h2_l1_grid25_r0_seed17.json,ok
practical_strongnative_2node_large128c0c7_fix_20260704022146_c2_ml_digits_c0v1v2_128s_6q_d1_r0_seed17.json,ml,multiclass_ml,test_accuracy,0.0001263839949388057,nearest_centroid_numpy,nearest_centroid_numpy,6,14.828481834003469,117328.79500433043,1.0,0.625,0.375,1536,640,768,128,strongnative_2node_large128c0c7_fix_20260704022146_c2,15.132475377002265,17,128,6,3,digits,"0,1,2",sklearn_digits,1,21,1,,4,chordal,7,tfim,auto,4,4,data/raw/perlmutter/practical_suite_sweep/practical_strongnative_2node_large128c0c7_fix_20260704022146_c2_ml_digits_c0v1v2_128s_6q_d1_r0_seed17.json,ok
practical_strongnative_2node_large128c0c7_fix_20260704022146_c2_ml_digits_c0v1v2_128s_6q_d1_r0_seed23.json,ml,multiclass_ml,test_accuracy,0.0008477270021103323,knn_numpy,knn_numpy,6,8.254850082972553,9737.627871263889,1.0,0.75,0.25,1536,640,768,128,strongnative_2node_large128c0c7_fix_20260704022146_c2,8.353085598995676,23,128,6,3,digits,"0,1,2",sklearn_digits,1,21,1,,4,chordal,7,tfim,auto,4,4,data/raw/perlmutter/practical_suite_sweep/practical_strongnative_2node_large128c0c7_fix_20260704022146_c2_ml_digits_c0v1v2_128s_6q_d1_r0_seed23.json,ok
practical_strongnative_2node_large128c0c7_fix_20260704022146_c2_ml_digits_c0v1v2_128s_6q_d1_r0_seed31.json,ml,multiclass_ml,test_accuracy,0.0001597789814695716,nearest_centroid_numpy,nearest_centroid_numpy,6,7.31294997499208,45769.161298507606,1.0,0.6875,0.3125,1536,640,768,128,strongnative_2node_large128c0c7_fix_20260704022146_c2,7.4094804280030075,31,128,6,3,digits,"0,1,2",sklearn_digits,1,21,1,,4,chordal,7,tfim,auto,4,4,data/raw/perlmutter/practical_suite_sweep/practical_strongnative_2node_large128c0c7_fix_20260704022146_c2_ml_digits_c0v1v2_128s_6q_d1_r0_seed31.json,ok
practical_strongnative_2node_large128c0c7_fix_20260704022146_c2_ml_digits_c0v1v2_128s_6q_d1_r0_seed43.json,ml,multiclass_ml,test_accuracy,0.0001632750208955258,linear_ridge_numpy,linear_ridge_numpy,6,7.4482651310099754,45617.909525645504,1.0,0.8125,0.1875,1536,640,768,128,strongnative_2node_large128c0c7_fix_20260704022146_c2,7.542628673982108,43,128,6,3,digits,"0,1,2",sklearn_digits,1,21,1,,4,chordal,7,tfim,auto,4,4,data/raw/perlmutter/practical_suite_sweep/practical_strongnative_2node_large128c0c7_fix_20260704022146_c2_ml_digits_c0v1v2_128s_6q_d1_r0_seed43.json,ok
practical_strongnative_2node_large128c0c7_fix_20260704022146_c2_ml_digits_c0v1v2_128s_6q_d1_r1_seed1017.json,ml,multiclass_ml,test_accuracy,0.0008210149826481938,knn_numpy,knn_numpy,6,7.532646429986926,9174.797767624512,1.0,0.75,0.25,1536,640,768,128,strongnative_2node_large128c0c7_fix_20260704022146_c2,7.624712116026785,1017,128,6,3,digits,"0,1,2",sklearn_digits,1,21,1,,4,chordal,7,tfim,auto,4,4,data/raw/perlmutter/practical_suite_sweep/practical_strongnative_2node_large128c0c7_fix_20260704022146_c2_ml_digits_c0v1v2_128s_6q_d1_r1_seed1017.json,ok
practical_strongnative_2node_large128c0c7_fix_20260704022146_c2_ml_digits_c0v1v2_128s_6q_d1_r1_seed1023.json,ml,multiclass_ml,test_accuracy,0.0116300449881237,rbf_kernel_ridge_numpy,rbf_kernel_ridge_numpy,6,7.5400593359954655,648.3258958753107,0.96875,0.75,0.21875,1536,640,768,128,strongnative_2node_large128c0c7_fix_20260704022146_c2,7.638809573982144,1023,128,6,3,digits,"0,1,2",sklearn_digits,1,21,1,,4,chordal,7,tfim,auto,4,4,data/raw/perlmutter/practical_suite_sweep/practical_strongnative_2node_large128c0c7_fix_20260704022146_c2_ml_digits_c0v1v2_128s_6q_d1_r1_seed1023.json,ok
practical_strongnative_2node_large128c0c7_fix_20260704022146_c2_ml_digits_c0v1v2_128s_6q_d1_r1_seed1031.json,ml,multiclass_ml,test_accuracy,0.00014525101869367063,nearest_centroid_numpy,nearest_centroid_numpy,6,7.906172969000181,54431.10168937284,0.96875,0.6875,0.28125,1536,640,768,128,strongnative_2node_large128c0c7_fix_20260704022146_c2,7.996925672981888,1031,128,6,3,digits,"0,1,2",sklearn_digits,1,21,1,,4,chordal,7,tfim,auto,4,4,data/raw/perlmutter/practical_suite_sweep/practical_strongnative_2node_large128c0c7_fix_20260704022146_c2_ml_digits_c0v1v2_128s_6q_d1_r1_seed1031.json,ok
practical_strongnative_2node_large128c0c7_fix_20260704022146_c2_ml_digits_c0v1v2_128s_6q_d1_r1_seed1043.json,ml,multiclass_ml,test_accuracy,0.00016456699813716114,nearest_centroid_numpy,nearest_centroid_numpy,6,8.493984677974368,51614.14362614133,1.0,0.875,0.125,1536,640,768,128,strongnative_2node_large128c0c7_fix_20260704022146_c2,8.590376986016054,1043,128,6,3,digits,"0,1,2",sklearn_digits,1,21,1,,4,chordal,7,tfim,auto,4,4,data/raw/perlmutter/practical_suite_sweep/practical_strongnative_2node_large128c0c7_fix_20260704022146_c2_ml_digits_c0v1v2_128s_6q_d1_r1_seed1043.json,ok
practical_strongnative_2node_large128c0c7_fix_20260704022146_c2_ml_digits_c0v1v2_128s_6q_d1_r2_seed2017.json,ml,multiclass_ml,test_accuracy,0.0001591669861227274,nearest_centroid_numpy,nearest_centroid_numpy,6,8.394901708001271,52742.73209852885,1.0,0.75,0.25,1536,640,768,128,strongnative_2node_large128c0c7_fix_20260704022146_c2,8.490351726999506,2017,128,6,3,digits,"0,1,2",sklearn_digits,1,21,1,,4,chordal,7,tfim,auto,4,4,data/raw/perlmutter/practical_suite_sweep/practical_strongnative_2node_large128c0c7_fix_20260704022146_c2_ml_digits_c0v1v2_128s_6q_d1_r2_seed2017.json,ok
practical_strongnative_2node_large128c0c7_fix_20260704022146_c2_ml_digits_c0v1v2_128s_6q_d1_r2_seed2023.json,ml,multiclass_ml,test_accuracy,0.00016341498121619225,linear_ridge_numpy,linear_ridge_numpy,6,7.541106903983746,46146.97408927966,1.0,0.5625,0.4375,1536,640,768,128,strongnative_2node_large128c0c7_fix_20260704022146_c2,7.634211730008246,2023,128,6,3,digits,"0,1,2",sklearn_digits,1,21,1,,4,chordal,7,tfim,auto,4,4,data/raw/perlmutter/practical_suite_sweep/practical_strongnative_2node_large128c0c7_fix_20260704022146_c2_ml_digits_c0v1v2_128s_6q_d1_r2_seed2023.json,ok
practical_strongnative_2node_large128c0c7_fix_20260704022146_c2_ml_digits_c0v1v2_128s_6q_d1_r2_seed2031.json,ml,multiclass_ml,test_accuracy,0.00017010801821015775,linear_ridge_numpy,linear_ridge_numpy,6,7.998664621001808,47021.09109942108,1.0,0.78125,0.21875,1536,640,768,128,strongnative_2node_large128c0c7_fix_20260704022146_c2,8.093942523002625,2031,128,6,3,digits,"0,1,2",sklearn_digits,1,21,1,,4,chordal,7,tfim,auto,4,4,data/raw/perlmutter/practical_suite_sweep/practical_strongnative_2node_large128c0c7_fix_20260704022146_c2_ml_digits_c0v1v2_128s_6q_d1_r2_seed2031.json,ok
practical_strongnative_2node_large128c0c7_fix_20260704022146_c2_ml_digits_c0v1v2_128s_6q_d1_r2_seed2043.json,ml,multiclass_ml,test_accuracy,0.00015835597878322005,nearest_centroid_numpy,nearest_centroid_numpy,6,7.509098067006562,47419.100464063136,1.0,0.78125,0.21875,1536,640,768,128,strongnative_2node_large128c0c7_fix_20260704022146_c2,7.60674291299074,2043,128,6,3,digits,"0,1,2",sklearn_digits,1,21,1,,4,chordal,7,tfim,auto,4,4,data/raw/perlmutter/practical_suite_sweep/practical_strongnative_2node_large128c0c7_fix_20260704022146_c2_ml_digits_c0v1v2_128s_6q_d1_r2_seed2043.json,ok
practical_strongnative_2node_large128c0c7_fix_20260704022146_c2_ml_digits_c0v1v2_128s_6q_d1_r3_seed3017.json,ml,multiclass_ml,test_accuracy,0.009830841998336837,softmax_regression_numpy,softmax_regression_numpy,6,7.771524987008888,790.5248592464064,1.0,0.875,0.125,1536,640,768,128,strongnative_2node_large128c0c7_fix_20260704022146_c2,7.863163306989009,3017,128,6,3,digits,"0,1,2",sklearn_digits,1,21,1,,4,chordal,7,tfim,auto,4,4,data/raw/perlmutter/practical_suite_sweep/practical_strongnative_2node_large128c0c7_fix_20260704022146_c2_ml_digits_c0v1v2_128s_6q_d1_r3_seed3017.json,ok
practical_strongnative_2node_large128c0c7_fix_20260704022146_c2_ml_digits_c0v1v2_128s_6q_d1_r3_seed3023.json,ml,multiclass_ml,test_accuracy,0.00015948800137266517,nearest_centroid_numpy,nearest_centroid_numpy,6,7.302667279000161,45788.19231633919,1.0,0.6875,0.3125,1536,640,768,128,strongnative_2node_large128c0c7_fix_20260704022146_c2,7.39482295801281,3023,128,6,3,digits,"0,1,2",sklearn_digits,1,21,1,,4,chordal,7,tfim,auto,4,4,data/raw/perlmutter/practical_suite_sweep/practical_strongnative_2node_large128c0c7_fix_20260704022146_c2_ml_digits_c0v1v2_128s_6q_d1_r3_seed3023.json,ok
practical_strongnative_2node_large128c0c7_fix_20260704022146_c2_ml_digits_c0v1v2_128s_6q_d1_r3_seed3031.json,ml,multiclass_ml,test_accuracy,0.00015787497977726161,nearest_centroid_numpy,nearest_centroid_numpy,6,7.393156220001401,46829.18237222933,1.0,0.6875,0.3125,1536,640,768,128,strongnative_2node_large128c0c7_fix_20260704022146_c2,7.499251436005579,3031,128,6,3,digits,"0,1,2",sklearn_digits,1,21,1,,4,chordal,7,tfim,auto,4,4,data/raw/perlmutter/practical_suite_sweep/practical_strongnative_2node_large128c0c7_fix_20260704022146_c2_ml_digits_c0v1v2_128s_6q_d1_r3_seed3031.json,ok
practical_strongnative_2node_large128c0c7_fix_20260704022146_c2_ml_digits_c0v1v2_128s_6q_d1_r3_seed3043.json,ml,multiclass_ml,test_accuracy,0.00016459799371659756,linear_ridge_numpy,linear_ridge_numpy,6,7.334556613001041,44560.42535748993,1.0,0.65625,0.34375,1536,640,768,128,strongnative_2node_large128c0c7_fix_20260704022146_c2,7.426017441001022,3043,128,6,3,digits,"0,1,2",sklearn_digits,1,21,1,,4,chordal,7,tfim,auto,4,4,data/raw/perlmutter/practical_suite_sweep/practical_strongnative_2node_large128c0c7_fix_20260704022146_c2_ml_digits_c0v1v2_128s_6q_d1_r3_seed3043.json,ok
practical_strongnative_2node_large128c0c7_fix_20260704022146_c2_qaoa_chordal_5n_grid11_r0_seed43.json,optimization,optimization_qaoa,approximation_ratio,6.171001587063074e-05,exact_enumeration_numpy,,4,8.01537642799667,129887.77129469802,6,4.589396242968677,0.2351006261718872,2057,1694,605,121,strongnative_2node_large128c0c7_fix_20260704022146_c2,8.037081557005877,43,72,4,3,synthetic,"0,1,2",,1,21,1,,5,chordal,11,tfim,auto,4,4,data/raw/perlmutter/practical_suite_sweep/practical_strongnative_2node_large128c0c7_fix_20260704022146_c2_qaoa_chordal_5n_grid11_r0_seed43.json,ok
practical_strongnative_2node_large128c0c7_fix_20260704022146_c2_qaoa_chordal_5n_grid11_r2_seed2043.json,optimization,optimization_qaoa,approximation_ratio,6.168999243527651e-05,exact_enumeration_numpy,,4,8.851564890996087,143484.61624927112,6,4.589396242968677,0.2351006261718872,2057,1694,605,121,strongnative_2node_large128c0c7_fix_20260704022146_c2,8.877051253017271,2043,72,4,3,synthetic,"0,1,2",,1,21,1,,5,chordal,11,tfim,auto,4,4,data/raw/perlmutter/practical_suite_sweep/practical_strongnative_2node_large128c0c7_fix_20260704022146_c2_qaoa_chordal_5n_grid11_r2_seed2043.json,ok
practical_strongnative_2node_large128c0c7_fix_20260704022146_c2_qaoa_ladder_6n_grid11_r0_seed17.json,optimization,optimization_qaoa,approximation_ratio,2.4697015760466456e-05,greedy_assignment_numpy,,4,6.876595993002411,278438.3368297503,7,4.9533305565233725,0.29238134906808966,2299,1694,726,121,strongnative_2node_large128c0c7_fix_20260704022146_c2,6.899998492008308,17,72,4,3,synthetic,"0,1,2",,1,21,1,,6,ladder,11,tfim,auto,4,4,data/raw/perlmutter/practical_suite_sweep/practical_strongnative_2node_large128c0c7_fix_20260704022146_c2_qaoa_ladder_6n_grid11_r0_seed17.json,ok
practical_strongnative_2node_large128c0c7_fix_20260704022146_c2_qaoa_ladder_6n_grid11_r2_seed2017.json,optimization,optimization_qaoa,approximation_ratio,2.528799814172089e-05,greedy_assignment_numpy,,4,8.850769265001873,349998.8103209961,7,4.9533305565233725,0.29238134906808966,2299,1694,726,121,strongnative_2node_large128c0c7_fix_20260704022146_c2,8.875205930002267,2017,72,4,3,synthetic,"0,1,2",,1,21,1,,6,ladder,11,tfim,auto,4,4,data/raw/perlmutter/practical_suite_sweep/practical_strongnative_2node_large128c0c7_fix_20260704022146_c2_qaoa_ladder_6n_grid11_r2_seed2017.json,ok
practical_strongnative_2node_large128c0c7_fix_20260704022146_c2_qaoa_ring_4n_grid11_r1_seed1031.json,optimization,optimization_qaoa,approximation_ratio,1.593001070432365e-05,greedy_assignment_numpy,,4,7.794275643012952,489282.511335505,4,2.904508497187473,0.2738728757031318,1452,968,484,121,strongnative_2node_large128c0c7_fix_20260704022146_c2,7.822343451000052,1031,72,4,3,synthetic,"0,1,2",,1,21,1,,4,ring,11,tfim,auto,4,4,data/raw/perlmutter/practical_suite_sweep/practical_strongnative_2node_large128c0c7_fix_20260704022146_c2_qaoa_ring_4n_grid11_r1_seed1031.json,ok
practical_strongnative_2node_large128c0c7_fix_20260704022146_c2_qaoa_ring_4n_grid11_r3_seed3031.json,optimization,optimization_qaoa,approximation_ratio,1.575000351294875e-05,greedy_assignment_numpy,,4,8.195281180989696,520335.19702087715,4,2.904508497187473,0.2738728757031318,1452,968,484,121,strongnative_2node_large128c0c7_fix_20260704022146_c2,8.219022934004897,3031,72,4,3,synthetic,"0,1,2",,1,21,1,,4,ring,11,tfim,auto,4,4,data/raw/perlmutter/practical_suite_sweep/practical_strongnative_2node_large128c0c7_fix_20260704022146_c2_qaoa_ring_4n_grid11_r3_seed3031.json,ok
practical_strongnative_2node_large128c0c7_fix_20260704022146_c2_sim_tfim_4q_8steps_r0_seed23.json,simulation,hamiltonian_simulation,absolute_observable_error,0.0005034820060245693,exact_dense_eigendecomposition_numpy,,0,8.957038655003998,17790.18623868537,0.8218024506329117,0.8215212314654879,0.00028121916742374076,56,48,4,1,strongnative_2node_large128c0c7_fix_20260704022146_c2,8.964437152986648,23,72,4,3,synthetic,"0,1,2",,1,21,1,,4,chordal,7,tfim,auto,4,8,data/raw/perlmutter/practical_suite_sweep/practical_strongnative_2node_large128c0c7_fix_20260704022146_c2_sim_tfim_4q_8steps_r0_seed23.json,ok
practical_strongnative_2node_large128c0c7_fix_20260704022146_c2_sim_tfim_4q_8steps_r1_seed1023.json,simulation,hamiltonian_simulation,absolute_observable_error,0.0004670220077969134,exact_dense_eigendecomposition_numpy,,0,9.409651655005291,20148.19751084861,0.8218024506329117,0.8215212314654879,0.00028121916742374076,56,48,4,1,strongnative_2node_large128c0c7_fix_20260704022146_c2,9.424266977002844,1023,72,4,3,synthetic,"0,1,2",,1,21,1,,4,chordal,7,tfim,auto,4,8,data/raw/perlmutter/practical_suite_sweep/practical_strongnative_2node_large128c0c7_fix_20260704022146_c2_sim_tfim_4q_8steps_r1_seed1023.json,ok
practical_strongnative_2node_large128c0c7_fix_20260704022146_c2_sim_tfim_4q_8steps_r2_seed2023.json,simulation,hamiltonian_simulation,absolute_observable_error,0.00047567798173986375,exact_dense_eigendecomposition_numpy,,0,9.094999351014849,19120.07639653305,0.8218024506329117,0.8215212314654879,0.00028121916742374076,56,48,4,1,strongnative_2node_large128c0c7_fix_20260704022146_c2,9.105128219991457,2023,72,4,3,synthetic,"0,1,2",,1,21,1,,4,chordal,7,tfim,auto,4,8,data/raw/perlmutter/practical_suite_sweep/practical_strongnative_2node_large128c0c7_fix_20260704022146_c2_sim_tfim_4q_8steps_r2_seed2023.json,ok
practical_strongnative_2node_large128c0c7_fix_20260704022146_c2_sim_tfim_4q_8steps_r3_seed3023.json,simulation,hamiltonian_simulation,absolute_observable_error,0.00047418600297532976,exact_dense_eigendecomposition_numpy,,0,8.218025879003108,17330.806534647254,0.8218024506329117,0.8215212314654879,0.00028121916742374076,56,48,4,1,strongnative_2node_large128c0c7_fix_20260704022146_c2,8.228165790002095,3023,72,4,3,synthetic,"0,1,2",,1,21,1,,4,chordal,7,tfim,auto,4,8,data/raw/perlmutter/practical_suite_sweep/practical_strongnative_2node_large128c0c7_fix_20260704022146_c2_sim_tfim_4q_8steps_r3_seed3023.json,ok
practical_strongnative_2node_large128c0c7_fix_20260704022146_c3_chem_4q_l1_grid13_r2_seed2023.json,chemistry,chemistry_vqe,absolute_energy_error,0.00017610000213608146,exact_diagonalization_numpy,,0,7.31231150100939,41523.63096145106,-1.705732892552902,-1.1901014927052382,0.5156313998476638,232,87,116,29,strongnative_2node_large128c0c7_fix_20260704022146_c3,7.32051795598818,2023,72,4,3,synthetic,"0,1,2",,1,13,1,benchmarks/workloads/hamiltonians/molecular_chain_4q.json,4,chordal,7,tfim,auto,4,4,data/raw/perlmutter/practical_suite_sweep/practical_strongnative_2node_large128c0c7_fix_20260704022146_c3_chem_4q_l1_grid13_r2_seed2023.json,ok
practical_strongnative_2node_large128c0c7_fix_20260704022146_c3_chem_h2_l1_grid33_r0_seed17.json,chemistry,chemistry_vqe,absolute_energy_error,0.00015525001799687743,exact_diagonalization_numpy,,0,7.378473219985608,47526.39204289182,-1.85727503020238,-1.8569734051608102,0.0003016250415697197,4632,1158,2316,1158,strongnative_2node_large128c0c7_fix_20260704022146_c3,7.388212264981121,17,72,4,3,synthetic,"0,1,2",,1,33,1,,4,chordal,7,tfim,auto,4,4,data/raw/perlmutter/practical_suite_sweep/practical_strongnative_2node_large128c0c7_fix_20260704022146_c3_chem_h2_l1_grid33_r0_seed17.json,ok
practical_strongnative_2node_large128c0c7_fix_20260704022146_c3_ml_digits_c0v1v2_128s_6q_d2_r0_seed17.json,ml,multiclass_ml,test_accuracy,0.00016991799930110574,nearest_centroid_numpy,nearest_centroid_numpy,6,14.824297703977209,87243.83387840855,1.0,0.65625,0.34375,3072,1280,768,128,strongnative_2node_large128c0c7_fix_20260704022146_c3,15.145952232007403,17,128,6,3,digits,"0,1,2",sklearn_digits,2,21,1,,4,chordal,7,tfim,auto,4,4,data/raw/perlmutter/practical_suite_sweep/practical_strongnative_2node_large128c0c7_fix_20260704022146_c3_ml_digits_c0v1v2_128s_6q_d2_r0_seed17.json,ok
practical_strongnative_2node_large128c0c7_fix_20260704022146_c3_ml_digits_c0v1v2_128s_6q_d2_r0_seed23.json,ml,multiclass_ml,test_accuracy,0.0008666139910928905,knn_numpy,knn_numpy,6,7.983098233991768,9211.827083387207,1.0,0.59375,0.40625,3072,1280,768,128,strongnative_2node_large128c0c7_fix_20260704022146_c3,8.07761164099793,23,128,6,3,digits,"0,1,2",sklearn_digits,2,21,1,,4,chordal,7,tfim,auto,4,4,data/raw/perlmutter/practical_suite_sweep/practical_strongnative_2node_large128c0c7_fix_20260704022146_c3_ml_digits_c0v1v2_128s_6q_d2_r0_seed23.json,ok
practical_strongnative_2node_large128c0c7_fix_20260704022146_c3_ml_digits_c0v1v2_128s_6q_d2_r0_seed31.json,ml,multiclass_ml,test_accuracy,0.00015734400949440897,nearest_centroid_numpy,nearest_centroid_numpy,6,7.541908827028237,47932.60862782469,1.0,0.75,0.25,3072,1280,768,128,strongnative_2node_large128c0c7_fix_20260704022146_c3,7.634988696023356,31,128,6,3,digits,"0,1,2",sklearn_digits,2,21,1,,4,chordal,7,tfim,auto,4,4,data/raw/perlmutter/practical_suite_sweep/practical_strongnative_2node_large128c0c7_fix_20260704022146_c3_ml_digits_c0v1v2_128s_6q_d2_r0_seed31.json,ok
practical_strongnative_2node_large128c0c7_fix_20260704022146_c3_ml_digits_c0v1v2_128s_6q_d2_r0_seed43.json,ml,multiclass_ml,test_accuracy,0.0001573439803905785,nearest_centroid_numpy,nearest_centroid_numpy,6,7.700787915993715,48942.373879686245,1.0,0.84375,0.15625,3072,1280,768,128,strongnative_2node_large128c0c7_fix_20260704022146_c3,7.820339568017516,43,128,6,3,digits,"0,1,2",sklearn_digits,2,21,1,,4,chordal,7,tfim,auto,4,4,data/raw/perlmutter/practical_suite_sweep/practical_strongnative_2node_large128c0c7_fix_20260704022146_c3_ml_digits_c0v1v2_128s_6q_d2_r0_seed43.json,ok
practical_strongnative_2node_large128c0c7_fix_20260704022146_c3_ml_digits_c0v1v2_128s_6q_d2_r1_seed1017.json,ml,multiclass_ml,test_accuracy,0.0008429059816990048,knn_numpy,knn_numpy,6,7.317066179995891,8680.761957872495,1.0,0.65625,0.34375,3072,1280,768,128,strongnative_2node_large128c0c7_fix_20260704022146_c3,7.416933143977076,1017,128,6,3,digits,"0,1,2",sklearn_digits,2,21,1,,4,chordal,7,tfim,auto,4,4,data/raw/perlmutter/practical_suite_sweep/practical_strongnative_2node_large128c0c7_fix_20260704022146_c3_ml_digits_c0v1v2_128s_6q_d2_r1_seed1017.json,ok
practical_strongnative_2node_large128c0c7_fix_20260704022146_c3_ml_digits_c0v1v2_128s_6q_d2_r1_seed1023.json,ml,multiclass_ml,test_accuracy,0.011582923994865268,rbf_kernel_ridge_numpy,rbf_kernel_ridge_numpy,6,7.398281005996978,638.7230900657424,0.96875,0.59375,0.375,3072,1280,768,128,strongnative_2node_large128c0c7_fix_20260704022146_c3,7.490406990982592,1023,128,6,3,digits,"0,1,2",sklearn_digits,2,21,1,,4,chordal,7,tfim,auto,4,4,data/raw/perlmutter/practical_suite_sweep/practical_strongnative_2node_large128c0c7_fix_20260704022146_c3_ml_digits_c0v1v2_128s_6q_d2_r1_seed1023.json,ok
practical_strongnative_2node_large128c0c7_fix_20260704022146_c3_ml_digits_c0v1v2_128s_6q_d2_r1_seed1031.json,ml,multiclass_ml,test_accuracy,0.00013753600069321692,nearest_centroid_numpy,nearest_centroid_numpy,6,7.647270723013207,55601.956465717994,0.96875,0.78125,0.1875,3072,1280,768,128,strongnative_2node_large128c0c7_fix_20260704022146_c3,7.787728543014964,1031,128,6,3,digits,"0,1,2",sklearn_digits,2,21,1,,4,chordal,7,tfim,auto,4,4,data/raw/perlmutter/practical_suite_sweep/practical_strongnative_2node_large128c0c7_fix_20260704022146_c3_ml_digits_c0v1v2_128s_6q_d2_r1_seed1031.json,ok
practical_strongnative_2node_large128c0c7_fix_20260704022146_c3_ml_digits_c0v1v2_128s_6q_d2_r1_seed1043.json,ml,multiclass_ml,test_accuracy,0.00015644199447706342,nearest_centroid_numpy,nearest_centroid_numpy,6,8.317299352987902,53165.38810943972,1.0,0.8125,0.1875,3072,1280,768,128,strongnative_2node_large128c0c7_fix_20260704022146_c3,8.409448200982297,1043,128,6,3,digits,"0,1,2",sklearn_digits,2,21,1,,4,chordal,7,tfim,auto,4,4,data/raw/perlmutter/practical_suite_sweep/practical_strongnative_2node_large128c0c7_fix_20260704022146_c3_ml_digits_c0v1v2_128s_6q_d2_r1_seed1043.json,ok
practical_strongnative_2node_large128c0c7_fix_20260704022146_c3_ml_digits_c0v1v2_128s_6q_d2_r2_seed2017.json,ml,multiclass_ml,test_accuracy,0.00015805501607246697,nearest_centroid_numpy,nearest_centroid_numpy,6,8.222014802973717,52019.95486941072,1.0,0.6875,0.3125,3072,1280,768,128,strongnative_2node_large128c0c7_fix_20260704022146_c3,8.31713110700366,2017,128,6,3,digits,"0,1,2",sklearn_digits,2,21,1,,4,chordal,7,tfim,auto,4,4,data/raw/perlmutter/practical_suite_sweep/practical_strongnative_2node_large128c0c7_fix_20260704022146_c3_ml_digits_c0v1v2_128s_6q_d2_r2_seed2017.json,ok
practical_strongnative_2node_large128c0c7_fix_20260704022146_c3_ml_digits_c0v1v2_128s_6q_d2_r2_seed2023.json,ml,multiclass_ml,test_accuracy,0.00016496801981702447,linear_ridge_numpy,linear_ridge_numpy,6,7.431167834001826,45046.11161753752,1.0,0.59375,0.40625,3072,1280,768,128,strongnative_2node_large128c0c7_fix_20260704022146_c3,7.522788753005443,2023,128,6,3,digits,"0,1,2",sklearn_digits,2,21,1,,4,chordal,7,tfim,auto,4,4,data/raw/perlmutter/practical_suite_sweep/practical_strongnative_2node_large128c0c7_fix_20260704022146_c3_ml_digits_c0v1v2_128s_6q_d2_r2_seed2023.json,ok
practical_strongnative_2node_large128c0c7_fix_20260704022146_c3_ml_digits_c0v1v2_128s_6q_d2_r2_seed2031.json,ml,multiclass_ml,test_accuracy,0.00016414799029007554,linear_ridge_numpy,linear_ridge_numpy,6,7.767429970990634,47319.67754990087,1.0,0.625,0.375,3072,1280,768,128,strongnative_2node_large128c0c7_fix_20260704022146_c3,7.863788049988216,2031,128,6,3,digits,"0,1,2",sklearn_digits,2,21,1,,4,chordal,7,tfim,auto,4,4,data/raw/perlmutter/practical_suite_sweep/practical_strongnative_2node_large128c0c7_fix_20260704022146_c3_ml_digits_c0v1v2_128s_6q_d2_r2_seed2031.json,ok
practical_strongnative_2node_large128c0c7_fix_20260704022146_c3_ml_digits_c0v1v2_128s_6q_d2_r2_seed2043.json,ml,multiclass_ml,test_accuracy,0.00016027901438064873,nearest_centroid_numpy,nearest_centroid_numpy,6,7.61066762698465,47483.868405317095,1.0,0.75,0.25,3072,1280,768,128,strongnative_2node_large128c0c7_fix_20260704022146_c3,7.703045010013739,2043,128,6,3,digits,"0,1,2",sklearn_digits,2,21,1,,4,chordal,7,tfim,auto,4,4,data/raw/perlmutter/practical_suite_sweep/practical_strongnative_2node_large128c0c7_fix_20260704022146_c3_ml_digits_c0v1v2_128s_6q_d2_r2_seed2043.json,ok
practical_strongnative_2node_large128c0c7_fix_20260704022146_c3_ml_digits_c0v1v2_128s_6q_d2_r3_seed3017.json,ml,multiclass_ml,test_accuracy,0.009749655000632629,softmax_regression_numpy,softmax_regression_numpy,6,7.953556222986663,815.7782221494584,1.0,0.59375,0.40625,3072,1280,768,128,strongnative_2node_large128c0c7_fix_20260704022146_c3,8.048566083976766,3017,128,6,3,digits,"0,1,2",sklearn_digits,2,21,1,,4,chordal,7,tfim,auto,4,4,data/raw/perlmutter/practical_suite_sweep/practical_strongnative_2node_large128c0c7_fix_20260704022146_c3_ml_digits_c0v1v2_128s_6q_d2_r3_seed3017.json,ok
practical_strongnative_2node_large128c0c7_fix_20260704022146_c3_ml_digits_c0v1v2_128s_6q_d2_r3_seed3023.json,ml,multiclass_ml,test_accuracy,0.0001573739864397794,nearest_centroid_numpy,nearest_centroid_numpy,6,7.51545202700072,47755.364129868925,1.0,0.5625,0.4375,3072,1280,768,128,strongnative_2node_large128c0c7_fix_20260704022146_c3,7.60257272500894,3023,128,6,3,digits,"0,1,2",sklearn_digits,2,21,1,,4,chordal,7,tfim,auto,4,4,data/raw/perlmutter/practical_suite_sweep/practical_strongnative_2node_large128c0c7_fix_20260704022146_c3_ml_digits_c0v1v2_128s_6q_d2_r3_seed3023.json,ok
practical_strongnative_2node_large128c0c7_fix_20260704022146_c3_ml_digits_c0v1v2_128s_6q_d2_r3_seed3031.json,ml,multiclass_ml,test_accuracy,0.00015544999041594565,nearest_centroid_numpy,nearest_centroid_numpy,6,7.2590733249962796,46697.161611736345,1.0,0.6875,0.3125,3072,1280,768,128,strongnative_2node_large128c0c7_fix_20260704022146_c3,7.349679714010563,3031,128,6,3,digits,"0,1,2",sklearn_digits,2,21,1,,4,chordal,7,tfim,auto,4,4,data/raw/perlmutter/practical_suite_sweep/practical_strongnative_2node_large128c0c7_fix_20260704022146_c3_ml_digits_c0v1v2_128s_6q_d2_r3_seed3031.json,ok
practical_strongnative_2node_large128c0c7_fix_20260704022146_c3_ml_digits_c0v1v2_128s_6q_d2_r3_seed3043.json,ml,multiclass_ml,test_accuracy,0.00017062999540939927,linear_ridge_numpy,linear_ridge_numpy,6,7.440835713001434,43608.016838706135,1.0,0.625,0.375,3072,1280,768,128,strongnative_2node_large128c0c7_fix_20260704022146_c3,7.529038600012427,3043,128,6,3,digits,"0,1,2",sklearn_digits,2,21,1,,4,chordal,7,tfim,auto,4,4,data/raw/perlmutter/practical_suite_sweep/practical_strongnative_2node_large128c0c7_fix_20260704022146_c3_ml_digits_c0v1v2_128s_6q_d2_r3_seed3043.json,ok
practical_strongnative_2node_large128c0c7_fix_20260704022146_c3_qaoa_chordal_5n_grid13_r0_seed43.json,optimization,optimization_qaoa,approximation_ratio,6.265100091695786e-05,exact_enumeration_numpy,,4,7.920341396005824,126420.02968961366,6,4.560256350946107,0.23995727484231555,2873,2366,845,169,strongnative_2node_large128c0c7_fix_20260704022146_c3,7.9472701830090955,43,72,4,3,synthetic,"0,1,2",,1,21,1,,5,chordal,13,tfim,auto,4,4,data/raw/perlmutter/practical_suite_sweep/practical_strongnative_2node_large128c0c7_fix_20260704022146_c3_qaoa_chordal_5n_grid13_r0_seed43.json,ok
practical_strongnative_2node_large128c0c7_fix_20260704022146_c3_qaoa_chordal_5n_grid13_r2_seed2043.json,optimization,optimization_qaoa,approximation_ratio,6.0897000366821885e-05,exact_enumeration_numpy,,4,8.704892139998265,142944.5143038752,6,4.560256350946107,0.23995727484231555,2873,2366,845,169,strongnative_2node_large128c0c7_fix_20260704022146_c3,8.727355664013885,2043,72,4,3,synthetic,"0,1,2",,1,21,1,,5,chordal,13,tfim,auto,4,4,data/raw/perlmutter/practical_suite_sweep/practical_strongnative_2node_large128c0c7_fix_20260704022146_c3_qaoa_chordal_5n_grid13_r2_seed2043.json,ok
practical_strongnative_2node_large128c0c7_fix_20260704022146_c3_qaoa_ladder_6n_grid13_r0_seed17.json,optimization,optimization_qaoa,approximation_ratio,2.4998997105285525e-05,greedy_assignment_numpy,,4,7.090507621993311,283631.6829883615,7,5.030330085889901,0.28138141630144275,3211,2366,1014,169,strongnative_2node_large128c0c7_fix_20260704022146_c3,7.113813325006049,17,72,4,3,synthetic,"0,1,2",,1,21,1,,6,ladder,13,tfim,auto,4,4,data/raw/perlmutter/practical_suite_sweep/practical_strongnative_2node_large128c0c7_fix_20260704022146_c3_qaoa_ladder_6n_grid13_r0_seed17.json,ok
practical_strongnative_2node_large128c0c7_fix_20260704022146_c3_qaoa_ladder_6n_grid13_r2_seed2017.json,optimization,optimization_qaoa,approximation_ratio,2.4787994334474206e-05,greedy_assignment_numpy,,4,8.91613214102108,359695.58572235354,7,5.030330085889901,0.28138141630144275,3211,2366,1014,169,strongnative_2node_large128c0c7_fix_20260704022146_c3,8.94169301702641,2017,72,4,3,synthetic,"0,1,2",,1,21,1,,6,ladder,13,tfim,auto,4,4,data/raw/perlmutter/practical_suite_sweep/practical_strongnative_2node_large128c0c7_fix_20260704022146_c3_qaoa_ladder_6n_grid13_r2_seed2017.json,ok
practical_strongnative_2node_large128c0c7_fix_20260704022146_c3_qaoa_ring_4n_grid13_r1_seed1031.json,optimization,optimization_qaoa,approximation_ratio,1.67829857673496e-05,greedy_assignment_numpy,,4,7.641564530000323,455316.1538673636,4,2.999999999999998,0.25000000000000056,2028,1352,676,169,strongnative_2node_large128c0c7_fix_20260704022146_c3,7.663241503993049,1031,72,4,3,synthetic,"0,1,2",,1,21,1,,4,ring,13,tfim,auto,4,4,data/raw/perlmutter/practical_suite_sweep/practical_strongnative_2node_large128c0c7_fix_20260704022146_c3_qaoa_ring_4n_grid13_r1_seed1031.json,ok
practical_strongnative_2node_large128c0c7_fix_20260704022146_c3_qaoa_ring_4n_grid13_r3_seed3031.json,optimization,optimization_qaoa,approximation_ratio,1.6081001376733184e-05,greedy_assignment_numpy,,4,8.251159810984973,513099.8759146413,4,2.999999999999998,0.25000000000000056,2028,1352,676,169,strongnative_2node_large128c0c7_fix_20260704022146_c3,8.287661617010599,3031,72,4,3,synthetic,"0,1,2",,1,21,1,,4,ring,13,tfim,auto,4,4,data/raw/perlmutter/practical_suite_sweep/practical_strongnative_2node_large128c0c7_fix_20260704022146_c3_qaoa_ring_4n_grid13_r3_seed3031.json,ok
practical_strongnative_2node_large128c0c7_fix_20260704022146_c3_sim_tfim_4q_10steps_r0_seed23.json,simulation,hamiltonian_simulation,absolute_observable_error,0.00046017899876460433,exact_dense_eigendecomposition_numpy,,0,8.631237269990379,18756.26070107889,0.8218024506329117,0.8216225570780517,0.00017989355486003333,70,60,4,1,strongnative_2node_large128c0c7_fix_20260704022146_c3,8.63850102800643,23,72,4,3,synthetic,"0,1,2",,1,21,1,,4,chordal,7,tfim,auto,4,10,data/raw/perlmutter/practical_suite_sweep/practical_strongnative_2node_large128c0c7_fix_20260704022146_c3_sim_tfim_4q_10steps_r0_seed23.json,ok
practical_strongnative_2node_large128c0c7_fix_20260704022146_c3_sim_tfim_4q_10steps_r1_seed1023.json,simulation,hamiltonian_simulation,absolute_observable_error,0.00045800398220308125,exact_dense_eigendecomposition_numpy,,0,9.187337014998775,20059.513392888064,0.8218024506329117,0.8216225570780517,0.00017989355486003333,70,60,4,1,strongnative_2node_large128c0c7_fix_20260704022146_c3,9.201881048997166,1023,72,4,3,synthetic,"0,1,2",,1,21,1,,4,chordal,7,tfim,auto,4,10,data/raw/perlmutter/practical_suite_sweep/practical_strongnative_2node_large128c0c7_fix_20260704022146_c3_sim_tfim_4q_10steps_r1_seed1023.json,ok
practical_strongnative_2node_large128c0c7_fix_20260704022146_c3_sim_tfim_4q_10steps_r2_seed2023.json,simulation,hamiltonian_simulation,absolute_observable_error,0.00045941700227558613,exact_dense_eigendecomposition_numpy,,0,8.943849016999593,19467.82329060284,0.8218024506329117,0.8216225570780517,0.00017989355486003333,70,60,4,1,strongnative_2node_large128c0c7_fix_20260704022146_c3,8.953613942983793,2023,72,4,3,synthetic,"0,1,2",,1,21,1,,4,chordal,7,tfim,auto,4,10,data/raw/perlmutter/practical_suite_sweep/practical_strongnative_2node_large128c0c7_fix_20260704022146_c3_sim_tfim_4q_10steps_r2_seed2023.json,ok
practical_strongnative_2node_large128c0c7_fix_20260704022146_c3_sim_tfim_4q_10steps_r3_seed3023.json,simulation,hamiltonian_simulation,absolute_observable_error,0.00047239201376214623,exact_dense_eigendecomposition_numpy,,0,7.936807191988919,16801.315349893226,0.8218024506329117,0.8216225570780517,0.00017989355486003333,70,60,4,1,strongnative_2node_large128c0c7_fix_20260704022146_c3,7.945075989002362,3023,72,4,3,synthetic,"0,1,2",,1,21,1,,4,chordal,7,tfim,auto,4,10,data/raw/perlmutter/practical_suite_sweep/practical_strongnative_2node_large128c0c7_fix_20260704022146_c3_sim_tfim_4q_10steps_r3_seed3023.json,ok
practical_strongnative_2node_large128c0c7_fix_20260704022146_c4_chem_4q_l1_grid17_r2_seed2023.json,chemistry,chemistry_vqe,absolute_energy_error,0.0001825439976528287,exact_diagonalization_numpy,,0,7.133343866997166,39077.394812858845,-1.705732892552902,-1.1901014927052382,0.5156313998476638,296,111,148,37,strongnative_2node_large128c0c7_fix_20260704022146_c4,7.147399932000553,2023,72,4,3,synthetic,"0,1,2",,1,17,1,benchmarks/workloads/hamiltonians/molecular_chain_4q.json,4,chordal,7,tfim,auto,4,4,data/raw/perlmutter/practical_suite_sweep/practical_strongnative_2node_large128c0c7_fix_20260704022146_c4_chem_4q_l1_grid17_r2_seed2023.json,ok
practical_strongnative_2node_large128c0c7_fix_20260704022146_c4_chem_4q_l1_grid9_r0_seed17.json,chemistry,chemistry_vqe,absolute_energy_error,0.00017806500545702875,exact_diagonalization_numpy,,0,7.209011829982046,40485.28126837224,-1.705732892552902,-0.9019600519043551,0.8037728406485469,168,63,84,21,strongnative_2node_large128c0c7_fix_20260704022146_c4,7.222092595999129,17,72,4,3,synthetic,"0,1,2",,1,9,1,benchmarks/workloads/hamiltonians/molecular_chain_4q.json,4,chordal,7,tfim,auto,4,4,data/raw/perlmutter/practical_suite_sweep/practical_strongnative_2node_large128c0c7_fix_20260704022146_c4_chem_4q_l1_grid9_r0_seed17.json,ok
practical_strongnative_2node_large128c0c7_fix_20260704022146_c4_ml_digits_c0v1v2_128s_8q_d1_r0_seed17.json,ml,multiclass_ml,test_accuracy,0.00017862499225884676,nearest_centroid_numpy,nearest_centroid_numpy,6,14.662572849018034,82085.78577722424,1.0,0.6875,0.3125,2048,896,1024,128,strongnative_2node_large128c0c7_fix_20260704022146_c4,14.897648417012533,17,128,8,3,digits,"0,1,2",sklearn_digits,1,21,1,,4,chordal,7,tfim,auto,4,4,data/raw/perlmutter/practical_suite_sweep/practical_strongnative_2node_large128c0c7_fix_20260704022146_c4_ml_digits_c0v1v2_128s_8q_d1_r0_seed17.json,ok
practical_strongnative_2node_large128c0c7_fix_20260704022146_c4_ml_digits_c0v1v2_128s_8q_d1_r0_seed23.json,ml,multiclass_ml,test_accuracy,0.0008274709980469197,knn_numpy,knn_numpy,6,7.744236181024462,9358.92158069973,1.0,0.78125,0.21875,2048,896,1024,128,strongnative_2node_large128c0c7_fix_20260704022146_c4,7.843436991010094,23,128,8,3,digits,"0,1,2",sklearn_digits,1,21,1,,4,chordal,7,tfim,auto,4,4,data/raw/perlmutter/practical_suite_sweep/practical_strongnative_2node_large128c0c7_fix_20260704022146_c4_ml_digits_c0v1v2_128s_8q_d1_r0_seed23.json,ok
practical_strongnative_2node_large128c0c7_fix_20260704022146_c4_ml_digits_c0v1v2_128s_8q_d1_r0_seed31.json,ml,multiclass_ml,test_accuracy,0.00015703399549238384,nearest_centroid_numpy,nearest_centroid_numpy,6,7.518480825994629,47878.04578505599,1.0,0.65625,0.34375,2048,896,1024,128,strongnative_2node_large128c0c7_fix_20260704022146_c4,7.6293120390037075,31,128,8,3,digits,"0,1,2",sklearn_digits,1,21,1,,4,chordal,7,tfim,auto,4,4,data/raw/perlmutter/practical_suite_sweep/practical_strongnative_2node_large128c0c7_fix_20260704022146_c4_ml_digits_c0v1v2_128s_8q_d1_r0_seed31.json,ok
practical_strongnative_2node_large128c0c7_fix_20260704022146_c4_ml_digits_c0v1v2_128s_8q_d1_r0_seed43.json,ml,multiclass_ml,test_accuracy,0.00015940898447297513,nearest_centroid_numpy,nearest_centroid_numpy,6,7.661189606995322,48059.96118929003,1.0,0.75,0.25,2048,896,1024,128,strongnative_2node_large128c0c7_fix_20260704022146_c4,7.763020335987676,43,128,8,3,digits,"0,1,2",sklearn_digits,1,21,1,,4,chordal,7,tfim,auto,4,4,data/raw/perlmutter/practical_suite_sweep/practical_strongnative_2node_large128c0c7_fix_20260704022146_c4_ml_digits_c0v1v2_128s_8q_d1_r0_seed43.json,ok
practical_strongnative_2node_large128c0c7_fix_20260704022146_c4_ml_digits_c0v1v2_128s_8q_d1_r1_seed1017.json,ml,multiclass_ml,test_accuracy,0.0008267420053016394,knn_numpy,knn_numpy,6,7.4122531290049665,8965.61815109489,1.0,0.71875,0.28125,2048,896,1024,128,strongnative_2node_large128c0c7_fix_20260704022146_c4,7.508553872990888,1017,128,8,3,digits,"0,1,2",sklearn_digits,1,21,1,,4,chordal,7,tfim,auto,4,4,data/raw/perlmutter/practical_suite_sweep/practical_strongnative_2node_large128c0c7_fix_20260704022146_c4_ml_digits_c0v1v2_128s_8q_d1_r1_seed1017.json,ok
practical_strongnative_2node_large128c0c7_fix_20260704022146_c4_ml_digits_c0v1v2_128s_8q_d1_r1_seed1023.json,ml,multiclass_ml,test_accuracy,0.00015674400492571294,nearest_centroid_numpy,nearest_centroid_numpy,6,7.308493883989286,46626.94364261692,0.9375,0.78125,0.15625,2048,896,1024,128,strongnative_2node_large128c0c7_fix_20260704022146_c4,7.409336851997068,1023,128,8,3,digits,"0,1,2",sklearn_digits,1,21,1,,4,chordal,7,tfim,auto,4,4,data/raw/perlmutter/practical_suite_sweep/practical_strongnative_2node_large128c0c7_fix_20260704022146_c4_ml_digits_c0v1v2_128s_8q_d1_r1_seed1023.json,ok
practical_strongnative_2node_large128c0c7_fix_20260704022146_c4_ml_digits_c0v1v2_128s_8q_d1_r1_seed1031.json,ml,multiclass_ml,test_accuracy,0.00013605301501229405,nearest_centroid_numpy,nearest_centroid_numpy,6,7.7514367580006365,56973.64925944639,0.96875,0.71875,0.25,2048,896,1024,128,strongnative_2node_large128c0c7_fix_20260704022146_c4,7.848276265984168,1031,128,8,3,digits,"0,1,2",sklearn_digits,1,21,1,,4,chordal,7,tfim,auto,4,4,data/raw/perlmutter/practical_suite_sweep/practical_strongnative_2node_large128c0c7_fix_20260704022146_c4_ml_digits_c0v1v2_128s_8q_d1_r1_seed1031.json,ok
practical_strongnative_2node_large128c0c7_fix_20260704022146_c4_ml_digits_c0v1v2_128s_8q_d1_r1_seed1043.json,ml,multiclass_ml,test_accuracy,0.0001540779776405543,nearest_centroid_numpy,nearest_centroid_numpy,6,7.662821876001544,49733.40118649533,1.0,0.875,0.125,2048,896,1024,128,strongnative_2node_large128c0c7_fix_20260704022146_c4,7.757674570020754,1043,128,8,3,digits,"0,1,2",sklearn_digits,1,21,1,,4,chordal,7,tfim,auto,4,4,data/raw/perlmutter/practical_suite_sweep/practical_strongnative_2node_large128c0c7_fix_20260704022146_c4_ml_digits_c0v1v2_128s_8q_d1_r1_seed1043.json,ok
practical_strongnative_2node_large128c0c7_fix_20260704022146_c4_ml_digits_c0v1v2_128s_8q_d1_r2_seed2017.json,ml,multiclass_ml,test_accuracy,0.00015969900414347649,nearest_centroid_numpy,nearest_centroid_numpy,6,8.176547218987253,51199.73830044234,1.0,0.78125,0.21875,2048,896,1024,128,strongnative_2node_large128c0c7_fix_20260704022146_c4,8.280145477998303,2017,128,8,3,digits,"0,1,2",sklearn_digits,1,21,1,,4,chordal,7,tfim,auto,4,4,data/raw/perlmutter/practical_suite_sweep/practical_strongnative_2node_large128c0c7_fix_20260704022146_c4_ml_digits_c0v1v2_128s_8q_d1_r2_seed2017.json,ok
practical_strongnative_2node_large128c0c7_fix_20260704022146_c4_ml_digits_c0v1v2_128s_8q_d1_r2_seed2023.json,ml,multiclass_ml,test_accuracy,0.00018465699395164847,linear_ridge_numpy,linear_ridge_numpy,6,7.611478578008246,41219.55207394568,1.0,0.625,0.375,2048,896,1024,128,strongnative_2node_large128c0c7_fix_20260704022146_c4,7.711860452021938,2023,128,8,3,digits,"0,1,2",sklearn_digits,1,21,1,,4,chordal,7,tfim,auto,4,4,data/raw/perlmutter/practical_suite_sweep/practical_strongnative_2node_large128c0c7_fix_20260704022146_c4_ml_digits_c0v1v2_128s_8q_d1_r2_seed2023.json,ok
practical_strongnative_2node_large128c0c7_fix_20260704022146_c4_ml_digits_c0v1v2_128s_8q_d1_r2_seed2031.json,ml,multiclass_ml,test_accuracy,0.00015803601127117872,nearest_centroid_numpy,nearest_centroid_numpy,6,7.5658105759939644,47873.965655913475,1.0,0.75,0.25,2048,896,1024,128,strongnative_2node_large128c0c7_fix_20260704022146_c4,7.661266376991989,2031,128,8,3,digits,"0,1,2",sklearn_digits,1,21,1,,4,chordal,7,tfim,auto,4,4,data/raw/perlmutter/practical_suite_sweep/practical_strongnative_2node_large128c0c7_fix_20260704022146_c4_ml_digits_c0v1v2_128s_8q_d1_r2_seed2031.json,ok
practical_strongnative_2node_large128c0c7_fix_20260704022146_c4_ml_digits_c0v1v2_128s_8q_d1_r2_seed2043.json,ml,multiclass_ml,test_accuracy,0.00015833601355552673,nearest_centroid_numpy,nearest_centroid_numpy,6,7.896345544984797,49870.81187449268,1.0,0.8125,0.1875,2048,896,1024,128,strongnative_2node_large128c0c7_fix_20260704022146_c4,7.9997038029832765,2043,128,8,3,digits,"0,1,2",sklearn_digits,1,21,1,,4,chordal,7,tfim,auto,4,4,data/raw/perlmutter/practical_suite_sweep/practical_strongnative_2node_large128c0c7_fix_20260704022146_c4_ml_digits_c0v1v2_128s_8q_d1_r2_seed2043.json,ok
practical_strongnative_2node_large128c0c7_fix_20260704022146_c4_ml_digits_c0v1v2_128s_8q_d1_r3_seed3017.json,ml,multiclass_ml,test_accuracy,0.00015950898523442447,nearest_centroid_numpy,nearest_centroid_numpy,6,8.108570524986135,50834.569056215034,1.0,0.875,0.125,2048,896,1024,128,strongnative_2node_large128c0c7_fix_20260704022146_c4,8.204291233007098,3017,128,8,3,digits,"0,1,2",sklearn_digits,1,21,1,,4,chordal,7,tfim,auto,4,4,data/raw/perlmutter/practical_suite_sweep/practical_strongnative_2node_large128c0c7_fix_20260704022146_c4_ml_digits_c0v1v2_128s_8q_d1_r3_seed3017.json,ok
practical_strongnative_2node_large128c0c7_fix_20260704022146_c4_ml_digits_c0v1v2_128s_8q_d1_r3_seed3023.json,ml,multiclass_ml,test_accuracy,0.011505303991725668,rbf_kernel_ridge_numpy,rbf_kernel_ridge_numpy,6,7.270508021989372,631.9266337697936,1.0,0.71875,0.28125,2048,896,1024,128,strongnative_2node_large128c0c7_fix_20260704022146_c4,7.364209543011384,3023,128,8,3,digits,"0,1,2",sklearn_digits,1,21,1,,4,chordal,7,tfim,auto,4,4,data/raw/perlmutter/practical_suite_sweep/practical_strongnative_2node_large128c0c7_fix_20260704022146_c4_ml_digits_c0v1v2_128s_8q_d1_r3_seed3023.json,ok
practical_strongnative_2node_large128c0c7_fix_20260704022146_c4_ml_digits_c0v1v2_128s_8q_d1_r3_seed3031.json,ml,multiclass_ml,test_accuracy,0.00016554101603105664,linear_ridge_numpy,linear_ridge_numpy,6,7.266309811995598,43894.31686605323,1.0,0.6875,0.3125,2048,896,1024,128,strongnative_2node_large128c0c7_fix_20260704022146_c4,7.361880331998691,3031,128,8,3,digits,"0,1,2",sklearn_digits,1,21,1,,4,chordal,7,tfim,auto,4,4,data/raw/perlmutter/practical_suite_sweep/practical_strongnative_2node_large128c0c7_fix_20260704022146_c4_ml_digits_c0v1v2_128s_8q_d1_r3_seed3031.json,ok
practical_strongnative_2node_large128c0c7_fix_20260704022146_c4_ml_digits_c0v1v2_128s_8q_d1_r3_seed3043.json,ml,multiclass_ml,test_accuracy,0.00013589300215244293,nearest_centroid_numpy,nearest_centroid_numpy,6,7.430348169000354,54677.93080813013,1.0,0.65625,0.34375,2048,896,1024,128,strongnative_2node_large128c0c7_fix_20260704022146_c4,7.5214598839811515,3043,128,8,3,digits,"0,1,2",sklearn_digits,1,21,1,,4,chordal,7,tfim,auto,4,4,data/raw/perlmutter/practical_suite_sweep/practical_strongnative_2node_large128c0c7_fix_20260704022146_c4_ml_digits_c0v1v2_128s_8q_d1_r3_seed3043.json,ok
practical_strongnative_2node_large128c0c7_fix_20260704022146_c4_qaoa_chordal_4n_grid7_r1_seed1031.json,optimization,optimization_qaoa,approximation_ratio,1.7082988051697612e-05,greedy_assignment_numpy,,4,8.518492689006962,498653.55306857114,4,3.2070111141556907,0.19824722146107732,637,490,196,49,strongnative_2node_large128c0c7_fix_20260704022146_c4,8.54463743098313,1031,72,4,3,synthetic,"0,1,2",,1,21,1,,4,chordal,7,tfim,auto,4,4,data/raw/perlmutter/practical_suite_sweep/practical_strongnative_2node_large128c0c7_fix_20260704022146_c4_qaoa_chordal_4n_grid7_r1_seed1031.json,ok
practical_strongnative_2node_large128c0c7_fix_20260704022146_c4_qaoa_chordal_4n_grid7_r3_seed3031.json,optimization,optimization_qaoa,approximation_ratio,1.7813988961279392e-05,greedy_assignment_numpy,,4,8.777794299006928,492747.2627319126,4,3.2070111141556907,0.19824722146107732,637,490,196,49,strongnative_2node_large128c0c7_fix_20260704022146_c4,8.804287525999825,3031,72,4,3,synthetic,"0,1,2",,1,21,1,,4,chordal,7,tfim,auto,4,4,data/raw/perlmutter/practical_suite_sweep/practical_strongnative_2node_large128c0c7_fix_20260704022146_c4_qaoa_chordal_4n_grid7_r3_seed3031.json,ok
practical_strongnative_2node_large128c0c7_fix_20260704022146_c4_qaoa_ladder_5n_grid7_r0_seed43.json,optimization,optimization_qaoa,approximation_ratio,2.009799936786294e-05,greedy_assignment_numpy,,4,7.627417141979095,379511.2639009966,5,3.414322820287427,0.3171354359425146,735,490,245,49,strongnative_2node_large128c0c7_fix_20260704022146_c4,7.7387641230016015,43,72,4,3,synthetic,"0,1,2",,1,21,1,,5,ladder,7,tfim,auto,4,4,data/raw/perlmutter/practical_suite_sweep/practical_strongnative_2node_large128c0c7_fix_20260704022146_c4_qaoa_ladder_5n_grid7_r0_seed43.json,ok
practical_strongnative_2node_large128c0c7_fix_20260704022146_c4_qaoa_ladder_5n_grid7_r2_seed2043.json,optimization,optimization_qaoa,approximation_ratio,1.927700941450894e-05,greedy_assignment_numpy,,4,8.29398675300763,430252.7728582795,5,3.414322820287427,0.3171354359425146,735,490,245,49,strongnative_2node_large128c0c7_fix_20260704022146_c4,8.320461373019498,2043,72,4,3,synthetic,"0,1,2",,1,21,1,,5,ladder,7,tfim,auto,4,4,data/raw/perlmutter/practical_suite_sweep/practical_strongnative_2node_large128c0c7_fix_20260704022146_c4_qaoa_ladder_5n_grid7_r2_seed2043.json,ok
practical_strongnative_2node_large128c0c7_fix_20260704022146_c4_qaoa_ring_7n_grid7_r0_seed17.json,optimization,optimization_qaoa,approximation_ratio,2.6680994778871536e-05,greedy_assignment_numpy,,4,7.050105052010622,264236.96381791367,6,4.8125,0.19791666666666663,1029,686,343,49,strongnative_2node_large128c0c7_fix_20260704022146_c4,7.078751517983619,17,72,4,3,synthetic,"0,1,2",,1,21,1,,7,ring,7,tfim,auto,4,4,data/raw/perlmutter/practical_suite_sweep/practical_strongnative_2node_large128c0c7_fix_20260704022146_c4_qaoa_ring_7n_grid7_r0_seed17.json,ok
practical_strongnative_2node_large128c0c7_fix_20260704022146_c4_qaoa_ring_7n_grid7_r2_seed2017.json,optimization,optimization_qaoa,approximation_ratio,2.7201982447877526e-05,greedy_assignment_numpy,,4,8.787547593994532,323048.0576492024,6,4.8125,0.19791666666666663,1029,686,343,49,strongnative_2node_large128c0c7_fix_20260704022146_c4,8.816829339019023,2017,72,4,3,synthetic,"0,1,2",,1,21,1,,7,ring,7,tfim,auto,4,4,data/raw/perlmutter/practical_suite_sweep/practical_strongnative_2node_large128c0c7_fix_20260704022146_c4_qaoa_ring_7n_grid7_r2_seed2017.json,ok
practical_strongnative_2node_large128c0c7_fix_20260704022146_c4_sim_tfim_5q_4steps_r0_seed23.json,simulation,hamiltonian_simulation,absolute_observable_error,0.0008090859919320792,exact_dense_eigendecomposition_numpy,,0,8.448196454002755,10441.65458090388,0.8218024506329158,0.8206730318635854,0.0011294187693303703,36,32,5,1,strongnative_2node_large128c0c7_fix_20260704022146_c4,8.462958435004111,23,72,4,3,synthetic,"0,1,2",,1,21,1,,4,chordal,7,tfim,auto,5,4,data/raw/perlmutter/practical_suite_sweep/practical_strongnative_2node_large128c0c7_fix_20260704022146_c4_sim_tfim_5q_4steps_r0_seed23.json,ok
practical_strongnative_2node_large128c0c7_fix_20260704022146_c4_sim_tfim_5q_4steps_r1_seed1023.json,simulation,hamiltonian_simulation,absolute_observable_error,0.0007445210067089647,exact_dense_eigendecomposition_numpy,,0,9.188667556998553,12341.716988773196,0.8218024506329158,0.8206730318635854,0.0011294187693303703,36,32,5,1,strongnative_2node_large128c0c7_fix_20260704022146_c4,9.19631884599221,1023,72,4,3,synthetic,"0,1,2",,1,21,1,,4,chordal,7,tfim,auto,5,4,data/raw/perlmutter/practical_suite_sweep/practical_strongnative_2node_large128c0c7_fix_20260704022146_c4_sim_tfim_5q_4steps_r1_seed1023.json,ok
practical_strongnative_2node_large128c0c7_fix_20260704022146_c4_sim_tfim_5q_4steps_r2_seed2023.json,simulation,hamiltonian_simulation,absolute_observable_error,0.0007427289965562522,exact_dense_eigendecomposition_numpy,,0,8.464301090018125,11396.21736765876,0.8218024506329158,0.8206730318635854,0.0011294187693303703,36,32,5,1,strongnative_2node_large128c0c7_fix_20260704022146_c4,8.480927474010969,2023,72,4,3,synthetic,"0,1,2",,1,21,1,,4,chordal,7,tfim,auto,5,4,data/raw/perlmutter/practical_suite_sweep/practical_strongnative_2node_large128c0c7_fix_20260704022146_c4_sim_tfim_5q_4steps_r2_seed2023.json,ok
practical_strongnative_2node_large128c0c7_fix_20260704022146_c4_sim_tfim_5q_4steps_r3_seed3023.json,simulation,hamiltonian_simulation,absolute_observable_error,0.0007481689972337335,exact_dense_eigendecomposition_numpy,,0,8.57500818799599,11461.325208209737,0.8218024506329158,0.8206730318635854,0.0011294187693303703,36,32,5,1,strongnative_2node_large128c0c7_fix_20260704022146_c4,8.593768274993636,3023,72,4,3,synthetic,"0,1,2",,1,21,1,,4,chordal,7,tfim,auto,5,4,data/raw/perlmutter/practical_suite_sweep/practical_strongnative_2node_large128c0c7_fix_20260704022146_c4_sim_tfim_5q_4steps_r3_seed3023.json,ok
practical_strongnative_2node_large128c0c7_fix_20260704022146_c5_chem_4q_l1_grid13_r0_seed17.json,chemistry,chemistry_vqe,absolute_energy_error,0.00019717199029400945,exact_diagonalization_numpy,,0,7.427454965014476,37669.92945569582,-1.705732892552902,-0.9019600519043551,0.8037728406485469,232,87,116,29,strongnative_2node_large128c0c7_fix_20260704022146_c5,7.443069116998231,17,72,4,3,synthetic,"0,1,2",,1,13,1,benchmarks/workloads/hamiltonians/molecular_chain_4q.json,4,chordal,7,tfim,auto,4,4,data/raw/perlmutter/practical_suite_sweep/practical_strongnative_2node_large128c0c7_fix_20260704022146_c5_chem_4q_l1_grid13_r0_seed17.json,ok
practical_strongnative_2node_large128c0c7_fix_20260704022146_c5_chem_h2_l2_grid17_r2_seed2023.json,chemistry,chemistry_vqe,absolute_energy_error,0.0001689269847702235,exact_diagonalization_numpy,,0,7.310269907000475,43274.7314879502,-1.85727503020238,-1.8369679912029844,0.020307038999395566,296,74,74,37,strongnative_2node_large128c0c7_fix_20260704022146_c5,7.3223898930009454,2023,72,4,3,synthetic,"0,1,2",,1,17,2,,4,chordal,7,tfim,auto,4,4,data/raw/perlmutter/practical_suite_sweep/practical_strongnative_2node_large128c0c7_fix_20260704022146_c5_chem_h2_l2_grid17_r2_seed2023.json,ok
practical_strongnative_2node_large128c0c7_fix_20260704022146_c5_ml_digits_c0v1v2_128s_8q_d2_r0_seed17.json,ml,multiclass_ml,test_accuracy,0.00016367700300179422,nearest_centroid_numpy,nearest_centroid_numpy,6,14.686664373002714,89729.55334990902,1.0,0.6875,0.3125,4096,1792,1024,128,strongnative_2node_large128c0c7_fix_20260704022146_c5,14.918192680983339,17,128,8,3,digits,"0,1,2",sklearn_digits,2,21,1,,4,chordal,7,tfim,auto,4,4,data/raw/perlmutter/practical_suite_sweep/practical_strongnative_2node_large128c0c7_fix_20260704022146_c5_ml_digits_c0v1v2_128s_8q_d2_r0_seed17.json,ok
practical_strongnative_2node_large128c0c7_fix_20260704022146_c5_ml_digits_c0v1v2_128s_8q_d2_r0_seed23.json,ml,multiclass_ml,test_accuracy,0.000823341979412362,knn_numpy,knn_numpy,6,7.849793344998034,9534.061837343228,1.0,0.625,0.375,4096,1792,1024,128,strongnative_2node_large128c0c7_fix_20260704022146_c5,7.944983769004466,23,128,8,3,digits,"0,1,2",sklearn_digits,2,21,1,,4,chordal,7,tfim,auto,4,4,data/raw/perlmutter/practical_suite_sweep/practical_strongnative_2node_large128c0c7_fix_20260704022146_c5_ml_digits_c0v1v2_128s_8q_d2_r0_seed23.json,ok
practical_strongnative_2node_large128c0c7_fix_20260704022146_c5_ml_digits_c0v1v2_128s_8q_d2_r0_seed31.json,ml,multiclass_ml,test_accuracy,0.0001595590147189796,nearest_centroid_numpy,nearest_centroid_numpy,6,7.376106520008761,46228.077636351634,1.0,0.75,0.25,4096,1792,1024,128,strongnative_2node_large128c0c7_fix_20260704022146_c5,7.474616376974154,31,128,8,3,digits,"0,1,2",sklearn_digits,2,21,1,,4,chordal,7,tfim,auto,4,4,data/raw/perlmutter/practical_suite_sweep/practical_strongnative_2node_large128c0c7_fix_20260704022146_c5_ml_digits_c0v1v2_128s_8q_d2_r0_seed31.json,ok
practical_strongnative_2node_large128c0c7_fix_20260704022146_c5_ml_digits_c0v1v2_128s_8q_d2_r0_seed43.json,ml,multiclass_ml,test_accuracy,0.0001557320065330714,nearest_centroid_numpy,nearest_centroid_numpy,6,7.479868702997919,48030.38803336478,1.0,0.8125,0.1875,4096,1792,1024,128,strongnative_2node_large128c0c7_fix_20260704022146_c5,7.572928304987727,43,128,8,3,digits,"0,1,2",sklearn_digits,2,21,1,,4,chordal,7,tfim,auto,4,4,data/raw/perlmutter/practical_suite_sweep/practical_strongnative_2node_large128c0c7_fix_20260704022146_c5_ml_digits_c0v1v2_128s_8q_d2_r0_seed43.json,ok
practical_strongnative_2node_large128c0c7_fix_20260704022146_c5_ml_digits_c0v1v2_128s_8q_d2_r1_seed1017.json,ml,multiclass_ml,test_accuracy,0.0008226639765780419,knn_numpy,knn_numpy,6,7.341285025991965,8923.795419520882,1.0,0.71875,0.28125,4096,1792,1024,128,strongnative_2node_large128c0c7_fix_20260704022146_c5,7.432913639000617,1017,128,8,3,digits,"0,1,2",sklearn_digits,2,21,1,,4,chordal,7,tfim,auto,4,4,data/raw/perlmutter/practical_suite_sweep/practical_strongnative_2node_large128c0c7_fix_20260704022146_c5_ml_digits_c0v1v2_128s_8q_d2_r1_seed1017.json,ok
practical_strongnative_2node_large128c0c7_fix_20260704022146_c5_ml_digits_c0v1v2_128s_8q_d2_r1_seed1023.json,ml,multiclass_ml,test_accuracy,0.00015853700460866094,nearest_centroid_numpy,nearest_centroid_numpy,6,7.4936379049904644,47267.43717334675,0.9375,0.59375,0.34375,4096,1792,1024,128,strongnative_2node_large128c0c7_fix_20260704022146_c5,7.58551220400841,1023,128,8,3,digits,"0,1,2",sklearn_digits,2,21,1,,4,chordal,7,tfim,auto,4,4,data/raw/perlmutter/practical_suite_sweep/practical_strongnative_2node_large128c0c7_fix_20260704022146_c5_ml_digits_c0v1v2_128s_8q_d2_r1_seed1023.json,ok
practical_strongnative_2node_large128c0c7_fix_20260704022146_c5_ml_digits_c0v1v2_128s_8q_d2_r1_seed1031.json,ml,multiclass_ml,test_accuracy,0.0001352720137219876,nearest_centroid_numpy,nearest_centroid_numpy,6,7.451521834998857,55085.465426080664,0.96875,0.84375,0.125,4096,1792,1024,128,strongnative_2node_large128c0c7_fix_20260704022146_c5,7.544215579982847,1031,128,8,3,digits,"0,1,2",sklearn_digits,2,21,1,,4,chordal,7,tfim,auto,4,4,data/raw/perlmutter/practical_suite_sweep/practical_strongnative_2node_large128c0c7_fix_20260704022146_c5_ml_digits_c0v1v2_128s_8q_d2_r1_seed1031.json,ok
practical_strongnative_2node_large128c0c7_fix_20260704022146_c5_ml_digits_c0v1v2_128s_8q_d2_r1_seed1043.json,ml,multiclass_ml,test_accuracy,0.0001591079926583916,nearest_centroid_numpy,nearest_centroid_numpy,6,7.571684891998302,47588.33774149158,1.0,0.78125,0.21875,4096,1792,1024,128,strongnative_2node_large128c0c7_fix_20260704022146_c5,7.663641612016363,1043,128,8,3,digits,"0,1,2",sklearn_digits,2,21,1,,4,chordal,7,tfim,auto,4,4,data/raw/perlmutter/practical_suite_sweep/practical_strongnative_2node_large128c0c7_fix_20260704022146_c5_ml_digits_c0v1v2_128s_8q_d2_r1_seed1043.json,ok
practical_strongnative_2node_large128c0c7_fix_20260704022146_c5_ml_digits_c0v1v2_128s_8q_d2_r2_seed2017.json,ml,multiclass_ml,test_accuracy,0.00015837600221857429,nearest_centroid_numpy,nearest_centroid_numpy,6,7.90474498399999,49911.25469306059,1.0,0.65625,0.34375,4096,1792,1024,128,strongnative_2node_large128c0c7_fix_20260704022146_c5,7.996184011019068,2017,128,8,3,digits,"0,1,2",sklearn_digits,2,21,1,,4,chordal,7,tfim,auto,4,4,data/raw/perlmutter/practical_suite_sweep/practical_strongnative_2node_large128c0c7_fix_20260704022146_c5_ml_digits_c0v1v2_128s_8q_d2_r2_seed2017.json,ok
practical_strongnative_2node_large128c0c7_fix_20260704022146_c5_ml_digits_c0v1v2_128s_8q_d2_r2_seed2023.json,ml,multiclass_ml,test_accuracy,0.00016617198707535863,linear_ridge_numpy,linear_ridge_numpy,6,7.714443902019411,46424.45479406182,1.0,0.59375,0.40625,4096,1792,1024,128,strongnative_2node_large128c0c7_fix_20260704022146_c5,7.809366953006247,2023,128,8,3,digits,"0,1,2",sklearn_digits,2,21,1,,4,chordal,7,tfim,auto,4,4,data/raw/perlmutter/practical_suite_sweep/practical_strongnative_2node_large128c0c7_fix_20260704022146_c5_ml_digits_c0v1v2_128s_8q_d2_r2_seed2023.json,ok
practical_strongnative_2node_large128c0c7_fix_20260704022146_c5_ml_digits_c0v1v2_128s_8q_d2_r2_seed2031.json,ml,multiclass_ml,test_accuracy,0.0001589680032338947,nearest_centroid_numpy,nearest_centroid_numpy,6,7.371388350002235,46370.26445602689,1.0,0.65625,0.34375,4096,1792,1024,128,strongnative_2node_large128c0c7_fix_20260704022146_c5,7.462946760002524,2031,128,8,3,digits,"0,1,2",sklearn_digits,2,21,1,,4,chordal,7,tfim,auto,4,4,data/raw/perlmutter/practical_suite_sweep/practical_strongnative_2node_large128c0c7_fix_20260704022146_c5_ml_digits_c0v1v2_128s_8q_d2_r2_seed2031.json,ok
practical_strongnative_2node_large128c0c7_fix_20260704022146_c5_ml_digits_c0v1v2_128s_8q_d2_r2_seed2043.json,ml,multiclass_ml,test_accuracy,0.00015644298400729895,nearest_centroid_numpy,nearest_centroid_numpy,6,7.712260080996202,49297.57719679127,1.0,0.71875,0.28125,4096,1792,1024,128,strongnative_2node_large128c0c7_fix_20260704022146_c5,7.8034887819958385,2043,128,8,3,digits,"0,1,2",sklearn_digits,2,21,1,,4,chordal,7,tfim,auto,4,4,data/raw/perlmutter/practical_suite_sweep/practical_strongnative_2node_large128c0c7_fix_20260704022146_c5_ml_digits_c0v1v2_128s_8q_d2_r2_seed2043.json,ok
practical_strongnative_2node_large128c0c7_fix_20260704022146_c5_ml_digits_c0v1v2_128s_8q_d2_r3_seed3017.json,ml,multiclass_ml,test_accuracy,0.00015766499564051628,nearest_centroid_numpy,nearest_centroid_numpy,6,7.77422507898882,49308.50406842635,1.0,0.59375,0.40625,4096,1792,1024,128,strongnative_2node_large128c0c7_fix_20260704022146_c5,7.86592819498037,3017,128,8,3,digits,"0,1,2",sklearn_digits,2,21,1,,4,chordal,7,tfim,auto,4,4,data/raw/perlmutter/practical_suite_sweep/practical_strongnative_2node_large128c0c7_fix_20260704022146_c5_ml_digits_c0v1v2_128s_8q_d2_r3_seed3017.json,ok
practical_strongnative_2node_large128c0c7_fix_20260704022146_c5_ml_digits_c0v1v2_128s_8q_d2_r3_seed3023.json,ml,multiclass_ml,test_accuracy,0.01184446201659739,rbf_kernel_ridge_numpy,rbf_kernel_ridge_numpy,6,7.261509583011502,613.0721321775616,1.0,0.5625,0.4375,4096,1792,1024,128,strongnative_2node_large128c0c7_fix_20260704022146_c5,7.355010305996984,3023,128,8,3,digits,"0,1,2",sklearn_digits,2,21,1,,4,chordal,7,tfim,auto,4,4,data/raw/perlmutter/practical_suite_sweep/practical_strongnative_2node_large128c0c7_fix_20260704022146_c5_ml_digits_c0v1v2_128s_8q_d2_r3_seed3023.json,ok
practical_strongnative_2node_large128c0c7_fix_20260704022146_c5_ml_digits_c0v1v2_128s_8q_d2_r3_seed3031.json,ml,multiclass_ml,test_accuracy,0.00016430800314992666,linear_ridge_numpy,linear_ridge_numpy,6,7.073119467997458,43047.93030406088,1.0,0.71875,0.28125,4096,1792,1024,128,strongnative_2node_large128c0c7_fix_20260704022146_c5,7.165631055017002,3031,128,8,3,digits,"0,1,2",sklearn_digits,2,21,1,,4,chordal,7,tfim,auto,4,4,data/raw/perlmutter/practical_suite_sweep/practical_strongnative_2node_large128c0c7_fix_20260704022146_c5_ml_digits_c0v1v2_128s_8q_d2_r3_seed3031.json,ok
practical_strongnative_2node_large128c0c7_fix_20260704022146_c5_ml_digits_c0v1v2_128s_8q_d2_r3_seed3043.json,ml,multiclass_ml,test_accuracy,0.00013672499335370958,nearest_centroid_numpy,nearest_centroid_numpy,6,7.125689531996613,52116.94919276646,1.0,0.625,0.375,4096,1792,1024,128,strongnative_2node_large128c0c7_fix_20260704022146_c5,7.21658402698813,3043,128,8,3,digits,"0,1,2",sklearn_digits,2,21,1,,4,chordal,7,tfim,auto,4,4,data/raw/perlmutter/practical_suite_sweep/practical_strongnative_2node_large128c0c7_fix_20260704022146_c5_ml_digits_c0v1v2_128s_8q_d2_r3_seed3043.json,ok
practical_strongnative_2node_large128c0c7_fix_20260704022146_c5_qaoa_chordal_4n_grid9_r1_seed1031.json,optimization,optimization_qaoa,approximation_ratio,1.7855025362223387e-05,greedy_assignment_numpy,,4,7.754096337012015,434280.8917772627,4,3.1457154773853633,0.21357113065365918,1053,810,324,81,strongnative_2node_large128c0c7_fix_20260704022146_c5,7.7777599949913565,1031,72,4,3,synthetic,"0,1,2",,1,21,1,,4,chordal,9,tfim,auto,4,4,data/raw/perlmutter/practical_suite_sweep/practical_strongnative_2node_large128c0c7_fix_20260704022146_c5_qaoa_chordal_4n_grid9_r1_seed1031.json,ok
practical_strongnative_2node_large128c0c7_fix_20260704022146_c5_qaoa_chordal_4n_grid9_r3_seed3031.json,optimization,optimization_qaoa,approximation_ratio,1.8095015548169613e-05,greedy_assignment_numpy,,4,8.96604001999367,495497.77927107795,4,3.1457154773853633,0.21357113065365918,1053,810,324,81,strongnative_2node_large128c0c7_fix_20260704022146_c5,8.987525400007144,3031,72,4,3,synthetic,"0,1,2",,1,21,1,,4,chordal,9,tfim,auto,4,4,data/raw/perlmutter/practical_suite_sweep/practical_strongnative_2node_large128c0c7_fix_20260704022146_c5_qaoa_chordal_4n_grid9_r3_seed3031.json,ok
practical_strongnative_2node_large128c0c7_fix_20260704022146_c5_qaoa_ladder_5n_grid9_r0_seed43.json,optimization,optimization_qaoa,approximation_ratio,2.0809995476156473e-05,greedy_assignment_numpy,,4,8.42568257599487,404886.32424974756,5,3.6919417382415882,0.2616116523516824,1215,810,405,81,strongnative_2node_large128c0c7_fix_20260704022146_c5,8.448196569021093,43,72,4,3,synthetic,"0,1,2",,1,21,1,,5,ladder,9,tfim,auto,4,4,data/raw/perlmutter/practical_suite_sweep/practical_strongnative_2node_large128c0c7_fix_20260704022146_c5_qaoa_ladder_5n_grid9_r0_seed43.json,ok
practical_strongnative_2node_large128c0c7_fix_20260704022146_c5_qaoa_ladder_5n_grid9_r2_seed2043.json,optimization,optimization_qaoa,approximation_ratio,2.0459992811083794e-05,greedy_assignment_numpy,,4,8.535148158989614,417162.8131934566,5,3.6919417382415882,0.2616116523516824,1215,810,405,81,strongnative_2node_large128c0c7_fix_20260704022146_c5,8.557434369024122,2043,72,4,3,synthetic,"0,1,2",,1,21,1,,5,ladder,9,tfim,auto,4,4,data/raw/perlmutter/practical_suite_sweep/practical_strongnative_2node_large128c0c7_fix_20260704022146_c5_qaoa_ladder_5n_grid9_r2_seed2043.json,ok
practical_strongnative_2node_large128c0c7_fix_20260704022146_c5_qaoa_ring_7n_grid9_r0_seed17.json,optimization,optimization_qaoa,approximation_ratio,2.7774018235504627e-05,greedy_assignment_numpy,,4,7.213634813990211,259726.00553594856,6,5.249999999999997,0.12500000000000044,1701,1134,567,81,strongnative_2node_large128c0c7_fix_20260704022146_c5,7.2381642349937465,17,72,4,3,synthetic,"0,1,2",,1,21,1,,7,ring,9,tfim,auto,4,4,data/raw/perlmutter/practical_suite_sweep/practical_strongnative_2node_large128c0c7_fix_20260704022146_c5_qaoa_ring_7n_grid9_r0_seed17.json,ok
practical_strongnative_2node_large128c0c7_fix_20260704022146_c5_qaoa_ring_7n_grid9_r2_seed2017.json,optimization,optimization_qaoa,approximation_ratio,2.7673988370224833e-05,greedy_assignment_numpy,,4,8.49240621100762,306873.2304644899,6,5.249999999999997,0.12500000000000044,1701,1134,567,81,strongnative_2node_large128c0c7_fix_20260704022146_c5,8.518592594016809,2017,72,4,3,synthetic,"0,1,2",,1,21,1,,7,ring,9,tfim,auto,4,4,data/raw/perlmutter/practical_suite_sweep/practical_strongnative_2node_large128c0c7_fix_20260704022146_c5_qaoa_ring_7n_grid9_r2_seed2017.json,ok
practical_strongnative_2node_large128c0c7_fix_20260704022146_c5_sim_tfim_5q_6steps_r0_seed23.json,simulation,hamiltonian_simulation,absolute_observable_error,0.0007396720175165683,exact_dense_eigendecomposition_numpy,,0,8.120977823011344,10979.160534255898,0.8218024506329158,0.8213019840508522,0.0005004665820635967,54,48,5,1,strongnative_2node_large128c0c7_fix_20260704022146_c5,8.135261249000905,23,72,4,3,synthetic,"0,1,2",,1,21,1,,4,chordal,7,tfim,auto,5,6,data/raw/perlmutter/practical_suite_sweep/practical_strongnative_2node_large128c0c7_fix_20260704022146_c5_sim_tfim_5q_6steps_r0_seed23.json,ok
practical_strongnative_2node_large128c0c7_fix_20260704022146_c5_sim_tfim_5q_6steps_r1_seed1023.json,simulation,hamiltonian_simulation,absolute_observable_error,0.0007474969897884876,exact_dense_eigendecomposition_numpy,,0,9.0852830990043,12154.273827343546,0.8218024506329158,0.8213019840508522,0.0005004665820635967,54,48,5,1,strongnative_2node_large128c0c7_fix_20260704022146_c5,9.097133420989849,1023,72,4,3,synthetic,"0,1,2",,1,21,1,,4,chordal,7,tfim,auto,5,6,data/raw/perlmutter/practical_suite_sweep/practical_strongnative_2node_large128c0c7_fix_20260704022146_c5_sim_tfim_5q_6steps_r1_seed1023.json,ok
practical_strongnative_2node_large128c0c7_fix_20260704022146_c5_sim_tfim_5q_6steps_r2_seed2023.json,simulation,hamiltonian_simulation,absolute_observable_error,0.0007671460043638945,exact_dense_eigendecomposition_numpy,,0,8.706655681977281,11349.411497224319,0.8218024506329158,0.8213019840508522,0.0005004665820635967,54,48,5,1,strongnative_2node_large128c0c7_fix_20260704022146_c5,8.714636260003317,2023,72,4,3,synthetic,"0,1,2",,1,21,1,,4,chordal,7,tfim,auto,5,6,data/raw/perlmutter/practical_suite_sweep/practical_strongnative_2node_large128c0c7_fix_20260704022146_c5_sim_tfim_5q_6steps_r2_seed2023.json,ok
practical_strongnative_2node_large128c0c7_fix_20260704022146_c5_sim_tfim_5q_6steps_r3_seed3023.json,simulation,hamiltonian_simulation,absolute_observable_error,0.0007818049925845116,exact_dense_eigendecomposition_numpy,,0,8.282383445010055,10593.924985858599,0.8218024506329158,0.8213019840508522,0.0005004665820635967,54,48,5,1,strongnative_2node_large128c0c7_fix_20260704022146_c5,8.298278482019668,3023,72,4,3,synthetic,"0,1,2",,1,21,1,,4,chordal,7,tfim,auto,5,6,data/raw/perlmutter/practical_suite_sweep/practical_strongnative_2node_large128c0c7_fix_20260704022146_c5_sim_tfim_5q_6steps_r3_seed3023.json,ok
practical_strongnative_2node_large128c0c7_fix_20260704022146_c6_chem_4q_l1_grid17_r0_seed17.json,chemistry,chemistry_vqe,absolute_energy_error,0.00017792399739846587,exact_diagonalization_numpy,,0,7.281830703985179,40926.636150588,-1.705732892552902,-1.3483747830949033,0.35735810945799873,296,111,148,37,strongnative_2node_large128c0c7_fix_20260704022146_c6,7.2944946119969245,17,72,4,3,synthetic,"0,1,2",,1,17,1,benchmarks/workloads/hamiltonians/molecular_chain_4q.json,4,chordal,7,tfim,auto,4,4,data/raw/perlmutter/practical_suite_sweep/practical_strongnative_2node_large128c0c7_fix_20260704022146_c6_chem_4q_l1_grid17_r0_seed17.json,ok
practical_strongnative_2node_large128c0c7_fix_20260704022146_c6_chem_h2_l2_grid21_r2_seed2023.json,chemistry,chemistry_vqe,absolute_energy_error,0.00015036200056783855,exact_diagonalization_numpy,,0,7.160123868001392,47619.2378457413,-1.85727503020238,-1.8369679912029844,0.020307038999395566,360,90,90,45,strongnative_2node_large128c0c7_fix_20260704022146_c6,7.166471471980913,2023,72,4,3,synthetic,"0,1,2",,1,21,2,,4,chordal,7,tfim,auto,4,4,data/raw/perlmutter/practical_suite_sweep/practical_strongnative_2node_large128c0c7_fix_20260704022146_c6_chem_h2_l2_grid21_r2_seed2023.json,ok
practical_strongnative_2node_large128c0c7_fix_20260704022146_c6_ml_digits_c0v1v2_128s_10q_d1_r0_seed17.json,ml,multiclass_ml,test_accuracy,0.00016286500613205135,nearest_centroid_numpy,nearest_centroid_numpy,6,14.67211878998205,90087.60775832877,1.0,0.625,0.375,2560,1152,1280,128,strongnative_2node_large128c0c7_fix_20260704022146_c6,14.90108325102483,17,128,10,3,digits,"0,1,2",sklearn_digits,1,21,1,,4,chordal,7,tfim,auto,4,4,data/raw/perlmutter/practical_suite_sweep/practical_strongnative_2node_large128c0c7_fix_20260704022146_c6_ml_digits_c0v1v2_128s_10q_d1_r0_seed17.json,ok
practical_strongnative_2node_large128c0c7_fix_20260704022146_c6_ml_digits_c0v1v2_128s_10q_d1_r0_seed23.json,ml,multiclass_ml,test_accuracy,0.03877874999307096,one_hidden_layer_mlp_numpy,one_hidden_layer_mlp_numpy,6,7.902627769013634,203.78758393258386,1.0,0.75,0.25,2560,1152,1280,128,strongnative_2node_large128c0c7_fix_20260704022146_c6,7.998517735977657,23,128,10,3,digits,"0,1,2",sklearn_digits,1,21,1,,4,chordal,7,tfim,auto,4,4,data/raw/perlmutter/practical_suite_sweep/practical_strongnative_2node_large128c0c7_fix_20260704022146_c6_ml_digits_c0v1v2_128s_10q_d1_r0_seed23.json,ok
practical_strongnative_2node_large128c0c7_fix_20260704022146_c6_ml_digits_c0v1v2_128s_10q_d1_r0_seed31.json,ml,multiclass_ml,test_accuracy,0.00015919798170216382,nearest_centroid_numpy,nearest_centroid_numpy,6,7.700491447001696,48370.534379061355,1.0,0.71875,0.28125,2560,1152,1280,128,strongnative_2node_large128c0c7_fix_20260704022146_c6,7.7936305470066145,31,128,10,3,digits,"0,1,2",sklearn_digits,1,21,1,,4,chordal,7,tfim,auto,4,4,data/raw/perlmutter/practical_suite_sweep/practical_strongnative_2node_large128c0c7_fix_20260704022146_c6_ml_digits_c0v1v2_128s_10q_d1_r0_seed31.json,ok
practical_strongnative_2node_large128c0c7_fix_20260704022146_c6_ml_digits_c0v1v2_128s_10q_d1_r0_seed43.json,ml,multiclass_ml,test_accuracy,0.00016653299098834395,linear_ridge_numpy,linear_ridge_numpy,6,7.340244313993026,44076.81787512474,1.0,0.75,0.25,2560,1152,1280,128,strongnative_2node_large128c0c7_fix_20260704022146_c6,7.435803368978668,43,128,10,3,digits,"0,1,2",sklearn_digits,1,21,1,,4,chordal,7,tfim,auto,4,4,data/raw/perlmutter/practical_suite_sweep/practical_strongnative_2node_large128c0c7_fix_20260704022146_c6_ml_digits_c0v1v2_128s_10q_d1_r0_seed43.json,ok
practical_strongnative_2node_large128c0c7_fix_20260704022146_c6_ml_digits_c0v1v2_128s_10q_d1_r1_seed1017.json,ml,multiclass_ml,test_accuracy,0.00016606200370006263,nearest_centroid_numpy,nearest_centroid_numpy,6,7.211088033975102,43424.0697649271,1.0,0.71875,0.28125,2560,1152,1280,128,strongnative_2node_large128c0c7_fix_20260704022146_c6,7.307733818015549,1017,128,10,3,digits,"0,1,2",sklearn_digits,1,21,1,,4,chordal,7,tfim,auto,4,4,data/raw/perlmutter/practical_suite_sweep/practical_strongnative_2node_large128c0c7_fix_20260704022146_c6_ml_digits_c0v1v2_128s_10q_d1_r1_seed1017.json,ok
practical_strongnative_2node_large128c0c7_fix_20260704022146_c6_ml_digits_c0v1v2_128s_10q_d1_r1_seed1023.json,ml,multiclass_ml,test_accuracy,0.00016870599938556552,linear_ridge_numpy,linear_ridge_numpy,6,7.610627190006198,45111.77561986194,0.96875,0.75,0.21875,2560,1152,1280,128,strongnative_2node_large128c0c7_fix_20260704022146_c6,7.70361463498557,1023,128,10,3,digits,"0,1,2",sklearn_digits,1,21,1,,4,chordal,7,tfim,auto,4,4,data/raw/perlmutter/practical_suite_sweep/practical_strongnative_2node_large128c0c7_fix_20260704022146_c6_ml_digits_c0v1v2_128s_10q_d1_r1_seed1023.json,ok
practical_strongnative_2node_large128c0c7_fix_20260704022146_c6_ml_digits_c0v1v2_128s_10q_d1_r1_seed1031.json,ml,multiclass_ml,test_accuracy,0.00016886700177565217,linear_ridge_numpy,linear_ridge_numpy,6,7.488715467974544,44346.82554454101,1.0,0.71875,0.28125,2560,1152,1280,128,strongnative_2node_large128c0c7_fix_20260704022146_c6,7.6149601060024,1031,128,10,3,digits,"0,1,2",sklearn_digits,1,21,1,,4,chordal,7,tfim,auto,4,4,data/raw/perlmutter/practical_suite_sweep/practical_strongnative_2node_large128c0c7_fix_20260704022146_c6_ml_digits_c0v1v2_128s_10q_d1_r1_seed1031.json,ok
practical_strongnative_2node_large128c0c7_fix_20260704022146_c6_ml_digits_c0v1v2_128s_10q_d1_r1_seed1043.json,ml,multiclass_ml,test_accuracy,0.00017081998521462083,nearest_centroid_numpy,nearest_centroid_numpy,6,7.849642159999348,45952.71536955666,1.0,0.84375,0.15625,2560,1152,1280,128,strongnative_2node_large128c0c7_fix_20260704022146_c6,7.945903309999267,1043,128,10,3,digits,"0,1,2",sklearn_digits,1,21,1,,4,chordal,7,tfim,auto,4,4,data/raw/perlmutter/practical_suite_sweep/practical_strongnative_2node_large128c0c7_fix_20260704022146_c6_ml_digits_c0v1v2_128s_10q_d1_r1_seed1043.json,ok
practical_strongnative_2node_large128c0c7_fix_20260704022146_c6_ml_digits_c0v1v2_128s_10q_d1_r2_seed2017.json,ml,multiclass_ml,test_accuracy,0.010448551998706535,softmax_regression_numpy,softmax_regression_numpy,6,7.969740222004475,762.7602583583906,1.0,0.71875,0.28125,2560,1152,1280,128,strongnative_2node_large128c0c7_fix_20260704022146_c6,8.076848144992255,2017,128,10,3,digits,"0,1,2",sklearn_digits,1,21,1,,4,chordal,7,tfim,auto,4,4,data/raw/perlmutter/practical_suite_sweep/practical_strongnative_2node_large128c0c7_fix_20260704022146_c6_ml_digits_c0v1v2_128s_10q_d1_r2_seed2017.json,ok
practical_strongnative_2node_large128c0c7_fix_20260704022146_c6_ml_digits_c0v1v2_128s_10q_d1_r2_seed2023.json,ml,multiclass_ml,test_accuracy,0.011578809004276991,rbf_kernel_ridge_numpy,rbf_kernel_ridge_numpy,6,7.449718935997225,643.392505502547,1.0,0.625,0.375,2560,1152,1280,128,strongnative_2node_large128c0c7_fix_20260704022146_c6,7.554742233012803,2023,128,10,3,digits,"0,1,2",sklearn_digits,1,21,1,,4,chordal,7,tfim,auto,4,4,data/raw/perlmutter/practical_suite_sweep/practical_strongnative_2node_large128c0c7_fix_20260704022146_c6_ml_digits_c0v1v2_128s_10q_d1_r2_seed2023.json,ok
practical_strongnative_2node_large128c0c7_fix_20260704022146_c6_ml_digits_c0v1v2_128s_10q_d1_r2_seed2031.json,ml,multiclass_ml,test_accuracy,0.00016125201364047825,nearest_centroid_numpy,nearest_centroid_numpy,6,7.44516250299057,46170.97383720143,1.0,0.75,0.25,2560,1152,1280,128,strongnative_2node_large128c0c7_fix_20260704022146_c6,7.544428104010876,2031,128,10,3,digits,"0,1,2",sklearn_digits,1,21,1,,4,chordal,7,tfim,auto,4,4,data/raw/perlmutter/practical_suite_sweep/practical_strongnative_2node_large128c0c7_fix_20260704022146_c6_ml_digits_c0v1v2_128s_10q_d1_r2_seed2031.json,ok
practical_strongnative_2node_large128c0c7_fix_20260704022146_c6_ml_digits_c0v1v2_128s_10q_d1_r2_seed2043.json,ml,multiclass_ml,test_accuracy,0.00015833598445169628,nearest_centroid_numpy,nearest_centroid_numpy,6,7.588025600009132,47923.569782862716,1.0,0.78125,0.21875,2560,1152,1280,128,strongnative_2node_large128c0c7_fix_20260704022146_c6,7.6867162250273395,2043,128,10,3,digits,"0,1,2",sklearn_digits,1,21,1,,4,chordal,7,tfim,auto,4,4,data/raw/perlmutter/practical_suite_sweep/practical_strongnative_2node_large128c0c7_fix_20260704022146_c6_ml_digits_c0v1v2_128s_10q_d1_r2_seed2043.json,ok
practical_strongnative_2node_large128c0c7_fix_20260704022146_c6_ml_digits_c0v1v2_128s_10q_d1_r3_seed3017.json,ml,multiclass_ml,test_accuracy,0.000160781986778602,nearest_centroid_numpy,nearest_centroid_numpy,6,7.816877860983368,48617.87080506268,0.96875,0.75,0.21875,2560,1152,1280,128,strongnative_2node_large128c0c7_fix_20260704022146_c6,7.913867218012456,3017,128,10,3,digits,"0,1,2",sklearn_digits,1,21,1,,4,chordal,7,tfim,auto,4,4,data/raw/perlmutter/practical_suite_sweep/practical_strongnative_2node_large128c0c7_fix_20260704022146_c6_ml_digits_c0v1v2_128s_10q_d1_r3_seed3017.json,ok
practical_strongnative_2node_large128c0c7_fix_20260704022146_c6_ml_digits_c0v1v2_128s_10q_d1_r3_seed3023.json,ml,multiclass_ml,test_accuracy,0.010154657997190952,softmax_regression_numpy,softmax_regression_numpy,6,7.471622734010452,735.7828039188815,1.0,0.71875,0.28125,2560,1152,1280,128,strongnative_2node_large128c0c7_fix_20260704022146_c6,7.564770763012348,3023,128,10,3,digits,"0,1,2",sklearn_digits,1,21,1,,4,chordal,7,tfim,auto,4,4,data/raw/perlmutter/practical_suite_sweep/practical_strongnative_2node_large128c0c7_fix_20260704022146_c6_ml_digits_c0v1v2_128s_10q_d1_r3_seed3023.json,ok
practical_strongnative_2node_large128c0c7_fix_20260704022146_c6_ml_digits_c0v1v2_128s_10q_d1_r3_seed3031.json,ml,multiclass_ml,test_accuracy,0.00016348599456250668,nearest_centroid_numpy,nearest_centroid_numpy,6,7.10732012198423,43473.57179435234,1.0,0.75,0.25,2560,1152,1280,128,strongnative_2node_large128c0c7_fix_20260704022146_c6,7.200943392002955,3031,128,10,3,digits,"0,1,2",sklearn_digits,1,21,1,,4,chordal,7,tfim,auto,4,4,data/raw/perlmutter/practical_suite_sweep/practical_strongnative_2node_large128c0c7_fix_20260704022146_c6_ml_digits_c0v1v2_128s_10q_d1_r3_seed3031.json,ok
practical_strongnative_2node_large128c0c7_fix_20260704022146_c6_ml_digits_c0v1v2_128s_10q_d1_r3_seed3043.json,ml,multiclass_ml,test_accuracy,0.0008333040168508887,knn_numpy,knn_numpy,6,7.184384099004092,8621.564223528356,1.0,0.6875,0.3125,2560,1152,1280,128,strongnative_2node_large128c0c7_fix_20260704022146_c6,7.282700808980735,3043,128,10,3,digits,"0,1,2",sklearn_digits,1,21,1,,4,chordal,7,tfim,auto,4,4,data/raw/perlmutter/practical_suite_sweep/practical_strongnative_2node_large128c0c7_fix_20260704022146_c6_ml_digits_c0v1v2_128s_10q_d1_r3_seed3043.json,ok
practical_strongnative_2node_large128c0c7_fix_20260704022146_c6_qaoa_chordal_4n_grid11_r1_seed1031.json,optimization,optimization_qaoa,approximation_ratio,1.7283979104831815e-05,greedy_assignment_numpy,,4,8.3217245079868,481470.41011293663,4,3.229815686445298,0.19254607838867555,1573,1210,484,121,strongnative_2node_large128c0c7_fix_20260704022146_c6,8.345890138007235,1031,72,4,3,synthetic,"0,1,2",,1,21,1,,4,chordal,11,tfim,auto,4,4,data/raw/perlmutter/practical_suite_sweep/practical_strongnative_2node_large128c0c7_fix_20260704022146_c6_qaoa_chordal_4n_grid11_r1_seed1031.json,ok
practical_strongnative_2node_large128c0c7_fix_20260704022146_c6_qaoa_chordal_4n_grid11_r3_seed3031.json,optimization,optimization_qaoa,approximation_ratio,1.751398667693138e-05,greedy_assignment_numpy,,4,8.629122500977246,492698.9302979846,4,3.229815686445298,0.19254607838867555,1573,1210,484,121,strongnative_2node_large128c0c7_fix_20260704022146_c6,8.659566174988868,3031,72,4,3,synthetic,"0,1,2",,1,21,1,,4,chordal,11,tfim,auto,4,4,data/raw/perlmutter/practical_suite_sweep/practical_strongnative_2node_large128c0c7_fix_20260704022146_c6_qaoa_chordal_4n_grid11_r3_seed3031.json,ok
practical_strongnative_2node_large128c0c7_fix_20260704022146_c6_qaoa_ladder_5n_grid11_r0_seed43.json,optimization,optimization_qaoa,approximation_ratio,2.0359992049634457e-05,greedy_assignment_numpy,,4,7.426379595010076,364753.5606549222,5,3.5925466511522917,0.2814906697695416,1815,1210,605,121,strongnative_2node_large128c0c7_fix_20260704022146_c6,7.566870081005618,43,72,4,3,synthetic,"0,1,2",,1,21,1,,5,ladder,11,tfim,auto,4,4,data/raw/perlmutter/practical_suite_sweep/practical_strongnative_2node_large128c0c7_fix_20260704022146_c6_qaoa_ladder_5n_grid11_r0_seed43.json,ok
practical_strongnative_2node_large128c0c7_fix_20260704022146_c6_qaoa_ladder_5n_grid11_r2_seed2043.json,optimization,optimization_qaoa,approximation_ratio,2.0629988284781575e-05,greedy_assignment_numpy,,4,8.408883805997903,407604.8754812433,5,3.5925466511522917,0.2814906697695416,1815,1210,605,121,strongnative_2node_large128c0c7_fix_20260704022146_c6,8.445364949991927,2043,72,4,3,synthetic,"0,1,2",,1,21,1,,5,ladder,11,tfim,auto,4,4,data/raw/perlmutter/practical_suite_sweep/practical_strongnative_2node_large128c0c7_fix_20260704022146_c6_qaoa_ladder_5n_grid11_r2_seed2043.json,ok
practical_strongnative_2node_large128c0c7_fix_20260704022146_c6_qaoa_ring_7n_grid11_r0_seed17.json,optimization,optimization_qaoa,approximation_ratio,2.79039959423244e-05,greedy_assignment_numpy,,4,6.939994215994375,248709.6912692668,6,5.082889870078074,0.15285168832032092,2541,1694,847,121,strongnative_2node_large128c0c7_fix_20260704022146_c6,6.962904301995877,17,72,4,3,synthetic,"0,1,2",,1,21,1,,7,ring,11,tfim,auto,4,4,data/raw/perlmutter/practical_suite_sweep/practical_strongnative_2node_large128c0c7_fix_20260704022146_c6_qaoa_ring_7n_grid11_r0_seed17.json,ok
practical_strongnative_2node_large128c0c7_fix_20260704022146_c6_qaoa_ring_7n_grid11_r2_seed2017.json,optimization,optimization_qaoa,approximation_ratio,2.7233007131144404e-05,greedy_assignment_numpy,,4,8.54731266098679,313858.56948613847,6,5.082889870078074,0.15285168832032092,2541,1694,847,121,strongnative_2node_large128c0c7_fix_20260704022146_c6,8.572572238976136,2017,72,4,3,synthetic,"0,1,2",,1,21,1,,7,ring,11,tfim,auto,4,4,data/raw/perlmutter/practical_suite_sweep/practical_strongnative_2node_large128c0c7_fix_20260704022146_c6_qaoa_ring_7n_grid11_r2_seed2017.json,ok
practical_strongnative_2node_large128c0c7_fix_20260704022146_c6_sim_tfim_5q_8steps_r0_seed23.json,simulation,hamiltonian_simulation,absolute_observable_error,0.0024122510221786797,exact_dense_eigendecomposition_numpy,,0,8.050521546014352,3337.34817479457,0.8218024506329158,0.8215212314654874,0.0002812191674284037,72,64,5,1,strongnative_2node_large128c0c7_fix_20260704022146_c6,8.065930760989431,23,72,4,3,synthetic,"0,1,2",,1,21,1,,4,chordal,7,tfim,auto,5,8,data/raw/perlmutter/practical_suite_sweep/practical_strongnative_2node_large128c0c7_fix_20260704022146_c6_sim_tfim_5q_8steps_r0_seed23.json,ok
practical_strongnative_2node_large128c0c7_fix_20260704022146_c6_sim_tfim_5q_8steps_r1_seed1023.json,simulation,hamiltonian_simulation,absolute_observable_error,0.0007441100024152547,exact_dense_eigendecomposition_numpy,,0,9.028682831005426,12133.53241012734,0.8218024506329158,0.8215212314654874,0.0002812191674284037,72,64,5,1,strongnative_2node_large128c0c7_fix_20260704022146_c6,9.038651167997159,1023,72,4,3,synthetic,"0,1,2",,1,21,1,,4,chordal,7,tfim,auto,5,8,data/raw/perlmutter/practical_suite_sweep/practical_strongnative_2node_large128c0c7_fix_20260704022146_c6_sim_tfim_5q_8steps_r1_seed1023.json,ok
practical_strongnative_2node_large128c0c7_fix_20260704022146_c6_sim_tfim_5q_8steps_r2_seed2023.json,simulation,hamiltonian_simulation,absolute_observable_error,0.0007815239951014519,exact_dense_eigendecomposition_numpy,,0,8.564994309999747,10959.349122592072,0.8218024506329158,0.8215212314654874,0.0002812191674284037,72,64,5,1,strongnative_2node_large128c0c7_fix_20260704022146_c6,8.57579031199566,2023,72,4,3,synthetic,"0,1,2",,1,21,1,,4,chordal,7,tfim,auto,5,8,data/raw/perlmutter/practical_suite_sweep/practical_strongnative_2node_large128c0c7_fix_20260704022146_c6_sim_tfim_5q_8steps_r2_seed2023.json,ok
practical_strongnative_2node_large128c0c7_fix_20260704022146_c6_sim_tfim_5q_8steps_r3_seed3023.json,simulation,hamiltonian_simulation,absolute_observable_error,0.000758740003220737,exact_dense_eigendecomposition_numpy,,0,8.220461324002827,10834.35865923532,0.8218024506329158,0.8215212314654874,0.0002812191674284037,72,64,5,1,strongnative_2node_large128c0c7_fix_20260704022146_c6,8.231651588983368,3023,72,4,3,synthetic,"0,1,2",,1,21,1,,4,chordal,7,tfim,auto,5,8,data/raw/perlmutter/practical_suite_sweep/practical_strongnative_2node_large128c0c7_fix_20260704022146_c6_sim_tfim_5q_8steps_r3_seed3023.json,ok
practical_strongnative_2node_large128c0c7_fix_20260704022146_c7_chem_h2_l2_grid17_r0_seed17.json,chemistry,chemistry_vqe,absolute_energy_error,0.00015285599511116743,exact_diagonalization_numpy,,0,7.063051526987692,46207.226100951775,-1.85727503020238,-1.8369679912029844,0.020307038999395566,296,74,74,37,strongnative_2node_large128c0c7_fix_20260704022146_c7,7.074099326011492,17,72,4,3,synthetic,"0,1,2",,1,17,2,,4,chordal,7,tfim,auto,4,4,data/raw/perlmutter/practical_suite_sweep/practical_strongnative_2node_large128c0c7_fix_20260704022146_c7_chem_h2_l2_grid17_r0_seed17.json,ok
practical_strongnative_2node_large128c0c7_fix_20260704022146_c7_chem_h2_l2_grid25_r2_seed2023.json,chemistry,chemistry_vqe,absolute_energy_error,0.00016906700329855084,exact_diagonalization_numpy,,0,7.251010577980196,42888.38411109608,-1.85727503020238,-1.8369679912029844,0.020307038999395566,424,106,106,53,strongnative_2node_large128c0c7_fix_20260704022146_c7,7.257383732008748,2023,72,4,3,synthetic,"0,1,2",,1,25,2,,4,chordal,7,tfim,auto,4,4,data/raw/perlmutter/practical_suite_sweep/practical_strongnative_2node_large128c0c7_fix_20260704022146_c7_chem_h2_l2_grid25_r2_seed2023.json,ok
practical_strongnative_2node_large128c0c7_fix_20260704022146_c7_ml_digits_c0v1v2_128s_10q_d2_r0_seed17.json,ml,multiclass_ml,test_accuracy,0.00015774500207044184,nearest_centroid_numpy,nearest_centroid_numpy,6,14.632007253996562,92757.34293922392,1.0,0.625,0.375,5120,2304,1280,128,strongnative_2node_large128c0c7_fix_20260704022146_c7,14.931595743983053,17,128,10,3,digits,"0,1,2",sklearn_digits,2,21,1,,4,chordal,7,tfim,auto,4,4,data/raw/perlmutter/practical_suite_sweep/practical_strongnative_2node_large128c0c7_fix_20260704022146_c7_ml_digits_c0v1v2_128s_10q_d2_r0_seed17.json,ok
practical_strongnative_2node_large128c0c7_fix_20260704022146_c7_ml_digits_c0v1v2_128s_10q_d2_r0_seed23.json,ml,multiclass_ml,test_accuracy,0.038381611986551434,one_hidden_layer_mlp_numpy,one_hidden_layer_mlp_numpy,6,8.077223767992109,210.4451415647236,1.0,0.59375,0.40625,5120,2304,1280,128,strongnative_2node_large128c0c7_fix_20260704022146_c7,8.181600006006192,23,128,10,3,digits,"0,1,2",sklearn_digits,2,21,1,,4,chordal,7,tfim,auto,4,4,data/raw/perlmutter/practical_suite_sweep/practical_strongnative_2node_large128c0c7_fix_20260704022146_c7_ml_digits_c0v1v2_128s_10q_d2_r0_seed23.json,ok
practical_strongnative_2node_large128c0c7_fix_20260704022146_c7_ml_digits_c0v1v2_128s_10q_d2_r0_seed31.json,ml,multiclass_ml,test_accuracy,0.00016166301793418825,nearest_centroid_numpy,nearest_centroid_numpy,6,7.429742198000895,45958.20548782211,1.0,0.78125,0.21875,5120,2304,1280,128,strongnative_2node_large128c0c7_fix_20260704022146_c7,7.523438536998583,31,128,10,3,digits,"0,1,2",sklearn_digits,2,21,1,,4,chordal,7,tfim,auto,4,4,data/raw/perlmutter/practical_suite_sweep/practical_strongnative_2node_large128c0c7_fix_20260704022146_c7_ml_digits_c0v1v2_128s_10q_d2_r0_seed31.json,ok
practical_strongnative_2node_large128c0c7_fix_20260704022146_c7_ml_digits_c0v1v2_128s_10q_d2_r0_seed43.json,ml,multiclass_ml,test_accuracy,0.0001611019833944738,nearest_centroid_numpy,nearest_centroid_numpy,6,7.314344953978434,45401.954711311984,1.0,0.84375,0.15625,5120,2304,1280,128,strongnative_2node_large128c0c7_fix_20260704022146_c7,7.408020577975549,43,128,10,3,digits,"0,1,2",sklearn_digits,2,21,1,,4,chordal,7,tfim,auto,4,4,data/raw/perlmutter/practical_suite_sweep/practical_strongnative_2node_large128c0c7_fix_20260704022146_c7_ml_digits_c0v1v2_128s_10q_d2_r0_seed43.json,ok
practical_strongnative_2node_large128c0c7_fix_20260704022146_c7_ml_digits_c0v1v2_128s_10q_d2_r1_seed1017.json,ml,multiclass_ml,test_accuracy,0.0001606110017746687,nearest_centroid_numpy,nearest_centroid_numpy,6,7.088936206011567,44137.3014779964,1.0,0.71875,0.28125,5120,2304,1280,128,strongnative_2node_large128c0c7_fix_20260704022146_c7,7.184564200026216,1017,128,10,3,digits,"0,1,2",sklearn_digits,2,21,1,,4,chordal,7,tfim,auto,4,4,data/raw/perlmutter/practical_suite_sweep/practical_strongnative_2node_large128c0c7_fix_20260704022146_c7_ml_digits_c0v1v2_128s_10q_d2_r1_seed1017.json,ok
practical_strongnative_2node_large128c0c7_fix_20260704022146_c7_ml_digits_c0v1v2_128s_10q_d2_r1_seed1023.json,ml,multiclass_ml,test_accuracy,0.0001727139751892537,linear_ridge_numpy,linear_ridge_numpy,6,7.401970935985446,42856.81530909491,0.96875,0.59375,0.375,5120,2304,1280,128,strongnative_2node_large128c0c7_fix_20260704022146_c7,7.497087821015157,1023,128,10,3,digits,"0,1,2",sklearn_digits,2,21,1,,4,chordal,7,tfim,auto,4,4,data/raw/perlmutter/practical_suite_sweep/practical_strongnative_2node_large128c0c7_fix_20260704022146_c7_ml_digits_c0v1v2_128s_10q_d2_r1_seed1023.json,ok
practical_strongnative_2node_large128c0c7_fix_20260704022146_c7_ml_digits_c0v1v2_128s_10q_d2_r1_seed1031.json,ml,multiclass_ml,test_accuracy,0.00016492998111061752,linear_ridge_numpy,linear_ridge_numpy,6,7.376627166988328,44725.8110218352,1.0,0.84375,0.15625,5120,2304,1280,128,strongnative_2node_large128c0c7_fix_20260704022146_c7,7.470185243990272,1031,128,10,3,digits,"0,1,2",sklearn_digits,2,21,1,,4,chordal,7,tfim,auto,4,4,data/raw/perlmutter/practical_suite_sweep/practical_strongnative_2node_large128c0c7_fix_20260704022146_c7_ml_digits_c0v1v2_128s_10q_d2_r1_seed1031.json,ok
practical_strongnative_2node_large128c0c7_fix_20260704022146_c7_ml_digits_c0v1v2_128s_10q_d2_r1_seed1043.json,ml,multiclass_ml,test_accuracy,0.00016008998500183225,nearest_centroid_numpy,nearest_centroid_numpy,6,7.617899865988875,47585.11199749121,1.0,0.8125,0.1875,5120,2304,1280,128,strongnative_2node_large128c0c7_fix_20260704022146_c7,7.71380820198101,1043,128,10,3,digits,"0,1,2",sklearn_digits,2,21,1,,4,chordal,7,tfim,auto,4,4,data/raw/perlmutter/practical_suite_sweep/practical_strongnative_2node_large128c0c7_fix_20260704022146_c7_ml_digits_c0v1v2_128s_10q_d2_r1_seed1043.json,ok
practical_strongnative_2node_large128c0c7_fix_20260704022146_c7_ml_digits_c0v1v2_128s_10q_d2_r2_seed2017.json,ml,multiclass_ml,test_accuracy,0.00998057602555491,softmax_regression_numpy,softmax_regression_numpy,6,7.834371917007957,784.9618996887881,1.0,0.65625,0.34375,5120,2304,1280,128,strongnative_2node_large128c0c7_fix_20260704022146_c7,7.930291475000558,2017,128,10,3,digits,"0,1,2",sklearn_digits,2,21,1,,4,chordal,7,tfim,auto,4,4,data/raw/perlmutter/practical_suite_sweep/practical_strongnative_2node_large128c0c7_fix_20260704022146_c7_ml_digits_c0v1v2_128s_10q_d2_r2_seed2017.json,ok
practical_strongnative_2node_large128c0c7_fix_20260704022146_c7_ml_digits_c0v1v2_128s_10q_d2_r2_seed2023.json,ml,multiclass_ml,test_accuracy,0.011555734992725775,rbf_kernel_ridge_numpy,rbf_kernel_ridge_numpy,6,7.514514237002004,650.2844035219152,1.0,0.65625,0.34375,5120,2304,1280,128,strongnative_2node_large128c0c7_fix_20260704022146_c7,7.6098829389957245,2023,128,10,3,digits,"0,1,2",sklearn_digits,2,21,1,,4,chordal,7,tfim,auto,4,4,data/raw/perlmutter/practical_suite_sweep/practical_strongnative_2node_large128c0c7_fix_20260704022146_c7_ml_digits_c0v1v2_128s_10q_d2_r2_seed2023.json,ok
practical_strongnative_2node_large128c0c7_fix_20260704022146_c7_ml_digits_c0v1v2_128s_10q_d2_r2_seed2031.json,ml,multiclass_ml,test_accuracy,0.00016555000911466777,nearest_centroid_numpy,nearest_centroid_numpy,6,7.321342078997986,44224.353222033824,1.0,0.625,0.375,5120,2304,1280,128,strongnative_2node_large128c0c7_fix_20260704022146_c7,7.41368863399839,2031,128,10,3,digits,"0,1,2",sklearn_digits,2,21,1,,4,chordal,7,tfim,auto,4,4,data/raw/perlmutter/practical_suite_sweep/practical_strongnative_2node_large128c0c7_fix_20260704022146_c7_ml_digits_c0v1v2_128s_10q_d2_r2_seed2031.json,ok
practical_strongnative_2node_large128c0c7_fix_20260704022146_c7_ml_digits_c0v1v2_128s_10q_d2_r2_seed2043.json,ml,multiclass_ml,test_accuracy,0.00016207399312406778,nearest_centroid_numpy,nearest_centroid_numpy,6,7.8219402079994325,48261.5381852888,1.0,0.75,0.25,5120,2304,1280,128,strongnative_2node_large128c0c7_fix_20260704022146_c7,7.91399692100822,2043,128,10,3,digits,"0,1,2",sklearn_digits,2,21,1,,4,chordal,7,tfim,auto,4,4,data/raw/perlmutter/practical_suite_sweep/practical_strongnative_2node_large128c0c7_fix_20260704022146_c7_ml_digits_c0v1v2_128s_10q_d2_r2_seed2043.json,ok
practical_strongnative_2node_large128c0c7_fix_20260704022146_c7_ml_digits_c0v1v2_128s_10q_d2_r3_seed3017.json,ml,multiclass_ml,test_accuracy,0.0001607309968676418,nearest_centroid_numpy,nearest_centroid_numpy,6,7.9525587639946025,49477.44317509178,0.96875,0.59375,0.375,5120,2304,1280,128,strongnative_2node_large128c0c7_fix_20260704022146_c7,8.081005799002014,3017,128,10,3,digits,"0,1,2",sklearn_digits,2,21,1,,4,chordal,7,tfim,auto,4,4,data/raw/perlmutter/practical_suite_sweep/practical_strongnative_2node_large128c0c7_fix_20260704022146_c7_ml_digits_c0v1v2_128s_10q_d2_r3_seed3017.json,ok
practical_strongnative_2node_large128c0c7_fix_20260704022146_c7_ml_digits_c0v1v2_128s_10q_d2_r3_seed3023.json,ml,multiclass_ml,test_accuracy,0.010032221005531028,softmax_regression_numpy,softmax_regression_numpy,6,7.1752698340278585,715.2224647036726,1.0,0.5625,0.4375,5120,2304,1280,128,strongnative_2node_large128c0c7_fix_20260704022146_c7,7.267735072004143,3023,128,10,3,digits,"0,1,2",sklearn_digits,2,21,1,,4,chordal,7,tfim,auto,4,4,data/raw/perlmutter/practical_suite_sweep/practical_strongnative_2node_large128c0c7_fix_20260704022146_c7_ml_digits_c0v1v2_128s_10q_d2_r3_seed3023.json,ok
practical_strongnative_2node_large128c0c7_fix_20260704022146_c7_ml_digits_c0v1v2_128s_10q_d2_r3_seed3031.json,ml,multiclass_ml,test_accuracy,0.00015759601956233382,nearest_centroid_numpy,nearest_centroid_numpy,6,6.939269592985511,44032.010530829604,1.0,0.6875,0.3125,5120,2304,1280,128,strongnative_2node_large128c0c7_fix_20260704022146_c7,7.034596172015881,3031,128,10,3,digits,"0,1,2",sklearn_digits,2,21,1,,4,chordal,7,tfim,auto,4,4,data/raw/perlmutter/practical_suite_sweep/practical_strongnative_2node_large128c0c7_fix_20260704022146_c7_ml_digits_c0v1v2_128s_10q_d2_r3_seed3031.json,ok
practical_strongnative_2node_large128c0c7_fix_20260704022146_c7_ml_digits_c0v1v2_128s_10q_d2_r3_seed3043.json,ml,multiclass_ml,test_accuracy,0.0008214510162360966,knn_numpy,knn_numpy,6,7.326175185007742,8918.578272112205,1.0,0.5625,0.4375,5120,2304,1280,128,strongnative_2node_large128c0c7_fix_20260704022146_c7,7.418939810973825,3043,128,10,3,digits,"0,1,2",sklearn_digits,2,21,1,,4,chordal,7,tfim,auto,4,4,data/raw/perlmutter/practical_suite_sweep/practical_strongnative_2node_large128c0c7_fix_20260704022146_c7_ml_digits_c0v1v2_128s_10q_d2_r3_seed3043.json,ok
practical_strongnative_2node_large128c0c7_fix_20260704022146_c7_qaoa_chordal_4n_grid13_r1_seed1031.json,optimization,optimization_qaoa,approximation_ratio,1.7282989574596286e-05,greedy_assignment_numpy,,4,8.206175170984352,474812.2502513307,4,3.2070111141556907,0.19824722146107732,2197,1690,676,169,strongnative_2node_large128c0c7_fix_20260704022146_c7,8.229914183990331,1031,72,4,3,synthetic,"0,1,2",,1,21,1,,4,chordal,13,tfim,auto,4,4,data/raw/perlmutter/practical_suite_sweep/practical_strongnative_2node_large128c0c7_fix_20260704022146_c7_qaoa_chordal_4n_grid13_r1_seed1031.json,ok
practical_strongnative_2node_large128c0c7_fix_20260704022146_c7_qaoa_chordal_4n_grid13_r3_seed3031.json,optimization,optimization_qaoa,approximation_ratio,1.8405000446364284e-05,greedy_assignment_numpy,,4,8.708618030010257,473165.86899244296,4,3.2070111141556907,0.19824722146107732,2197,1690,676,169,strongnative_2node_large128c0c7_fix_20260704022146_c7,8.730577078007627,3031,72,4,3,synthetic,"0,1,2",,1,21,1,,4,chordal,13,tfim,auto,4,4,data/raw/perlmutter/practical_suite_sweep/practical_strongnative_2node_large128c0c7_fix_20260704022146_c7_qaoa_chordal_4n_grid13_r3_seed3031.json,ok
practical_strongnative_2node_large128c0c7_fix_20260704022146_c7_qaoa_ladder_5n_grid13_r0_seed43.json,optimization,optimization_qaoa,approximation_ratio,2.0159000996500254e-05,greedy_assignment_numpy,,4,7.36882566899294,365535.25992048025,5,3.6919417382415882,0.2616116523516824,2535,1690,845,169,strongnative_2node_large128c0c7_fix_20260704022146_c7,7.443907833978301,43,72,4,3,synthetic,"0,1,2",,1,21,1,,5,ladder,13,tfim,auto,4,4,data/raw/perlmutter/practical_suite_sweep/practical_strongnative_2node_large128c0c7_fix_20260704022146_c7_qaoa_ladder_5n_grid13_r0_seed43.json,ok
practical_strongnative_2node_large128c0c7_fix_20260704022146_c7_qaoa_ladder_5n_grid13_r2_seed2043.json,optimization,optimization_qaoa,approximation_ratio,2.0288978703320026e-05,greedy_assignment_numpy,,4,8.27279009099584,407747.9804166834,5,3.6919417382415882,0.2616116523516824,2535,1690,845,169,strongnative_2node_large128c0c7_fix_20260704022146_c7,8.300826154998504,2043,72,4,3,synthetic,"0,1,2",,1,21,1,,5,ladder,13,tfim,auto,4,4,data/raw/perlmutter/practical_suite_sweep/practical_strongnative_2node_large128c0c7_fix_20260704022146_c7_qaoa_ladder_5n_grid13_r2_seed2043.json,ok
practical_strongnative_2node_large128c0c7_fix_20260704022146_c7_qaoa_ring_7n_grid13_r0_seed17.json,optimization,optimization_qaoa,approximation_ratio,2.7272995794191957e-05,greedy_assignment_numpy,,4,7.016732931981096,257277.6744047816,6,5.249999999999997,0.12500000000000044,3549,2366,1183,169,strongnative_2node_large128c0c7_fix_20260704022146_c7,7.0391326879907865,17,72,4,3,synthetic,"0,1,2",,1,21,1,,7,ring,13,tfim,auto,4,4,data/raw/perlmutter/practical_suite_sweep/practical_strongnative_2node_large128c0c7_fix_20260704022146_c7_qaoa_ring_7n_grid13_r0_seed17.json,ok
practical_strongnative_2node_large128c0c7_fix_20260704022146_c7_qaoa_ring_7n_grid13_r2_seed2017.json,optimization,optimization_qaoa,approximation_ratio,2.7221976779401302e-05,greedy_assignment_numpy,,4,8.691246895992663,319273.172790643,6,5.249999999999997,0.12500000000000044,3549,2366,1183,169,strongnative_2node_large128c0c7_fix_20260704022146_c7,8.713559187017381,2017,72,4,3,synthetic,"0,1,2",,1,21,1,,7,ring,13,tfim,auto,4,4,data/raw/perlmutter/practical_suite_sweep/practical_strongnative_2node_large128c0c7_fix_20260704022146_c7_qaoa_ring_7n_grid13_r2_seed2017.json,ok
practical_strongnative_2node_large128c0c7_fix_20260704022146_c7_sim_tfim_5q_10steps_r0_seed23.json,simulation,hamiltonian_simulation,absolute_observable_error,0.0007129899749998003,exact_dense_eigendecomposition_numpy,,0,8.23781817901181,11553.904638019794,0.8218024506329158,0.8216225570780523,0.00017989355486347502,90,80,5,1,strongnative_2node_large128c0c7_fix_20260704022146_c7,8.251916235982208,23,72,4,3,synthetic,"0,1,2",,1,21,1,,4,chordal,7,tfim,auto,5,10,data/raw/perlmutter/practical_suite_sweep/practical_strongnative_2node_large128c0c7_fix_20260704022146_c7_sim_tfim_5q_10steps_r0_seed23.json,ok
practical_strongnative_2node_large128c0c7_fix_20260704022146_c7_sim_tfim_5q_10steps_r1_seed1023.json,simulation,hamiltonian_simulation,absolute_observable_error,0.0007503629894927144,exact_dense_eigendecomposition_numpy,,0,9.290687212022021,12381.590433055639,0.8218024506329158,0.8216225570780523,0.00017989355486347502,90,80,5,1,strongnative_2node_large128c0c7_fix_20260704022146_c7,9.302506334992358,1023,72,4,3,synthetic,"0,1,2",,1,21,1,,4,chordal,7,tfim,auto,5,10,data/raw/perlmutter/practical_suite_sweep/practical_strongnative_2node_large128c0c7_fix_20260704022146_c7_sim_tfim_5q_10steps_r1_seed1023.json,ok
practical_strongnative_2node_large128c0c7_fix_20260704022146_c7_sim_tfim_5q_10steps_r2_seed2023.json,simulation,hamiltonian_simulation,absolute_observable_error,0.0007997089996933937,exact_dense_eigendecomposition_numpy,,0,8.865549515991006,11085.96942061429,0.8218024506329158,0.8216225570780523,0.00017989355486347502,90,80,5,1,strongnative_2node_large128c0c7_fix_20260704022146_c7,8.87358280600165,2023,72,4,3,synthetic,"0,1,2",,1,21,1,,4,chordal,7,tfim,auto,5,10,data/raw/perlmutter/practical_suite_sweep/practical_strongnative_2node_large128c0c7_fix_20260704022146_c7_sim_tfim_5q_10steps_r2_seed2023.json,ok
practical_strongnative_2node_large128c0c7_fix_20260704022146_c7_sim_tfim_5q_10steps_r3_seed3023.json,simulation,hamiltonian_simulation,absolute_observable_error,0.0007276989927049726,exact_dense_eigendecomposition_numpy,,0,8.389336198015371,11528.580198841388,0.8218024506329158,0.8216225570780523,0.00017989355486347502,90,80,5,1,strongnative_2node_large128c0c7_fix_20260704022146_c7,8.403683248005109,3023,72,4,3,synthetic,"0,1,2",,1,21,1,,4,chordal,7,tfim,auto,5,10,data/raw/perlmutter/practical_suite_sweep/practical_strongnative_2node_large128c0c7_fix_20260704022146_c7_sim_tfim_5q_10steps_r3_seed3023.json,ok
