file,workload,family,quality_metric,native_runtime_sec,native_selected_model,native_best_quality_model,native_model_count,quantum_runtime_sec,speedup_required,native_quality,quantum_quality,quality_gap,one_qubit_gates,two_qubit_gates,measurement_ops,circuit_evaluations,slurm_job_id,total_runtime_sec,seed,ml_samples,ml_features,ml_classes,ml_dataset,digits_classes,dataset_name,ml_depth,chem_grid,chem_layers,chem_hamiltonian_json,opt_nodes,opt_graph,opt_grid,sim_model,sim_initial_state,sim_qubits,sim_steps,path,status
practical_strongnative_8node_large128c0c31_20260704060009_c0_chem_h2_l1_grid17_r0_seed17.json,chemistry,chemistry_vqe,absolute_energy_error,0.00015403702855110168,exact_diagonalization_numpy,,0,6.81464290904114,44240.29061804699,-1.85727503020238,-1.8456249981377126,0.011650032064667304,1304,326,652,326,strongnative_8node_large128c0c31_20260704060009_c0,6.824456669040956,17,72,4,3,synthetic,"0,1,2",,1,17,1,,4,chordal,7,tfim,auto,4,4,data/raw/perlmutter/practical_suite_sweep/practical_strongnative_8node_large128c0c31_20260704060009_c0_chem_h2_l1_grid17_r0_seed17.json,ok
practical_strongnative_8node_large128c0c31_20260704060009_c0_chem_h2_l1_grid25_r2_seed2023.json,chemistry,chemistry_vqe,absolute_energy_error,0.0001511010341346264,exact_diagonalization_numpy,,0,6.454925492987968,42719.267475276356,-1.85727503020238,-1.8566776536800178,0.0005973765223621363,2712,678,1356,678,strongnative_8node_large128c0c31_20260704060009_c0,6.461837529030163,2023,72,4,3,synthetic,"0,1,2",,1,25,1,,4,chordal,7,tfim,auto,4,4,data/raw/perlmutter/practical_suite_sweep/practical_strongnative_8node_large128c0c31_20260704060009_c0_chem_h2_l1_grid25_r2_seed2023.json,ok
practical_strongnative_8node_large128c0c31_20260704060009_c0_ml_digits_c0v1v2_128s_4q_d1_r0_seed17.json,ml,multiclass_ml,test_accuracy,0.00016732304356992245,linear_ridge_numpy,linear_ridge_numpy,6,18.63141184503911,111349.94587433051,1.0,0.6875,0.3125,1024,384,512,128,strongnative_8node_large128c0c31_20260704060009_c0,18.864880340988748,17,128,4,3,digits,"0,1,2",sklearn_digits,1,21,1,,4,chordal,7,tfim,auto,4,4,data/raw/perlmutter/practical_suite_sweep/practical_strongnative_8node_large128c0c31_20260704060009_c0_ml_digits_c0v1v2_128s_4q_d1_r0_seed17.json,ok
practical_strongnative_8node_large128c0c31_20260704060009_c0_ml_digits_c0v1v2_128s_4q_d1_r0_seed23.json,ml,multiclass_ml,test_accuracy,0.00013724499149248004,nearest_centroid_numpy,nearest_centroid_numpy,6,6.9985129259875976,50992.847534046894,1.0,0.75,0.25,1024,384,512,128,strongnative_8node_large128c0c31_20260704060009_c0,7.092780341976322,23,128,4,3,digits,"0,1,2",sklearn_digits,1,21,1,,4,chordal,7,tfim,auto,4,4,data/raw/perlmutter/practical_suite_sweep/practical_strongnative_8node_large128c0c31_20260704060009_c0_ml_digits_c0v1v2_128s_4q_d1_r0_seed23.json,ok
practical_strongnative_8node_large128c0c31_20260704060009_c0_ml_digits_c0v1v2_128s_4q_d1_r0_seed31.json,ml,multiclass_ml,test_accuracy,0.000142325006891042,linear_ridge_numpy,linear_ridge_numpy,6,6.9905045729829,49116.48856152548,1.0,0.8125,0.1875,1024,384,512,128,strongnative_8node_large128c0c31_20260704060009_c0,7.085838598024566,31,128,4,3,digits,"0,1,2",sklearn_digits,1,21,1,,4,chordal,7,tfim,auto,4,4,data/raw/perlmutter/practical_suite_sweep/practical_strongnative_8node_large128c0c31_20260704060009_c0_ml_digits_c0v1v2_128s_4q_d1_r0_seed31.json,ok
practical_strongnative_8node_large128c0c31_20260704060009_c0_ml_digits_c0v1v2_128s_4q_d1_r0_seed43.json,ml,multiclass_ml,test_accuracy,0.00014356698375195265,linear_ridge_numpy,linear_ridge_numpy,6,6.770870960026514,47161.75532199564,1.0,0.84375,0.15625,1024,384,512,128,strongnative_8node_large128c0c31_20260704060009_c0,6.869778243009932,43,128,4,3,digits,"0,1,2",sklearn_digits,1,21,1,,4,chordal,7,tfim,auto,4,4,data/raw/perlmutter/practical_suite_sweep/practical_strongnative_8node_large128c0c31_20260704060009_c0_ml_digits_c0v1v2_128s_4q_d1_r0_seed43.json,ok
practical_strongnative_8node_large128c0c31_20260704060009_c0_ml_digits_c0v1v2_128s_4q_d1_r1_seed1017.json,ml,multiclass_ml,test_accuracy,0.00017414602916687727,nearest_centroid_numpy,nearest_centroid_numpy,6,6.637254948029295,38113.15698544625,1.0,0.75,0.25,1024,384,512,128,strongnative_8node_large128c0c31_20260704060009_c0,6.758823629003018,1017,128,4,3,digits,"0,1,2",sklearn_digits,1,21,1,,4,chordal,7,tfim,auto,4,4,data/raw/perlmutter/practical_suite_sweep/practical_strongnative_8node_large128c0c31_20260704060009_c0_ml_digits_c0v1v2_128s_4q_d1_r1_seed1017.json,ok
practical_strongnative_8node_large128c0c31_20260704060009_c0_ml_digits_c0v1v2_128s_4q_d1_r1_seed1023.json,ml,multiclass_ml,test_accuracy,0.012307664030231535,rbf_kernel_ridge_numpy,rbf_kernel_ridge_numpy,6,6.971332937013358,566.4221025118616,1.0,0.8125,0.1875,1024,384,512,128,strongnative_8node_large128c0c31_20260704060009_c0,7.0744538200087845,1023,128,4,3,digits,"0,1,2",sklearn_digits,1,21,1,,4,chordal,7,tfim,auto,4,4,data/raw/perlmutter/practical_suite_sweep/practical_strongnative_8node_large128c0c31_20260704060009_c0_ml_digits_c0v1v2_128s_4q_d1_r1_seed1023.json,ok
practical_strongnative_8node_large128c0c31_20260704060009_c0_ml_digits_c0v1v2_128s_4q_d1_r1_seed1031.json,ml,multiclass_ml,test_accuracy,0.0008121079881675541,knn_numpy,knn_numpy,6,6.892727361002471,8487.451744632222,1.0,0.78125,0.21875,1024,384,512,128,strongnative_8node_large128c0c31_20260704060009_c0,6.989217029011343,1031,128,4,3,digits,"0,1,2",sklearn_digits,1,21,1,,4,chordal,7,tfim,auto,4,4,data/raw/perlmutter/practical_suite_sweep/practical_strongnative_8node_large128c0c31_20260704060009_c0_ml_digits_c0v1v2_128s_4q_d1_r1_seed1031.json,ok
practical_strongnative_8node_large128c0c31_20260704060009_c0_ml_digits_c0v1v2_128s_4q_d1_r1_seed1043.json,ml,multiclass_ml,test_accuracy,0.012024487019516528,rbf_kernel_ridge_numpy,rbf_kernel_ridge_numpy,6,6.407448303012643,532.8666655478056,1.0,0.90625,0.09375,1024,384,512,128,strongnative_8node_large128c0c31_20260704060009_c0,6.507053516979795,1043,128,4,3,digits,"0,1,2",sklearn_digits,1,21,1,,4,chordal,7,tfim,auto,4,4,data/raw/perlmutter/practical_suite_sweep/practical_strongnative_8node_large128c0c31_20260704060009_c0_ml_digits_c0v1v2_128s_4q_d1_r1_seed1043.json,ok
practical_strongnative_8node_large128c0c31_20260704060009_c0_ml_digits_c0v1v2_128s_4q_d1_r2_seed2017.json,ml,multiclass_ml,test_accuracy,0.000142816046718508,linear_ridge_numpy,linear_ridge_numpy,6,6.949397592979949,48659.78125467433,1.0,0.78125,0.21875,1024,384,512,128,strongnative_8node_large128c0c31_20260704060009_c0,7.04537252796581,2017,128,4,3,digits,"0,1,2",sklearn_digits,1,21,1,,4,chordal,7,tfim,auto,4,4,data/raw/perlmutter/practical_suite_sweep/practical_strongnative_8node_large128c0c31_20260704060009_c0_ml_digits_c0v1v2_128s_4q_d1_r2_seed2017.json,ok
practical_strongnative_8node_large128c0c31_20260704060009_c0_ml_digits_c0v1v2_128s_4q_d1_r2_seed2023.json,ml,multiclass_ml,test_accuracy,0.0008200830197893083,knn_numpy,knn_numpy,6,6.520460524014197,7950.976141036796,1.0,0.6875,0.3125,1024,384,512,128,strongnative_8node_large128c0c31_20260704060009_c0,6.614709254994523,2023,128,4,3,digits,"0,1,2",sklearn_digits,1,21,1,,4,chordal,7,tfim,auto,4,4,data/raw/perlmutter/practical_suite_sweep/practical_strongnative_8node_large128c0c31_20260704060009_c0_ml_digits_c0v1v2_128s_4q_d1_r2_seed2023.json,ok
practical_strongnative_8node_large128c0c31_20260704060009_c0_ml_digits_c0v1v2_128s_4q_d1_r2_seed2031.json,ml,multiclass_ml,test_accuracy,0.0008222180185839534,knn_numpy,knn_numpy,6,6.6305417559924535,8064.213634495332,1.0,0.8125,0.1875,1024,384,512,128,strongnative_8node_large128c0c31_20260704060009_c0,6.725915218994487,2031,128,4,3,digits,"0,1,2",sklearn_digits,1,21,1,,4,chordal,7,tfim,auto,4,4,data/raw/perlmutter/practical_suite_sweep/practical_strongnative_8node_large128c0c31_20260704060009_c0_ml_digits_c0v1v2_128s_4q_d1_r2_seed2031.json,ok
practical_strongnative_8node_large128c0c31_20260704060009_c0_ml_digits_c0v1v2_128s_4q_d1_r2_seed2043.json,ml,multiclass_ml,test_accuracy,0.00014472001930698752,linear_ridge_numpy,linear_ridge_numpy,6,6.780091274005827,46849.71233747246,1.0,0.875,0.125,1024,384,512,128,strongnative_8node_large128c0c31_20260704060009_c0,6.875598517013714,2043,128,4,3,digits,"0,1,2",sklearn_digits,1,21,1,,4,chordal,7,tfim,auto,4,4,data/raw/perlmutter/practical_suite_sweep/practical_strongnative_8node_large128c0c31_20260704060009_c0_ml_digits_c0v1v2_128s_4q_d1_r2_seed2043.json,ok
practical_strongnative_8node_large128c0c31_20260704060009_c0_ml_digits_c0v1v2_128s_4q_d1_r3_seed3017.json,ml,multiclass_ml,test_accuracy,0.000820094021037221,knn_numpy,knn_numpy,6,6.766524878970813,8250.913560390054,1.0,0.75,0.25,1024,384,512,128,strongnative_8node_large128c0c31_20260704060009_c0,6.858060902974103,3017,128,4,3,digits,"0,1,2",sklearn_digits,1,21,1,,4,chordal,7,tfim,auto,4,4,data/raw/perlmutter/practical_suite_sweep/practical_strongnative_8node_large128c0c31_20260704060009_c0_ml_digits_c0v1v2_128s_4q_d1_r3_seed3017.json,ok
practical_strongnative_8node_large128c0c31_20260704060009_c0_ml_digits_c0v1v2_128s_4q_d1_r3_seed3023.json,ml,multiclass_ml,test_accuracy,0.0001428960240446031,linear_ridge_numpy,linear_ridge_numpy,6,6.489652678952552,45415.20817211046,1.0,0.65625,0.34375,1024,384,512,128,strongnative_8node_large128c0c31_20260704060009_c0,6.58514711400494,3023,128,4,3,digits,"0,1,2",sklearn_digits,1,21,1,,4,chordal,7,tfim,auto,4,4,data/raw/perlmutter/practical_suite_sweep/practical_strongnative_8node_large128c0c31_20260704060009_c0_ml_digits_c0v1v2_128s_4q_d1_r3_seed3023.json,ok
practical_strongnative_8node_large128c0c31_20260704060009_c0_ml_digits_c0v1v2_128s_4q_d1_r3_seed3031.json,ml,multiclass_ml,test_accuracy,0.0008163460297510028,knn_numpy,knn_numpy,6,7.049126876052469,8634.974164329009,1.0,0.78125,0.21875,1024,384,512,128,strongnative_8node_large128c0c31_20260704060009_c0,7.14427402097499,3031,128,4,3,digits,"0,1,2",sklearn_digits,1,21,1,,4,chordal,7,tfim,auto,4,4,data/raw/perlmutter/practical_suite_sweep/practical_strongnative_8node_large128c0c31_20260704060009_c0_ml_digits_c0v1v2_128s_4q_d1_r3_seed3031.json,ok
practical_strongnative_8node_large128c0c31_20260704060009_c0_ml_digits_c0v1v2_128s_4q_d1_r3_seed3043.json,ml,multiclass_ml,test_accuracy,0.0001364530180580914,nearest_centroid_numpy,nearest_centroid_numpy,6,6.689600278972648,49024.934546517106,1.0,0.75,0.25,1024,384,512,128,strongnative_8node_large128c0c31_20260704060009_c0,6.783376515028067,3043,128,4,3,digits,"0,1,2",sklearn_digits,1,21,1,,4,chordal,7,tfim,auto,4,4,data/raw/perlmutter/practical_suite_sweep/practical_strongnative_8node_large128c0c31_20260704060009_c0_ml_digits_c0v1v2_128s_4q_d1_r3_seed3043.json,ok
practical_strongnative_8node_large128c0c31_20260704060009_c0_qaoa_chordal_5n_grid7_r0_seed43.json,optimization,optimization_qaoa,approximation_ratio,6.146897794678807e-05,exact_enumeration_numpy,,4,6.473529986978974,105313.77295036406,6,4.521153579257492,0.2464744034570847,833,686,245,49,strongnative_8node_large128c0c31_20260704060009_c0,6.499071656027809,43,72,4,3,synthetic,"0,1,2",,1,21,1,,5,chordal,7,tfim,auto,4,4,data/raw/perlmutter/practical_suite_sweep/practical_strongnative_8node_large128c0c31_20260704060009_c0_qaoa_chordal_5n_grid7_r0_seed43.json,ok
practical_strongnative_8node_large128c0c31_20260704060009_c0_qaoa_chordal_5n_grid7_r2_seed2043.json,optimization,optimization_qaoa,approximation_ratio,5.992600927129388e-05,exact_enumeration_numpy,,4,6.884568084962666,114884.47451581853,6,4.521153579257492,0.2464744034570847,833,686,245,49,strongnative_8node_large128c0c31_20260704060009_c0,6.910864720994141,2043,72,4,3,synthetic,"0,1,2",,1,21,1,,5,chordal,7,tfim,auto,4,4,data/raw/perlmutter/practical_suite_sweep/practical_strongnative_8node_large128c0c31_20260704060009_c0_qaoa_chordal_5n_grid7_r2_seed2043.json,ok
practical_strongnative_8node_large128c0c31_20260704060009_c0_qaoa_ladder_6n_grid7_r0_seed17.json,optimization,optimization_qaoa,approximation_ratio,2.427696017548442e-05,greedy_assignment_numpy,,4,6.523740892007481,268721.4892165678,7,4.737139289628745,0.32326581576732216,931,686,294,49,strongnative_8node_large128c0c31_20260704060009_c0,6.550579205038957,17,72,4,3,synthetic,"0,1,2",,1,21,1,,6,ladder,7,tfim,auto,4,4,data/raw/perlmutter/practical_suite_sweep/practical_strongnative_8node_large128c0c31_20260704060009_c0_qaoa_ladder_6n_grid7_r0_seed17.json,ok
practical_strongnative_8node_large128c0c31_20260704060009_c0_qaoa_ladder_6n_grid7_r2_seed2017.json,optimization,optimization_qaoa,approximation_ratio,2.429698361083865e-05,greedy_assignment_numpy,,4,6.4865746480063535,266970.367676124,7,4.737139289628745,0.32326581576732216,931,686,294,49,strongnative_8node_large128c0c31_20260704060009_c0,6.5327516429824755,2017,72,4,3,synthetic,"0,1,2",,1,21,1,,6,ladder,7,tfim,auto,4,4,data/raw/perlmutter/practical_suite_sweep/practical_strongnative_8node_large128c0c31_20260704060009_c0_qaoa_ladder_6n_grid7_r2_seed2017.json,ok
practical_strongnative_8node_large128c0c31_20260704060009_c0_qaoa_ring_4n_grid7_r1_seed1031.json,optimization,optimization_qaoa,approximation_ratio,1.5721016097813845e-05,greedy_assignment_numpy,,4,6.691907944041304,425666.3756595146,4,2.749999999999999,0.3125000000000002,588,392,196,49,strongnative_8node_large128c0c31_20260704060009_c0,6.716761213960126,1031,72,4,3,synthetic,"0,1,2",,1,21,1,,4,ring,7,tfim,auto,4,4,data/raw/perlmutter/practical_suite_sweep/practical_strongnative_8node_large128c0c31_20260704060009_c0_qaoa_ring_4n_grid7_r1_seed1031.json,ok
practical_strongnative_8node_large128c0c31_20260704060009_c0_qaoa_ring_4n_grid7_r3_seed3031.json,optimization,optimization_qaoa,approximation_ratio,1.5950005035847425e-05,greedy_assignment_numpy,,4,6.624819397984538,415349.0474200694,4,2.749999999999999,0.3125000000000002,588,392,196,49,strongnative_8node_large128c0c31_20260704060009_c0,6.649652470019646,3031,72,4,3,synthetic,"0,1,2",,1,21,1,,4,ring,7,tfim,auto,4,4,data/raw/perlmutter/practical_suite_sweep/practical_strongnative_8node_large128c0c31_20260704060009_c0_qaoa_ring_4n_grid7_r3_seed3031.json,ok
practical_strongnative_8node_large128c0c31_20260704060009_c0_sim_tfim_4q_4steps_r0_seed23.json,simulation,hamiltonian_simulation,absolute_observable_error,0.0004714310052804649,exact_dense_eigendecomposition_numpy,,0,6.788463914999738,14399.697599357363,0.8218024506329117,0.820673031863585,0.0011294187693267066,28,24,4,1,strongnative_8node_large128c0c31_20260704060009_c0,6.8051892800140195,23,72,4,3,synthetic,"0,1,2",,1,21,1,,4,chordal,7,tfim,auto,4,4,data/raw/perlmutter/practical_suite_sweep/practical_strongnative_8node_large128c0c31_20260704060009_c0_sim_tfim_4q_4steps_r0_seed23.json,ok
practical_strongnative_8node_large128c0c31_20260704060009_c0_sim_tfim_4q_4steps_r1_seed1023.json,simulation,hamiltonian_simulation,absolute_observable_error,0.0005389309953898191,exact_dense_eigendecomposition_numpy,,0,6.872706710011698,12752.479944191255,0.8218024506329117,0.820673031863585,0.0011294187693267066,28,24,4,1,strongnative_8node_large128c0c31_20260704060009_c0,6.8825776720186695,1023,72,4,3,synthetic,"0,1,2",,1,21,1,,4,chordal,7,tfim,auto,4,4,data/raw/perlmutter/practical_suite_sweep/practical_strongnative_8node_large128c0c31_20260704060009_c0_sim_tfim_4q_4steps_r1_seed1023.json,ok
practical_strongnative_8node_large128c0c31_20260704060009_c0_sim_tfim_4q_4steps_r2_seed2023.json,simulation,hamiltonian_simulation,absolute_observable_error,0.00045704300282523036,exact_dense_eigendecomposition_numpy,,0,6.6995415819692425,14658.449074935503,0.8218024506329117,0.820673031863585,0.0011294187693267066,28,24,4,1,strongnative_8node_large128c0c31_20260704060009_c0,6.709635792998597,2023,72,4,3,synthetic,"0,1,2",,1,21,1,,4,chordal,7,tfim,auto,4,4,data/raw/perlmutter/practical_suite_sweep/practical_strongnative_8node_large128c0c31_20260704060009_c0_sim_tfim_4q_4steps_r2_seed2023.json,ok
practical_strongnative_8node_large128c0c31_20260704060009_c0_sim_tfim_4q_4steps_r3_seed3023.json,simulation,hamiltonian_simulation,absolute_observable_error,0.0004670220077969134,exact_dense_eigendecomposition_numpy,,0,6.907159445981961,14789.794336599165,0.8218024506329117,0.820673031863585,0.0011294187693267066,28,24,4,1,strongnative_8node_large128c0c31_20260704060009_c0,6.926285968977027,3023,72,4,3,synthetic,"0,1,2",,1,21,1,,4,chordal,7,tfim,auto,4,4,data/raw/perlmutter/practical_suite_sweep/practical_strongnative_8node_large128c0c31_20260704060009_c0_sim_tfim_4q_4steps_r3_seed3023.json,ok
practical_strongnative_8node_large128c0c31_20260704060009_c10_chem_4q_l2_grid13_r2_seed2023.json,chemistry,chemistry_vqe,absolute_energy_error,0.00017484702402725816,exact_diagonalization_numpy,,0,6.498843825014774,37168.74142508495,-1.705732892552902,-0.9598637992425669,0.7458690933103351,464,174,116,29,strongnative_8node_large128c0c31_20260704060009_c10,6.511378312949091,2023,72,4,3,synthetic,"0,1,2",,1,13,2,benchmarks/workloads/hamiltonians/molecular_chain_4q.json,4,chordal,7,tfim,auto,4,4,data/raw/perlmutter/practical_suite_sweep/practical_strongnative_8node_large128c0c31_20260704060009_c10_chem_4q_l2_grid13_r2_seed2023.json,ok
practical_strongnative_8node_large128c0c31_20260704060009_c10_chem_h2_l2_grid33_r0_seed17.json,chemistry,chemistry_vqe,absolute_energy_error,0.0001670729834586382,exact_diagonalization_numpy,,0,7.225505615992006,43247.60033857182,-1.85727503020238,-1.8369679912029844,0.020307038999395566,552,138,138,69,strongnative_8node_large128c0c31_20260704060009_c10,7.232015068002511,17,72,4,3,synthetic,"0,1,2",,1,33,2,,4,chordal,7,tfim,auto,4,4,data/raw/perlmutter/practical_suite_sweep/practical_strongnative_8node_large128c0c31_20260704060009_c10_chem_h2_l2_grid33_r0_seed17.json,ok
practical_strongnative_8node_large128c0c31_20260704060009_c10_ml_digits_c0v1v2_192s_6q_d1_r0_seed17.json,ml,multiclass_ml,test_accuracy,0.0006012209923937917,nearest_centroid_numpy,nearest_centroid_numpy,6,18.578457417956088,30901.212121660996,1.0,0.7291666666666666,0.27083333333333337,2304,960,1152,192,strongnative_8node_large128c0c31_20260704060009_c10,18.80800260504475,17,192,6,3,digits,"0,1,2",sklearn_digits,1,21,1,,4,chordal,7,tfim,auto,4,4,data/raw/perlmutter/practical_suite_sweep/practical_strongnative_8node_large128c0c31_20260704060009_c10_ml_digits_c0v1v2_192s_6q_d1_r0_seed17.json,ok
practical_strongnative_8node_large128c0c31_20260704060009_c10_ml_digits_c0v1v2_192s_6q_d1_r0_seed23.json,ml,multiclass_ml,test_accuracy,0.00014741503400728106,linear_ridge_numpy,linear_ridge_numpy,6,7.09842698398279,48152.66659730369,0.9791666666666666,0.75,0.22916666666666663,2304,960,1152,192,strongnative_8node_large128c0c31_20260704060009_c10,7.214200050977524,23,192,6,3,digits,"0,1,2",sklearn_digits,1,21,1,,4,chordal,7,tfim,auto,4,4,data/raw/perlmutter/practical_suite_sweep/practical_strongnative_8node_large128c0c31_20260704060009_c10_ml_digits_c0v1v2_192s_6q_d1_r0_seed23.json,ok
practical_strongnative_8node_large128c0c31_20260704060009_c10_ml_digits_c0v1v2_192s_6q_d1_r0_seed31.json,ml,multiclass_ml,test_accuracy,0.0015999170136637986,knn_numpy,knn_numpy,6,7.056929002981633,4410.809399933385,1.0,0.7083333333333334,0.29166666666666663,2304,960,1152,192,strongnative_8node_large128c0c31_20260704060009_c10,7.170448873017449,31,192,6,3,digits,"0,1,2",sklearn_digits,1,21,1,,4,chordal,7,tfim,auto,4,4,data/raw/perlmutter/practical_suite_sweep/practical_strongnative_8node_large128c0c31_20260704060009_c10_ml_digits_c0v1v2_192s_6q_d1_r0_seed31.json,ok
practical_strongnative_8node_large128c0c31_20260704060009_c10_ml_digits_c0v1v2_192s_6q_d1_r0_seed43.json,ml,multiclass_ml,test_accuracy,0.012829883024096489,rbf_kernel_ridge_numpy,rbf_kernel_ridge_numpy,6,7.183085823024157,559.8714976226377,1.0,0.7083333333333334,0.29166666666666663,2304,960,1152,192,strongnative_8node_large128c0c31_20260704060009_c10,7.300492441980168,43,192,6,3,digits,"0,1,2",sklearn_digits,1,21,1,,4,chordal,7,tfim,auto,4,4,data/raw/perlmutter/practical_suite_sweep/practical_strongnative_8node_large128c0c31_20260704060009_c10_ml_digits_c0v1v2_192s_6q_d1_r0_seed43.json,ok
practical_strongnative_8node_large128c0c31_20260704060009_c10_ml_digits_c0v1v2_192s_6q_d1_r1_seed1017.json,ml,multiclass_ml,test_accuracy,0.0016102070221677423,knn_numpy,knn_numpy,6,7.122165951994248,4423.136810325189,1.0,0.6458333333333334,0.35416666666666663,2304,960,1152,192,strongnative_8node_large128c0c31_20260704060009_c10,7.231320791004691,1017,192,6,3,digits,"0,1,2",sklearn_digits,1,21,1,,4,chordal,7,tfim,auto,4,4,data/raw/perlmutter/practical_suite_sweep/practical_strongnative_8node_large128c0c31_20260704060009_c10_ml_digits_c0v1v2_192s_6q_d1_r1_seed1017.json,ok
practical_strongnative_8node_large128c0c31_20260704060009_c10_ml_digits_c0v1v2_192s_6q_d1_r1_seed1023.json,ml,multiclass_ml,test_accuracy,0.001598975039087236,knn_numpy,knn_numpy,6,6.989018356020097,4370.936496926012,1.0,0.7708333333333334,0.22916666666666663,2304,960,1152,192,strongnative_8node_large128c0c31_20260704060009_c10,7.097879156994168,1023,192,6,3,digits,"0,1,2",sklearn_digits,1,21,1,,4,chordal,7,tfim,auto,4,4,data/raw/perlmutter/practical_suite_sweep/practical_strongnative_8node_large128c0c31_20260704060009_c10_ml_digits_c0v1v2_192s_6q_d1_r1_seed1023.json,ok
practical_strongnative_8node_large128c0c31_20260704060009_c10_ml_digits_c0v1v2_192s_6q_d1_r1_seed1031.json,ml,multiclass_ml,test_accuracy,0.00015138305025175214,linear_ridge_numpy,linear_ridge_numpy,6,6.916485630034003,45688.639636549735,0.9791666666666666,0.6875,0.29166666666666663,2304,960,1152,192,strongnative_8node_large128c0c31_20260704060009_c10,7.025218695984222,1031,192,6,3,digits,"0,1,2",sklearn_digits,1,21,1,,4,chordal,7,tfim,auto,4,4,data/raw/perlmutter/practical_suite_sweep/practical_strongnative_8node_large128c0c31_20260704060009_c10_ml_digits_c0v1v2_192s_6q_d1_r1_seed1031.json,ok
practical_strongnative_8node_large128c0c31_20260704060009_c10_ml_digits_c0v1v2_192s_6q_d1_r1_seed1043.json,ml,multiclass_ml,test_accuracy,0.013024868967477232,rbf_kernel_ridge_numpy,rbf_kernel_ridge_numpy,6,6.590913906984497,506.02535222748435,1.0,0.7708333333333334,0.22916666666666663,2304,960,1152,192,strongnative_8node_large128c0c31_20260704060009_c10,6.701475176028907,1043,192,6,3,digits,"0,1,2",sklearn_digits,1,21,1,,4,chordal,7,tfim,auto,4,4,data/raw/perlmutter/practical_suite_sweep/practical_strongnative_8node_large128c0c31_20260704060009_c10_ml_digits_c0v1v2_192s_6q_d1_r1_seed1043.json,ok
practical_strongnative_8node_large128c0c31_20260704060009_c10_ml_digits_c0v1v2_192s_6q_d1_r2_seed2017.json,ml,multiclass_ml,test_accuracy,0.0001532949972897768,linear_ridge_numpy,linear_ridge_numpy,6,6.530450021033175,42600.542330083525,1.0,0.7083333333333334,0.29166666666666663,2304,960,1152,192,strongnative_8node_large128c0c31_20260704060009_c10,6.640708029968664,2017,192,6,3,digits,"0,1,2",sklearn_digits,1,21,1,,4,chordal,7,tfim,auto,4,4,data/raw/perlmutter/practical_suite_sweep/practical_strongnative_8node_large128c0c31_20260704060009_c10_ml_digits_c0v1v2_192s_6q_d1_r2_seed2017.json,ok
practical_strongnative_8node_large128c0c31_20260704060009_c10_ml_digits_c0v1v2_192s_6q_d1_r2_seed2023.json,ml,multiclass_ml,test_accuracy,0.0015992940170690417,knn_numpy,knn_numpy,6,6.894173218985088,4310.760338877367,0.9791666666666666,0.6875,0.29166666666666663,2304,960,1152,192,strongnative_8node_large128c0c31_20260704060009_c10,7.0057907970040105,2023,192,6,3,digits,"0,1,2",sklearn_digits,1,21,1,,4,chordal,7,tfim,auto,4,4,data/raw/perlmutter/practical_suite_sweep/practical_strongnative_8node_large128c0c31_20260704060009_c10_ml_digits_c0v1v2_192s_6q_d1_r2_seed2023.json,ok
practical_strongnative_8node_large128c0c31_20260704060009_c10_ml_digits_c0v1v2_192s_6q_d1_r2_seed2031.json,ml,multiclass_ml,test_accuracy,0.0016040329937823117,knn_numpy,knn_numpy,6,6.733970283006784,4198.149482653766,1.0,0.8333333333333334,0.16666666666666663,2304,960,1152,192,strongnative_8node_large128c0c31_20260704060009_c10,6.844244190026075,2031,192,6,3,digits,"0,1,2",sklearn_digits,1,21,1,,4,chordal,7,tfim,auto,4,4,data/raw/perlmutter/practical_suite_sweep/practical_strongnative_8node_large128c0c31_20260704060009_c10_ml_digits_c0v1v2_192s_6q_d1_r2_seed2031.json,ok
practical_strongnative_8node_large128c0c31_20260704060009_c10_ml_digits_c0v1v2_192s_6q_d1_r2_seed2043.json,ml,multiclass_ml,test_accuracy,0.0001657599932514131,nearest_centroid_numpy,nearest_centroid_numpy,6,6.828943073982373,41197.77601356868,1.0,0.7708333333333334,0.22916666666666663,2304,960,1152,192,strongnative_8node_large128c0c31_20260704060009_c10,6.937538032012526,2043,192,6,3,digits,"0,1,2",sklearn_digits,1,21,1,,4,chordal,7,tfim,auto,4,4,data/raw/perlmutter/practical_suite_sweep/practical_strongnative_8node_large128c0c31_20260704060009_c10_ml_digits_c0v1v2_192s_6q_d1_r2_seed2043.json,ok
practical_strongnative_8node_large128c0c31_20260704060009_c10_ml_digits_c0v1v2_192s_6q_d1_r3_seed3017.json,ml,multiclass_ml,test_accuracy,0.00014753499999642372,linear_ridge_numpy,linear_ridge_numpy,6,6.553071929025464,44417.06665661919,1.0,0.6666666666666666,0.33333333333333337,2304,960,1152,192,strongnative_8node_large128c0c31_20260704060009_c10,6.660984462010674,3017,192,6,3,digits,"0,1,2",sklearn_digits,1,21,1,,4,chordal,7,tfim,auto,4,4,data/raw/perlmutter/practical_suite_sweep/practical_strongnative_8node_large128c0c31_20260704060009_c10_ml_digits_c0v1v2_192s_6q_d1_r3_seed3017.json,ok
practical_strongnative_8node_large128c0c31_20260704060009_c10_ml_digits_c0v1v2_192s_6q_d1_r3_seed3023.json,ml,multiclass_ml,test_accuracy,0.00015154201537370682,linear_ridge_numpy,linear_ridge_numpy,6,6.785960123990662,44779.397365518045,1.0,0.75,0.25,2304,960,1152,192,strongnative_8node_large128c0c31_20260704060009_c10,6.89454950200161,3023,192,6,3,digits,"0,1,2",sklearn_digits,1,21,1,,4,chordal,7,tfim,auto,4,4,data/raw/perlmutter/practical_suite_sweep/practical_strongnative_8node_large128c0c31_20260704060009_c10_ml_digits_c0v1v2_192s_6q_d1_r3_seed3023.json,ok
practical_strongnative_8node_large128c0c31_20260704060009_c10_ml_digits_c0v1v2_192s_6q_d1_r3_seed3031.json,ml,multiclass_ml,test_accuracy,0.0001459309714846313,nearest_centroid_numpy,nearest_centroid_numpy,6,6.7333393569570035,46140.57789415953,1.0,0.8333333333333334,0.16666666666666663,2304,960,1152,192,strongnative_8node_large128c0c31_20260704060009_c10,6.843519187998027,3031,192,6,3,digits,"0,1,2",sklearn_digits,1,21,1,,4,chordal,7,tfim,auto,4,4,data/raw/perlmutter/practical_suite_sweep/practical_strongnative_8node_large128c0c31_20260704060009_c10_ml_digits_c0v1v2_192s_6q_d1_r3_seed3031.json,ok
practical_strongnative_8node_large128c0c31_20260704060009_c10_ml_digits_c0v1v2_192s_6q_d1_r3_seed3043.json,ml,multiclass_ml,test_accuracy,0.00014833599561825395,linear_ridge_numpy,linear_ridge_numpy,6,6.990507105947472,47126.16837748338,1.0,0.75,0.25,2304,960,1152,192,strongnative_8node_large128c0c31_20260704060009_c10,7.099031161982566,3043,192,6,3,digits,"0,1,2",sklearn_digits,1,21,1,,4,chordal,7,tfim,auto,4,4,data/raw/perlmutter/practical_suite_sweep/practical_strongnative_8node_large128c0c31_20260704060009_c10_ml_digits_c0v1v2_192s_6q_d1_r3_seed3043.json,ok
practical_strongnative_8node_large128c0c31_20260704060009_c10_qaoa_chordal_7n_grid11_r0_seed17.json,optimization,optimization_qaoa,approximation_ratio,3.176101017743349e-05,greedy_assignment_numpy,,4,6.409644794010092,201808.593561807,8,6.158837991562405,0.2301452510546994,2783,2178,847,121,strongnative_8node_large128c0c31_20260704060009_c10,6.432921130035538,17,72,4,3,synthetic,"0,1,2",,1,21,1,,7,chordal,11,tfim,auto,4,4,data/raw/perlmutter/practical_suite_sweep/practical_strongnative_8node_large128c0c31_20260704060009_c10_qaoa_chordal_7n_grid11_r0_seed17.json,ok
practical_strongnative_8node_large128c0c31_20260704060009_c10_qaoa_chordal_7n_grid11_r2_seed2017.json,optimization,optimization_qaoa,approximation_ratio,3.1521019991487265e-05,greedy_assignment_numpy,,4,6.725989998958539,213381.10253967022,8,6.158837991562405,0.2301452510546994,2783,2178,847,121,strongnative_8node_large128c0c31_20260704060009_c10,6.749012036016211,2017,72,4,3,synthetic,"0,1,2",,1,21,1,,7,chordal,11,tfim,auto,4,4,data/raw/perlmutter/practical_suite_sweep/practical_strongnative_8node_large128c0c31_20260704060009_c10_qaoa_chordal_7n_grid11_r2_seed2017.json,ok
practical_strongnative_8node_large128c0c31_20260704060009_c10_qaoa_ladder_4n_grid11_r1_seed1031.json,optimization,optimization_qaoa,approximation_ratio,1.596100628376007e-05,greedy_assignment_numpy,,4,6.89625797199551,432069.12204603804,4,2.9045084971874733,0.2738728757031317,1452,968,484,121,strongnative_8node_large128c0c31_20260704060009_c10,6.919357848004438,1031,72,4,3,synthetic,"0,1,2",,1,21,1,,4,ladder,11,tfim,auto,4,4,data/raw/perlmutter/practical_suite_sweep/practical_strongnative_8node_large128c0c31_20260704060009_c10_qaoa_ladder_4n_grid11_r1_seed1031.json,ok
practical_strongnative_8node_large128c0c31_20260704060009_c10_qaoa_ladder_4n_grid11_r3_seed3031.json,optimization,optimization_qaoa,approximation_ratio,1.603097189217806e-05,greedy_assignment_numpy,,4,6.888328831002582,429688.7847681638,4,2.9045084971874733,0.2738728757031317,1452,968,484,121,strongnative_8node_large128c0c31_20260704060009_c10,6.910445210000034,3031,72,4,3,synthetic,"0,1,2",,1,21,1,,4,ladder,11,tfim,auto,4,4,data/raw/perlmutter/practical_suite_sweep/practical_strongnative_8node_large128c0c31_20260704060009_c10_qaoa_ladder_4n_grid11_r3_seed3031.json,ok
practical_strongnative_8node_large128c0c31_20260704060009_c10_qaoa_ring_6n_grid11_r0_seed43.json,optimization,optimization_qaoa,approximation_ratio,2.3133994545787573e-05,greedy_assignment_numpy,,4,6.626477714977227,286438.9762806368,6,4.356762745781209,0.2738728757031318,2178,1452,726,121,strongnative_8node_large128c0c31_20260704060009_c10,6.649033642024733,43,72,4,3,synthetic,"0,1,2",,1,21,1,,6,ring,11,tfim,auto,4,4,data/raw/perlmutter/practical_suite_sweep/practical_strongnative_8node_large128c0c31_20260704060009_c10_qaoa_ring_6n_grid11_r0_seed43.json,ok
practical_strongnative_8node_large128c0c31_20260704060009_c10_qaoa_ring_6n_grid11_r2_seed2043.json,optimization,optimization_qaoa,approximation_ratio,2.3053959012031555e-05,greedy_assignment_numpy,,4,6.924692023021635,300368.88759139937,6,4.356762745781209,0.2738728757031318,2178,1452,726,121,strongnative_8node_large128c0c31_20260704060009_c10,6.947969062021002,2043,72,4,3,synthetic,"0,1,2",,1,21,1,,6,ring,11,tfim,auto,4,4,data/raw/perlmutter/practical_suite_sweep/practical_strongnative_8node_large128c0c31_20260704060009_c10_qaoa_ring_6n_grid11_r2_seed2043.json,ok
practical_strongnative_8node_large128c0c31_20260704060009_c10_sim_tfim_6q_8steps_r0_seed23.json,simulation,hamiltonian_simulation,absolute_observable_error,0.007742600981146097,exact_dense_eigendecomposition_numpy,,0,6.9064998959656805,892.0128924096185,0.821802450632914,0.8215212314654883,0.00028121916742573916,88,80,6,1,strongnative_8node_large128c0c31_20260704060009_c10,6.924786482995842,23,72,4,3,synthetic,"0,1,2",,1,21,1,,4,chordal,7,tfim,auto,6,8,data/raw/perlmutter/practical_suite_sweep/practical_strongnative_8node_large128c0c31_20260704060009_c10_sim_tfim_6q_8steps_r0_seed23.json,ok
practical_strongnative_8node_large128c0c31_20260704060009_c10_sim_tfim_6q_8steps_r1_seed1023.json,simulation,hamiltonian_simulation,absolute_observable_error,0.00269242498325184,exact_dense_eigendecomposition_numpy,,0,6.82796576799592,2535.9910899910324,0.821802450632914,0.8215212314654883,0.00028121916742573916,88,80,6,1,strongnative_8node_large128c0c31_20260704060009_c10,6.84659146994818,1023,72,4,3,synthetic,"0,1,2",,1,21,1,,4,chordal,7,tfim,auto,6,8,data/raw/perlmutter/practical_suite_sweep/practical_strongnative_8node_large128c0c31_20260704060009_c10_sim_tfim_6q_8steps_r1_seed1023.json,ok
practical_strongnative_8node_large128c0c31_20260704060009_c10_sim_tfim_6q_8steps_r2_seed2023.json,simulation,hamiltonian_simulation,absolute_observable_error,0.0026543830172158778,exact_dense_eigendecomposition_numpy,,0,7.195306582027115,2710.7265738816054,0.821802450632914,0.8215212314654883,0.00028121916742573916,88,80,6,1,strongnative_8node_large128c0c31_20260704060009_c10,7.208244069013745,2023,72,4,3,synthetic,"0,1,2",,1,21,1,,4,chordal,7,tfim,auto,6,8,data/raw/perlmutter/practical_suite_sweep/practical_strongnative_8node_large128c0c31_20260704060009_c10_sim_tfim_6q_8steps_r2_seed2023.json,ok
practical_strongnative_8node_large128c0c31_20260704060009_c10_sim_tfim_6q_8steps_r3_seed3023.json,simulation,hamiltonian_simulation,absolute_observable_error,0.002665092993993312,exact_dense_eigendecomposition_numpy,,0,7.182860183995217,2695.1630581687846,0.821802450632914,0.8215212314654883,0.00028121916742573916,88,80,6,1,strongnative_8node_large128c0c31_20260704060009_c10,7.1963424810091965,3023,72,4,3,synthetic,"0,1,2",,1,21,1,,4,chordal,7,tfim,auto,6,8,data/raw/perlmutter/practical_suite_sweep/practical_strongnative_8node_large128c0c31_20260704060009_c10_sim_tfim_6q_8steps_r3_seed3023.json,ok
practical_strongnative_8node_large128c0c31_20260704060009_c11_chem_4q_l2_grid17_r2_seed2023.json,chemistry,chemistry_vqe,absolute_energy_error,0.00017828401178121567,exact_diagonalization_numpy,,0,6.717980212008115,37681.33858381088,-1.705732892552902,-0.9598637992425669,0.7458690933103351,592,222,148,37,strongnative_8node_large128c0c31_20260704060009_c11,6.729127922968473,2023,72,4,3,synthetic,"0,1,2",,1,17,2,benchmarks/workloads/hamiltonians/molecular_chain_4q.json,4,chordal,7,tfim,auto,4,4,data/raw/perlmutter/practical_suite_sweep/practical_strongnative_8node_large128c0c31_20260704060009_c11_chem_4q_l2_grid17_r2_seed2023.json,ok
practical_strongnative_8node_large128c0c31_20260704060009_c11_chem_4q_l2_grid9_r0_seed17.json,chemistry,chemistry_vqe,absolute_energy_error,0.00017439702060073614,exact_diagonalization_numpy,,0,6.9239917320082895,39702.465719641215,-1.705732892552902,-0.9059288256492263,0.7998040669036758,336,126,84,21,strongnative_8node_large128c0c31_20260704060009_c11,6.932686390995514,17,72,4,3,synthetic,"0,1,2",,1,9,2,benchmarks/workloads/hamiltonians/molecular_chain_4q.json,4,chordal,7,tfim,auto,4,4,data/raw/perlmutter/practical_suite_sweep/practical_strongnative_8node_large128c0c31_20260704060009_c11_chem_4q_l2_grid9_r0_seed17.json,ok
practical_strongnative_8node_large128c0c31_20260704060009_c11_ml_digits_c0v1v2_192s_6q_d2_r0_seed17.json,ml,multiclass_ml,test_accuracy,0.0006170509732328355,nearest_centroid_numpy,nearest_centroid_numpy,6,18.599790674983524,30143.037580081986,1.0,0.7708333333333334,0.22916666666666663,4608,1920,1152,192,strongnative_8node_large128c0c31_20260704060009_c11,18.829302177997306,17,192,6,3,digits,"0,1,2",sklearn_digits,2,21,1,,4,chordal,7,tfim,auto,4,4,data/raw/perlmutter/practical_suite_sweep/practical_strongnative_8node_large128c0c31_20260704060009_c11_ml_digits_c0v1v2_192s_6q_d2_r0_seed17.json,ok
practical_strongnative_8node_large128c0c31_20260704060009_c11_ml_digits_c0v1v2_192s_6q_d2_r0_seed23.json,ml,multiclass_ml,test_accuracy,0.00016612099716439843,linear_ridge_numpy,linear_ridge_numpy,6,7.104428451973945,42766.58925267096,0.9791666666666666,0.7083333333333334,0.27083333333333326,4608,1920,1152,192,strongnative_8node_large128c0c31_20260704060009_c11,7.215310783998575,23,192,6,3,digits,"0,1,2",sklearn_digits,2,21,1,,4,chordal,7,tfim,auto,4,4,data/raw/perlmutter/practical_suite_sweep/practical_strongnative_8node_large128c0c31_20260704060009_c11_ml_digits_c0v1v2_192s_6q_d2_r0_seed23.json,ok
practical_strongnative_8node_large128c0c31_20260704060009_c11_ml_digits_c0v1v2_192s_6q_d2_r0_seed31.json,ml,multiclass_ml,test_accuracy,0.0015749080339446664,knn_numpy,knn_numpy,6,6.869819159037434,4362.044647032895,1.0,0.7916666666666666,0.20833333333333337,4608,1920,1152,192,strongnative_8node_large128c0c31_20260704060009_c11,6.978404429042712,31,192,6,3,digits,"0,1,2",sklearn_digits,2,21,1,,4,chordal,7,tfim,auto,4,4,data/raw/perlmutter/practical_suite_sweep/practical_strongnative_8node_large128c0c31_20260704060009_c11_ml_digits_c0v1v2_192s_6q_d2_r0_seed31.json,ok
practical_strongnative_8node_large128c0c31_20260704060009_c11_ml_digits_c0v1v2_192s_6q_d2_r0_seed43.json,ml,multiclass_ml,test_accuracy,0.013234462996479124,rbf_kernel_ridge_numpy,rbf_kernel_ridge_numpy,6,7.006794880959205,529.4355262335375,1.0,0.6458333333333334,0.35416666666666663,4608,1920,1152,192,strongnative_8node_large128c0c31_20260704060009_c11,7.11833230603952,43,192,6,3,digits,"0,1,2",sklearn_digits,2,21,1,,4,chordal,7,tfim,auto,4,4,data/raw/perlmutter/practical_suite_sweep/practical_strongnative_8node_large128c0c31_20260704060009_c11_ml_digits_c0v1v2_192s_6q_d2_r0_seed43.json,ok
practical_strongnative_8node_large128c0c31_20260704060009_c11_ml_digits_c0v1v2_192s_6q_d2_r1_seed1017.json,ml,multiclass_ml,test_accuracy,0.0016271690255962312,knn_numpy,knn_numpy,6,6.977618851989973,4288.19547461163,1.0,0.6666666666666666,0.33333333333333337,4608,1920,1152,192,strongnative_8node_large128c0c31_20260704060009_c11,7.08731184899807,1017,192,6,3,digits,"0,1,2",sklearn_digits,2,21,1,,4,chordal,7,tfim,auto,4,4,data/raw/perlmutter/practical_suite_sweep/practical_strongnative_8node_large128c0c31_20260704060009_c11_ml_digits_c0v1v2_192s_6q_d2_r1_seed1017.json,ok
practical_strongnative_8node_large128c0c31_20260704060009_c11_ml_digits_c0v1v2_192s_6q_d2_r1_seed1023.json,ml,multiclass_ml,test_accuracy,0.0015958989970386028,knn_numpy,knn_numpy,6,6.787460256018676,4253.063802041161,1.0,0.625,0.375,4608,1920,1152,192,strongnative_8node_large128c0c31_20260704060009_c11,6.8977631199522875,1023,192,6,3,digits,"0,1,2",sklearn_digits,2,21,1,,4,chordal,7,tfim,auto,4,4,data/raw/perlmutter/practical_suite_sweep/practical_strongnative_8node_large128c0c31_20260704060009_c11_ml_digits_c0v1v2_192s_6q_d2_r1_seed1023.json,ok
practical_strongnative_8node_large128c0c31_20260704060009_c11_ml_digits_c0v1v2_192s_6q_d2_r1_seed1031.json,ml,multiclass_ml,test_accuracy,0.00015981897013261914,linear_ridge_numpy,linear_ridge_numpy,6,6.990560200007167,43740.49084540052,0.9791666666666666,0.625,0.35416666666666663,4608,1920,1152,192,strongnative_8node_large128c0c31_20260704060009_c11,7.150242428993806,1031,192,6,3,digits,"0,1,2",sklearn_digits,2,21,1,,4,chordal,7,tfim,auto,4,4,data/raw/perlmutter/practical_suite_sweep/practical_strongnative_8node_large128c0c31_20260704060009_c11_ml_digits_c0v1v2_192s_6q_d2_r1_seed1031.json,ok
practical_strongnative_8node_large128c0c31_20260704060009_c11_ml_digits_c0v1v2_192s_6q_d2_r1_seed1043.json,ml,multiclass_ml,test_accuracy,0.016637758002616465,rbf_kernel_ridge_numpy,rbf_kernel_ridge_numpy,6,6.661807325959671,400.4029464133347,1.0,0.6875,0.3125,4608,1920,1152,192,strongnative_8node_large128c0c31_20260704060009_c11,6.8104667459847406,1043,192,6,3,digits,"0,1,2",sklearn_digits,2,21,1,,4,chordal,7,tfim,auto,4,4,data/raw/perlmutter/practical_suite_sweep/practical_strongnative_8node_large128c0c31_20260704060009_c11_ml_digits_c0v1v2_192s_6q_d2_r1_seed1043.json,ok
practical_strongnative_8node_large128c0c31_20260704060009_c11_ml_digits_c0v1v2_192s_6q_d2_r2_seed2017.json,ml,multiclass_ml,test_accuracy,0.000156151014380157,linear_ridge_numpy,linear_ridge_numpy,6,6.639678308041766,42520.8784867523,1.0,0.6458333333333334,0.35416666666666663,4608,1920,1152,192,strongnative_8node_large128c0c31_20260704060009_c11,6.751282782992348,2017,192,6,3,digits,"0,1,2",sklearn_digits,2,21,1,,4,chordal,7,tfim,auto,4,4,data/raw/perlmutter/practical_suite_sweep/practical_strongnative_8node_large128c0c31_20260704060009_c11_ml_digits_c0v1v2_192s_6q_d2_r2_seed2017.json,ok
practical_strongnative_8node_large128c0c31_20260704060009_c11_ml_digits_c0v1v2_192s_6q_d2_r2_seed2023.json,ml,multiclass_ml,test_accuracy,0.0015766200376674533,knn_numpy,knn_numpy,6,7.016727295005694,4450.4871987969045,0.9791666666666666,0.6041666666666666,0.375,4608,1920,1152,192,strongnative_8node_large128c0c31_20260704060009_c11,7.12520404602401,2023,192,6,3,digits,"0,1,2",sklearn_digits,2,21,1,,4,chordal,7,tfim,auto,4,4,data/raw/perlmutter/practical_suite_sweep/practical_strongnative_8node_large128c0c31_20260704060009_c11_ml_digits_c0v1v2_192s_6q_d2_r2_seed2023.json,ok
practical_strongnative_8node_large128c0c31_20260704060009_c11_ml_digits_c0v1v2_192s_6q_d2_r2_seed2031.json,ml,multiclass_ml,test_accuracy,0.001575397967826575,knn_numpy,knn_numpy,6,6.570324948988855,4170.581074224248,1.0,0.625,0.375,4608,1920,1152,192,strongnative_8node_large128c0c31_20260704060009_c11,6.681061626994051,2031,192,6,3,digits,"0,1,2",sklearn_digits,2,21,1,,4,chordal,7,tfim,auto,4,4,data/raw/perlmutter/practical_suite_sweep/practical_strongnative_8node_large128c0c31_20260704060009_c11_ml_digits_c0v1v2_192s_6q_d2_r2_seed2031.json,ok
practical_strongnative_8node_large128c0c31_20260704060009_c11_ml_digits_c0v1v2_192s_6q_d2_r2_seed2043.json,ml,multiclass_ml,test_accuracy,0.00015332596376538277,linear_ridge_numpy,linear_ridge_numpy,6,6.7801087539992295,44220.22589973122,1.0,0.7708333333333334,0.22916666666666663,4608,1920,1152,192,strongnative_8node_large128c0c31_20260704060009_c11,6.8887864029966295,2043,192,6,3,digits,"0,1,2",sklearn_digits,2,21,1,,4,chordal,7,tfim,auto,4,4,data/raw/perlmutter/practical_suite_sweep/practical_strongnative_8node_large128c0c31_20260704060009_c11_ml_digits_c0v1v2_192s_6q_d2_r2_seed2043.json,ok
practical_strongnative_8node_large128c0c31_20260704060009_c11_ml_digits_c0v1v2_192s_6q_d2_r3_seed3017.json,ml,multiclass_ml,test_accuracy,0.0001489279675297439,linear_ridge_numpy,linear_ridge_numpy,6,6.487997453950811,43564.66795032993,1.0,0.625,0.375,4608,1920,1152,192,strongnative_8node_large128c0c31_20260704060009_c11,6.596874445036519,3017,192,6,3,digits,"0,1,2",sklearn_digits,2,21,1,,4,chordal,7,tfim,auto,4,4,data/raw/perlmutter/practical_suite_sweep/practical_strongnative_8node_large128c0c31_20260704060009_c11_ml_digits_c0v1v2_192s_6q_d2_r3_seed3017.json,ok
practical_strongnative_8node_large128c0c31_20260704060009_c11_ml_digits_c0v1v2_192s_6q_d2_r3_seed3023.json,ml,multiclass_ml,test_accuracy,0.00014981901040300727,linear_ridge_numpy,linear_ridge_numpy,6,6.641085457988083,44327.388360955156,1.0,0.7083333333333334,0.29166666666666663,4608,1920,1152,192,strongnative_8node_large128c0c31_20260704060009_c11,6.754011177050415,3023,192,6,3,digits,"0,1,2",sklearn_digits,2,21,1,,4,chordal,7,tfim,auto,4,4,data/raw/perlmutter/practical_suite_sweep/practical_strongnative_8node_large128c0c31_20260704060009_c11_ml_digits_c0v1v2_192s_6q_d2_r3_seed3023.json,ok
practical_strongnative_8node_large128c0c31_20260704060009_c11_ml_digits_c0v1v2_192s_6q_d2_r3_seed3031.json,ml,multiclass_ml,test_accuracy,0.0001506900298409164,nearest_centroid_numpy,nearest_centroid_numpy,6,6.5907850849907845,43737.366645614726,1.0,0.625,0.375,4608,1920,1152,192,strongnative_8node_large128c0c31_20260704060009_c11,6.711487523978576,3031,192,6,3,digits,"0,1,2",sklearn_digits,2,21,1,,4,chordal,7,tfim,auto,4,4,data/raw/perlmutter/practical_suite_sweep/practical_strongnative_8node_large128c0c31_20260704060009_c11_ml_digits_c0v1v2_192s_6q_d2_r3_seed3031.json,ok
practical_strongnative_8node_large128c0c31_20260704060009_c11_ml_digits_c0v1v2_192s_6q_d2_r3_seed3043.json,ml,multiclass_ml,test_accuracy,0.00015402701683342457,linear_ridge_numpy,linear_ridge_numpy,6,6.8143265880062245,44241.11255349253,1.0,0.6875,0.3125,4608,1920,1152,192,strongnative_8node_large128c0c31_20260704060009_c11,6.921323896967806,3043,192,6,3,digits,"0,1,2",sklearn_digits,2,21,1,,4,chordal,7,tfim,auto,4,4,data/raw/perlmutter/practical_suite_sweep/practical_strongnative_8node_large128c0c31_20260704060009_c11_ml_digits_c0v1v2_192s_6q_d2_r3_seed3043.json,ok
practical_strongnative_8node_large128c0c31_20260704060009_c11_qaoa_chordal_7n_grid13_r0_seed17.json,optimization,optimization_qaoa,approximation_ratio,3.116001607850194e-05,greedy_assignment_numpy,,4,6.770777597033884,217290.56814271703,8,6.133894052838323,0.23326324339520965,3887,3042,1183,169,strongnative_8node_large128c0c31_20260704060009_c11,6.794057541002985,17,72,4,3,synthetic,"0,1,2",,1,21,1,,7,chordal,13,tfim,auto,4,4,data/raw/perlmutter/practical_suite_sweep/practical_strongnative_8node_large128c0c31_20260704060009_c11_qaoa_chordal_7n_grid13_r0_seed17.json,ok
practical_strongnative_8node_large128c0c31_20260704060009_c11_qaoa_chordal_7n_grid13_r2_seed2017.json,optimization,optimization_qaoa,approximation_ratio,3.165099769830704e-05,greedy_assignment_numpy,,4,6.874173825024627,217186.6394401942,8,6.133894052838323,0.23326324339520965,3887,3042,1183,169,strongnative_8node_large128c0c31_20260704060009_c11,6.897353545995429,2017,72,4,3,synthetic,"0,1,2",,1,21,1,,7,chordal,13,tfim,auto,4,4,data/raw/perlmutter/practical_suite_sweep/practical_strongnative_8node_large128c0c31_20260704060009_c11_qaoa_chordal_7n_grid13_r2_seed2017.json,ok
practical_strongnative_8node_large128c0c31_20260704060009_c11_qaoa_ladder_4n_grid13_r1_seed1031.json,optimization,optimization_qaoa,approximation_ratio,1.5950005035847425e-05,greedy_assignment_numpy,,4,6.723781995999161,421553.5970607878,4,2.9999999999999982,0.25000000000000044,2028,1352,676,169,strongnative_8node_large128c0c31_20260704060009_c11,6.747921950998716,1031,72,4,3,synthetic,"0,1,2",,1,21,1,,4,ladder,13,tfim,auto,4,4,data/raw/perlmutter/practical_suite_sweep/practical_strongnative_8node_large128c0c31_20260704060009_c11_qaoa_ladder_4n_grid13_r1_seed1031.json,ok
practical_strongnative_8node_large128c0c31_20260704060009_c11_qaoa_ladder_4n_grid13_r3_seed3031.json,optimization,optimization_qaoa,approximation_ratio,1.6161007806658745e-05,greedy_assignment_numpy,,4,6.960041308018845,430668.76715146017,4,2.9999999999999982,0.25000000000000044,2028,1352,676,169,strongnative_8node_large128c0c31_20260704060009_c11,6.982443186978344,3031,72,4,3,synthetic,"0,1,2",,1,21,1,,4,ladder,13,tfim,auto,4,4,data/raw/perlmutter/practical_suite_sweep/practical_strongnative_8node_large128c0c31_20260704060009_c11_qaoa_ladder_4n_grid13_r3_seed3031.json,ok
practical_strongnative_8node_large128c0c31_20260704060009_c11_qaoa_ring_6n_grid13_r0_seed43.json,optimization,optimization_qaoa,approximation_ratio,2.2733001969754696e-05,greedy_assignment_numpy,,4,6.489865227951668,285482.10379720904,6,4.499999999999997,0.25000000000000044,3042,2028,1014,169,strongnative_8node_large128c0c31_20260704060009_c11,6.5123967379913665,43,72,4,3,synthetic,"0,1,2",,1,21,1,,6,ring,13,tfim,auto,4,4,data/raw/perlmutter/practical_suite_sweep/practical_strongnative_8node_large128c0c31_20260704060009_c11_qaoa_ring_6n_grid13_r0_seed43.json,ok
practical_strongnative_8node_large128c0c31_20260704060009_c11_qaoa_ring_6n_grid13_r2_seed2043.json,optimization,optimization_qaoa,approximation_ratio,2.3294996935874224e-05,greedy_assignment_numpy,,4,6.858411758032162,294415.65400981996,6,4.499999999999997,0.25000000000000044,3042,2028,1014,169,strongnative_8node_large128c0c31_20260704060009_c11,6.880860529025085,2043,72,4,3,synthetic,"0,1,2",,1,21,1,,6,ring,13,tfim,auto,4,4,data/raw/perlmutter/practical_suite_sweep/practical_strongnative_8node_large128c0c31_20260704060009_c11_qaoa_ring_6n_grid13_r2_seed2043.json,ok
practical_strongnative_8node_large128c0c31_20260704060009_c11_sim_tfim_6q_10steps_r0_seed23.json,simulation,hamiltonian_simulation,absolute_observable_error,0.002598734979983419,exact_dense_eigendecomposition_numpy,,0,6.80723512097029,2619.441833585402,0.821802450632914,0.8216225570780548,0.00017989355485925618,110,100,6,1,strongnative_8node_large128c0c31_20260704060009_c11,6.828693229996134,23,72,4,3,synthetic,"0,1,2",,1,21,1,,4,chordal,7,tfim,auto,6,10,data/raw/perlmutter/practical_suite_sweep/practical_strongnative_8node_large128c0c31_20260704060009_c11_sim_tfim_6q_10steps_r0_seed23.json,ok
practical_strongnative_8node_large128c0c31_20260704060009_c11_sim_tfim_6q_10steps_r1_seed1023.json,simulation,hamiltonian_simulation,absolute_observable_error,0.007110652048140764,exact_dense_eigendecomposition_numpy,,0,6.645271929970477,934.5516958192362,0.821802450632914,0.8216225570780548,0.00017989355485925618,110,100,6,1,strongnative_8node_large128c0c31_20260704060009_c11,6.667936396028381,1023,72,4,3,synthetic,"0,1,2",,1,21,1,,4,chordal,7,tfim,auto,6,10,data/raw/perlmutter/practical_suite_sweep/practical_strongnative_8node_large128c0c31_20260704060009_c11_sim_tfim_6q_10steps_r1_seed1023.json,ok
practical_strongnative_8node_large128c0c31_20260704060009_c11_sim_tfim_6q_10steps_r2_seed2023.json,simulation,hamiltonian_simulation,absolute_observable_error,0.006194563989993185,exact_dense_eigendecomposition_numpy,,0,6.887608129996806,1111.8794060604068,0.821802450632914,0.8216225570780548,0.00017989355485925618,110,100,6,1,strongnative_8node_large128c0c31_20260704060009_c11,6.9035414879908785,2023,72,4,3,synthetic,"0,1,2",,1,21,1,,4,chordal,7,tfim,auto,6,10,data/raw/perlmutter/practical_suite_sweep/practical_strongnative_8node_large128c0c31_20260704060009_c11_sim_tfim_6q_10steps_r2_seed2023.json,ok
practical_strongnative_8node_large128c0c31_20260704060009_c11_sim_tfim_6q_10steps_r3_seed3023.json,simulation,hamiltonian_simulation,absolute_observable_error,0.002765256038401276,exact_dense_eigendecomposition_numpy,,0,6.823353648011107,2467.5305119145523,0.821802450632914,0.8216225570780548,0.00017989355485925618,110,100,6,1,strongnative_8node_large128c0c31_20260704060009_c11,6.83689424599288,3023,72,4,3,synthetic,"0,1,2",,1,21,1,,4,chordal,7,tfim,auto,6,10,data/raw/perlmutter/practical_suite_sweep/practical_strongnative_8node_large128c0c31_20260704060009_c11_sim_tfim_6q_10steps_r3_seed3023.json,ok
practical_strongnative_8node_large128c0c31_20260704060009_c12_chem_4q_l2_grid13_r0_seed17.json,chemistry,chemistry_vqe,absolute_energy_error,0.00019913498545065522,exact_diagonalization_numpy,,0,6.972457800991833,35013.72591668267,-1.705732892552902,-0.9059288256492263,0.7998040669036758,464,174,116,29,strongnative_8node_large128c0c31_20260704060009_c12,6.983666556014214,17,72,4,3,synthetic,"0,1,2",,1,13,2,benchmarks/workloads/hamiltonians/molecular_chain_4q.json,4,chordal,7,tfim,auto,4,4,data/raw/perlmutter/practical_suite_sweep/practical_strongnative_8node_large128c0c31_20260704060009_c12_chem_4q_l2_grid13_r0_seed17.json,ok
practical_strongnative_8node_large128c0c31_20260704060009_c12_chem_h2_l1_grid17_r2_seed2031.json,chemistry,chemistry_vqe,absolute_energy_error,0.00015701400116086006,exact_diagonalization_numpy,,0,6.990462853980716,44521.270729347394,-1.85727503020238,-1.8456249981377126,0.011650032064667304,1304,326,652,326,strongnative_8node_large128c0c31_20260704060009_c12,7.000534082995728,2031,72,4,3,synthetic,"0,1,2",,1,17,1,,4,chordal,7,tfim,auto,4,4,data/raw/perlmutter/practical_suite_sweep/practical_strongnative_8node_large128c0c31_20260704060009_c12_chem_h2_l1_grid17_r2_seed2031.json,ok
practical_strongnative_8node_large128c0c31_20260704060009_c12_ml_digits_c0v1v2_192s_8q_d1_r0_seed17.json,ml,multiclass_ml,test_accuracy,0.00020089797908440232,nearest_centroid_numpy,nearest_centroid_numpy,6,18.605721956002526,92612.78804694094,1.0,0.6875,0.3125,3072,1344,1536,192,strongnative_8node_large128c0c31_20260704060009_c12,18.849040281027555,17,192,8,3,digits,"0,1,2",sklearn_digits,1,21,1,,4,chordal,7,tfim,auto,4,4,data/raw/perlmutter/practical_suite_sweep/practical_strongnative_8node_large128c0c31_20260704060009_c12_ml_digits_c0v1v2_192s_8q_d1_r0_seed17.json,ok
practical_strongnative_8node_large128c0c31_20260704060009_c12_ml_digits_c0v1v2_192s_8q_d1_r0_seed23.json,ml,multiclass_ml,test_accuracy,0.0015825489535927773,knn_numpy,knn_numpy,6,7.197938236000482,4548.3194814665185,1.0,0.75,0.25,3072,1344,1536,192,strongnative_8node_large128c0c31_20260704060009_c12,7.3154580449918285,23,192,8,3,digits,"0,1,2",sklearn_digits,1,21,1,,4,chordal,7,tfim,auto,4,4,data/raw/perlmutter/practical_suite_sweep/practical_strongnative_8node_large128c0c31_20260704060009_c12_ml_digits_c0v1v2_192s_8q_d1_r0_seed23.json,ok
practical_strongnative_8node_large128c0c31_20260704060009_c12_ml_digits_c0v1v2_192s_8q_d1_r0_seed31.json,ml,multiclass_ml,test_accuracy,0.00016754301032051444,nearest_centroid_numpy,nearest_centroid_numpy,6,7.046553793014027,42058.17825246051,1.0,0.7083333333333334,0.29166666666666663,3072,1344,1536,192,strongnative_8node_large128c0c31_20260704060009_c12,7.15864804701414,31,192,8,3,digits,"0,1,2",sklearn_digits,1,21,1,,4,chordal,7,tfim,auto,4,4,data/raw/perlmutter/practical_suite_sweep/practical_strongnative_8node_large128c0c31_20260704060009_c12_ml_digits_c0v1v2_192s_8q_d1_r0_seed31.json,ok
practical_strongnative_8node_large128c0c31_20260704060009_c12_ml_digits_c0v1v2_192s_8q_d1_r0_seed43.json,ml,multiclass_ml,test_accuracy,0.00016936799511313438,linear_ridge_numpy,linear_ridge_numpy,6,6.678108320978936,39429.57650598683,1.0,0.7291666666666666,0.27083333333333337,3072,1344,1536,192,strongnative_8node_large128c0c31_20260704060009_c12,6.786549073003698,43,192,8,3,digits,"0,1,2",sklearn_digits,1,21,1,,4,chordal,7,tfim,auto,4,4,data/raw/perlmutter/practical_suite_sweep/practical_strongnative_8node_large128c0c31_20260704060009_c12_ml_digits_c0v1v2_192s_8q_d1_r0_seed43.json,ok
practical_strongnative_8node_large128c0c31_20260704060009_c12_ml_digits_c0v1v2_192s_8q_d1_r1_seed1017.json,ml,multiclass_ml,test_accuracy,0.0015658970223739743,knn_numpy,knn_numpy,6,6.859805648971815,4380.751448503314,1.0,0.6458333333333334,0.35416666666666663,3072,1344,1536,192,strongnative_8node_large128c0c31_20260704060009_c12,6.9689198230043985,1017,192,8,3,digits,"0,1,2",sklearn_digits,1,21,1,,4,chordal,7,tfim,auto,4,4,data/raw/perlmutter/practical_suite_sweep/practical_strongnative_8node_large128c0c31_20260704060009_c12_ml_digits_c0v1v2_192s_8q_d1_r1_seed1017.json,ok
practical_strongnative_8node_large128c0c31_20260704060009_c12_ml_digits_c0v1v2_192s_8q_d1_r1_seed1023.json,ml,multiclass_ml,test_accuracy,0.001573682005982846,knn_numpy,knn_numpy,6,6.907061197969597,4389.108582108861,1.0,0.7291666666666666,0.27083333333333337,3072,1344,1536,192,strongnative_8node_large128c0c31_20260704060009_c12,7.032078502001241,1023,192,8,3,digits,"0,1,2",sklearn_digits,1,21,1,,4,chordal,7,tfim,auto,4,4,data/raw/perlmutter/practical_suite_sweep/practical_strongnative_8node_large128c0c31_20260704060009_c12_ml_digits_c0v1v2_192s_8q_d1_r1_seed1023.json,ok
practical_strongnative_8node_large128c0c31_20260704060009_c12_ml_digits_c0v1v2_192s_8q_d1_r1_seed1031.json,ml,multiclass_ml,test_accuracy,0.00016567000420764089,nearest_centroid_numpy,nearest_centroid_numpy,6,6.810513786971569,41108.91298364234,1.0,0.7291666666666666,0.27083333333333337,3072,1344,1536,192,strongnative_8node_large128c0c31_20260704060009_c12,6.922418053029105,1031,192,8,3,digits,"0,1,2",sklearn_digits,1,21,1,,4,chordal,7,tfim,auto,4,4,data/raw/perlmutter/practical_suite_sweep/practical_strongnative_8node_large128c0c31_20260704060009_c12_ml_digits_c0v1v2_192s_8q_d1_r1_seed1031.json,ok
practical_strongnative_8node_large128c0c31_20260704060009_c12_ml_digits_c0v1v2_192s_8q_d1_r1_seed1043.json,ml,multiclass_ml,test_accuracy,0.00016663200221955776,nearest_centroid_numpy,nearest_centroid_numpy,6,6.920992891013157,41534.59598891402,0.9791666666666666,0.8541666666666666,0.125,3072,1344,1536,192,strongnative_8node_large128c0c31_20260704060009_c12,7.032244084984995,1043,192,8,3,digits,"0,1,2",sklearn_digits,1,21,1,,4,chordal,7,tfim,auto,4,4,data/raw/perlmutter/practical_suite_sweep/practical_strongnative_8node_large128c0c31_20260704060009_c12_ml_digits_c0v1v2_192s_8q_d1_r1_seed1043.json,ok
practical_strongnative_8node_large128c0c31_20260704060009_c12_ml_digits_c0v1v2_192s_8q_d1_r2_seed2017.json,ml,multiclass_ml,test_accuracy,0.00016866601072251797,nearest_centroid_numpy,nearest_centroid_numpy,6,7.186362375039607,42607.057250333026,1.0,0.7708333333333334,0.22916666666666663,3072,1344,1536,192,strongnative_8node_large128c0c31_20260704060009_c12,7.296297397988383,2017,192,8,3,digits,"0,1,2",sklearn_digits,1,21,1,,4,chordal,7,tfim,auto,4,4,data/raw/perlmutter/practical_suite_sweep/practical_strongnative_8node_large128c0c31_20260704060009_c12_ml_digits_c0v1v2_192s_8q_d1_r2_seed2017.json,ok
practical_strongnative_8node_large128c0c31_20260704060009_c12_ml_digits_c0v1v2_192s_8q_d1_r2_seed2023.json,ml,multiclass_ml,test_accuracy,0.00156841502757743,knn_numpy,knn_numpy,6,7.174591490009334,4574.421542677508,1.0,0.6875,0.3125,3072,1344,1536,192,strongnative_8node_large128c0c31_20260704060009_c12,7.282267931033857,2023,192,8,3,digits,"0,1,2",sklearn_digits,1,21,1,,4,chordal,7,tfim,auto,4,4,data/raw/perlmutter/practical_suite_sweep/practical_strongnative_8node_large128c0c31_20260704060009_c12_ml_digits_c0v1v2_192s_8q_d1_r2_seed2023.json,ok
practical_strongnative_8node_large128c0c31_20260704060009_c12_ml_digits_c0v1v2_192s_8q_d1_r2_seed2031.json,ml,multiclass_ml,test_accuracy,0.0015716679627075791,knn_numpy,knn_numpy,6,6.7449751470121555,4291.603129322749,1.0,0.7291666666666666,0.27083333333333337,3072,1344,1536,192,strongnative_8node_large128c0c31_20260704060009_c12,6.868327909964137,2031,192,8,3,digits,"0,1,2",sklearn_digits,1,21,1,,4,chordal,7,tfim,auto,4,4,data/raw/perlmutter/practical_suite_sweep/practical_strongnative_8node_large128c0c31_20260704060009_c12_ml_digits_c0v1v2_192s_8q_d1_r2_seed2031.json,ok
practical_strongnative_8node_large128c0c31_20260704060009_c12_ml_digits_c0v1v2_192s_8q_d1_r2_seed2043.json,ml,multiclass_ml,test_accuracy,0.000165269011631608,nearest_centroid_numpy,nearest_centroid_numpy,6,6.812375672976486,41219.92142218152,1.0,0.7291666666666666,0.27083333333333337,3072,1344,1536,192,strongnative_8node_large128c0c31_20260704060009_c12,6.923660870990716,2043,192,8,3,digits,"0,1,2",sklearn_digits,1,21,1,,4,chordal,7,tfim,auto,4,4,data/raw/perlmutter/practical_suite_sweep/practical_strongnative_8node_large128c0c31_20260704060009_c12_ml_digits_c0v1v2_192s_8q_d1_r2_seed2043.json,ok
practical_strongnative_8node_large128c0c31_20260704060009_c12_ml_digits_c0v1v2_192s_8q_d1_r3_seed3017.json,ml,multiclass_ml,test_accuracy,0.0001726939808577299,linear_ridge_numpy,linear_ridge_numpy,6,6.837293349963147,39591.960970521024,1.0,0.7291666666666666,0.27083333333333337,3072,1344,1536,192,strongnative_8node_large128c0c31_20260704060009_c12,6.949328865972348,3017,192,8,3,digits,"0,1,2",sklearn_digits,1,21,1,,4,chordal,7,tfim,auto,4,4,data/raw/perlmutter/practical_suite_sweep/practical_strongnative_8node_large128c0c31_20260704060009_c12_ml_digits_c0v1v2_192s_8q_d1_r3_seed3017.json,ok
practical_strongnative_8node_large128c0c31_20260704060009_c12_ml_digits_c0v1v2_192s_8q_d1_r3_seed3023.json,ml,multiclass_ml,test_accuracy,0.00016564095858484507,linear_ridge_numpy,linear_ridge_numpy,6,6.5374749840120785,39467.74420931303,1.0,0.75,0.25,3072,1344,1536,192,strongnative_8node_large128c0c31_20260704060009_c12,6.648527890967671,3023,192,8,3,digits,"0,1,2",sklearn_digits,1,21,1,,4,chordal,7,tfim,auto,4,4,data/raw/perlmutter/practical_suite_sweep/practical_strongnative_8node_large128c0c31_20260704060009_c12_ml_digits_c0v1v2_192s_8q_d1_r3_seed3023.json,ok
practical_strongnative_8node_large128c0c31_20260704060009_c12_ml_digits_c0v1v2_192s_8q_d1_r3_seed3031.json,ml,multiclass_ml,test_accuracy,0.00017860496882349253,linear_ridge_numpy,linear_ridge_numpy,6,6.97252503602067,39038.8077215887,1.0,0.7916666666666666,0.20833333333333337,3072,1344,1536,192,strongnative_8node_large128c0c31_20260704060009_c12,7.083670370979235,3031,192,8,3,digits,"0,1,2",sklearn_digits,1,21,1,,4,chordal,7,tfim,auto,4,4,data/raw/perlmutter/practical_suite_sweep/practical_strongnative_8node_large128c0c31_20260704060009_c12_ml_digits_c0v1v2_192s_8q_d1_r3_seed3031.json,ok
practical_strongnative_8node_large128c0c31_20260704060009_c12_ml_digits_c0v1v2_192s_8q_d1_r3_seed3043.json,ml,multiclass_ml,test_accuracy,0.00016995903570204973,nearest_centroid_numpy,nearest_centroid_numpy,6,6.940232274006121,40834.73553105374,1.0,0.7708333333333334,0.22916666666666663,3072,1344,1536,192,strongnative_8node_large128c0c31_20260704060009_c12,7.052387657982763,3043,192,8,3,digits,"0,1,2",sklearn_digits,1,21,1,,4,chordal,7,tfim,auto,4,4,data/raw/perlmutter/practical_suite_sweep/practical_strongnative_8node_large128c0c31_20260704060009_c12_ml_digits_c0v1v2_192s_8q_d1_r3_seed3043.json,ok
practical_strongnative_8node_large128c0c31_20260704060009_c12_qaoa_chordal_6n_grid7_r0_seed43.json,optimization,optimization_qaoa,approximation_ratio,2.6160036213696003e-05,greedy_assignment_numpy,,4,6.995606255019084,267415.7710590843,7,5.278966079257489,0.24586198867750153,980,784,294,49,strongnative_8node_large128c0c31_20260704060009_c12,7.021442644996569,43,72,4,3,synthetic,"0,1,2",,1,21,1,,6,chordal,7,tfim,auto,4,4,data/raw/perlmutter/practical_suite_sweep/practical_strongnative_8node_large128c0c31_20260704060009_c12_qaoa_chordal_6n_grid7_r0_seed43.json,ok
practical_strongnative_8node_large128c0c31_20260704060009_c12_qaoa_chordal_6n_grid7_r2_seed2043.json,optimization,optimization_qaoa,approximation_ratio,2.5699962861835957e-05,greedy_assignment_numpy,,4,6.900706700980663,268510.37637988594,7,5.278966079257489,0.24586198867750153,980,784,294,49,strongnative_8node_large128c0c31_20260704060009_c12,6.9256832569953986,2043,72,4,3,synthetic,"0,1,2",,1,21,1,,6,chordal,7,tfim,auto,4,4,data/raw/perlmutter/practical_suite_sweep/practical_strongnative_8node_large128c0c31_20260704060009_c12_qaoa_chordal_6n_grid7_r2_seed2043.json,ok
practical_strongnative_8node_large128c0c31_20260704060009_c12_qaoa_ladder_7n_grid7_r0_seed17.json,optimization,optimization_qaoa,approximation_ratio,3.0007970053702593e-05,greedy_assignment_numpy,,4,6.844131727004424,228077.1313339786,8,5.401462109916174,0.3248172362604782,1078,784,343,49,strongnative_8node_large128c0c31_20260704060009_c12,6.870957266015466,17,72,4,3,synthetic,"0,1,2",,1,21,1,,7,ladder,7,tfim,auto,4,4,data/raw/perlmutter/practical_suite_sweep/practical_strongnative_8node_large128c0c31_20260704060009_c12_qaoa_ladder_7n_grid7_r0_seed17.json,ok
practical_strongnative_8node_large128c0c31_20260704060009_c12_qaoa_ladder_7n_grid7_r2_seed2017.json,optimization,optimization_qaoa,approximation_ratio,2.9115995857864618e-05,greedy_assignment_numpy,,4,6.78924997599097,233179.38390752664,8,5.401462109916174,0.3248172362604782,1078,784,343,49,strongnative_8node_large128c0c31_20260704060009_c12,6.814735949039459,2017,72,4,3,synthetic,"0,1,2",,1,21,1,,7,ladder,7,tfim,auto,4,4,data/raw/perlmutter/practical_suite_sweep/practical_strongnative_8node_large128c0c31_20260704060009_c12_qaoa_ladder_7n_grid7_r2_seed2017.json,ok
practical_strongnative_8node_large128c0c31_20260704060009_c12_qaoa_ring_5n_grid7_r1_seed1031.json,optimization,optimization_qaoa,approximation_ratio,1.9718019757419825e-05,greedy_assignment_numpy,,4,6.754790149978362,342569.39759057487,4,3.4375,0.140625,735,490,245,49,strongnative_8node_large128c0c31_20260704060009_c12,6.779358568019234,1031,72,4,3,synthetic,"0,1,2",,1,21,1,,5,ring,7,tfim,auto,4,4,data/raw/perlmutter/practical_suite_sweep/practical_strongnative_8node_large128c0c31_20260704060009_c12_qaoa_ring_5n_grid7_r1_seed1031.json,ok
practical_strongnative_8node_large128c0c31_20260704060009_c12_qaoa_ring_5n_grid7_r3_seed3031.json,optimization,optimization_qaoa,approximation_ratio,1.8977036233991385e-05,greedy_assignment_numpy,,4,7.065222826960962,372303.8065504581,4,3.4375,0.140625,735,490,245,49,strongnative_8node_large128c0c31_20260704060009_c12,7.089924291009083,3031,72,4,3,synthetic,"0,1,2",,1,21,1,,5,ring,7,tfim,auto,4,4,data/raw/perlmutter/practical_suite_sweep/practical_strongnative_8node_large128c0c31_20260704060009_c12_qaoa_ring_5n_grid7_r3_seed3031.json,ok
practical_strongnative_8node_large128c0c31_20260704060009_c12_sim_tfim_7q_4steps_r0_seed23.json,simulation,hamiltonian_simulation,absolute_observable_error,0.008233633998315781,exact_dense_eigendecomposition_numpy,,0,6.8213989840005524,828.4797436218191,0.8218024506329149,0.8206730318635873,0.0011294187693275948,52,48,7,1,strongnative_8node_large128c0c31_20260704060009_c12,6.843732699984685,23,72,4,3,synthetic,"0,1,2",,1,21,1,,4,chordal,7,tfim,auto,7,4,data/raw/perlmutter/practical_suite_sweep/practical_strongnative_8node_large128c0c31_20260704060009_c12_sim_tfim_7q_4steps_r0_seed23.json,ok
practical_strongnative_8node_large128c0c31_20260704060009_c12_sim_tfim_7q_4steps_r1_seed1023.json,simulation,hamiltonian_simulation,absolute_observable_error,0.008940341009292752,exact_dense_eigendecomposition_numpy,,0,6.266265046957415,700.8977667008614,0.8218024506329149,0.8206730318635873,0.0011294187693275948,52,48,7,1,strongnative_8node_large128c0c31_20260704060009_c12,6.288553252001293,1023,72,4,3,synthetic,"0,1,2",,1,21,1,,4,chordal,7,tfim,auto,7,4,data/raw/perlmutter/practical_suite_sweep/practical_strongnative_8node_large128c0c31_20260704060009_c12_sim_tfim_7q_4steps_r1_seed1023.json,ok
practical_strongnative_8node_large128c0c31_20260704060009_c12_sim_tfim_7q_4steps_r2_seed2023.json,simulation,hamiltonian_simulation,absolute_observable_error,0.00914438400650397,exact_dense_eigendecomposition_numpy,,0,6.667357205005828,729.1204306669155,0.8218024506329149,0.8206730318635873,0.0011294187693275948,52,48,7,1,strongnative_8node_large128c0c31_20260704060009_c12,6.6903860999736935,2023,72,4,3,synthetic,"0,1,2",,1,21,1,,4,chordal,7,tfim,auto,7,4,data/raw/perlmutter/practical_suite_sweep/practical_strongnative_8node_large128c0c31_20260704060009_c12_sim_tfim_7q_4steps_r2_seed2023.json,ok
practical_strongnative_8node_large128c0c31_20260704060009_c12_sim_tfim_7q_4steps_r3_seed3023.json,simulation,hamiltonian_simulation,absolute_observable_error,0.008710304973646998,exact_dense_eigendecomposition_numpy,,0,6.553202710987534,752.3505469457418,0.8218024506329149,0.8206730318635873,0.0011294187693275948,52,48,7,1,strongnative_8node_large128c0c31_20260704060009_c12,6.576465258956887,3023,72,4,3,synthetic,"0,1,2",,1,21,1,,4,chordal,7,tfim,auto,7,4,data/raw/perlmutter/practical_suite_sweep/practical_strongnative_8node_large128c0c31_20260704060009_c12_sim_tfim_7q_4steps_r3_seed3023.json,ok
practical_strongnative_8node_large128c0c31_20260704060009_c13_chem_4q_l2_grid17_r0_seed17.json,chemistry,chemistry_vqe,absolute_energy_error,0.0001930739963427186,exact_diagonalization_numpy,,0,6.716398837044835,34786.65674440592,-1.705732892552902,-0.9059288256492263,0.7998040669036758,592,222,148,37,strongnative_8node_large128c0c31_20260704060009_c13,6.724568712001201,17,72,4,3,synthetic,"0,1,2",,1,17,2,benchmarks/workloads/hamiltonians/molecular_chain_4q.json,4,chordal,7,tfim,auto,4,4,data/raw/perlmutter/practical_suite_sweep/practical_strongnative_8node_large128c0c31_20260704060009_c13_chem_4q_l2_grid17_r0_seed17.json,ok
practical_strongnative_8node_large128c0c31_20260704060009_c13_chem_h2_l1_grid21_r2_seed2031.json,chemistry,chemistry_vqe,absolute_energy_error,0.00013595301425084472,exact_diagonalization_numpy,,0,6.919728689012118,50897.942404165,-1.85727503020238,-1.8539259190122395,0.0033491111901404746,1944,486,972,486,strongnative_8node_large128c0c31_20260704060009_c13,6.926583346968982,2031,72,4,3,synthetic,"0,1,2",,1,21,1,,4,chordal,7,tfim,auto,4,4,data/raw/perlmutter/practical_suite_sweep/practical_strongnative_8node_large128c0c31_20260704060009_c13_chem_h2_l1_grid21_r2_seed2031.json,ok
practical_strongnative_8node_large128c0c31_20260704060009_c13_ml_digits_c0v1v2_192s_8q_d2_r0_seed17.json,ml,multiclass_ml,test_accuracy,0.0001812500413507223,nearest_centroid_numpy,nearest_centroid_numpy,6,18.589069708017632,102560.36119764202,1.0,0.6875,0.3125,6144,2688,1536,192,strongnative_8node_large128c0c31_20260704060009_c13,18.884830566006713,17,192,8,3,digits,"0,1,2",sklearn_digits,2,21,1,,4,chordal,7,tfim,auto,4,4,data/raw/perlmutter/practical_suite_sweep/practical_strongnative_8node_large128c0c31_20260704060009_c13_ml_digits_c0v1v2_192s_8q_d2_r0_seed17.json,ok
practical_strongnative_8node_large128c0c31_20260704060009_c13_ml_digits_c0v1v2_192s_8q_d2_r0_seed23.json,ml,multiclass_ml,test_accuracy,0.0015976710128597915,knn_numpy,knn_numpy,6,7.406309843005147,4635.691442976133,1.0,0.6458333333333334,0.35416666666666663,6144,2688,1536,192,strongnative_8node_large128c0c31_20260704060009_c13,7.515447604004294,23,192,8,3,digits,"0,1,2",sklearn_digits,2,21,1,,4,chordal,7,tfim,auto,4,4,data/raw/perlmutter/practical_suite_sweep/practical_strongnative_8node_large128c0c31_20260704060009_c13_ml_digits_c0v1v2_192s_8q_d2_r0_seed23.json,ok
practical_strongnative_8node_large128c0c31_20260704060009_c13_ml_digits_c0v1v2_192s_8q_d2_r0_seed31.json,ml,multiclass_ml,test_accuracy,0.00016913702711462975,nearest_centroid_numpy,nearest_centroid_numpy,6,6.988988958008122,41321.460340386926,1.0,0.7708333333333334,0.22916666666666663,6144,2688,1536,192,strongnative_8node_large128c0c31_20260704060009_c13,7.096378437010571,31,192,8,3,digits,"0,1,2",sklearn_digits,2,21,1,,4,chordal,7,tfim,auto,4,4,data/raw/perlmutter/practical_suite_sweep/practical_strongnative_8node_large128c0c31_20260704060009_c13_ml_digits_c0v1v2_192s_8q_d2_r0_seed31.json,ok
practical_strongnative_8node_large128c0c31_20260704060009_c13_ml_digits_c0v1v2_192s_8q_d2_r0_seed43.json,ml,multiclass_ml,test_accuracy,0.00016969797434285283,linear_ridge_numpy,linear_ridge_numpy,6,6.66459106100956,39273.25053123271,1.0,0.625,0.375,6144,2688,1536,192,strongnative_8node_large128c0c31_20260704060009_c13,6.773437076015398,43,192,8,3,digits,"0,1,2",sklearn_digits,2,21,1,,4,chordal,7,tfim,auto,4,4,data/raw/perlmutter/practical_suite_sweep/practical_strongnative_8node_large128c0c31_20260704060009_c13_ml_digits_c0v1v2_192s_8q_d2_r0_seed43.json,ok
practical_strongnative_8node_large128c0c31_20260704060009_c13_ml_digits_c0v1v2_192s_8q_d2_r1_seed1017.json,ml,multiclass_ml,test_accuracy,0.0015715680201537907,knn_numpy,knn_numpy,6,6.694634556013625,4259.843971219585,1.0,0.6458333333333334,0.35416666666666663,6144,2688,1536,192,strongnative_8node_large128c0c31_20260704060009_c13,6.807020003034268,1017,192,8,3,digits,"0,1,2",sklearn_digits,2,21,1,,4,chordal,7,tfim,auto,4,4,data/raw/perlmutter/practical_suite_sweep/practical_strongnative_8node_large128c0c31_20260704060009_c13_ml_digits_c0v1v2_192s_8q_d2_r1_seed1017.json,ok
practical_strongnative_8node_large128c0c31_20260704060009_c13_ml_digits_c0v1v2_192s_8q_d2_r1_seed1023.json,ml,multiclass_ml,test_accuracy,0.001594681991264224,knn_numpy,knn_numpy,6,6.788924974040128,4257.228093896037,1.0,0.625,0.375,6144,2688,1536,192,strongnative_8node_large128c0c31_20260704060009_c13,6.897220985032618,1023,192,8,3,digits,"0,1,2",sklearn_digits,2,21,1,,4,chordal,7,tfim,auto,4,4,data/raw/perlmutter/practical_suite_sweep/practical_strongnative_8node_large128c0c31_20260704060009_c13_ml_digits_c0v1v2_192s_8q_d2_r1_seed1023.json,ok
practical_strongnative_8node_large128c0c31_20260704060009_c13_ml_digits_c0v1v2_192s_8q_d2_r1_seed1031.json,ml,multiclass_ml,test_accuracy,0.00016537000192329288,nearest_centroid_numpy,nearest_centroid_numpy,6,6.681784177024383,40405.055931025134,1.0,0.7083333333333334,0.29166666666666663,6144,2688,1536,192,strongnative_8node_large128c0c31_20260704060009_c13,6.788561562018003,1031,192,8,3,digits,"0,1,2",sklearn_digits,2,21,1,,4,chordal,7,tfim,auto,4,4,data/raw/perlmutter/practical_suite_sweep/practical_strongnative_8node_large128c0c31_20260704060009_c13_ml_digits_c0v1v2_192s_8q_d2_r1_seed1031.json,ok
practical_strongnative_8node_large128c0c31_20260704060009_c13_ml_digits_c0v1v2_192s_8q_d2_r1_seed1043.json,ml,multiclass_ml,test_accuracy,0.0001663209986872971,linear_ridge_numpy,linear_ridge_numpy,6,6.656488943030126,40021.93947587522,0.9791666666666666,0.6875,0.29166666666666663,6144,2688,1536,192,strongnative_8node_large128c0c31_20260704060009_c13,6.764732334995642,1043,192,8,3,digits,"0,1,2",sklearn_digits,2,21,1,,4,chordal,7,tfim,auto,4,4,data/raw/perlmutter/practical_suite_sweep/practical_strongnative_8node_large128c0c31_20260704060009_c13_ml_digits_c0v1v2_192s_8q_d2_r1_seed1043.json,ok
practical_strongnative_8node_large128c0c31_20260704060009_c13_ml_digits_c0v1v2_192s_8q_d2_r2_seed2017.json,ml,multiclass_ml,test_accuracy,0.00016572099411860108,nearest_centroid_numpy,nearest_centroid_numpy,6,7.053651319001801,42563.4142283369,1.0,0.5625,0.4375,6144,2688,1536,192,strongnative_8node_large128c0c31_20260704060009_c13,7.165378018980846,2017,192,8,3,digits,"0,1,2",sklearn_digits,2,21,1,,4,chordal,7,tfim,auto,4,4,data/raw/perlmutter/practical_suite_sweep/practical_strongnative_8node_large128c0c31_20260704060009_c13_ml_digits_c0v1v2_192s_8q_d2_r2_seed2017.json,ok
practical_strongnative_8node_large128c0c31_20260704060009_c13_ml_digits_c0v1v2_192s_8q_d2_r2_seed2023.json,ml,multiclass_ml,test_accuracy,0.0016151750460267067,knn_numpy,knn_numpy,6,6.810955844994169,4216.853066018425,1.0,0.5833333333333334,0.41666666666666663,6144,2688,1536,192,strongnative_8node_large128c0c31_20260704060009_c13,6.97084805497434,2023,192,8,3,digits,"0,1,2",sklearn_digits,2,21,1,,4,chordal,7,tfim,auto,4,4,data/raw/perlmutter/practical_suite_sweep/practical_strongnative_8node_large128c0c31_20260704060009_c13_ml_digits_c0v1v2_192s_8q_d2_r2_seed2023.json,ok
practical_strongnative_8node_large128c0c31_20260704060009_c13_ml_digits_c0v1v2_192s_8q_d2_r2_seed2031.json,ml,multiclass_ml,test_accuracy,0.0015901229926384985,knn_numpy,knn_numpy,6,6.7437161930138245,4241.002881056354,1.0,0.6041666666666666,0.39583333333333337,6144,2688,1536,192,strongnative_8node_large128c0c31_20260704060009_c13,6.852051877998747,2031,192,8,3,digits,"0,1,2",sklearn_digits,2,21,1,,4,chordal,7,tfim,auto,4,4,data/raw/perlmutter/practical_suite_sweep/practical_strongnative_8node_large128c0c31_20260704060009_c13_ml_digits_c0v1v2_192s_8q_d2_r2_seed2031.json,ok
practical_strongnative_8node_large128c0c31_20260704060009_c13_ml_digits_c0v1v2_192s_8q_d2_r2_seed2043.json,ml,multiclass_ml,test_accuracy,0.00016324600437656045,nearest_centroid_numpy,nearest_centroid_numpy,6,6.507327618950512,39862.09429016115,1.0,0.7708333333333334,0.22916666666666663,6144,2688,1536,192,strongnative_8node_large128c0c31_20260704060009_c13,6.615119913010858,2043,192,8,3,digits,"0,1,2",sklearn_digits,2,21,1,,4,chordal,7,tfim,auto,4,4,data/raw/perlmutter/practical_suite_sweep/practical_strongnative_8node_large128c0c31_20260704060009_c13_ml_digits_c0v1v2_192s_8q_d2_r2_seed2043.json,ok
practical_strongnative_8node_large128c0c31_20260704060009_c13_ml_digits_c0v1v2_192s_8q_d2_r3_seed3017.json,ml,multiclass_ml,test_accuracy,0.00016746396431699395,linear_ridge_numpy,linear_ridge_numpy,6,6.688222080993,39938.276322736565,1.0,0.625,0.375,6144,2688,1536,192,strongnative_8node_large128c0c31_20260704060009_c13,6.795748411968816,3017,192,8,3,digits,"0,1,2",sklearn_digits,2,21,1,,4,chordal,7,tfim,auto,4,4,data/raw/perlmutter/practical_suite_sweep/practical_strongnative_8node_large128c0c31_20260704060009_c13_ml_digits_c0v1v2_192s_8q_d2_r3_seed3017.json,ok
practical_strongnative_8node_large128c0c31_20260704060009_c13_ml_digits_c0v1v2_192s_8q_d2_r3_seed3023.json,ml,multiclass_ml,test_accuracy,0.00016732298536226153,nearest_centroid_numpy,nearest_centroid_numpy,6,6.6413291759672575,39691.67273455283,1.0,0.7291666666666666,0.27083333333333337,6144,2688,1536,192,strongnative_8node_large128c0c31_20260704060009_c13,6.745571348990779,3023,192,8,3,digits,"0,1,2",sklearn_digits,2,21,1,,4,chordal,7,tfim,auto,4,4,data/raw/perlmutter/practical_suite_sweep/practical_strongnative_8node_large128c0c31_20260704060009_c13_ml_digits_c0v1v2_192s_8q_d2_r3_seed3023.json,ok
practical_strongnative_8node_large128c0c31_20260704060009_c13_ml_digits_c0v1v2_192s_8q_d2_r3_seed3031.json,ml,multiclass_ml,test_accuracy,0.00016792496899142861,linear_ridge_numpy,linear_ridge_numpy,6,6.629396711010486,39478.32624789033,1.0,0.6666666666666666,0.33333333333333337,6144,2688,1536,192,strongnative_8node_large128c0c31_20260704060009_c13,6.734940269030631,3031,192,8,3,digits,"0,1,2",sklearn_digits,2,21,1,,4,chordal,7,tfim,auto,4,4,data/raw/perlmutter/practical_suite_sweep/practical_strongnative_8node_large128c0c31_20260704060009_c13_ml_digits_c0v1v2_192s_8q_d2_r3_seed3031.json,ok
practical_strongnative_8node_large128c0c31_20260704060009_c13_ml_digits_c0v1v2_192s_8q_d2_r3_seed3043.json,ml,multiclass_ml,test_accuracy,0.00016591098392382264,nearest_centroid_numpy,nearest_centroid_numpy,6,6.648037268954795,40069.90442541896,1.0,0.7083333333333334,0.29166666666666663,6144,2688,1536,192,strongnative_8node_large128c0c31_20260704060009_c13,6.75412930699531,3043,192,8,3,digits,"0,1,2",sklearn_digits,2,21,1,,4,chordal,7,tfim,auto,4,4,data/raw/perlmutter/practical_suite_sweep/practical_strongnative_8node_large128c0c31_20260704060009_c13_ml_digits_c0v1v2_192s_8q_d2_r3_seed3043.json,ok
practical_strongnative_8node_large128c0c31_20260704060009_c13_qaoa_chordal_6n_grid9_r0_seed43.json,optimization,optimization_qaoa,approximation_ratio,2.6480993255972862e-05,greedy_assignment_numpy,,4,6.85598382394528,258902.0644986152,7,5.373160171779813,0.23240568974574105,1620,1296,486,81,strongnative_8node_large128c0c31_20260704060009_c13,6.878429555974435,43,72,4,3,synthetic,"0,1,2",,1,21,1,,6,chordal,9,tfim,auto,4,4,data/raw/perlmutter/practical_suite_sweep/practical_strongnative_8node_large128c0c31_20260704060009_c13_qaoa_chordal_6n_grid9_r0_seed43.json,ok
practical_strongnative_8node_large128c0c31_20260704060009_c13_qaoa_chordal_6n_grid9_r2_seed2043.json,optimization,optimization_qaoa,approximation_ratio,2.6270980015397072e-05,greedy_assignment_numpy,,4,6.713561250013299,255550.468466672,7,5.373160171779813,0.23240568974574105,1620,1296,486,81,strongnative_8node_large128c0c31_20260704060009_c13,6.73754874401493,2043,72,4,3,synthetic,"0,1,2",,1,21,1,,6,chordal,9,tfim,auto,4,4,data/raw/perlmutter/practical_suite_sweep/practical_strongnative_8node_large128c0c31_20260704060009_c13_qaoa_chordal_6n_grid9_r2_seed2043.json,ok
practical_strongnative_8node_large128c0c31_20260704060009_c13_qaoa_ladder_7n_grid9_r0_seed17.json,optimization,optimization_qaoa,approximation_ratio,3.045896301046014e-05,greedy_assignment_numpy,,4,6.66315494797891,218758.43066918157,8,5.722271824131493,0.2847160219835634,1782,1296,567,81,strongnative_8node_large128c0c31_20260704060009_c13,6.685691637045238,17,72,4,3,synthetic,"0,1,2",,1,21,1,,7,ladder,9,tfim,auto,4,4,data/raw/perlmutter/practical_suite_sweep/practical_strongnative_8node_large128c0c31_20260704060009_c13_qaoa_ladder_7n_grid9_r0_seed17.json,ok
practical_strongnative_8node_large128c0c31_20260704060009_c13_qaoa_ladder_7n_grid9_r2_seed2017.json,optimization,optimization_qaoa,approximation_ratio,4.1691004298627377e-05,greedy_assignment_numpy,,4,6.5367512999800965,156790.44940146263,8,5.722271824131493,0.2847160219835634,1782,1296,567,81,strongnative_8node_large128c0c31_20260704060009_c13,6.56164983502822,2017,72,4,3,synthetic,"0,1,2",,1,21,1,,7,ladder,9,tfim,auto,4,4,data/raw/perlmutter/practical_suite_sweep/practical_strongnative_8node_large128c0c31_20260704060009_c13_qaoa_ladder_7n_grid9_r2_seed2017.json,ok
practical_strongnative_8node_large128c0c31_20260704060009_c13_qaoa_ring_5n_grid9_r1_seed1031.json,optimization,optimization_qaoa,approximation_ratio,1.9847997464239597e-05,greedy_assignment_numpy,,4,6.5344059959752485,329222.43202360213,4,3.749999999999998,0.06250000000000056,1215,810,405,81,strongnative_8node_large128c0c31_20260704060009_c13,6.557378959027119,1031,72,4,3,synthetic,"0,1,2",,1,21,1,,5,ring,9,tfim,auto,4,4,data/raw/perlmutter/practical_suite_sweep/practical_strongnative_8node_large128c0c31_20260704060009_c13_qaoa_ring_5n_grid9_r1_seed1031.json,ok
practical_strongnative_8node_large128c0c31_20260704060009_c13_qaoa_ring_5n_grid9_r3_seed3031.json,optimization,optimization_qaoa,approximation_ratio,1.6442034393548965e-05,greedy_assignment_numpy,,4,6.890682925004512,419089.4362627092,4,3.749999999999998,0.06250000000000056,1215,810,405,81,strongnative_8node_large128c0c31_20260704060009_c13,6.90937645098893,3031,72,4,3,synthetic,"0,1,2",,1,21,1,,5,ring,9,tfim,auto,4,4,data/raw/perlmutter/practical_suite_sweep/practical_strongnative_8node_large128c0c31_20260704060009_c13_qaoa_ring_5n_grid9_r3_seed3031.json,ok
practical_strongnative_8node_large128c0c31_20260704060009_c13_sim_tfim_7q_6steps_r0_seed23.json,simulation,hamiltonian_simulation,absolute_observable_error,0.008649038034491241,exact_dense_eigendecomposition_numpy,,0,6.514630295976531,753.2202159358105,0.8218024506329149,0.8213019840508498,0.000500466582065151,78,72,7,1,strongnative_8node_large128c0c31_20260704060009_c13,6.537419571017381,23,72,4,3,synthetic,"0,1,2",,1,21,1,,4,chordal,7,tfim,auto,7,6,data/raw/perlmutter/practical_suite_sweep/practical_strongnative_8node_large128c0c31_20260704060009_c13_sim_tfim_7q_6steps_r0_seed23.json,ok
practical_strongnative_8node_large128c0c31_20260704060009_c13_sim_tfim_7q_6steps_r1_seed1023.json,simulation,hamiltonian_simulation,absolute_observable_error,0.023702251026406884,exact_dense_eigendecomposition_numpy,,0,6.649686357995961,280.55083673645544,0.8218024506329149,0.8213019840508498,0.000500466582065151,78,72,7,1,strongnative_8node_large128c0c31_20260704060009_c13,6.687093893997371,1023,72,4,3,synthetic,"0,1,2",,1,21,1,,4,chordal,7,tfim,auto,7,6,data/raw/perlmutter/practical_suite_sweep/practical_strongnative_8node_large128c0c31_20260704060009_c13_sim_tfim_7q_6steps_r1_seed1023.json,ok
practical_strongnative_8node_large128c0c31_20260704060009_c13_sim_tfim_7q_6steps_r2_seed2023.json,simulation,hamiltonian_simulation,absolute_observable_error,0.012150017020758241,exact_dense_eigendecomposition_numpy,,0,6.547719947993755,538.9062366585174,0.8218024506329149,0.8213019840508498,0.000500466582065151,78,72,7,1,strongnative_8node_large128c0c31_20260704060009_c13,6.573850402026437,2023,72,4,3,synthetic,"0,1,2",,1,21,1,,4,chordal,7,tfim,auto,7,6,data/raw/perlmutter/practical_suite_sweep/practical_strongnative_8node_large128c0c31_20260704060009_c13_sim_tfim_7q_6steps_r2_seed2023.json,ok
practical_strongnative_8node_large128c0c31_20260704060009_c13_sim_tfim_7q_6steps_r3_seed3023.json,simulation,hamiltonian_simulation,absolute_observable_error,0.008780190022662282,exact_dense_eigendecomposition_numpy,,0,6.46507236501202,736.3248800225527,0.8218024506329149,0.8213019840508498,0.000500466582065151,78,72,7,1,strongnative_8node_large128c0c31_20260704060009_c13,6.488058447954245,3023,72,4,3,synthetic,"0,1,2",,1,21,1,,4,chordal,7,tfim,auto,7,6,data/raw/perlmutter/practical_suite_sweep/practical_strongnative_8node_large128c0c31_20260704060009_c13_sim_tfim_7q_6steps_r3_seed3023.json,ok
practical_strongnative_8node_large128c0c31_20260704060009_c14_chem_h2_l1_grid17_r0_seed23.json,chemistry,chemistry_vqe,absolute_energy_error,0.00016578100621700287,exact_diagonalization_numpy,,0,6.8723305580206215,41454.269791467705,-1.85727503020238,-1.8456249981377126,0.011650032064667304,1304,326,652,326,strongnative_8node_large128c0c31_20260704060009_c14,6.878864798985887,23,72,4,3,synthetic,"0,1,2",,1,17,1,,4,chordal,7,tfim,auto,4,4,data/raw/perlmutter/practical_suite_sweep/practical_strongnative_8node_large128c0c31_20260704060009_c14_chem_h2_l1_grid17_r0_seed23.json,ok
practical_strongnative_8node_large128c0c31_20260704060009_c14_chem_h2_l1_grid25_r2_seed2031.json,chemistry,chemistry_vqe,absolute_energy_error,0.00015177298337221146,exact_diagonalization_numpy,,0,6.873248423973564,45286.376213067226,-1.85727503020238,-1.8566776536800178,0.0005973765223621363,2712,678,1356,678,strongnative_8node_large128c0c31_20260704060009_c14,6.879977267992217,2031,72,4,3,synthetic,"0,1,2",,1,25,1,,4,chordal,7,tfim,auto,4,4,data/raw/perlmutter/practical_suite_sweep/practical_strongnative_8node_large128c0c31_20260704060009_c14_chem_h2_l1_grid25_r2_seed2031.json,ok
practical_strongnative_8node_large128c0c31_20260704060009_c14_ml_digits_c0v1v2_192s_10q_d1_r0_seed17.json,ml,multiclass_ml,test_accuracy,0.0001781540340743959,linear_ridge_numpy,linear_ridge_numpy,6,18.624460715975147,104541.33588800857,1.0,0.6875,0.3125,3840,1728,1920,192,strongnative_8node_large128c0c31_20260704060009_c14,18.854295739962254,17,192,10,3,digits,"0,1,2",sklearn_digits,1,21,1,,4,chordal,7,tfim,auto,4,4,data/raw/perlmutter/practical_suite_sweep/practical_strongnative_8node_large128c0c31_20260704060009_c14_ml_digits_c0v1v2_192s_10q_d1_r0_seed17.json,ok
practical_strongnative_8node_large128c0c31_20260704060009_c14_ml_digits_c0v1v2_192s_10q_d1_r0_seed23.json,ml,multiclass_ml,test_accuracy,0.0016538099735043943,knn_numpy,knn_numpy,6,7.505984903022181,4538.601788158969,1.0,0.7291666666666666,0.27083333333333337,3840,1728,1920,192,strongnative_8node_large128c0c31_20260704060009_c14,7.6195388410124,23,192,10,3,digits,"0,1,2",sklearn_digits,1,21,1,,4,chordal,7,tfim,auto,4,4,data/raw/perlmutter/practical_suite_sweep/practical_strongnative_8node_large128c0c31_20260704060009_c14_ml_digits_c0v1v2_192s_10q_d1_r0_seed23.json,ok
practical_strongnative_8node_large128c0c31_20260704060009_c14_ml_digits_c0v1v2_192s_10q_d1_r0_seed31.json,ml,multiclass_ml,test_accuracy,0.013267856964375824,rbf_kernel_ridge_numpy,rbf_kernel_ridge_numpy,6,7.275632604025304,548.3653180434766,1.0,0.6875,0.3125,3840,1728,1920,192,strongnative_8node_large128c0c31_20260704060009_c14,7.386827097972855,31,192,10,3,digits,"0,1,2",sklearn_digits,1,21,1,,4,chordal,7,tfim,auto,4,4,data/raw/perlmutter/practical_suite_sweep/practical_strongnative_8node_large128c0c31_20260704060009_c14_ml_digits_c0v1v2_192s_10q_d1_r0_seed31.json,ok
practical_strongnative_8node_large128c0c31_20260704060009_c14_ml_digits_c0v1v2_192s_10q_d1_r0_seed43.json,ml,multiclass_ml,test_accuracy,0.012797177012544125,rbf_kernel_ridge_numpy,rbf_kernel_ridge_numpy,6,6.938318268978037,542.1756893865668,1.0,0.7083333333333334,0.29166666666666663,3840,1728,1920,192,strongnative_8node_large128c0c31_20260704060009_c14,7.052048284036573,43,192,10,3,digits,"0,1,2",sklearn_digits,1,21,1,,4,chordal,7,tfim,auto,4,4,data/raw/perlmutter/practical_suite_sweep/practical_strongnative_8node_large128c0c31_20260704060009_c14_ml_digits_c0v1v2_192s_10q_d1_r0_seed43.json,ok
practical_strongnative_8node_large128c0c31_20260704060009_c14_ml_digits_c0v1v2_192s_10q_d1_r1_seed1017.json,ml,multiclass_ml,test_accuracy,0.00018772302428260446,linear_ridge_numpy,linear_ridge_numpy,6,6.996425582969096,37269.9385688377,1.0,0.625,0.375,3840,1728,1920,192,strongnative_8node_large128c0c31_20260704060009_c14,7.110423456004355,1017,192,10,3,digits,"0,1,2",sklearn_digits,1,21,1,,4,chordal,7,tfim,auto,4,4,data/raw/perlmutter/practical_suite_sweep/practical_strongnative_8node_large128c0c31_20260704060009_c14_ml_digits_c0v1v2_192s_10q_d1_r1_seed1017.json,ok
practical_strongnative_8node_large128c0c31_20260704060009_c14_ml_digits_c0v1v2_192s_10q_d1_r1_seed1023.json,ml,multiclass_ml,test_accuracy,0.0001701590372249484,nearest_centroid_numpy,nearest_centroid_numpy,6,6.694263077981304,39341.213885287565,1.0,0.75,0.25,3840,1728,1920,192,strongnative_8node_large128c0c31_20260704060009_c14,6.80483889702009,1023,192,10,3,digits,"0,1,2",sklearn_digits,1,21,1,,4,chordal,7,tfim,auto,4,4,data/raw/perlmutter/practical_suite_sweep/practical_strongnative_8node_large128c0c31_20260704060009_c14_ml_digits_c0v1v2_192s_10q_d1_r1_seed1023.json,ok
practical_strongnative_8node_large128c0c31_20260704060009_c14_ml_digits_c0v1v2_192s_10q_d1_r1_seed1031.json,ml,multiclass_ml,test_accuracy,0.00017371500143781304,linear_ridge_numpy,linear_ridge_numpy,6,6.574001928034704,37843.60517872766,0.9791666666666666,0.6458333333333334,0.33333333333333326,3840,1728,1920,192,strongnative_8node_large128c0c31_20260704060009_c14,6.686616728024092,1031,192,10,3,digits,"0,1,2",sklearn_digits,1,21,1,,4,chordal,7,tfim,auto,4,4,data/raw/perlmutter/practical_suite_sweep/practical_strongnative_8node_large128c0c31_20260704060009_c14_ml_digits_c0v1v2_192s_10q_d1_r1_seed1031.json,ok
practical_strongnative_8node_large128c0c31_20260704060009_c14_ml_digits_c0v1v2_192s_10q_d1_r1_seed1043.json,ml,multiclass_ml,test_accuracy,0.01219771901378408,rbf_kernel_ridge_numpy,rbf_kernel_ridge_numpy,6,6.743664126959629,552.8627212464006,1.0,0.8125,0.1875,3840,1728,1920,192,strongnative_8node_large128c0c31_20260704060009_c14,6.852151789993513,1043,192,10,3,digits,"0,1,2",sklearn_digits,1,21,1,,4,chordal,7,tfim,auto,4,4,data/raw/perlmutter/practical_suite_sweep/practical_strongnative_8node_large128c0c31_20260704060009_c14_ml_digits_c0v1v2_192s_10q_d1_r1_seed1043.json,ok
practical_strongnative_8node_large128c0c31_20260704060009_c14_ml_digits_c0v1v2_192s_10q_d1_r2_seed2017.json,ml,multiclass_ml,test_accuracy,0.00016931799473240972,linear_ridge_numpy,linear_ridge_numpy,6,6.833919177995995,40361.446453440025,1.0,0.6875,0.3125,3840,1728,1920,192,strongnative_8node_large128c0c31_20260704060009_c14,6.941816248989198,2017,192,10,3,digits,"0,1,2",sklearn_digits,1,21,1,,4,chordal,7,tfim,auto,4,4,data/raw/perlmutter/practical_suite_sweep/practical_strongnative_8node_large128c0c31_20260704060009_c14_ml_digits_c0v1v2_192s_10q_d1_r2_seed2017.json,ok
practical_strongnative_8node_large128c0c31_20260704060009_c14_ml_digits_c0v1v2_192s_10q_d1_r2_seed2023.json,ml,multiclass_ml,test_accuracy,0.0001761209568940103,linear_ridge_numpy,linear_ridge_numpy,6,6.948821777012199,39454.826384994056,1.0,0.6666666666666666,0.33333333333333337,3840,1728,1920,192,strongnative_8node_large128c0c31_20260704060009_c14,7.062294887029566,2023,192,10,3,digits,"0,1,2",sklearn_digits,1,21,1,,4,chordal,7,tfim,auto,4,4,data/raw/perlmutter/practical_suite_sweep/practical_strongnative_8node_large128c0c31_20260704060009_c14_ml_digits_c0v1v2_192s_10q_d1_r2_seed2023.json,ok
practical_strongnative_8node_large128c0c31_20260704060009_c14_ml_digits_c0v1v2_192s_10q_d1_r2_seed2031.json,ml,multiclass_ml,test_accuracy,0.0015620790072716773,knn_numpy,knn_numpy,6,6.978156430996023,4467.223743813094,1.0,0.75,0.25,3840,1728,1920,192,strongnative_8node_large128c0c31_20260704060009_c14,7.08624300401425,2031,192,10,3,digits,"0,1,2",sklearn_digits,1,21,1,,4,chordal,7,tfim,auto,4,4,data/raw/perlmutter/practical_suite_sweep/practical_strongnative_8node_large128c0c31_20260704060009_c14_ml_digits_c0v1v2_192s_10q_d1_r2_seed2031.json,ok
practical_strongnative_8node_large128c0c31_20260704060009_c14_ml_digits_c0v1v2_192s_10q_d1_r2_seed2043.json,ml,multiclass_ml,test_accuracy,0.00016880600014701486,nearest_centroid_numpy,nearest_centroid_numpy,6,6.608628034999128,39149.248422707766,1.0,0.75,0.25,3840,1728,1920,192,strongnative_8node_large128c0c31_20260704060009_c14,6.719248968001921,2043,192,10,3,digits,"0,1,2",sklearn_digits,1,21,1,,4,chordal,7,tfim,auto,4,4,data/raw/perlmutter/practical_suite_sweep/practical_strongnative_8node_large128c0c31_20260704060009_c14_ml_digits_c0v1v2_192s_10q_d1_r2_seed2043.json,ok
practical_strongnative_8node_large128c0c31_20260704060009_c14_ml_digits_c0v1v2_192s_10q_d1_r3_seed3017.json,ml,multiclass_ml,test_accuracy,0.00017035898054018617,nearest_centroid_numpy,nearest_centroid_numpy,6,6.738958275993355,39557.399642948054,0.9791666666666666,0.75,0.22916666666666663,3840,1728,1920,192,strongnative_8node_large128c0c31_20260704060009_c14,6.846751221979503,3017,192,10,3,digits,"0,1,2",sklearn_digits,1,21,1,,4,chordal,7,tfim,auto,4,4,data/raw/perlmutter/practical_suite_sweep/practical_strongnative_8node_large128c0c31_20260704060009_c14_ml_digits_c0v1v2_192s_10q_d1_r3_seed3017.json,ok
practical_strongnative_8node_large128c0c31_20260704060009_c14_ml_digits_c0v1v2_192s_10q_d1_r3_seed3023.json,ml,multiclass_ml,test_accuracy,0.00016839499585330486,nearest_centroid_numpy,nearest_centroid_numpy,6,6.825529930996709,40532.85488924315,1.0,0.75,0.25,3840,1728,1920,192,strongnative_8node_large128c0c31_20260704060009_c14,6.932072939991485,3023,192,10,3,digits,"0,1,2",sklearn_digits,1,21,1,,4,chordal,7,tfim,auto,4,4,data/raw/perlmutter/practical_suite_sweep/practical_strongnative_8node_large128c0c31_20260704060009_c14_ml_digits_c0v1v2_192s_10q_d1_r3_seed3023.json,ok
practical_strongnative_8node_large128c0c31_20260704060009_c14_ml_digits_c0v1v2_192s_10q_d1_r3_seed3031.json,ml,multiclass_ml,test_accuracy,0.00014845700934529305,nearest_centroid_numpy,nearest_centroid_numpy,6,6.730992847995367,45339.67697234081,1.0,0.7916666666666666,0.20833333333333337,3840,1728,1920,192,strongnative_8node_large128c0c31_20260704060009_c14,6.839332030038349,3031,192,10,3,digits,"0,1,2",sklearn_digits,1,21,1,,4,chordal,7,tfim,auto,4,4,data/raw/perlmutter/practical_suite_sweep/practical_strongnative_8node_large128c0c31_20260704060009_c14_ml_digits_c0v1v2_192s_10q_d1_r3_seed3031.json,ok
practical_strongnative_8node_large128c0c31_20260704060009_c14_ml_digits_c0v1v2_192s_10q_d1_r3_seed3043.json,ml,multiclass_ml,test_accuracy,0.0016081089852377772,knn_numpy,knn_numpy,6,6.7138171209953725,4174.976436688872,1.0,0.75,0.25,3840,1728,1920,192,strongnative_8node_large128c0c31_20260704060009_c14,6.821265670994762,3043,192,10,3,digits,"0,1,2",sklearn_digits,1,21,1,,4,chordal,7,tfim,auto,4,4,data/raw/perlmutter/practical_suite_sweep/practical_strongnative_8node_large128c0c31_20260704060009_c14_ml_digits_c0v1v2_192s_10q_d1_r3_seed3043.json,ok
practical_strongnative_8node_large128c0c31_20260704060009_c14_qaoa_chordal_6n_grid11_r0_seed43.json,optimization,optimization_qaoa,approximation_ratio,2.697197487577796e-05,greedy_assignment_numpy,,4,6.632578565971926,245906.30076288103,7,5.43271086726554,0.2238984475334942,2420,1936,726,121,strongnative_8node_large128c0c31_20260704060009_c14,6.654592644947115,43,72,4,3,synthetic,"0,1,2",,1,21,1,,6,chordal,11,tfim,auto,4,4,data/raw/perlmutter/practical_suite_sweep/practical_strongnative_8node_large128c0c31_20260704060009_c14_qaoa_chordal_6n_grid11_r0_seed43.json,ok
practical_strongnative_8node_large128c0c31_20260704060009_c14_qaoa_chordal_6n_grid11_r2_seed2043.json,optimization,optimization_qaoa,approximation_ratio,2.7732981834560633e-05,greedy_assignment_numpy,,4,6.552877748035826,236284.6442956119,7,5.43271086726554,0.2238984475334942,2420,1936,726,121,strongnative_8node_large128c0c31_20260704060009_c14,6.5755790550028905,2043,72,4,3,synthetic,"0,1,2",,1,21,1,,6,chordal,11,tfim,auto,4,4,data/raw/perlmutter/practical_suite_sweep/practical_strongnative_8node_large128c0c31_20260704060009_c14_qaoa_chordal_6n_grid11_r2_seed2043.json,ok
practical_strongnative_8node_large128c0c31_20260704060009_c14_qaoa_ladder_7n_grid11_r0_seed17.json,optimization,optimization_qaoa,approximation_ratio,3.081001341342926e-05,greedy_assignment_numpy,,4,6.770909123006277,219763.26436959676,8,5.641368710488195,0.2948289111889756,2662,1936,847,121,strongnative_8node_large128c0c31_20260704060009_c14,6.793877896037884,17,72,4,3,synthetic,"0,1,2",,1,21,1,,7,ladder,11,tfim,auto,4,4,data/raw/perlmutter/practical_suite_sweep/practical_strongnative_8node_large128c0c31_20260704060009_c14_qaoa_ladder_7n_grid11_r0_seed17.json,ok
practical_strongnative_8node_large128c0c31_20260704060009_c14_qaoa_ladder_7n_grid11_r2_seed2017.json,optimization,optimization_qaoa,approximation_ratio,3.0328985303640366e-05,greedy_assignment_numpy,,4,6.458009407971986,212931.9310658519,8,5.641368710488195,0.2948289111889756,2662,1936,847,121,strongnative_8node_large128c0c31_20260704060009_c14,6.480747604975477,2017,72,4,3,synthetic,"0,1,2",,1,21,1,,7,ladder,11,tfim,auto,4,4,data/raw/perlmutter/practical_suite_sweep/practical_strongnative_8node_large128c0c31_20260704060009_c14_qaoa_ladder_7n_grid11_r2_seed2017.json,ok
practical_strongnative_8node_large128c0c31_20260704060009_c14_qaoa_ring_5n_grid11_r1_seed1031.json,optimization,optimization_qaoa,approximation_ratio,1.930701546370983e-05,greedy_assignment_numpy,,4,6.650548390985932,344462.7888492939,4,3.63063562148434,0.09234109462891504,1815,1210,605,121,strongnative_8node_large128c0c31_20260704060009_c14,6.674703289987519,1031,72,4,3,synthetic,"0,1,2",,1,21,1,,5,ring,11,tfim,auto,4,4,data/raw/perlmutter/practical_suite_sweep/practical_strongnative_8node_large128c0c31_20260704060009_c14_qaoa_ring_5n_grid11_r1_seed1031.json,ok
practical_strongnative_8node_large128c0c31_20260704060009_c14_qaoa_ring_5n_grid11_r3_seed3031.json,optimization,optimization_qaoa,approximation_ratio,2.016901271417737e-05,greedy_assignment_numpy,,4,6.857509437017143,340002.2368073974,4,3.63063562148434,0.09234109462891504,1815,1210,605,121,strongnative_8node_large128c0c31_20260704060009_c14,6.879395535972435,3031,72,4,3,synthetic,"0,1,2",,1,21,1,,5,ring,11,tfim,auto,4,4,data/raw/perlmutter/practical_suite_sweep/practical_strongnative_8node_large128c0c31_20260704060009_c14_qaoa_ring_5n_grid11_r3_seed3031.json,ok
practical_strongnative_8node_large128c0c31_20260704060009_c14_sim_tfim_7q_8steps_r0_seed23.json,simulation,hamiltonian_simulation,absolute_observable_error,0.008567821001634002,exact_dense_eigendecomposition_numpy,,0,6.6431915709981695,775.3653548237319,0.8218024506329149,0.8215212314654866,0.00028121916742829267,104,96,7,1,strongnative_8node_large128c0c31_20260704060009_c14,6.665611872973386,23,72,4,3,synthetic,"0,1,2",,1,21,1,,4,chordal,7,tfim,auto,7,8,data/raw/perlmutter/practical_suite_sweep/practical_strongnative_8node_large128c0c31_20260704060009_c14_sim_tfim_7q_8steps_r0_seed23.json,ok
practical_strongnative_8node_large128c0c31_20260704060009_c14_sim_tfim_7q_8steps_r1_seed1023.json,simulation,hamiltonian_simulation,absolute_observable_error,0.008765371982008219,exact_dense_eigendecomposition_numpy,,0,6.38901129597798,728.8922032164807,0.8218024506329149,0.8215212314654866,0.00028121916742829267,104,96,7,1,strongnative_8node_large128c0c31_20260704060009_c14,6.4105051849619485,1023,72,4,3,synthetic,"0,1,2",,1,21,1,,4,chordal,7,tfim,auto,7,8,data/raw/perlmutter/practical_suite_sweep/practical_strongnative_8node_large128c0c31_20260704060009_c14_sim_tfim_7q_8steps_r1_seed1023.json,ok
practical_strongnative_8node_large128c0c31_20260704060009_c14_sim_tfim_7q_8steps_r2_seed2023.json,simulation,hamiltonian_simulation,absolute_observable_error,0.008946430985815823,exact_dense_eigendecomposition_numpy,,0,6.494017313001677,725.8779867969315,0.8218024506329149,0.8215212314654866,0.00028121916742829267,104,96,7,1,strongnative_8node_large128c0c31_20260704060009_c14,6.516149042989127,2023,72,4,3,synthetic,"0,1,2",,1,21,1,,4,chordal,7,tfim,auto,7,8,data/raw/perlmutter/practical_suite_sweep/practical_strongnative_8node_large128c0c31_20260704060009_c14_sim_tfim_7q_8steps_r2_seed2023.json,ok
practical_strongnative_8node_large128c0c31_20260704060009_c14_sim_tfim_7q_8steps_r3_seed3023.json,simulation,hamiltonian_simulation,absolute_observable_error,0.009089708037208766,exact_dense_eigendecomposition_numpy,,0,6.368122885993216,700.5860760241443,0.8218024506329149,0.8215212314654866,0.00028121916742829267,104,96,7,1,strongnative_8node_large128c0c31_20260704060009_c14,6.391331749968231,3023,72,4,3,synthetic,"0,1,2",,1,21,1,,4,chordal,7,tfim,auto,7,8,data/raw/perlmutter/practical_suite_sweep/practical_strongnative_8node_large128c0c31_20260704060009_c14_sim_tfim_7q_8steps_r3_seed3023.json,ok
practical_strongnative_8node_large128c0c31_20260704060009_c15_chem_h2_l1_grid21_r0_seed23.json,chemistry,chemistry_vqe,absolute_energy_error,0.00015177298337221146,exact_diagonalization_numpy,,0,6.711909100995399,44223.345630196665,-1.85727503020238,-1.8539259190122395,0.0033491111901404746,1944,486,972,486,strongnative_8node_large128c0c31_20260704060009_c15,6.7184534320258535,23,72,4,3,synthetic,"0,1,2",,1,21,1,,4,chordal,7,tfim,auto,4,4,data/raw/perlmutter/practical_suite_sweep/practical_strongnative_8node_large128c0c31_20260704060009_c15_chem_h2_l1_grid21_r0_seed23.json,ok
practical_strongnative_8node_large128c0c31_20260704060009_c15_chem_h2_l1_grid33_r2_seed2031.json,chemistry,chemistry_vqe,absolute_energy_error,0.00016366696218028665,exact_diagonalization_numpy,,0,6.875950537039898,42011.8418857541,-1.85727503020238,-1.8569734051608102,0.0003016250415697197,4632,1158,2316,1158,strongnative_8node_large128c0c31_20260704060009_c15,6.88320165098412,2031,72,4,3,synthetic,"0,1,2",,1,33,1,,4,chordal,7,tfim,auto,4,4,data/raw/perlmutter/practical_suite_sweep/practical_strongnative_8node_large128c0c31_20260704060009_c15_chem_h2_l1_grid33_r2_seed2031.json,ok
practical_strongnative_8node_large128c0c31_20260704060009_c15_ml_digits_c0v1v2_192s_10q_d2_r0_seed17.json,ml,multiclass_ml,test_accuracy,0.00017469795420765877,linear_ridge_numpy,linear_ridge_numpy,6,18.66597912600264,106847.15348077225,1.0,0.7083333333333334,0.29166666666666663,7680,3456,1920,192,strongnative_8node_large128c0c31_20260704060009_c15,18.89587196201319,17,192,10,3,digits,"0,1,2",sklearn_digits,2,21,1,,4,chordal,7,tfim,auto,4,4,data/raw/perlmutter/practical_suite_sweep/practical_strongnative_8node_large128c0c31_20260704060009_c15_ml_digits_c0v1v2_192s_10q_d2_r0_seed17.json,ok
practical_strongnative_8node_large128c0c31_20260704060009_c15_ml_digits_c0v1v2_192s_10q_d2_r0_seed23.json,ml,multiclass_ml,test_accuracy,0.0016086000250652432,knn_numpy,knn_numpy,6,7.298232860979624,4537.009043428067,1.0,0.6666666666666666,0.33333333333333337,7680,3456,1920,192,strongnative_8node_large128c0c31_20260704060009_c15,7.409574103017803,23,192,10,3,digits,"0,1,2",sklearn_digits,2,21,1,,4,chordal,7,tfim,auto,4,4,data/raw/perlmutter/practical_suite_sweep/practical_strongnative_8node_large128c0c31_20260704060009_c15_ml_digits_c0v1v2_192s_10q_d2_r0_seed23.json,ok
practical_strongnative_8node_large128c0c31_20260704060009_c15_ml_digits_c0v1v2_192s_10q_d2_r0_seed31.json,ml,multiclass_ml,test_accuracy,0.012975652993191034,rbf_kernel_ridge_numpy,rbf_kernel_ridge_numpy,6,6.926710550033022,533.8236583290112,1.0,0.7708333333333334,0.22916666666666663,7680,3456,1920,192,strongnative_8node_large128c0c31_20260704060009_c15,7.038225252996199,31,192,10,3,digits,"0,1,2",sklearn_digits,2,21,1,,4,chordal,7,tfim,auto,4,4,data/raw/perlmutter/practical_suite_sweep/practical_strongnative_8node_large128c0c31_20260704060009_c15_ml_digits_c0v1v2_192s_10q_d2_r0_seed31.json,ok
practical_strongnative_8node_large128c0c31_20260704060009_c15_ml_digits_c0v1v2_192s_10q_d2_r0_seed43.json,ml,multiclass_ml,test_accuracy,0.012947839044500142,rbf_kernel_ridge_numpy,rbf_kernel_ridge_numpy,6,6.881098631012719,531.447649863674,1.0,0.6458333333333334,0.35416666666666663,7680,3456,1920,192,strongnative_8node_large128c0c31_20260704060009_c15,7.021223668998573,43,192,10,3,digits,"0,1,2",sklearn_digits,2,21,1,,4,chordal,7,tfim,auto,4,4,data/raw/perlmutter/practical_suite_sweep/practical_strongnative_8node_large128c0c31_20260704060009_c15_ml_digits_c0v1v2_192s_10q_d2_r0_seed43.json,ok
practical_strongnative_8node_large128c0c31_20260704060009_c15_ml_digits_c0v1v2_192s_10q_d2_r1_seed1017.json,ml,multiclass_ml,test_accuracy,0.00017504801508039236,linear_ridge_numpy,linear_ridge_numpy,6,6.784012277959846,38755.15112150359,1.0,0.6458333333333334,0.35416666666666663,7680,3456,1920,192,strongnative_8node_large128c0c31_20260704060009_c15,6.8928206589771435,1017,192,10,3,digits,"0,1,2",sklearn_digits,2,21,1,,4,chordal,7,tfim,auto,4,4,data/raw/perlmutter/practical_suite_sweep/practical_strongnative_8node_large128c0c31_20260704060009_c15_ml_digits_c0v1v2_192s_10q_d2_r1_seed1017.json,ok
practical_strongnative_8node_large128c0c31_20260704060009_c15_ml_digits_c0v1v2_192s_10q_d2_r1_seed1023.json,ml,multiclass_ml,test_accuracy,0.00017053901683539152,nearest_centroid_numpy,nearest_centroid_numpy,6,6.626907377038151,38858.599633153775,1.0,0.625,0.375,7680,3456,1920,192,strongnative_8node_large128c0c31_20260704060009_c15,6.737601262982935,1023,192,10,3,digits,"0,1,2",sklearn_digits,2,21,1,,4,chordal,7,tfim,auto,4,4,data/raw/perlmutter/practical_suite_sweep/practical_strongnative_8node_large128c0c31_20260704060009_c15_ml_digits_c0v1v2_192s_10q_d2_r1_seed1023.json,ok
practical_strongnative_8node_large128c0c31_20260704060009_c15_ml_digits_c0v1v2_192s_10q_d2_r1_seed1031.json,ml,multiclass_ml,test_accuracy,0.00017210299847647548,nearest_centroid_numpy,nearest_centroid_numpy,6,6.507487573020626,37811.58742513208,0.9791666666666666,0.7291666666666666,0.25,7680,3456,1920,192,strongnative_8node_large128c0c31_20260704060009_c15,6.615521847968921,1031,192,10,3,digits,"0,1,2",sklearn_digits,2,21,1,,4,chordal,7,tfim,auto,4,4,data/raw/perlmutter/practical_suite_sweep/practical_strongnative_8node_large128c0c31_20260704060009_c15_ml_digits_c0v1v2_192s_10q_d2_r1_seed1031.json,ok
practical_strongnative_8node_large128c0c31_20260704060009_c15_ml_digits_c0v1v2_192s_10q_d2_r1_seed1043.json,ml,multiclass_ml,test_accuracy,0.014011424034833908,rbf_kernel_ridge_numpy,rbf_kernel_ridge_numpy,6,6.63580346602248,473.5995034855243,1.0,0.6666666666666666,0.33333333333333337,7680,3456,1920,192,strongnative_8node_large128c0c31_20260704060009_c15,6.744965533958748,1043,192,10,3,digits,"0,1,2",sklearn_digits,2,21,1,,4,chordal,7,tfim,auto,4,4,data/raw/perlmutter/practical_suite_sweep/practical_strongnative_8node_large128c0c31_20260704060009_c15_ml_digits_c0v1v2_192s_10q_d2_r1_seed1043.json,ok
practical_strongnative_8node_large128c0c31_20260704060009_c15_ml_digits_c0v1v2_192s_10q_d2_r2_seed2017.json,ml,multiclass_ml,test_accuracy,0.00017150200437754393,nearest_centroid_numpy,nearest_centroid_numpy,6,6.952434014005121,40538.50005566148,1.0,0.6041666666666666,0.39583333333333337,7680,3456,1920,192,strongnative_8node_large128c0c31_20260704060009_c15,7.060244647029322,2017,192,10,3,digits,"0,1,2",sklearn_digits,2,21,1,,4,chordal,7,tfim,auto,4,4,data/raw/perlmutter/practical_suite_sweep/practical_strongnative_8node_large128c0c31_20260704060009_c15_ml_digits_c0v1v2_192s_10q_d2_r2_seed2017.json,ok
practical_strongnative_8node_large128c0c31_20260704060009_c15_ml_digits_c0v1v2_192s_10q_d2_r2_seed2023.json,ml,multiclass_ml,test_accuracy,0.00017910700989887118,linear_ridge_numpy,linear_ridge_numpy,6,6.880338273011148,38414.67889445522,1.0,0.625,0.375,7680,3456,1920,192,strongnative_8node_large128c0c31_20260704060009_c15,6.988881230005063,2023,192,10,3,digits,"0,1,2",sklearn_digits,2,21,1,,4,chordal,7,tfim,auto,4,4,data/raw/perlmutter/practical_suite_sweep/practical_strongnative_8node_large128c0c31_20260704060009_c15_ml_digits_c0v1v2_192s_10q_d2_r2_seed2023.json,ok
practical_strongnative_8node_large128c0c31_20260704060009_c15_ml_digits_c0v1v2_192s_10q_d2_r2_seed2031.json,ml,multiclass_ml,test_accuracy,0.0015792229678481817,knn_numpy,knn_numpy,6,6.637711654009763,4203.150403172124,1.0,0.6041666666666666,0.39583333333333337,7680,3456,1920,192,strongnative_8node_large128c0c31_20260704060009_c15,6.745412993011996,2031,192,10,3,digits,"0,1,2",sklearn_digits,2,21,1,,4,chordal,7,tfim,auto,4,4,data/raw/perlmutter/practical_suite_sweep/practical_strongnative_8node_large128c0c31_20260704060009_c15_ml_digits_c0v1v2_192s_10q_d2_r2_seed2031.json,ok
practical_strongnative_8node_large128c0c31_20260704060009_c15_ml_digits_c0v1v2_192s_10q_d2_r2_seed2043.json,ml,multiclass_ml,test_accuracy,0.00016999902436509728,nearest_centroid_numpy,nearest_centroid_numpy,6,6.569142048014328,38642.2338160374,1.0,0.7916666666666666,0.20833333333333337,7680,3456,1920,192,strongnative_8node_large128c0c31_20260704060009_c15,6.682823134993669,2043,192,10,3,digits,"0,1,2",sklearn_digits,2,21,1,,4,chordal,7,tfim,auto,4,4,data/raw/perlmutter/practical_suite_sweep/practical_strongnative_8node_large128c0c31_20260704060009_c15_ml_digits_c0v1v2_192s_10q_d2_r2_seed2043.json,ok
practical_strongnative_8node_large128c0c31_20260704060009_c15_ml_digits_c0v1v2_192s_10q_d2_r3_seed3017.json,ml,multiclass_ml,test_accuracy,0.00017087097512558103,nearest_centroid_numpy,nearest_centroid_numpy,6,6.579415877000429,38505.16960042459,0.9791666666666666,0.625,0.35416666666666663,7680,3456,1920,192,strongnative_8node_large128c0c31_20260704060009_c15,6.687524884997401,3017,192,10,3,digits,"0,1,2",sklearn_digits,2,21,1,,4,chordal,7,tfim,auto,4,4,data/raw/perlmutter/practical_suite_sweep/practical_strongnative_8node_large128c0c31_20260704060009_c15_ml_digits_c0v1v2_192s_10q_d2_r3_seed3017.json,ok
practical_strongnative_8node_large128c0c31_20260704060009_c15_ml_digits_c0v1v2_192s_10q_d2_r3_seed3023.json,ml,multiclass_ml,test_accuracy,0.0001684859744273126,linear_ridge_numpy,linear_ridge_numpy,6,6.525857758009806,38732.3501566901,1.0,0.7083333333333334,0.29166666666666663,7680,3456,1920,192,strongnative_8node_large128c0c31_20260704060009_c15,6.633591199002694,3023,192,10,3,digits,"0,1,2",sklearn_digits,2,21,1,,4,chordal,7,tfim,auto,4,4,data/raw/perlmutter/practical_suite_sweep/practical_strongnative_8node_large128c0c31_20260704060009_c15_ml_digits_c0v1v2_192s_10q_d2_r3_seed3023.json,ok
practical_strongnative_8node_large128c0c31_20260704060009_c15_ml_digits_c0v1v2_192s_10q_d2_r3_seed3031.json,ml,multiclass_ml,test_accuracy,0.00015091197565197945,nearest_centroid_numpy,nearest_centroid_numpy,6,6.6016715980367735,43745.180390859074,1.0,0.6458333333333334,0.35416666666666663,7680,3456,1920,192,strongnative_8node_large128c0c31_20260704060009_c15,6.7097791619598866,3031,192,10,3,digits,"0,1,2",sklearn_digits,2,21,1,,4,chordal,7,tfim,auto,4,4,data/raw/perlmutter/practical_suite_sweep/practical_strongnative_8node_large128c0c31_20260704060009_c15_ml_digits_c0v1v2_192s_10q_d2_r3_seed3031.json,ok
practical_strongnative_8node_large128c0c31_20260704060009_c15_ml_digits_c0v1v2_192s_10q_d2_r3_seed3043.json,ml,multiclass_ml,test_accuracy,0.0015858479891903698,knn_numpy,knn_numpy,6,6.628137398976833,4179.554058242824,1.0,0.7291666666666666,0.27083333333333337,7680,3456,1920,192,strongnative_8node_large128c0c31_20260704060009_c15,6.73650491295848,3043,192,10,3,digits,"0,1,2",sklearn_digits,2,21,1,,4,chordal,7,tfim,auto,4,4,data/raw/perlmutter/practical_suite_sweep/practical_strongnative_8node_large128c0c31_20260704060009_c15_ml_digits_c0v1v2_192s_10q_d2_r3_seed3043.json,ok
practical_strongnative_8node_large128c0c31_20260704060009_c15_qaoa_chordal_6n_grid13_r0_seed43.json,optimization,optimization_qaoa,approximation_ratio,2.751301508396864e-05,greedy_assignment_numpy,,4,6.707412710995413,243790.53660693506,7,5.417387701892214,0.22608747115825512,3380,2704,1014,169,strongnative_8node_large128c0c31_20260704060009_c15,6.729881518986076,43,72,4,3,synthetic,"0,1,2",,1,21,1,,6,chordal,13,tfim,auto,4,4,data/raw/perlmutter/practical_suite_sweep/practical_strongnative_8node_large128c0c31_20260704060009_c15_qaoa_chordal_6n_grid13_r0_seed43.json,ok
practical_strongnative_8node_large128c0c31_20260704060009_c15_qaoa_chordal_6n_grid13_r2_seed2043.json,optimization,optimization_qaoa,approximation_ratio,2.6270980015397072e-05,greedy_assignment_numpy,,4,6.648701106023509,253081.57907039608,7,5.417387701892214,0.22608747115825512,3380,2704,1014,169,strongnative_8node_large128c0c31_20260704060009_c15,6.67743907897966,2043,72,4,3,synthetic,"0,1,2",,1,21,1,,6,chordal,13,tfim,auto,4,4,data/raw/perlmutter/practical_suite_sweep/practical_strongnative_8node_large128c0c31_20260704060009_c15_qaoa_chordal_6n_grid13_r2_seed2043.json,ok
practical_strongnative_8node_large128c0c31_20260704060009_c15_qaoa_ladder_7n_grid13_r0_seed17.json,optimization,optimization_qaoa,approximation_ratio,3.0167982913553715e-05,greedy_assignment_numpy,,4,6.57698316097958,218012.0288395121,8,5.722271824131493,0.2847160219835634,3718,2704,1183,169,strongnative_8node_large128c0c31_20260704060009_c15,6.599498968978878,17,72,4,3,synthetic,"0,1,2",,1,21,1,,7,ladder,13,tfim,auto,4,4,data/raw/perlmutter/practical_suite_sweep/practical_strongnative_8node_large128c0c31_20260704060009_c15_qaoa_ladder_7n_grid13_r0_seed17.json,ok
practical_strongnative_8node_large128c0c31_20260704060009_c15_qaoa_ladder_7n_grid13_r2_seed2017.json,optimization,optimization_qaoa,approximation_ratio,2.9386021196842194e-05,greedy_assignment_numpy,,4,6.683851699985098,227450.04011306373,8,5.722271824131493,0.2847160219835634,3718,2704,1183,169,strongnative_8node_large128c0c31_20260704060009_c15,6.708754684019368,2017,72,4,3,synthetic,"0,1,2",,1,21,1,,7,ladder,13,tfim,auto,4,4,data/raw/perlmutter/practical_suite_sweep/practical_strongnative_8node_large128c0c31_20260704060009_c15_qaoa_ladder_7n_grid13_r2_seed2017.json,ok
practical_strongnative_8node_large128c0c31_20260704060009_c15_qaoa_ring_5n_grid13_r1_seed1031.json,optimization,optimization_qaoa,approximation_ratio,2.002902328968048e-05,greedy_assignment_numpy,,4,6.466256891028024,322844.3443050776,4,3.749999999999998,0.06250000000000056,2535,1690,845,169,strongnative_8node_large128c0c31_20260704060009_c15,6.4910312370047905,1031,72,4,3,synthetic,"0,1,2",,1,21,1,,5,ring,13,tfim,auto,4,4,data/raw/perlmutter/practical_suite_sweep/practical_strongnative_8node_large128c0c31_20260704060009_c15_qaoa_ring_5n_grid13_r1_seed1031.json,ok
practical_strongnative_8node_large128c0c31_20260704060009_c15_qaoa_ring_5n_grid13_r3_seed3031.json,optimization,optimization_qaoa,approximation_ratio,1.9668019376695156e-05,greedy_assignment_numpy,,4,6.805863538989797,346037.05684031086,4,3.749999999999998,0.06250000000000056,2535,1690,845,169,strongnative_8node_large128c0c31_20260704060009_c15,6.8284740099916235,3031,72,4,3,synthetic,"0,1,2",,1,21,1,,5,ring,13,tfim,auto,4,4,data/raw/perlmutter/practical_suite_sweep/practical_strongnative_8node_large128c0c31_20260704060009_c15_qaoa_ring_5n_grid13_r3_seed3031.json,ok
practical_strongnative_8node_large128c0c31_20260704060009_c15_sim_tfim_7q_10steps_r0_seed23.json,simulation,hamiltonian_simulation,absolute_observable_error,0.008954188029747456,exact_dense_eigendecomposition_numpy,,0,6.433490757015534,718.4895755642272,0.8218024506329149,0.8216225570780562,0.00017989355485870107,130,120,7,1,strongnative_8node_large128c0c31_20260704060009_c15,6.455945766007062,23,72,4,3,synthetic,"0,1,2",,1,21,1,,4,chordal,7,tfim,auto,7,10,data/raw/perlmutter/practical_suite_sweep/practical_strongnative_8node_large128c0c31_20260704060009_c15_sim_tfim_7q_10steps_r0_seed23.json,ok
practical_strongnative_8node_large128c0c31_20260704060009_c15_sim_tfim_7q_10steps_r1_seed1023.json,simulation,hamiltonian_simulation,absolute_observable_error,0.00870106799993664,exact_dense_eigendecomposition_numpy,,0,6.504738390038256,747.5793075155397,0.8218024506329149,0.8216225570780562,0.00017989355485870107,130,120,7,1,strongnative_8node_large128c0c31_20260704060009_c15,6.52603447495494,1023,72,4,3,synthetic,"0,1,2",,1,21,1,,4,chordal,7,tfim,auto,7,10,data/raw/perlmutter/practical_suite_sweep/practical_strongnative_8node_large128c0c31_20260704060009_c15_sim_tfim_7q_10steps_r1_seed1023.json,ok
practical_strongnative_8node_large128c0c31_20260704060009_c15_sim_tfim_7q_10steps_r2_seed2023.json,simulation,hamiltonian_simulation,absolute_observable_error,0.009286478976719081,exact_dense_eigendecomposition_numpy,,0,6.8152181030018255,733.8861284333243,0.8218024506329149,0.8216225570780562,0.00017989355485870107,130,120,7,1,strongnative_8node_large128c0c31_20260704060009_c15,6.837704158970155,2023,72,4,3,synthetic,"0,1,2",,1,21,1,,4,chordal,7,tfim,auto,7,10,data/raw/perlmutter/practical_suite_sweep/practical_strongnative_8node_large128c0c31_20260704060009_c15_sim_tfim_7q_10steps_r2_seed2023.json,ok
practical_strongnative_8node_large128c0c31_20260704060009_c15_sim_tfim_7q_10steps_r3_seed3023.json,simulation,hamiltonian_simulation,absolute_observable_error,0.008656891994178295,exact_dense_eigendecomposition_numpy,,0,6.693947837979067,773.2507050429535,0.8218024506329149,0.8216225570780562,0.00017989355485870107,130,120,7,1,strongnative_8node_large128c0c31_20260704060009_c15,6.716853044985328,3023,72,4,3,synthetic,"0,1,2",,1,21,1,,4,chordal,7,tfim,auto,7,10,data/raw/perlmutter/practical_suite_sweep/practical_strongnative_8node_large128c0c31_20260704060009_c15_sim_tfim_7q_10steps_r3_seed3023.json,ok
practical_strongnative_8node_large128c0c31_20260704060009_c16_chem_4q_l1_grid9_r2_seed2031.json,chemistry,chemistry_vqe,absolute_energy_error,0.00017477798974141479,exact_diagonalization_numpy,,0,6.484474332013633,37101.20674581197,-1.705732892552902,-1.072390840602129,0.6333420519507731,168,63,84,21,strongnative_8node_large128c0c31_20260704060009_c16,6.49239273800049,2031,72,4,3,synthetic,"0,1,2",,1,9,1,benchmarks/workloads/hamiltonians/molecular_chain_4q.json,4,chordal,7,tfim,auto,4,4,data/raw/perlmutter/practical_suite_sweep/practical_strongnative_8node_large128c0c31_20260704060009_c16_chem_4q_l1_grid9_r2_seed2031.json,ok
practical_strongnative_8node_large128c0c31_20260704060009_c16_chem_h2_l1_grid25_r0_seed23.json,chemistry,chemistry_vqe,absolute_energy_error,0.00015017995610833168,exact_diagonalization_numpy,,0,6.571600218943786,43758.17112506938,-1.85727503020238,-1.8566776536800178,0.0005973765223621363,2712,678,1356,678,strongnative_8node_large128c0c31_20260704060009_c16,6.578323769965209,23,72,4,3,synthetic,"0,1,2",,1,25,1,,4,chordal,7,tfim,auto,4,4,data/raw/perlmutter/practical_suite_sweep/practical_strongnative_8node_large128c0c31_20260704060009_c16_chem_h2_l1_grid25_r0_seed23.json,ok
practical_strongnative_8node_large128c0c31_20260704060009_c16_ml_digits_c0v1v2_256s_4q_d1_r0_seed17.json,ml,multiclass_ml,test_accuracy,0.02455219504190609,rbf_kernel_ridge_numpy,rbf_kernel_ridge_numpy,6,18.282687061990146,744.6457243755581,0.984375,0.859375,0.125,2048,768,1024,256,strongnative_8node_large128c0c31_20260704060009_c16,18.54590238799574,17,256,4,3,digits,"0,1,2",sklearn_digits,1,21,1,,4,chordal,7,tfim,auto,4,4,data/raw/perlmutter/practical_suite_sweep/practical_strongnative_8node_large128c0c31_20260704060009_c16_ml_digits_c0v1v2_256s_4q_d1_r0_seed17.json,ok
practical_strongnative_8node_large128c0c31_20260704060009_c16_ml_digits_c0v1v2_256s_4q_d1_r0_seed23.json,ml,multiclass_ml,test_accuracy,0.0021155920112505555,knn_numpy,knn_numpy,6,7.185273203998804,3396.3416224811185,1.0,0.8125,0.1875,2048,768,1024,256,strongnative_8node_large128c0c31_20260704060009_c16,7.322186067001894,23,256,4,3,digits,"0,1,2",sklearn_digits,1,21,1,,4,chordal,7,tfim,auto,4,4,data/raw/perlmutter/practical_suite_sweep/practical_strongnative_8node_large128c0c31_20260704060009_c16_ml_digits_c0v1v2_256s_4q_d1_r0_seed23.json,ok
practical_strongnative_8node_large128c0c31_20260704060009_c16_ml_digits_c0v1v2_256s_4q_d1_r0_seed31.json,ml,multiclass_ml,test_accuracy,0.00015401700511574745,nearest_centroid_numpy,nearest_centroid_numpy,6,7.123983499011956,46254.525554876964,0.984375,0.84375,0.140625,2048,768,1024,256,strongnative_8node_large128c0c31_20260704060009_c16,7.251645635988098,31,256,4,3,digits,"0,1,2",sklearn_digits,1,21,1,,4,chordal,7,tfim,auto,4,4,data/raw/perlmutter/practical_suite_sweep/practical_strongnative_8node_large128c0c31_20260704060009_c16_ml_digits_c0v1v2_256s_4q_d1_r0_seed31.json,ok
practical_strongnative_8node_large128c0c31_20260704060009_c16_ml_digits_c0v1v2_256s_4q_d1_r0_seed43.json,ml,multiclass_ml,test_accuracy,0.0020698329899460077,knn_numpy,knn_numpy,6,7.002692695008591,3383.2162928233442,1.0,0.84375,0.15625,2048,768,1024,256,strongnative_8node_large128c0c31_20260704060009_c16,7.135935808997601,43,256,4,3,digits,"0,1,2",sklearn_digits,1,21,1,,4,chordal,7,tfim,auto,4,4,data/raw/perlmutter/practical_suite_sweep/practical_strongnative_8node_large128c0c31_20260704060009_c16_ml_digits_c0v1v2_256s_4q_d1_r0_seed43.json,ok
practical_strongnative_8node_large128c0c31_20260704060009_c16_ml_digits_c0v1v2_256s_4q_d1_r1_seed1017.json,ml,multiclass_ml,test_accuracy,0.01335222099442035,softmax_regression_numpy,softmax_regression_numpy,6,6.9318295800476335,519.1518012579569,1.0,0.796875,0.203125,2048,768,1024,256,strongnative_8node_large128c0c31_20260704060009_c16,7.113896197988652,1017,256,4,3,digits,"0,1,2",sklearn_digits,1,21,1,,4,chordal,7,tfim,auto,4,4,data/raw/perlmutter/practical_suite_sweep/practical_strongnative_8node_large128c0c31_20260704060009_c16_ml_digits_c0v1v2_256s_4q_d1_r1_seed1017.json,ok
practical_strongnative_8node_large128c0c31_20260704060009_c16_ml_digits_c0v1v2_256s_4q_d1_r1_seed1023.json,ml,multiclass_ml,test_accuracy,0.00015152298146858811,linear_ridge_numpy,linear_ridge_numpy,6,7.160756925994065,47258.553498556554,1.0,0.8125,0.1875,2048,768,1024,256,strongnative_8node_large128c0c31_20260704060009_c16,7.288482945004944,1023,256,4,3,digits,"0,1,2",sklearn_digits,1,21,1,,4,chordal,7,tfim,auto,4,4,data/raw/perlmutter/practical_suite_sweep/practical_strongnative_8node_large128c0c31_20260704060009_c16_ml_digits_c0v1v2_256s_4q_d1_r1_seed1023.json,ok
practical_strongnative_8node_large128c0c31_20260704060009_c16_ml_digits_c0v1v2_256s_4q_d1_r1_seed1031.json,ml,multiclass_ml,test_accuracy,0.00209507200634107,knn_numpy,knn_numpy,6,6.825002769997809,3257.6459182982007,1.0,0.703125,0.296875,2048,768,1024,256,strongnative_8node_large128c0c31_20260704060009_c16,6.953381914994679,1031,256,4,3,digits,"0,1,2",sklearn_digits,1,21,1,,4,chordal,7,tfim,auto,4,4,data/raw/perlmutter/practical_suite_sweep/practical_strongnative_8node_large128c0c31_20260704060009_c16_ml_digits_c0v1v2_256s_4q_d1_r1_seed1031.json,ok
practical_strongnative_8node_large128c0c31_20260704060009_c16_ml_digits_c0v1v2_256s_4q_d1_r1_seed1043.json,ml,multiclass_ml,test_accuracy,0.0001540380180813372,nearest_centroid_numpy,nearest_centroid_numpy,6,6.969974929001182,45248.406957046165,1.0,0.78125,0.21875,2048,768,1024,256,strongnative_8node_large128c0c31_20260704060009_c16,7.097823889984284,1043,256,4,3,digits,"0,1,2",sklearn_digits,1,21,1,,4,chordal,7,tfim,auto,4,4,data/raw/perlmutter/practical_suite_sweep/practical_strongnative_8node_large128c0c31_20260704060009_c16_ml_digits_c0v1v2_256s_4q_d1_r1_seed1043.json,ok
practical_strongnative_8node_large128c0c31_20260704060009_c16_ml_digits_c0v1v2_256s_4q_d1_r2_seed2017.json,ml,multiclass_ml,test_accuracy,0.00015253399033099413,linear_ridge_numpy,linear_ridge_numpy,6,6.9131377640296705,45321.94921950426,1.0,0.78125,0.21875,2048,768,1024,256,strongnative_8node_large128c0c31_20260704060009_c16,7.03742249996867,2017,256,4,3,digits,"0,1,2",sklearn_digits,1,21,1,,4,chordal,7,tfim,auto,4,4,data/raw/perlmutter/practical_suite_sweep/practical_strongnative_8node_large128c0c31_20260704060009_c16_ml_digits_c0v1v2_256s_4q_d1_r2_seed2017.json,ok
practical_strongnative_8node_large128c0c31_20260704060009_c16_ml_digits_c0v1v2_256s_4q_d1_r2_seed2023.json,ml,multiclass_ml,test_accuracy,0.0020577189861796796,knn_numpy,knn_numpy,6,6.639443606021814,3226.6036570661545,1.0,0.734375,0.265625,2048,768,1024,256,strongnative_8node_large128c0c31_20260704060009_c16,6.770240754995029,2023,256,4,3,digits,"0,1,2",sklearn_digits,1,21,1,,4,chordal,7,tfim,auto,4,4,data/raw/perlmutter/practical_suite_sweep/practical_strongnative_8node_large128c0c31_20260704060009_c16_ml_digits_c0v1v2_256s_4q_d1_r2_seed2023.json,ok
practical_strongnative_8node_large128c0c31_20260704060009_c16_ml_digits_c0v1v2_256s_4q_d1_r2_seed2031.json,ml,multiclass_ml,test_accuracy,0.0021136970026418567,knn_numpy,knn_numpy,6,6.938641038024798,3282.7037315908406,0.984375,0.71875,0.265625,2048,768,1024,256,strongnative_8node_large128c0c31_20260704060009_c16,7.065793515997939,2031,256,4,3,digits,"0,1,2",sklearn_digits,1,21,1,,4,chordal,7,tfim,auto,4,4,data/raw/perlmutter/practical_suite_sweep/practical_strongnative_8node_large128c0c31_20260704060009_c16_ml_digits_c0v1v2_256s_4q_d1_r2_seed2031.json,ok
practical_strongnative_8node_large128c0c31_20260704060009_c16_ml_digits_c0v1v2_256s_4q_d1_r2_seed2043.json,ml,multiclass_ml,test_accuracy,0.00015401694690808654,linear_ridge_numpy,linear_ridge_numpy,6,6.810207988950424,44217.26391586366,1.0,0.796875,0.203125,2048,768,1024,256,strongnative_8node_large128c0c31_20260704060009_c16,6.937935296038631,2043,256,4,3,digits,"0,1,2",sklearn_digits,1,21,1,,4,chordal,7,tfim,auto,4,4,data/raw/perlmutter/practical_suite_sweep/practical_strongnative_8node_large128c0c31_20260704060009_c16_ml_digits_c0v1v2_256s_4q_d1_r2_seed2043.json,ok
practical_strongnative_8node_large128c0c31_20260704060009_c16_ml_digits_c0v1v2_256s_4q_d1_r3_seed3017.json,ml,multiclass_ml,test_accuracy,0.00015372695634141564,nearest_centroid_numpy,nearest_centroid_numpy,6,6.423573056992609,41785.599675351354,0.984375,0.84375,0.140625,2048,768,1024,256,strongnative_8node_large128c0c31_20260704060009_c16,6.560622074001003,3017,256,4,3,digits,"0,1,2",sklearn_digits,1,21,1,,4,chordal,7,tfim,auto,4,4,data/raw/perlmutter/practical_suite_sweep/practical_strongnative_8node_large128c0c31_20260704060009_c16_ml_digits_c0v1v2_256s_4q_d1_r3_seed3017.json,ok
practical_strongnative_8node_large128c0c31_20260704060009_c16_ml_digits_c0v1v2_256s_4q_d1_r3_seed3023.json,ml,multiclass_ml,test_accuracy,0.013369399006478488,softmax_regression_numpy,softmax_regression_numpy,6,6.849374738987535,512.3173252341779,1.0,0.78125,0.21875,2048,768,1024,256,strongnative_8node_large128c0c31_20260704060009_c16,6.974934405006934,3023,256,4,3,digits,"0,1,2",sklearn_digits,1,21,1,,4,chordal,7,tfim,auto,4,4,data/raw/perlmutter/practical_suite_sweep/practical_strongnative_8node_large128c0c31_20260704060009_c16_ml_digits_c0v1v2_256s_4q_d1_r3_seed3023.json,ok
practical_strongnative_8node_large128c0c31_20260704060009_c16_ml_digits_c0v1v2_256s_4q_d1_r3_seed3031.json,ml,multiclass_ml,test_accuracy,0.0001561709796078503,nearest_centroid_numpy,nearest_centroid_numpy,6,6.967511095979717,44614.63399586358,1.0,0.890625,0.109375,2048,768,1024,256,strongnative_8node_large128c0c31_20260704060009_c16,7.097932500008028,3031,256,4,3,digits,"0,1,2",sklearn_digits,1,21,1,,4,chordal,7,tfim,auto,4,4,data/raw/perlmutter/practical_suite_sweep/practical_strongnative_8node_large128c0c31_20260704060009_c16_ml_digits_c0v1v2_256s_4q_d1_r3_seed3031.json,ok
practical_strongnative_8node_large128c0c31_20260704060009_c16_ml_digits_c0v1v2_256s_4q_d1_r3_seed3043.json,ml,multiclass_ml,test_accuracy,0.0020761939813382924,knn_numpy,knn_numpy,6,7.0064427420147695,3374.6570912889806,1.0,0.78125,0.21875,2048,768,1024,256,strongnative_8node_large128c0c31_20260704060009_c16,7.134970185055863,3043,256,4,3,digits,"0,1,2",sklearn_digits,1,21,1,,4,chordal,7,tfim,auto,4,4,data/raw/perlmutter/practical_suite_sweep/practical_strongnative_8node_large128c0c31_20260704060009_c16_ml_digits_c0v1v2_256s_4q_d1_r3_seed3043.json,ok
practical_strongnative_8node_large128c0c31_20260704060009_c16_qaoa_chordal_5n_grid7_r1_seed1031.json,optimization,optimization_qaoa,approximation_ratio,6.00959756411612e-05,exact_enumeration_numpy,,4,6.620221416000277,110160.81102552108,6,4.521153579257492,0.2464744034570847,833,686,245,49,strongnative_8node_large128c0c31_20260704060009_c16,6.649745231028646,1031,72,4,3,synthetic,"0,1,2",,1,21,1,,5,chordal,7,tfim,auto,4,4,data/raw/perlmutter/practical_suite_sweep/practical_strongnative_8node_large128c0c31_20260704060009_c16_qaoa_chordal_5n_grid7_r1_seed1031.json,ok
practical_strongnative_8node_large128c0c31_20260704060009_c16_qaoa_chordal_5n_grid7_r3_seed3031.json,optimization,optimization_qaoa,approximation_ratio,7.260998245328665e-05,exact_enumeration_numpy,,4,6.502303887042217,89551.10120327394,6,4.521153579257492,0.2464744034570847,833,686,245,49,strongnative_8node_large128c0c31_20260704060009_c16,6.524527197994757,3031,72,4,3,synthetic,"0,1,2",,1,21,1,,5,chordal,7,tfim,auto,4,4,data/raw/perlmutter/practical_suite_sweep/practical_strongnative_8node_large128c0c31_20260704060009_c16_qaoa_chordal_5n_grid7_r3_seed3031.json,ok
practical_strongnative_8node_large128c0c31_20260704060009_c16_qaoa_ladder_6n_grid7_r0_seed43.json,optimization,optimization_qaoa,approximation_ratio,2.3985980078577995e-05,greedy_assignment_numpy,,4,6.604182294046041,275335.10293974896,7,4.737139289628745,0.32326581576732216,931,686,294,49,strongnative_8node_large128c0c31_20260704060009_c16,6.631369132024702,43,72,4,3,synthetic,"0,1,2",,1,21,1,,6,ladder,7,tfim,auto,4,4,data/raw/perlmutter/practical_suite_sweep/practical_strongnative_8node_large128c0c31_20260704060009_c16_qaoa_ladder_6n_grid7_r0_seed43.json,ok
practical_strongnative_8node_large128c0c31_20260704060009_c16_qaoa_ladder_6n_grid7_r2_seed2043.json,optimization,optimization_qaoa,approximation_ratio,2.064998261630535e-05,greedy_assignment_numpy,,4,6.822969325003214,330410.4149519117,7,4.737139289628745,0.32326581576732216,931,686,294,49,strongnative_8node_large128c0c31_20260704060009_c16,6.845233583997469,2043,72,4,3,synthetic,"0,1,2",,1,21,1,,6,ladder,7,tfim,auto,4,4,data/raw/perlmutter/practical_suite_sweep/practical_strongnative_8node_large128c0c31_20260704060009_c16_qaoa_ladder_6n_grid7_r2_seed2043.json,ok
practical_strongnative_8node_large128c0c31_20260704060009_c16_qaoa_ring_4n_grid7_r0_seed23.json,optimization,optimization_qaoa,approximation_ratio,1.7294019926339388e-05,greedy_assignment_numpy,,4,6.48811132798437,375165.0197940823,4,2.749999999999999,0.3125000000000002,588,392,196,49,strongnative_8node_large128c0c31_20260704060009_c16,6.513282776984852,23,72,4,3,synthetic,"0,1,2",,1,21,1,,4,ring,7,tfim,auto,4,4,data/raw/perlmutter/practical_suite_sweep/practical_strongnative_8node_large128c0c31_20260704060009_c16_qaoa_ring_4n_grid7_r0_seed23.json,ok
practical_strongnative_8node_large128c0c31_20260704060009_c16_qaoa_ring_4n_grid7_r2_seed2023.json,optimization,optimization_qaoa,approximation_ratio,1.5700992662459612e-05,greedy_assignment_numpy,,4,6.688087729038671,425965.91647543386,4,2.749999999999999,0.3125000000000002,588,392,196,49,strongnative_8node_large128c0c31_20260704060009_c16,6.712256915052421,2023,72,4,3,synthetic,"0,1,2",,1,21,1,,4,ring,7,tfim,auto,4,4,data/raw/perlmutter/practical_suite_sweep/practical_strongnative_8node_large128c0c31_20260704060009_c16_qaoa_ring_4n_grid7_r2_seed2023.json,ok
practical_strongnative_8node_large128c0c31_20260704060009_c16_sim_heisenberg_4q_4steps_r0_seed23.json,simulation,hamiltonian_simulation,absolute_observable_error,0.0004691939684562385,exact_dense_eigendecomposition_numpy,,0,6.539406090043485,13937.532299402123,0.05328055679997454,-0.13193164268309854,0.18521219948307308,150,72,4,1,strongnative_8node_large128c0c31_20260704060009_c16,6.547046365973074,23,72,4,3,synthetic,"0,1,2",,1,21,1,,4,chordal,7,heisenberg,auto,4,4,data/raw/perlmutter/practical_suite_sweep/practical_strongnative_8node_large128c0c31_20260704060009_c16_sim_heisenberg_4q_4steps_r0_seed23.json,ok
practical_strongnative_8node_large128c0c31_20260704060009_c16_sim_heisenberg_4q_4steps_r1_seed1023.json,simulation,hamiltonian_simulation,absolute_observable_error,0.0004492460284382105,exact_dense_eigendecomposition_numpy,,0,6.8249162519932725,15191.934530216942,0.05328055679997454,-0.13193164268309854,0.18521219948307308,150,72,4,1,strongnative_8node_large128c0c31_20260704060009_c16,6.835950435954146,1023,72,4,3,synthetic,"0,1,2",,1,21,1,,4,chordal,7,heisenberg,auto,4,4,data/raw/perlmutter/practical_suite_sweep/practical_strongnative_8node_large128c0c31_20260704060009_c16_sim_heisenberg_4q_4steps_r1_seed1023.json,ok
practical_strongnative_8node_large128c0c31_20260704060009_c16_sim_heisenberg_4q_4steps_r2_seed2023.json,simulation,hamiltonian_simulation,absolute_observable_error,0.000439637980889529,exact_dense_eigendecomposition_numpy,,0,6.769391070003621,15397.648438624357,0.05328055679997454,-0.13193164268309854,0.18521219948307308,150,72,4,1,strongnative_8node_large128c0c31_20260704060009_c16,6.780663873010781,2023,72,4,3,synthetic,"0,1,2",,1,21,1,,4,chordal,7,heisenberg,auto,4,4,data/raw/perlmutter/practical_suite_sweep/practical_strongnative_8node_large128c0c31_20260704060009_c16_sim_heisenberg_4q_4steps_r2_seed2023.json,ok
practical_strongnative_8node_large128c0c31_20260704060009_c16_sim_heisenberg_4q_4steps_r3_seed3023.json,simulation,hamiltonian_simulation,absolute_observable_error,0.00045061897253617644,exact_dense_eigendecomposition_numpy,,0,6.876833637012169,15260.861295537406,0.05328055679997454,-0.13193164268309854,0.18521219948307308,150,72,4,1,strongnative_8node_large128c0c31_20260704060009_c16,6.887131901050452,3023,72,4,3,synthetic,"0,1,2",,1,21,1,,4,chordal,7,heisenberg,auto,4,4,data/raw/perlmutter/practical_suite_sweep/practical_strongnative_8node_large128c0c31_20260704060009_c16_sim_heisenberg_4q_4steps_r3_seed3023.json,ok
practical_strongnative_8node_large128c0c31_20260704060009_c17_chem_4q_l1_grid13_r2_seed2031.json,chemistry,chemistry_vqe,absolute_energy_error,0.0001752979587763548,exact_diagonalization_numpy,,0,6.441093804955017,36743.68971502154,-1.705732892552902,-1.072390840602129,0.6333420519507731,232,87,116,29,strongnative_8node_large128c0c31_20260704060009_c17,6.451669758011121,2031,72,4,3,synthetic,"0,1,2",,1,13,1,benchmarks/workloads/hamiltonians/molecular_chain_4q.json,4,chordal,7,tfim,auto,4,4,data/raw/perlmutter/practical_suite_sweep/practical_strongnative_8node_large128c0c31_20260704060009_c17_chem_4q_l1_grid13_r2_seed2031.json,ok
practical_strongnative_8node_large128c0c31_20260704060009_c17_chem_h2_l1_grid33_r0_seed23.json,chemistry,chemistry_vqe,absolute_energy_error,0.00015326502034440637,exact_diagonalization_numpy,,0,6.536483295029029,42648.23950266476,-1.85727503020238,-1.8569734051608102,0.0003016250415697197,4632,1158,2316,1158,strongnative_8node_large128c0c31_20260704060009_c17,6.543741035973653,23,72,4,3,synthetic,"0,1,2",,1,33,1,,4,chordal,7,tfim,auto,4,4,data/raw/perlmutter/practical_suite_sweep/practical_strongnative_8node_large128c0c31_20260704060009_c17_chem_h2_l1_grid33_r0_seed23.json,ok
practical_strongnative_8node_large128c0c31_20260704060009_c17_ml_digits_c0v1v2_256s_4q_d2_r0_seed17.json,ml,multiclass_ml,test_accuracy,0.0248493580147624,rbf_kernel_ridge_numpy,rbf_kernel_ridge_numpy,6,18.307871580007486,736.7543084666905,0.984375,0.59375,0.390625,4096,1536,1024,256,strongnative_8node_large128c0c31_20260704060009_c17,18.566978199000005,17,256,4,3,digits,"0,1,2",sklearn_digits,2,21,1,,4,chordal,7,tfim,auto,4,4,data/raw/perlmutter/practical_suite_sweep/practical_strongnative_8node_large128c0c31_20260704060009_c17_ml_digits_c0v1v2_256s_4q_d2_r0_seed17.json,ok
practical_strongnative_8node_large128c0c31_20260704060009_c17_ml_digits_c0v1v2_256s_4q_d2_r0_seed23.json,ml,multiclass_ml,test_accuracy,0.002084410982206464,knn_numpy,knn_numpy,6,7.324718163989019,3514.0470024943934,1.0,0.671875,0.328125,4096,1536,1024,256,strongnative_8node_large128c0c31_20260704060009_c17,7.459431061986834,23,256,4,3,digits,"0,1,2",sklearn_digits,2,21,1,,4,chordal,7,tfim,auto,4,4,data/raw/perlmutter/practical_suite_sweep/practical_strongnative_8node_large128c0c31_20260704060009_c17_ml_digits_c0v1v2_256s_4q_d2_r0_seed23.json,ok
practical_strongnative_8node_large128c0c31_20260704060009_c17_ml_digits_c0v1v2_256s_4q_d2_r0_seed31.json,ml,multiclass_ml,test_accuracy,0.00015489902580156922,nearest_centroid_numpy,nearest_centroid_numpy,6,6.923663735971786,44697.91659530014,0.984375,0.71875,0.265625,4096,1536,1024,256,strongnative_8node_large128c0c31_20260704060009_c17,7.047105210018344,31,256,4,3,digits,"0,1,2",sklearn_digits,2,21,1,,4,chordal,7,tfim,auto,4,4,data/raw/perlmutter/practical_suite_sweep/practical_strongnative_8node_large128c0c31_20260704060009_c17_ml_digits_c0v1v2_256s_4q_d2_r0_seed31.json,ok
practical_strongnative_8node_large128c0c31_20260704060009_c17_ml_digits_c0v1v2_256s_4q_d2_r0_seed43.json,ml,multiclass_ml,test_accuracy,0.0020631609950214624,knn_numpy,knn_numpy,6,6.794814659981057,3293.4001158306955,1.0,0.59375,0.40625,4096,1536,1024,256,strongnative_8node_large128c0c31_20260704060009_c17,6.92701628501527,43,256,4,3,digits,"0,1,2",sklearn_digits,2,21,1,,4,chordal,7,tfim,auto,4,4,data/raw/perlmutter/practical_suite_sweep/practical_strongnative_8node_large128c0c31_20260704060009_c17_ml_digits_c0v1v2_256s_4q_d2_r0_seed43.json,ok
practical_strongnative_8node_large128c0c31_20260704060009_c17_ml_digits_c0v1v2_256s_4q_d2_r1_seed1017.json,ml,multiclass_ml,test_accuracy,0.013490858022123575,softmax_regression_numpy,softmax_regression_numpy,6,6.787969452969264,503.1532791937855,1.0,0.8125,0.1875,4096,1536,1024,256,strongnative_8node_large128c0c31_20260704060009_c17,6.915507230034564,1017,256,4,3,digits,"0,1,2",sklearn_digits,2,21,1,,4,chordal,7,tfim,auto,4,4,data/raw/perlmutter/practical_suite_sweep/practical_strongnative_8node_large128c0c31_20260704060009_c17_ml_digits_c0v1v2_256s_4q_d2_r1_seed1017.json,ok
practical_strongnative_8node_large128c0c31_20260704060009_c17_ml_digits_c0v1v2_256s_4q_d2_r1_seed1023.json,ml,multiclass_ml,test_accuracy,0.0001498389756307006,linear_ridge_numpy,linear_ridge_numpy,6,6.71695762098534,44827.83997095813,1.0,0.59375,0.40625,4096,1536,1024,256,strongnative_8node_large128c0c31_20260704060009_c17,6.841001647990197,1023,256,4,3,digits,"0,1,2",sklearn_digits,2,21,1,,4,chordal,7,tfim,auto,4,4,data/raw/perlmutter/practical_suite_sweep/practical_strongnative_8node_large128c0c31_20260704060009_c17_ml_digits_c0v1v2_256s_4q_d2_r1_seed1023.json,ok
practical_strongnative_8node_large128c0c31_20260704060009_c17_ml_digits_c0v1v2_256s_4q_d2_r1_seed1031.json,ml,multiclass_ml,test_accuracy,0.00207051495090127,knn_numpy,knn_numpy,6,6.781524786027148,3275.2841427564836,1.0,0.609375,0.390625,4096,1536,1024,256,strongnative_8node_large128c0c31_20260704060009_c17,6.905081168981269,1031,256,4,3,digits,"0,1,2",sklearn_digits,2,21,1,,4,chordal,7,tfim,auto,4,4,data/raw/perlmutter/practical_suite_sweep/practical_strongnative_8node_large128c0c31_20260704060009_c17_ml_digits_c0v1v2_256s_4q_d2_r1_seed1031.json,ok
practical_strongnative_8node_large128c0c31_20260704060009_c17_ml_digits_c0v1v2_256s_4q_d2_r1_seed1043.json,ml,multiclass_ml,test_accuracy,0.00015042995801195502,linear_ridge_numpy,linear_ridge_numpy,6,6.780000831000507,45070.81515280144,1.0,0.703125,0.296875,4096,1536,1024,256,strongnative_8node_large128c0c31_20260704060009_c17,6.903692854975816,1043,256,4,3,digits,"0,1,2",sklearn_digits,2,21,1,,4,chordal,7,tfim,auto,4,4,data/raw/perlmutter/practical_suite_sweep/practical_strongnative_8node_large128c0c31_20260704060009_c17_ml_digits_c0v1v2_256s_4q_d2_r1_seed1043.json,ok
practical_strongnative_8node_large128c0c31_20260704060009_c17_ml_digits_c0v1v2_256s_4q_d2_r2_seed2017.json,ml,multiclass_ml,test_accuracy,0.00015254400204867125,nearest_centroid_numpy,nearest_centroid_numpy,6,6.639817168004811,43527.22544860392,1.0,0.765625,0.234375,4096,1536,1024,256,strongnative_8node_large128c0c31_20260704060009_c17,6.7656198010081425,2017,256,4,3,digits,"0,1,2",sklearn_digits,2,21,1,,4,chordal,7,tfim,auto,4,4,data/raw/perlmutter/practical_suite_sweep/practical_strongnative_8node_large128c0c31_20260704060009_c17_ml_digits_c0v1v2_256s_4q_d2_r2_seed2017.json,ok
practical_strongnative_8node_large128c0c31_20260704060009_c17_ml_digits_c0v1v2_256s_4q_d2_r2_seed2023.json,ml,multiclass_ml,test_accuracy,0.002101093006785959,knn_numpy,knn_numpy,6,6.605204691004474,3143.6993363318325,1.0,0.671875,0.328125,4096,1536,1024,256,strongnative_8node_large128c0c31_20260704060009_c17,6.728751425049268,2023,256,4,3,digits,"0,1,2",sklearn_digits,2,21,1,,4,chordal,7,tfim,auto,4,4,data/raw/perlmutter/practical_suite_sweep/practical_strongnative_8node_large128c0c31_20260704060009_c17_ml_digits_c0v1v2_256s_4q_d2_r2_seed2023.json,ok
practical_strongnative_8node_large128c0c31_20260704060009_c17_ml_digits_c0v1v2_256s_4q_d2_r2_seed2031.json,ml,multiclass_ml,test_accuracy,0.0021034569945186377,knn_numpy,knn_numpy,6,6.837147583020851,3250.433738763215,0.984375,0.6875,0.296875,4096,1536,1024,256,strongnative_8node_large128c0c31_20260704060009_c17,6.96143976401072,2031,256,4,3,digits,"0,1,2",sklearn_digits,2,21,1,,4,chordal,7,tfim,auto,4,4,data/raw/perlmutter/practical_suite_sweep/practical_strongnative_8node_large128c0c31_20260704060009_c17_ml_digits_c0v1v2_256s_4q_d2_r2_seed2031.json,ok
practical_strongnative_8node_large128c0c31_20260704060009_c17_ml_digits_c0v1v2_256s_4q_d2_r2_seed2043.json,ml,multiclass_ml,test_accuracy,0.00015241402434185147,linear_ridge_numpy,linear_ridge_numpy,6,6.5258055059821345,42816.306007020175,1.0,0.6875,0.3125,4096,1536,1024,256,strongnative_8node_large128c0c31_20260704060009_c17,6.649900718010031,2043,256,4,3,digits,"0,1,2",sklearn_digits,2,21,1,,4,chordal,7,tfim,auto,4,4,data/raw/perlmutter/practical_suite_sweep/practical_strongnative_8node_large128c0c31_20260704060009_c17_ml_digits_c0v1v2_256s_4q_d2_r2_seed2043.json,ok
practical_strongnative_8node_large128c0c31_20260704060009_c17_ml_digits_c0v1v2_256s_4q_d2_r3_seed3017.json,ml,multiclass_ml,test_accuracy,0.00015117099974304438,linear_ridge_numpy,linear_ridge_numpy,6,6.372872287989594,42156.71192769776,0.984375,0.765625,0.21875,4096,1536,1024,256,strongnative_8node_large128c0c31_20260704060009_c17,6.503574244037736,3017,256,4,3,digits,"0,1,2",sklearn_digits,2,21,1,,4,chordal,7,tfim,auto,4,4,data/raw/perlmutter/practical_suite_sweep/practical_strongnative_8node_large128c0c31_20260704060009_c17_ml_digits_c0v1v2_256s_4q_d2_r3_seed3017.json,ok
practical_strongnative_8node_large128c0c31_20260704060009_c17_ml_digits_c0v1v2_256s_4q_d2_r3_seed3023.json,ml,multiclass_ml,test_accuracy,0.013512253994122148,softmax_regression_numpy,softmax_regression_numpy,6,6.632209232018795,490.8292306304941,1.0,0.765625,0.234375,4096,1536,1024,256,strongnative_8node_large128c0c31_20260704060009_c17,6.780822505999822,3023,256,4,3,digits,"0,1,2",sklearn_digits,2,21,1,,4,chordal,7,tfim,auto,4,4,data/raw/perlmutter/practical_suite_sweep/practical_strongnative_8node_large128c0c31_20260704060009_c17_ml_digits_c0v1v2_256s_4q_d2_r3_seed3023.json,ok
practical_strongnative_8node_large128c0c31_20260704060009_c17_ml_digits_c0v1v2_256s_4q_d2_r3_seed3031.json,ml,multiclass_ml,test_accuracy,0.00015014997916296124,nearest_centroid_numpy,nearest_centroid_numpy,6,6.721887746010907,44767.82336889629,1.0,0.671875,0.328125,4096,1536,1024,256,strongnative_8node_large128c0c31_20260704060009_c17,6.846478060993832,3031,256,4,3,digits,"0,1,2",sklearn_digits,2,21,1,,4,chordal,7,tfim,auto,4,4,data/raw/perlmutter/practical_suite_sweep/practical_strongnative_8node_large128c0c31_20260704060009_c17_ml_digits_c0v1v2_256s_4q_d2_r3_seed3031.json,ok
practical_strongnative_8node_large128c0c31_20260704060009_c17_ml_digits_c0v1v2_256s_4q_d2_r3_seed3043.json,ml,multiclass_ml,test_accuracy,0.0020826279651373625,knn_numpy,knn_numpy,6,6.9059965729829855,3316.0010758462527,1.0,0.71875,0.28125,4096,1536,1024,256,strongnative_8node_large128c0c31_20260704060009_c17,7.029859096975997,3043,256,4,3,digits,"0,1,2",sklearn_digits,2,21,1,,4,chordal,7,tfim,auto,4,4,data/raw/perlmutter/practical_suite_sweep/practical_strongnative_8node_large128c0c31_20260704060009_c17_ml_digits_c0v1v2_256s_4q_d2_r3_seed3043.json,ok
practical_strongnative_8node_large128c0c31_20260704060009_c17_qaoa_chordal_5n_grid9_r1_seed1031.json,optimization,optimization_qaoa,approximation_ratio,6.204895908012986e-05,exact_enumeration_numpy,,4,6.347470904001966,102297.78223684395,6,4.469198918953913,0.2551335135076811,1377,1134,405,81,strongnative_8node_large128c0c31_20260704060009_c17,6.369354509981349,1031,72,4,3,synthetic,"0,1,2",,1,21,1,,5,chordal,9,tfim,auto,4,4,data/raw/perlmutter/practical_suite_sweep/practical_strongnative_8node_large128c0c31_20260704060009_c17_qaoa_chordal_5n_grid9_r1_seed1031.json,ok
practical_strongnative_8node_large128c0c31_20260704060009_c17_qaoa_chordal_5n_grid9_r3_seed3031.json,optimization,optimization_qaoa,approximation_ratio,6.232102168723941e-05,exact_enumeration_numpy,,4,6.721253945026547,107848.90496111303,6,4.469198918953913,0.2551335135076811,1377,1134,405,81,strongnative_8node_large128c0c31_20260704060009_c17,6.746521296969149,3031,72,4,3,synthetic,"0,1,2",,1,21,1,,5,chordal,9,tfim,auto,4,4,data/raw/perlmutter/practical_suite_sweep/practical_strongnative_8node_large128c0c31_20260704060009_c17_qaoa_chordal_5n_grid9_r3_seed3031.json,ok
practical_strongnative_8node_large128c0c31_20260704060009_c17_qaoa_ladder_6n_grid9_r0_seed43.json,optimization,optimization_qaoa,approximation_ratio,2.473796484991908e-05,greedy_assignment_numpy,,4,6.489709791960195,262338.0634313345,7,5.030330085889901,0.28138141630144275,1539,1134,486,81,strongnative_8node_large128c0c31_20260704060009_c17,6.512123600987252,43,72,4,3,synthetic,"0,1,2",,1,21,1,,6,ladder,9,tfim,auto,4,4,data/raw/perlmutter/practical_suite_sweep/practical_strongnative_8node_large128c0c31_20260704060009_c17_qaoa_ladder_6n_grid9_r0_seed43.json,ok
practical_strongnative_8node_large128c0c31_20260704060009_c17_qaoa_ladder_6n_grid9_r2_seed2043.json,optimization,optimization_qaoa,approximation_ratio,2.4828012101352215e-05,greedy_assignment_numpy,,4,7.00523718300974,282150.54650421295,7,5.030330085889901,0.28138141630144275,1539,1134,486,81,strongnative_8node_large128c0c31_20260704060009_c17,7.027382443950046,2043,72,4,3,synthetic,"0,1,2",,1,21,1,,6,ladder,9,tfim,auto,4,4,data/raw/perlmutter/practical_suite_sweep/practical_strongnative_8node_large128c0c31_20260704060009_c17_qaoa_ladder_6n_grid9_r2_seed2043.json,ok
practical_strongnative_8node_large128c0c31_20260704060009_c17_qaoa_ring_4n_grid9_r0_seed23.json,optimization,optimization_qaoa,approximation_ratio,1.663196599110961e-05,greedy_assignment_numpy,,4,6.593367451976519,396427.42508618126,4,2.999999999999998,0.25000000000000056,972,648,324,81,strongnative_8node_large128c0c31_20260704060009_c17,6.615095657994971,23,72,4,3,synthetic,"0,1,2",,1,21,1,,4,ring,9,tfim,auto,4,4,data/raw/perlmutter/practical_suite_sweep/practical_strongnative_8node_large128c0c31_20260704060009_c17_qaoa_ring_4n_grid9_r0_seed23.json,ok
practical_strongnative_8node_large128c0c31_20260704060009_c17_qaoa_ring_4n_grid9_r2_seed2023.json,optimization,optimization_qaoa,approximation_ratio,1.5910016372799873e-05,greedy_assignment_numpy,,4,6.434701413032599,404443.4186776521,4,2.999999999999998,0.25000000000000056,972,648,324,81,strongnative_8node_large128c0c31_20260704060009_c17,6.4598484259913675,2023,72,4,3,synthetic,"0,1,2",,1,21,1,,4,ring,9,tfim,auto,4,4,data/raw/perlmutter/practical_suite_sweep/practical_strongnative_8node_large128c0c31_20260704060009_c17_qaoa_ring_4n_grid9_r2_seed2023.json,ok
practical_strongnative_8node_large128c0c31_20260704060009_c17_sim_heisenberg_4q_6steps_r0_seed23.json,simulation,hamiltonian_simulation,absolute_observable_error,0.0004668499459512532,exact_dense_eigendecomposition_numpy,,0,6.766305778000969,14493.53445723111,0.05328055679997454,-0.09809448856243674,0.15137504536241128,224,108,4,1,strongnative_8node_large128c0c31_20260704060009_c17,6.776486735965591,23,72,4,3,synthetic,"0,1,2",,1,21,1,,4,chordal,7,heisenberg,auto,4,6,data/raw/perlmutter/practical_suite_sweep/practical_strongnative_8node_large128c0c31_20260704060009_c17_sim_heisenberg_4q_6steps_r0_seed23.json,ok
practical_strongnative_8node_large128c0c31_20260704060009_c17_sim_heisenberg_4q_6steps_r1_seed1023.json,simulation,hamiltonian_simulation,absolute_observable_error,0.00043540901970118284,exact_dense_eigendecomposition_numpy,,0,6.428282612003386,14763.77916198212,0.05328055679997454,-0.09809448856243674,0.15137504536241128,224,108,4,1,strongnative_8node_large128c0c31_20260704060009_c17,6.436614594014827,1023,72,4,3,synthetic,"0,1,2",,1,21,1,,4,chordal,7,heisenberg,auto,4,6,data/raw/perlmutter/practical_suite_sweep/practical_strongnative_8node_large128c0c31_20260704060009_c17_sim_heisenberg_4q_6steps_r1_seed1023.json,ok
practical_strongnative_8node_large128c0c31_20260704060009_c17_sim_heisenberg_4q_6steps_r2_seed2023.json,simulation,hamiltonian_simulation,absolute_observable_error,0.00044507801067084074,exact_dense_eigendecomposition_numpy,,0,6.505785258021206,14617.179689950097,0.05328055679997454,-0.09809448856243674,0.15137504536241128,224,108,4,1,strongnative_8node_large128c0c31_20260704060009_c17,6.515729799983092,2023,72,4,3,synthetic,"0,1,2",,1,21,1,,4,chordal,7,heisenberg,auto,4,6,data/raw/perlmutter/practical_suite_sweep/practical_strongnative_8node_large128c0c31_20260704060009_c17_sim_heisenberg_4q_6steps_r2_seed2023.json,ok
practical_strongnative_8node_large128c0c31_20260704060009_c17_sim_heisenberg_4q_6steps_r3_seed3023.json,simulation,hamiltonian_simulation,absolute_observable_error,0.00043784495210275054,exact_dense_eigendecomposition_numpy,,0,6.65635496302275,15202.539006229495,0.05328055679997454,-0.09809448856243674,0.15137504536241128,224,108,4,1,strongnative_8node_large128c0c31_20260704060009_c17,6.670459991029929,3023,72,4,3,synthetic,"0,1,2",,1,21,1,,4,chordal,7,heisenberg,auto,4,6,data/raw/perlmutter/practical_suite_sweep/practical_strongnative_8node_large128c0c31_20260704060009_c17_sim_heisenberg_4q_6steps_r3_seed3023.json,ok
practical_strongnative_8node_large128c0c31_20260704060009_c18_chem_4q_l1_grid17_r2_seed2031.json,chemistry,chemistry_vqe,absolute_energy_error,0.00017926603322848678,exact_diagonalization_numpy,,0,6.782100923010148,37832.60443078973,-1.705732892552902,-1.072390840602129,0.6333420519507731,296,111,148,37,strongnative_8node_large128c0c31_20260704060009_c18,6.790095806994941,2031,72,4,3,synthetic,"0,1,2",,1,17,1,benchmarks/workloads/hamiltonians/molecular_chain_4q.json,4,chordal,7,tfim,auto,4,4,data/raw/perlmutter/practical_suite_sweep/practical_strongnative_8node_large128c0c31_20260704060009_c18_chem_4q_l1_grid17_r2_seed2031.json,ok
practical_strongnative_8node_large128c0c31_20260704060009_c18_chem_4q_l1_grid9_r0_seed23.json,chemistry,chemistry_vqe,absolute_energy_error,0.00019830296514555812,exact_diagonalization_numpy,,0,6.6322415950126015,33444.99458262972,-1.705732892552902,-1.2281036714213251,0.4776292211315769,168,63,84,21,strongnative_8node_large128c0c31_20260704060009_c18,6.6477654129848816,23,72,4,3,synthetic,"0,1,2",,1,9,1,benchmarks/workloads/hamiltonians/molecular_chain_4q.json,4,chordal,7,tfim,auto,4,4,data/raw/perlmutter/practical_suite_sweep/practical_strongnative_8node_large128c0c31_20260704060009_c18_chem_4q_l1_grid9_r0_seed23.json,ok
practical_strongnative_8node_large128c0c31_20260704060009_c18_ml_digits_c0v1v2_256s_6q_d1_r0_seed17.json,ml,multiclass_ml,test_accuracy,0.00037923199124634266,nearest_centroid_numpy,nearest_centroid_numpy,6,18.29389812098816,48239.33250163158,1.0,0.765625,0.234375,3072,1280,1536,256,strongnative_8node_large128c0c31_20260704060009_c18,18.555333332973532,17,256,6,3,digits,"0,1,2",sklearn_digits,1,21,1,,4,chordal,7,tfim,auto,4,4,data/raw/perlmutter/practical_suite_sweep/practical_strongnative_8node_large128c0c31_20260704060009_c18_ml_digits_c0v1v2_256s_6q_d1_r0_seed17.json,ok
practical_strongnative_8node_large128c0c31_20260704060009_c18_ml_digits_c0v1v2_256s_6q_d1_r0_seed23.json,ml,multiclass_ml,test_accuracy,0.014362709014676511,softmax_regression_numpy,softmax_regression_numpy,6,7.067087930976413,492.04421838212556,1.0,0.71875,0.28125,3072,1280,1536,256,strongnative_8node_large128c0c31_20260704060009_c18,7.213301339012105,23,256,6,3,digits,"0,1,2",sklearn_digits,1,21,1,,4,chordal,7,tfim,auto,4,4,data/raw/perlmutter/practical_suite_sweep/practical_strongnative_8node_large128c0c31_20260704060009_c18_ml_digits_c0v1v2_256s_6q_d1_r0_seed23.json,ok
practical_strongnative_8node_large128c0c31_20260704060009_c18_ml_digits_c0v1v2_256s_6q_d1_r0_seed31.json,ml,multiclass_ml,test_accuracy,0.00015328603330999613,nearest_centroid_numpy,nearest_centroid_numpy,6,6.809712191985454,44424.8705830486,0.984375,0.890625,0.09375,3072,1280,1536,256,strongnative_8node_large128c0c31_20260704060009_c18,6.9353325290139765,31,256,6,3,digits,"0,1,2",sklearn_digits,1,21,1,,4,chordal,7,tfim,auto,4,4,data/raw/perlmutter/practical_suite_sweep/practical_strongnative_8node_large128c0c31_20260704060009_c18_ml_digits_c0v1v2_256s_6q_d1_r0_seed31.json,ok
practical_strongnative_8node_large128c0c31_20260704060009_c18_ml_digits_c0v1v2_256s_6q_d1_r0_seed43.json,ml,multiclass_ml,test_accuracy,0.0020852930028922856,knn_numpy,knn_numpy,6,6.698094178980682,3212.063805753185,1.0,0.765625,0.234375,3072,1280,1536,256,strongnative_8node_large128c0c31_20260704060009_c18,6.825876397022512,43,256,6,3,digits,"0,1,2",sklearn_digits,1,21,1,,4,chordal,7,tfim,auto,4,4,data/raw/perlmutter/practical_suite_sweep/practical_strongnative_8node_large128c0c31_20260704060009_c18_ml_digits_c0v1v2_256s_6q_d1_r0_seed43.json,ok
practical_strongnative_8node_large128c0c31_20260704060009_c18_ml_digits_c0v1v2_256s_6q_d1_r1_seed1017.json,ml,multiclass_ml,test_accuracy,0.013680333970114589,softmax_regression_numpy,softmax_regression_numpy,6,6.981710285006557,510.34647986361085,1.0,0.75,0.25,3072,1280,1536,256,strongnative_8node_large128c0c31_20260704060009_c18,7.107810897985473,1017,256,6,3,digits,"0,1,2",sklearn_digits,1,21,1,,4,chordal,7,tfim,auto,4,4,data/raw/perlmutter/practical_suite_sweep/practical_strongnative_8node_large128c0c31_20260704060009_c18_ml_digits_c0v1v2_256s_6q_d1_r1_seed1017.json,ok
practical_strongnative_8node_large128c0c31_20260704060009_c18_ml_digits_c0v1v2_256s_6q_d1_r1_seed1023.json,ml,multiclass_ml,test_accuracy,0.0001562309917062521,nearest_centroid_numpy,nearest_centroid_numpy,6,6.938195221009664,44409.852009740585,1.0,0.78125,0.21875,3072,1280,1536,256,strongnative_8node_large128c0c31_20260704060009_c18,7.064314129995182,1023,256,6,3,digits,"0,1,2",sklearn_digits,1,21,1,,4,chordal,7,tfim,auto,4,4,data/raw/perlmutter/practical_suite_sweep/practical_strongnative_8node_large128c0c31_20260704060009_c18_ml_digits_c0v1v2_256s_6q_d1_r1_seed1023.json,ok
practical_strongnative_8node_large128c0c31_20260704060009_c18_ml_digits_c0v1v2_256s_6q_d1_r1_seed1031.json,ml,multiclass_ml,test_accuracy,0.002088148961775005,knn_numpy,knn_numpy,6,6.5991951250471175,3160.3086014694827,1.0,0.734375,0.265625,3072,1280,1536,256,strongnative_8node_large128c0c31_20260704060009_c18,6.72380111401435,1031,256,6,3,digits,"0,1,2",sklearn_digits,1,21,1,,4,chordal,7,tfim,auto,4,4,data/raw/perlmutter/practical_suite_sweep/practical_strongnative_8node_large128c0c31_20260704060009_c18_ml_digits_c0v1v2_256s_6q_d1_r1_seed1031.json,ok
practical_strongnative_8node_large128c0c31_20260704060009_c18_ml_digits_c0v1v2_256s_6q_d1_r1_seed1043.json,ml,multiclass_ml,test_accuracy,0.00015693297609686852,nearest_centroid_numpy,nearest_centroid_numpy,6,6.67659922799794,42544.2720456454,1.0,0.671875,0.328125,3072,1280,1536,256,strongnative_8node_large128c0c31_20260704060009_c18,6.803389495995361,1043,256,6,3,digits,"0,1,2",sklearn_digits,1,21,1,,4,chordal,7,tfim,auto,4,4,data/raw/perlmutter/practical_suite_sweep/practical_strongnative_8node_large128c0c31_20260704060009_c18_ml_digits_c0v1v2_256s_6q_d1_r1_seed1043.json,ok
practical_strongnative_8node_large128c0c31_20260704060009_c18_ml_digits_c0v1v2_256s_6q_d1_r2_seed2017.json,ml,multiclass_ml,test_accuracy,0.0021073250100016594,knn_numpy,knn_numpy,6,6.690465203020722,3174.8615762954637,1.0,0.703125,0.296875,3072,1280,1536,256,strongnative_8node_large128c0c31_20260704060009_c18,6.820195935026277,2017,256,6,3,digits,"0,1,2",sklearn_digits,1,21,1,,4,chordal,7,tfim,auto,4,4,data/raw/perlmutter/practical_suite_sweep/practical_strongnative_8node_large128c0c31_20260704060009_c18_ml_digits_c0v1v2_256s_6q_d1_r2_seed2017.json,ok
practical_strongnative_8node_large128c0c31_20260704060009_c18_ml_digits_c0v1v2_256s_6q_d1_r2_seed2023.json,ml,multiclass_ml,test_accuracy,0.0021256000036373734,knn_numpy,knn_numpy,6,6.815614076971542,3206.4424469836817,1.0,0.734375,0.265625,3072,1280,1536,256,strongnative_8node_large128c0c31_20260704060009_c18,6.9419069470022805,2023,256,6,3,digits,"0,1,2",sklearn_digits,1,21,1,,4,chordal,7,tfim,auto,4,4,data/raw/perlmutter/practical_suite_sweep/practical_strongnative_8node_large128c0c31_20260704060009_c18_ml_digits_c0v1v2_256s_6q_d1_r2_seed2023.json,ok
practical_strongnative_8node_large128c0c31_20260704060009_c18_ml_digits_c0v1v2_256s_6q_d1_r2_seed2031.json,ml,multiclass_ml,test_accuracy,0.0020999599946662784,knn_numpy,knn_numpy,6,6.717098236957099,3198.67914342081,1.0,0.71875,0.28125,3072,1280,1536,256,strongnative_8node_large128c0c31_20260704060009_c18,6.8432407970540226,2031,256,6,3,digits,"0,1,2",sklearn_digits,1,21,1,,4,chordal,7,tfim,auto,4,4,data/raw/perlmutter/practical_suite_sweep/practical_strongnative_8node_large128c0c31_20260704060009_c18_ml_digits_c0v1v2_256s_6q_d1_r2_seed2031.json,ok
practical_strongnative_8node_large128c0c31_20260704060009_c18_ml_digits_c0v1v2_256s_6q_d1_r2_seed2043.json,ml,multiclass_ml,test_accuracy,0.00017106998711824417,linear_ridge_numpy,linear_ridge_numpy,6,6.606287150003482,38617.45278227673,1.0,0.796875,0.203125,3072,1280,1536,256,strongnative_8node_large128c0c31_20260704060009_c18,6.732758985017426,2043,256,6,3,digits,"0,1,2",sklearn_digits,1,21,1,,4,chordal,7,tfim,auto,4,4,data/raw/perlmutter/practical_suite_sweep/practical_strongnative_8node_large128c0c31_20260704060009_c18_ml_digits_c0v1v2_256s_6q_d1_r2_seed2043.json,ok
practical_strongnative_8node_large128c0c31_20260704060009_c18_ml_digits_c0v1v2_256s_6q_d1_r3_seed3017.json,ml,multiclass_ml,test_accuracy,0.01365695201093331,softmax_regression_numpy,softmax_regression_numpy,6,6.738439692009706,493.40729077872805,1.0,0.75,0.25,3072,1280,1536,256,strongnative_8node_large128c0c31_20260704060009_c18,6.8667979869642295,3017,256,6,3,digits,"0,1,2",sklearn_digits,1,21,1,,4,chordal,7,tfim,auto,4,4,data/raw/perlmutter/practical_suite_sweep/practical_strongnative_8node_large128c0c31_20260704060009_c18_ml_digits_c0v1v2_256s_6q_d1_r3_seed3017.json,ok
practical_strongnative_8node_large128c0c31_20260704060009_c18_ml_digits_c0v1v2_256s_6q_d1_r3_seed3023.json,ml,multiclass_ml,test_accuracy,0.013922636047936976,softmax_regression_numpy,softmax_regression_numpy,6,6.53902859200025,469.6688593658374,1.0,0.75,0.25,3072,1280,1536,256,strongnative_8node_large128c0c31_20260704060009_c18,6.6756894120480865,3023,256,6,3,digits,"0,1,2",sklearn_digits,1,21,1,,4,chordal,7,tfim,auto,4,4,data/raw/perlmutter/practical_suite_sweep/practical_strongnative_8node_large128c0c31_20260704060009_c18_ml_digits_c0v1v2_256s_6q_d1_r3_seed3023.json,ok
practical_strongnative_8node_large128c0c31_20260704060009_c18_ml_digits_c0v1v2_256s_6q_d1_r3_seed3031.json,ml,multiclass_ml,test_accuracy,0.00015757395885884762,nearest_centroid_numpy,nearest_centroid_numpy,6,6.7774578260141425,43011.2810206494,1.0,0.84375,0.15625,3072,1280,1536,256,strongnative_8node_large128c0c31_20260704060009_c18,6.903592691000085,3031,256,6,3,digits,"0,1,2",sklearn_digits,1,21,1,,4,chordal,7,tfim,auto,4,4,data/raw/perlmutter/practical_suite_sweep/practical_strongnative_8node_large128c0c31_20260704060009_c18_ml_digits_c0v1v2_256s_6q_d1_r3_seed3031.json,ok
practical_strongnative_8node_large128c0c31_20260704060009_c18_ml_digits_c0v1v2_256s_6q_d1_r3_seed3043.json,ml,multiclass_ml,test_accuracy,0.01406531099928543,rbf_kernel_ridge_numpy,rbf_kernel_ridge_numpy,6,6.796033199992962,483.1768881852826,1.0,0.765625,0.234375,3072,1280,1536,256,strongnative_8node_large128c0c31_20260704060009_c18,6.921374886005651,3043,256,6,3,digits,"0,1,2",sklearn_digits,1,21,1,,4,chordal,7,tfim,auto,4,4,data/raw/perlmutter/practical_suite_sweep/practical_strongnative_8node_large128c0c31_20260704060009_c18_ml_digits_c0v1v2_256s_6q_d1_r3_seed3043.json,ok
practical_strongnative_8node_large128c0c31_20260704060009_c18_qaoa_chordal_5n_grid11_r1_seed1031.json,optimization,optimization_qaoa,approximation_ratio,6.241095252335072e-05,exact_enumeration_numpy,,4,6.4628490040195175,103553.12237225474,6,4.589396242968677,0.2351006261718872,2057,1694,605,121,strongnative_8node_large128c0c31_20260704060009_c18,6.484563784964848,1031,72,4,3,synthetic,"0,1,2",,1,21,1,,5,chordal,11,tfim,auto,4,4,data/raw/perlmutter/practical_suite_sweep/practical_strongnative_8node_large128c0c31_20260704060009_c18_qaoa_chordal_5n_grid11_r1_seed1031.json,ok
practical_strongnative_8node_large128c0c31_20260704060009_c18_qaoa_chordal_5n_grid11_r3_seed3031.json,optimization,optimization_qaoa,approximation_ratio,6.100797327235341e-05,exact_enumeration_numpy,,4,6.436937001009937,105509.76627717155,6,4.589396242968677,0.2351006261718872,2057,1694,605,121,strongnative_8node_large128c0c31_20260704060009_c18,6.458622613979969,3031,72,4,3,synthetic,"0,1,2",,1,21,1,,5,chordal,11,tfim,auto,4,4,data/raw/perlmutter/practical_suite_sweep/practical_strongnative_8node_large128c0c31_20260704060009_c18_qaoa_chordal_5n_grid11_r3_seed3031.json,ok
practical_strongnative_8node_large128c0c31_20260704060009_c18_qaoa_ladder_6n_grid11_r0_seed43.json,optimization,optimization_qaoa,approximation_ratio,2.5818997528403997e-05,greedy_assignment_numpy,,4,6.4006262280163355,247903.74688153085,7,4.9533305565233725,0.29238134906808966,2299,1694,726,121,strongnative_8node_large128c0c31_20260704060009_c18,6.425219551951159,43,72,4,3,synthetic,"0,1,2",,1,21,1,,6,ladder,11,tfim,auto,4,4,data/raw/perlmutter/practical_suite_sweep/practical_strongnative_8node_large128c0c31_20260704060009_c18_qaoa_ladder_6n_grid11_r0_seed43.json,ok
practical_strongnative_8node_large128c0c31_20260704060009_c18_qaoa_ladder_6n_grid11_r2_seed2043.json,optimization,optimization_qaoa,approximation_ratio,2.4938024580478668e-05,greedy_assignment_numpy,,4,6.716333069023676,269320.9739748665,7,4.9533305565233725,0.29238134906808966,2299,1694,726,121,strongnative_8node_large128c0c31_20260704060009_c18,6.738758950959891,2043,72,4,3,synthetic,"0,1,2",,1,21,1,,6,ladder,11,tfim,auto,4,4,data/raw/perlmutter/practical_suite_sweep/practical_strongnative_8node_large128c0c31_20260704060009_c18_qaoa_ladder_6n_grid11_r2_seed2043.json,ok
practical_strongnative_8node_large128c0c31_20260704060009_c18_qaoa_ring_4n_grid11_r0_seed23.json,optimization,optimization_qaoa,approximation_ratio,1.668202457949519e-05,greedy_assignment_numpy,,4,6.426693714980502,385246.62785114883,4,2.904508497187473,0.2738728757031318,1452,968,484,121,strongnative_8node_large128c0c31_20260704060009_c18,6.448250871966593,23,72,4,3,synthetic,"0,1,2",,1,21,1,,4,ring,11,tfim,auto,4,4,data/raw/perlmutter/practical_suite_sweep/practical_strongnative_8node_large128c0c31_20260704060009_c18_qaoa_ring_4n_grid11_r0_seed23.json,ok
practical_strongnative_8node_large128c0c31_20260704060009_c18_qaoa_ring_4n_grid11_r2_seed2023.json,optimization,optimization_qaoa,approximation_ratio,1.649197656661272e-05,greedy_assignment_numpy,,4,6.383500338997692,387067.02700031764,4,2.904508497187473,0.2738728757031318,1452,968,484,121,strongnative_8node_large128c0c31_20260704060009_c18,6.405343829013873,2023,72,4,3,synthetic,"0,1,2",,1,21,1,,4,ring,11,tfim,auto,4,4,data/raw/perlmutter/practical_suite_sweep/practical_strongnative_8node_large128c0c31_20260704060009_c18_qaoa_ring_4n_grid11_r2_seed2023.json,ok
practical_strongnative_8node_large128c0c31_20260704060009_c18_sim_heisenberg_4q_8steps_r0_seed23.json,simulation,hamiltonian_simulation,absolute_observable_error,0.0004418320022523403,exact_dense_eigendecomposition_numpy,,0,6.446168611990288,14589.63719044673,0.05328055679997454,-0.08404486766654973,0.13732542446652427,298,144,4,1,strongnative_8node_large128c0c31_20260704060009_c18,6.453761529002804,23,72,4,3,synthetic,"0,1,2",,1,21,1,,4,chordal,7,heisenberg,auto,4,8,data/raw/perlmutter/practical_suite_sweep/practical_strongnative_8node_large128c0c31_20260704060009_c18_sim_heisenberg_4q_8steps_r0_seed23.json,ok
practical_strongnative_8node_large128c0c31_20260704060009_c18_sim_heisenberg_4q_8steps_r1_seed1023.json,simulation,hamiltonian_simulation,absolute_observable_error,0.0004780720337294042,exact_dense_eigendecomposition_numpy,,0,6.61308437801199,13832.819975734228,0.05328055679997454,-0.08404486766654973,0.13732542446652427,298,144,4,1,strongnative_8node_large128c0c31_20260704060009_c18,6.62054963799892,1023,72,4,3,synthetic,"0,1,2",,1,21,1,,4,chordal,7,heisenberg,auto,4,8,data/raw/perlmutter/practical_suite_sweep/practical_strongnative_8node_large128c0c31_20260704060009_c18_sim_heisenberg_4q_8steps_r1_seed1023.json,ok
practical_strongnative_8node_large128c0c31_20260704060009_c18_sim_heisenberg_4q_8steps_r2_seed2023.json,simulation,hamiltonian_simulation,absolute_observable_error,0.000438035000115633,exact_dense_eigendecomposition_numpy,,0,6.613187957962509,15097.396226823774,0.05328055679997454,-0.08404486766654973,0.13732542446652427,298,144,4,1,strongnative_8node_large128c0c31_20260704060009_c18,6.624018488975707,2023,72,4,3,synthetic,"0,1,2",,1,21,1,,4,chordal,7,heisenberg,auto,4,8,data/raw/perlmutter/practical_suite_sweep/practical_strongnative_8node_large128c0c31_20260704060009_c18_sim_heisenberg_4q_8steps_r2_seed2023.json,ok
practical_strongnative_8node_large128c0c31_20260704060009_c18_sim_heisenberg_4q_8steps_r3_seed3023.json,simulation,hamiltonian_simulation,absolute_observable_error,0.0004948040004819632,exact_dense_eigendecomposition_numpy,,0,6.741096731973812,13623.771686178074,0.05328055679997454,-0.08404486766654973,0.13732542446652427,298,144,4,1,strongnative_8node_large128c0c31_20260704060009_c18,6.752889950003009,3023,72,4,3,synthetic,"0,1,2",,1,21,1,,4,chordal,7,heisenberg,auto,4,8,data/raw/perlmutter/practical_suite_sweep/practical_strongnative_8node_large128c0c31_20260704060009_c18_sim_heisenberg_4q_8steps_r3_seed3023.json,ok
practical_strongnative_8node_large128c0c31_20260704060009_c19_chem_4q_l1_grid13_r0_seed23.json,chemistry,chemistry_vqe,absolute_energy_error,0.00017957697855308652,exact_diagonalization_numpy,,0,6.316427005978767,35173.92405681615,-1.705732892552902,-1.2281036714213251,0.4776292211315769,232,87,116,29,strongnative_8node_large128c0c31_20260704060009_c19,6.328855682979338,23,72,4,3,synthetic,"0,1,2",,1,13,1,benchmarks/workloads/hamiltonians/molecular_chain_4q.json,4,chordal,7,tfim,auto,4,4,data/raw/perlmutter/practical_suite_sweep/practical_strongnative_8node_large128c0c31_20260704060009_c19_chem_4q_l1_grid13_r0_seed23.json,ok
practical_strongnative_8node_large128c0c31_20260704060009_c19_chem_h2_l2_grid17_r2_seed2031.json,chemistry,chemistry_vqe,absolute_energy_error,0.0001551500172354281,exact_diagonalization_numpy,,0,6.965949281002395,44898.15344610699,-1.85727503020238,-1.8369679912029844,0.020307038999395566,296,74,74,37,strongnative_8node_large128c0c31_20260704060009_c19,6.974018427950796,2031,72,4,3,synthetic,"0,1,2",,1,17,2,,4,chordal,7,tfim,auto,4,4,data/raw/perlmutter/practical_suite_sweep/practical_strongnative_8node_large128c0c31_20260704060009_c19_chem_h2_l2_grid17_r2_seed2031.json,ok
practical_strongnative_8node_large128c0c31_20260704060009_c19_ml_digits_c0v1v2_256s_6q_d2_r0_seed17.json,ml,multiclass_ml,test_accuracy,0.0003024740144610405,nearest_centroid_numpy,nearest_centroid_numpy,6,18.32739229098661,60591.62577533492,1.0,0.6875,0.3125,6144,2560,1536,256,strongnative_8node_large128c0c31_20260704060009_c19,18.58418728999095,17,256,6,3,digits,"0,1,2",sklearn_digits,2,21,1,,4,chordal,7,tfim,auto,4,4,data/raw/perlmutter/practical_suite_sweep/practical_strongnative_8node_large128c0c31_20260704060009_c19_ml_digits_c0v1v2_256s_6q_d2_r0_seed17.json,ok
practical_strongnative_8node_large128c0c31_20260704060009_c19_ml_digits_c0v1v2_256s_6q_d2_r0_seed23.json,ml,multiclass_ml,test_accuracy,0.013829029980115592,softmax_regression_numpy,softmax_regression_numpy,6,7.524971177976113,544.1430952710404,1.0,0.765625,0.234375,6144,2560,1536,256,strongnative_8node_large128c0c31_20260704060009_c19,7.666530785034411,23,256,6,3,digits,"0,1,2",sklearn_digits,2,21,1,,4,chordal,7,tfim,auto,4,4,data/raw/perlmutter/practical_suite_sweep/practical_strongnative_8node_large128c0c31_20260704060009_c19_ml_digits_c0v1v2_256s_6q_d2_r0_seed23.json,ok
practical_strongnative_8node_large128c0c31_20260704060009_c19_ml_digits_c0v1v2_256s_6q_d2_r0_seed31.json,ml,multiclass_ml,test_accuracy,0.00015690200962126255,nearest_centroid_numpy,nearest_centroid_numpy,6,7.00516661797883,44646.761599091245,0.984375,0.765625,0.21875,6144,2560,1536,256,strongnative_8node_large128c0c31_20260704060009_c19,7.125880419043824,31,256,6,3,digits,"0,1,2",sklearn_digits,2,21,1,,4,chordal,7,tfim,auto,4,4,data/raw/perlmutter/practical_suite_sweep/practical_strongnative_8node_large128c0c31_20260704060009_c19_ml_digits_c0v1v2_256s_6q_d2_r0_seed31.json,ok
practical_strongnative_8node_large128c0c31_20260704060009_c19_ml_digits_c0v1v2_256s_6q_d2_r0_seed43.json,ml,multiclass_ml,test_accuracy,0.0021612600539810956,knn_numpy,knn_numpy,6,6.658203638973646,3080.7045300768254,1.0,0.5625,0.4375,6144,2560,1536,256,strongnative_8node_large128c0c31_20260704060009_c19,6.7840123400092125,43,256,6,3,digits,"0,1,2",sklearn_digits,2,21,1,,4,chordal,7,tfim,auto,4,4,data/raw/perlmutter/practical_suite_sweep/practical_strongnative_8node_large128c0c31_20260704060009_c19_ml_digits_c0v1v2_256s_6q_d2_r0_seed43.json,ok
practical_strongnative_8node_large128c0c31_20260704060009_c19_ml_digits_c0v1v2_256s_6q_d2_r1_seed1017.json,ml,multiclass_ml,test_accuracy,0.013858136022463441,softmax_regression_numpy,softmax_regression_numpy,6,6.682642537984066,482.2179928925355,1.0,0.796875,0.203125,6144,2560,1536,256,strongnative_8node_large128c0c31_20260704060009_c19,6.80829326400999,1017,256,6,3,digits,"0,1,2",sklearn_digits,2,21,1,,4,chordal,7,tfim,auto,4,4,data/raw/perlmutter/practical_suite_sweep/practical_strongnative_8node_large128c0c31_20260704060009_c19_ml_digits_c0v1v2_256s_6q_d2_r1_seed1017.json,ok
practical_strongnative_8node_large128c0c31_20260704060009_c19_ml_digits_c0v1v2_256s_6q_d2_r1_seed1023.json,ml,multiclass_ml,test_accuracy,0.00015447800979018211,nearest_centroid_numpy,nearest_centroid_numpy,6,6.8661359490361065,44447.33563283183,1.0,0.734375,0.265625,6144,2560,1536,256,strongnative_8node_large128c0c31_20260704060009_c19,6.995761152007617,1023,256,6,3,digits,"0,1,2",sklearn_digits,2,21,1,,4,chordal,7,tfim,auto,4,4,data/raw/perlmutter/practical_suite_sweep/practical_strongnative_8node_large128c0c31_20260704060009_c19_ml_digits_c0v1v2_256s_6q_d2_r1_seed1023.json,ok
practical_strongnative_8node_large128c0c31_20260704060009_c19_ml_digits_c0v1v2_256s_6q_d2_r1_seed1031.json,ml,multiclass_ml,test_accuracy,0.0021108529763296247,knn_numpy,knn_numpy,6,6.524835575022735,3091.0895491964548,1.0,0.515625,0.484375,6144,2560,1536,256,strongnative_8node_large128c0c31_20260704060009_c19,6.648515245004091,1031,256,6,3,digits,"0,1,2",sklearn_digits,2,21,1,,4,chordal,7,tfim,auto,4,4,data/raw/perlmutter/practical_suite_sweep/practical_strongnative_8node_large128c0c31_20260704060009_c19_ml_digits_c0v1v2_256s_6q_d2_r1_seed1031.json,ok
practical_strongnative_8node_large128c0c31_20260704060009_c19_ml_digits_c0v1v2_256s_6q_d2_r1_seed1043.json,ml,multiclass_ml,test_accuracy,0.00015578098827973008,nearest_centroid_numpy,nearest_centroid_numpy,6,6.887636663974263,44213.58947605591,1.0,0.671875,0.328125,6144,2560,1536,256,strongnative_8node_large128c0c31_20260704060009_c19,7.012985011970159,1043,256,6,3,digits,"0,1,2",sklearn_digits,2,21,1,,4,chordal,7,tfim,auto,4,4,data/raw/perlmutter/practical_suite_sweep/practical_strongnative_8node_large128c0c31_20260704060009_c19_ml_digits_c0v1v2_256s_6q_d2_r1_seed1043.json,ok
practical_strongnative_8node_large128c0c31_20260704060009_c19_ml_digits_c0v1v2_256s_6q_d2_r2_seed2017.json,ml,multiclass_ml,test_accuracy,0.0020969139877706766,knn_numpy,knn_numpy,6,6.561722346988972,3129.22818258513,1.0,0.78125,0.21875,6144,2560,1536,256,strongnative_8node_large128c0c31_20260704060009_c19,6.686616298975423,2017,256,6,3,digits,"0,1,2",sklearn_digits,2,21,1,,4,chordal,7,tfim,auto,4,4,data/raw/perlmutter/practical_suite_sweep/practical_strongnative_8node_large128c0c31_20260704060009_c19_ml_digits_c0v1v2_256s_6q_d2_r2_seed2017.json,ok
practical_strongnative_8node_large128c0c31_20260704060009_c19_ml_digits_c0v1v2_256s_6q_d2_r2_seed2023.json,ml,multiclass_ml,test_accuracy,0.00212751398794353,knn_numpy,knn_numpy,6,6.498623784980737,3054.562189394746,1.0,0.6875,0.3125,6144,2560,1536,256,strongnative_8node_large128c0c31_20260704060009_c19,6.625428741972428,2023,256,6,3,digits,"0,1,2",sklearn_digits,2,21,1,,4,chordal,7,tfim,auto,4,4,data/raw/perlmutter/practical_suite_sweep/practical_strongnative_8node_large128c0c31_20260704060009_c19_ml_digits_c0v1v2_256s_6q_d2_r2_seed2023.json,ok
practical_strongnative_8node_large128c0c31_20260704060009_c19_ml_digits_c0v1v2_256s_6q_d2_r2_seed2031.json,ml,multiclass_ml,test_accuracy,0.0021057709818705916,knn_numpy,knn_numpy,6,6.60588402103167,3137.038204963558,1.0,0.65625,0.34375,6144,2560,1536,256,strongnative_8node_large128c0c31_20260704060009_c19,6.727988223021384,2031,256,6,3,digits,"0,1,2",sklearn_digits,2,21,1,,4,chordal,7,tfim,auto,4,4,data/raw/perlmutter/practical_suite_sweep/practical_strongnative_8node_large128c0c31_20260704060009_c19_ml_digits_c0v1v2_256s_6q_d2_r2_seed2031.json,ok
practical_strongnative_8node_large128c0c31_20260704060009_c19_ml_digits_c0v1v2_256s_6q_d2_r2_seed2043.json,ml,multiclass_ml,test_accuracy,0.0001723619643598795,linear_ridge_numpy,linear_ridge_numpy,6,6.492332688998431,37666.85250490011,1.0,0.734375,0.265625,6144,2560,1536,256,strongnative_8node_large128c0c31_20260704060009_c19,6.618214596004691,2043,256,6,3,digits,"0,1,2",sklearn_digits,2,21,1,,4,chordal,7,tfim,auto,4,4,data/raw/perlmutter/practical_suite_sweep/practical_strongnative_8node_large128c0c31_20260704060009_c19_ml_digits_c0v1v2_256s_6q_d2_r2_seed2043.json,ok
practical_strongnative_8node_large128c0c31_20260704060009_c19_ml_digits_c0v1v2_256s_6q_d2_r3_seed3017.json,ml,multiclass_ml,test_accuracy,0.013656712952069938,softmax_regression_numpy,softmax_regression_numpy,6,6.6230614660307765,484.96746539780816,1.0,0.71875,0.28125,6144,2560,1536,256,strongnative_8node_large128c0c31_20260704060009_c19,6.748633927025367,3017,256,6,3,digits,"0,1,2",sklearn_digits,2,21,1,,4,chordal,7,tfim,auto,4,4,data/raw/perlmutter/practical_suite_sweep/practical_strongnative_8node_large128c0c31_20260704060009_c19_ml_digits_c0v1v2_256s_6q_d2_r3_seed3017.json,ok
practical_strongnative_8node_large128c0c31_20260704060009_c19_ml_digits_c0v1v2_256s_6q_d2_r3_seed3023.json,ml,multiclass_ml,test_accuracy,0.01393633196130395,softmax_regression_numpy,softmax_regression_numpy,6,6.5022062950301915,466.5651129066399,1.0,0.71875,0.28125,6144,2560,1536,256,strongnative_8node_large128c0c31_20260704060009_c19,6.629236326960381,3023,256,6,3,digits,"0,1,2",sklearn_digits,2,21,1,,4,chordal,7,tfim,auto,4,4,data/raw/perlmutter/practical_suite_sweep/practical_strongnative_8node_large128c0c31_20260704060009_c19_ml_digits_c0v1v2_256s_6q_d2_r3_seed3023.json,ok
practical_strongnative_8node_large128c0c31_20260704060009_c19_ml_digits_c0v1v2_256s_6q_d2_r3_seed3031.json,ml,multiclass_ml,test_accuracy,0.00015794398495927453,nearest_centroid_numpy,nearest_centroid_numpy,6,6.913536942971405,43772.08125243923,1.0,0.578125,0.421875,6144,2560,1536,256,strongnative_8node_large128c0c31_20260704060009_c19,7.040753815963399,3031,256,6,3,digits,"0,1,2",sklearn_digits,2,21,1,,4,chordal,7,tfim,auto,4,4,data/raw/perlmutter/practical_suite_sweep/practical_strongnative_8node_large128c0c31_20260704060009_c19_ml_digits_c0v1v2_256s_6q_d2_r3_seed3031.json,ok
practical_strongnative_8node_large128c0c31_20260704060009_c19_ml_digits_c0v1v2_256s_6q_d2_r3_seed3043.json,ml,multiclass_ml,test_accuracy,0.014007869991473854,rbf_kernel_ridge_numpy,rbf_kernel_ridge_numpy,6,6.7434477530187,481.4042218498046,1.0,0.71875,0.28125,6144,2560,1536,256,strongnative_8node_large128c0c31_20260704060009_c19,6.869875023956411,3043,256,6,3,digits,"0,1,2",sklearn_digits,2,21,1,,4,chordal,7,tfim,auto,4,4,data/raw/perlmutter/practical_suite_sweep/practical_strongnative_8node_large128c0c31_20260704060009_c19_ml_digits_c0v1v2_256s_6q_d2_r3_seed3043.json,ok
practical_strongnative_8node_large128c0c31_20260704060009_c19_qaoa_chordal_5n_grid13_r1_seed1031.json,optimization,optimization_qaoa,approximation_ratio,6.251095328480005e-05,exact_enumeration_numpy,,4,6.285527407017071,100550.81672455375,6,4.560256350946107,0.23995727484231555,2873,2366,845,169,strongnative_8node_large128c0c31_20260704060009_c19,6.307927038986236,1031,72,4,3,synthetic,"0,1,2",,1,21,1,,5,chordal,13,tfim,auto,4,4,data/raw/perlmutter/practical_suite_sweep/practical_strongnative_8node_large128c0c31_20260704060009_c19_qaoa_chordal_5n_grid13_r1_seed1031.json,ok
practical_strongnative_8node_large128c0c31_20260704060009_c19_qaoa_chordal_5n_grid13_r3_seed3031.json,optimization,optimization_qaoa,approximation_ratio,6.193999433889985e-05,exact_enumeration_numpy,,4,6.347382240986917,102476.31290144636,6,4.560256350946107,0.23995727484231555,2873,2366,845,169,strongnative_8node_large128c0c31_20260704060009_c19,6.369573028001469,3031,72,4,3,synthetic,"0,1,2",,1,21,1,,5,chordal,13,tfim,auto,4,4,data/raw/perlmutter/practical_suite_sweep/practical_strongnative_8node_large128c0c31_20260704060009_c19_qaoa_chordal_5n_grid13_r3_seed3031.json,ok
practical_strongnative_8node_large128c0c31_20260704060009_c19_qaoa_ladder_6n_grid13_r0_seed43.json,optimization,optimization_qaoa,approximation_ratio,2.4738023057579994e-05,greedy_assignment_numpy,,4,6.352804102003574,256803.22502800028,7,5.030330085889901,0.28138141630144275,3211,2366,1014,169,strongnative_8node_large128c0c31_20260704060009_c19,6.377674310002476,43,72,4,3,synthetic,"0,1,2",,1,21,1,,6,ladder,13,tfim,auto,4,4,data/raw/perlmutter/practical_suite_sweep/practical_strongnative_8node_large128c0c31_20260704060009_c19_qaoa_ladder_6n_grid13_r0_seed43.json,ok
practical_strongnative_8node_large128c0c31_20260704060009_c19_qaoa_ladder_6n_grid13_r2_seed2043.json,optimization,optimization_qaoa,approximation_ratio,2.448697341606021e-05,greedy_assignment_numpy,,4,6.808421810041182,278042.60225870786,7,5.030330085889901,0.28138141630144275,3211,2366,1014,169,strongnative_8node_large128c0c31_20260704060009_c19,6.834493345988449,2043,72,4,3,synthetic,"0,1,2",,1,21,1,,6,ladder,13,tfim,auto,4,4,data/raw/perlmutter/practical_suite_sweep/practical_strongnative_8node_large128c0c31_20260704060009_c19_qaoa_ladder_6n_grid13_r2_seed2043.json,ok
practical_strongnative_8node_large128c0c31_20260704060009_c19_qaoa_ring_4n_grid13_r0_seed23.json,optimization,optimization_qaoa,approximation_ratio,1.5771016478538513e-05,greedy_assignment_numpy,,4,6.74212286999682,427500.84493105585,4,2.999999999999998,0.25000000000000056,2028,1352,676,169,strongnative_8node_large128c0c31_20260704060009_c19,6.766851004038472,23,72,4,3,synthetic,"0,1,2",,1,21,1,,4,ring,13,tfim,auto,4,4,data/raw/perlmutter/practical_suite_sweep/practical_strongnative_8node_large128c0c31_20260704060009_c19_qaoa_ring_4n_grid13_r0_seed23.json,ok
practical_strongnative_8node_large128c0c31_20260704060009_c19_qaoa_ring_4n_grid13_r2_seed2023.json,optimization,optimization_qaoa,approximation_ratio,1.6301986761391163e-05,greedy_assignment_numpy,,4,6.590736015001312,404290.3550020352,4,2.999999999999998,0.25000000000000056,2028,1352,676,169,strongnative_8node_large128c0c31_20260704060009_c19,6.6118791829794645,2023,72,4,3,synthetic,"0,1,2",,1,21,1,,4,ring,13,tfim,auto,4,4,data/raw/perlmutter/practical_suite_sweep/practical_strongnative_8node_large128c0c31_20260704060009_c19_qaoa_ring_4n_grid13_r2_seed2023.json,ok
practical_strongnative_8node_large128c0c31_20260704060009_c19_sim_heisenberg_4q_10steps_r0_seed23.json,simulation,hamiltonian_simulation,absolute_observable_error,0.0004615299985744059,exact_dense_eigendecomposition_numpy,,0,6.627474484965205,14359.791357953847,0.05328055679997454,-0.07653059994319217,0.1298111567431667,372,180,4,1,strongnative_8node_large128c0c31_20260704060009_c19,6.636077739996836,23,72,4,3,synthetic,"0,1,2",,1,21,1,,4,chordal,7,heisenberg,auto,4,10,data/raw/perlmutter/practical_suite_sweep/practical_strongnative_8node_large128c0c31_20260704060009_c19_sim_heisenberg_4q_10steps_r0_seed23.json,ok
practical_strongnative_8node_large128c0c31_20260704060009_c19_sim_heisenberg_4q_10steps_r1_seed1023.json,simulation,hamiltonian_simulation,absolute_observable_error,0.00044038001215085387,exact_dense_eigendecomposition_numpy,,0,6.509862341976259,14782.3746817698,0.05328055679997454,-0.07653059994319217,0.1298111567431667,372,180,4,1,strongnative_8node_large128c0c31_20260704060009_c19,6.517985270998906,1023,72,4,3,synthetic,"0,1,2",,1,21,1,,4,chordal,7,heisenberg,auto,4,10,data/raw/perlmutter/practical_suite_sweep/practical_strongnative_8node_large128c0c31_20260704060009_c19_sim_heisenberg_4q_10steps_r1_seed1023.json,ok
practical_strongnative_8node_large128c0c31_20260704060009_c19_sim_heisenberg_4q_10steps_r2_seed2023.json,simulation,hamiltonian_simulation,absolute_observable_error,0.0004512909799814224,exact_dense_eigendecomposition_numpy,,0,6.908836136979517,15309.04991113255,0.05328055679997454,-0.07653059994319217,0.1298111567431667,372,180,4,1,strongnative_8node_large128c0c31_20260704060009_c19,6.917299611028284,2023,72,4,3,synthetic,"0,1,2",,1,21,1,,4,chordal,7,heisenberg,auto,4,10,data/raw/perlmutter/practical_suite_sweep/practical_strongnative_8node_large128c0c31_20260704060009_c19_sim_heisenberg_4q_10steps_r2_seed2023.json,ok
practical_strongnative_8node_large128c0c31_20260704060009_c19_sim_heisenberg_4q_10steps_r3_seed3023.json,simulation,hamiltonian_simulation,absolute_observable_error,0.00044366600923240185,exact_dense_eigendecomposition_numpy,,0,6.585735414992087,14843.903472312966,0.05328055679997454,-0.07653059994319217,0.1298111567431667,372,180,4,1,strongnative_8node_large128c0c31_20260704060009_c19,6.594683534989599,3023,72,4,3,synthetic,"0,1,2",,1,21,1,,4,chordal,7,heisenberg,auto,4,10,data/raw/perlmutter/practical_suite_sweep/practical_strongnative_8node_large128c0c31_20260704060009_c19_sim_heisenberg_4q_10steps_r3_seed3023.json,ok
practical_strongnative_8node_large128c0c31_20260704060009_c1_chem_h2_l1_grid21_r0_seed17.json,chemistry,chemistry_vqe,absolute_energy_error,0.00015673204325139523,exact_diagonalization_numpy,,0,6.909570759977214,44085.24649228488,-1.85727503020238,-1.8539259190122395,0.0033491111901404746,1944,486,972,486,strongnative_8node_large128c0c31_20260704060009_c1,6.916092502011452,17,72,4,3,synthetic,"0,1,2",,1,21,1,,4,chordal,7,tfim,auto,4,4,data/raw/perlmutter/practical_suite_sweep/practical_strongnative_8node_large128c0c31_20260704060009_c1_chem_h2_l1_grid21_r0_seed17.json,ok
practical_strongnative_8node_large128c0c31_20260704060009_c1_chem_h2_l1_grid33_r2_seed2023.json,chemistry,chemistry_vqe,absolute_energy_error,0.00015619100304320455,exact_diagonalization_numpy,,0,6.866271440987475,43960.735940009115,-1.85727503020238,-1.8569734051608102,0.0003016250415697197,4632,1158,2316,1158,strongnative_8node_large128c0c31_20260704060009_c1,6.88169031398138,2023,72,4,3,synthetic,"0,1,2",,1,33,1,,4,chordal,7,tfim,auto,4,4,data/raw/perlmutter/practical_suite_sweep/practical_strongnative_8node_large128c0c31_20260704060009_c1_chem_h2_l1_grid33_r2_seed2023.json,ok
practical_strongnative_8node_large128c0c31_20260704060009_c1_ml_digits_c0v1v2_128s_4q_d2_r0_seed17.json,ml,multiclass_ml,test_accuracy,0.0001513120369054377,linear_ridge_numpy,linear_ridge_numpy,6,18.64315198198892,123209.9730019492,1.0,0.71875,0.28125,2048,768,512,128,strongnative_8node_large128c0c31_20260704060009_c1,18.912127452960704,17,128,4,3,digits,"0,1,2",sklearn_digits,2,21,1,,4,chordal,7,tfim,auto,4,4,data/raw/perlmutter/practical_suite_sweep/practical_strongnative_8node_large128c0c31_20260704060009_c1_ml_digits_c0v1v2_128s_4q_d2_r0_seed17.json,ok
practical_strongnative_8node_large128c0c31_20260704060009_c1_ml_digits_c0v1v2_128s_4q_d2_r0_seed23.json,ml,multiclass_ml,test_accuracy,0.00013599300291389227,nearest_centroid_numpy,nearest_centroid_numpy,6,7.127558669017162,52411.21613830509,1.0,0.59375,0.40625,2048,768,512,128,strongnative_8node_large128c0c31_20260704060009_c1,7.218959310965147,23,128,4,3,digits,"0,1,2",sklearn_digits,2,21,1,,4,chordal,7,tfim,auto,4,4,data/raw/perlmutter/practical_suite_sweep/practical_strongnative_8node_large128c0c31_20260704060009_c1_ml_digits_c0v1v2_128s_4q_d2_r0_seed23.json,ok
practical_strongnative_8node_large128c0c31_20260704060009_c1_ml_digits_c0v1v2_128s_4q_d2_r0_seed31.json,ml,multiclass_ml,test_accuracy,0.0001457110047340393,linear_ridge_numpy,linear_ridge_numpy,6,7.058764074987266,48443.58933542018,1.0,0.65625,0.34375,2048,768,512,128,strongnative_8node_large128c0c31_20260704060009_c1,7.153973139007576,31,128,4,3,digits,"0,1,2",sklearn_digits,2,21,1,,4,chordal,7,tfim,auto,4,4,data/raw/perlmutter/practical_suite_sweep/practical_strongnative_8node_large128c0c31_20260704060009_c1_ml_digits_c0v1v2_128s_4q_d2_r0_seed31.json,ok
practical_strongnative_8node_large128c0c31_20260704060009_c1_ml_digits_c0v1v2_128s_4q_d2_r0_seed43.json,ml,multiclass_ml,test_accuracy,0.00014860701048746705,linear_ridge_numpy,linear_ridge_numpy,6,7.036811219993979,47351.81198324043,1.0,0.8125,0.1875,2048,768,512,128,strongnative_8node_large128c0c31_20260704060009_c1,7.131945608998649,43,128,4,3,digits,"0,1,2",sklearn_digits,2,21,1,,4,chordal,7,tfim,auto,4,4,data/raw/perlmutter/practical_suite_sweep/practical_strongnative_8node_large128c0c31_20260704060009_c1_ml_digits_c0v1v2_128s_4q_d2_r0_seed43.json,ok
practical_strongnative_8node_large128c0c31_20260704060009_c1_ml_digits_c0v1v2_128s_4q_d2_r1_seed1017.json,ml,multiclass_ml,test_accuracy,0.00017244304763153195,nearest_centroid_numpy,nearest_centroid_numpy,6,6.9614937889855355,40369.81417691319,1.0,0.6875,0.3125,2048,768,512,128,strongnative_8node_large128c0c31_20260704060009_c1,7.070872300013434,1017,128,4,3,digits,"0,1,2",sklearn_digits,2,21,1,,4,chordal,7,tfim,auto,4,4,data/raw/perlmutter/practical_suite_sweep/practical_strongnative_8node_large128c0c31_20260704060009_c1_ml_digits_c0v1v2_128s_4q_d2_r1_seed1017.json,ok
practical_strongnative_8node_large128c0c31_20260704060009_c1_ml_digits_c0v1v2_128s_4q_d2_r1_seed1023.json,ml,multiclass_ml,test_accuracy,0.012185657978989184,rbf_kernel_ridge_numpy,rbf_kernel_ridge_numpy,6,6.867039840959478,563.534595571269,1.0,0.5,0.5,2048,768,512,128,strongnative_8node_large128c0c31_20260704060009_c1,6.961392693978269,1023,128,4,3,digits,"0,1,2",sklearn_digits,2,21,1,,4,chordal,7,tfim,auto,4,4,data/raw/perlmutter/practical_suite_sweep/practical_strongnative_8node_large128c0c31_20260704060009_c1_ml_digits_c0v1v2_128s_4q_d2_r1_seed1023.json,ok
practical_strongnative_8node_large128c0c31_20260704060009_c1_ml_digits_c0v1v2_128s_4q_d2_r1_seed1031.json,ml,multiclass_ml,test_accuracy,0.0008133600349538028,knn_numpy,knn_numpy,6,6.765687584003899,8318.195255792445,1.0,0.75,0.25,2048,768,512,128,strongnative_8node_large128c0c31_20260704060009_c1,6.857423674024176,1031,128,4,3,digits,"0,1,2",sklearn_digits,2,21,1,,4,chordal,7,tfim,auto,4,4,data/raw/perlmutter/practical_suite_sweep/practical_strongnative_8node_large128c0c31_20260704060009_c1_ml_digits_c0v1v2_128s_4q_d2_r1_seed1031.json,ok
practical_strongnative_8node_large128c0c31_20260704060009_c1_ml_digits_c0v1v2_128s_4q_d2_r1_seed1043.json,ml,multiclass_ml,test_accuracy,0.011984740034677088,rbf_kernel_ridge_numpy,rbf_kernel_ridge_numpy,6,6.596626771031879,550.4188452936781,1.0,0.8125,0.1875,2048,768,512,128,strongnative_8node_large128c0c31_20260704060009_c1,6.688257747970056,1043,128,4,3,digits,"0,1,2",sklearn_digits,2,21,1,,4,chordal,7,tfim,auto,4,4,data/raw/perlmutter/practical_suite_sweep/practical_strongnative_8node_large128c0c31_20260704060009_c1_ml_digits_c0v1v2_128s_4q_d2_r1_seed1043.json,ok
practical_strongnative_8node_large128c0c31_20260704060009_c1_ml_digits_c0v1v2_128s_4q_d2_r2_seed2017.json,ml,multiclass_ml,test_accuracy,0.0001449999981559813,linear_ridge_numpy,linear_ridge_numpy,6,6.788957175042015,46820.39490606688,1.0,0.625,0.375,2048,768,512,128,strongnative_8node_large128c0c31_20260704060009_c1,6.881136681011412,2017,128,4,3,digits,"0,1,2",sklearn_digits,2,21,1,,4,chordal,7,tfim,auto,4,4,data/raw/perlmutter/practical_suite_sweep/practical_strongnative_8node_large128c0c31_20260704060009_c1_ml_digits_c0v1v2_128s_4q_d2_r2_seed2017.json,ok
practical_strongnative_8node_large128c0c31_20260704060009_c1_ml_digits_c0v1v2_128s_4q_d2_r2_seed2023.json,ml,multiclass_ml,test_accuracy,0.0008171480149030685,knn_numpy,knn_numpy,6,6.852728728030343,8386.153552417582,1.0,0.625,0.375,2048,768,512,128,strongnative_8node_large128c0c31_20260704060009_c1,6.944251666951459,2023,128,4,3,digits,"0,1,2",sklearn_digits,2,21,1,,4,chordal,7,tfim,auto,4,4,data/raw/perlmutter/practical_suite_sweep/practical_strongnative_8node_large128c0c31_20260704060009_c1_ml_digits_c0v1v2_128s_4q_d2_r2_seed2023.json,ok
practical_strongnative_8node_large128c0c31_20260704060009_c1_ml_digits_c0v1v2_128s_4q_d2_r2_seed2031.json,ml,multiclass_ml,test_accuracy,0.0008281490299850702,knn_numpy,knn_numpy,6,6.7188242269912735,8113.061760287758,1.0,0.75,0.25,2048,768,512,128,strongnative_8node_large128c0c31_20260704060009_c1,6.806890040985309,2031,128,4,3,digits,"0,1,2",sklearn_digits,2,21,1,,4,chordal,7,tfim,auto,4,4,data/raw/perlmutter/practical_suite_sweep/practical_strongnative_8node_large128c0c31_20260704060009_c1_ml_digits_c0v1v2_128s_4q_d2_r2_seed2031.json,ok
practical_strongnative_8node_large128c0c31_20260704060009_c1_ml_digits_c0v1v2_128s_4q_d2_r2_seed2043.json,ml,multiclass_ml,test_accuracy,0.00014290603576228023,linear_ridge_numpy,linear_ridge_numpy,6,6.956935637979768,48681.888073310045,1.0,0.6875,0.3125,2048,768,512,128,strongnative_8node_large128c0c31_20260704060009_c1,7.055665440973826,2043,128,4,3,digits,"0,1,2",sklearn_digits,2,21,1,,4,chordal,7,tfim,auto,4,4,data/raw/perlmutter/practical_suite_sweep/practical_strongnative_8node_large128c0c31_20260704060009_c1_ml_digits_c0v1v2_128s_4q_d2_r2_seed2043.json,ok
practical_strongnative_8node_large128c0c31_20260704060009_c1_ml_digits_c0v1v2_128s_4q_d2_r3_seed3017.json,ml,multiclass_ml,test_accuracy,0.000814041995909065,knn_numpy,knn_numpy,6,7.016984683985356,8619.929585020094,1.0,0.59375,0.40625,2048,768,512,128,strongnative_8node_large128c0c31_20260704060009_c1,7.109229637018871,3017,128,4,3,digits,"0,1,2",sklearn_digits,2,21,1,,4,chordal,7,tfim,auto,4,4,data/raw/perlmutter/practical_suite_sweep/practical_strongnative_8node_large128c0c31_20260704060009_c1_ml_digits_c0v1v2_128s_4q_d2_r3_seed3017.json,ok
practical_strongnative_8node_large128c0c31_20260704060009_c1_ml_digits_c0v1v2_128s_4q_d2_r3_seed3023.json,ml,multiclass_ml,test_accuracy,0.00014514103531837463,linear_ridge_numpy,linear_ridge_numpy,6,6.58619678998366,45377.90966928467,1.0,0.5,0.5,2048,768,512,128,strongnative_8node_large128c0c31_20260704060009_c1,6.677876470028423,3023,128,4,3,digits,"0,1,2",sklearn_digits,2,21,1,,4,chordal,7,tfim,auto,4,4,data/raw/perlmutter/practical_suite_sweep/practical_strongnative_8node_large128c0c31_20260704060009_c1_ml_digits_c0v1v2_128s_4q_d2_r3_seed3023.json,ok
practical_strongnative_8node_large128c0c31_20260704060009_c1_ml_digits_c0v1v2_128s_4q_d2_r3_seed3031.json,ml,multiclass_ml,test_accuracy,0.0008171179797500372,knn_numpy,knn_numpy,6,6.8956531650037505,8438.993310504788,1.0,0.65625,0.34375,2048,768,512,128,strongnative_8node_large128c0c31_20260704060009_c1,6.9874877340043895,3031,128,4,3,digits,"0,1,2",sklearn_digits,2,21,1,,4,chordal,7,tfim,auto,4,4,data/raw/perlmutter/practical_suite_sweep/practical_strongnative_8node_large128c0c31_20260704060009_c1_ml_digits_c0v1v2_128s_4q_d2_r3_seed3031.json,ok
practical_strongnative_8node_large128c0c31_20260704060009_c1_ml_digits_c0v1v2_128s_4q_d2_r3_seed3043.json,ml,multiclass_ml,test_accuracy,0.0001369949895888567,nearest_centroid_numpy,nearest_centroid_numpy,6,6.922517329978291,50531.171619880726,1.0,0.65625,0.34375,2048,768,512,128,strongnative_8node_large128c0c31_20260704060009_c1,7.014410659961868,3043,128,4,3,digits,"0,1,2",sklearn_digits,2,21,1,,4,chordal,7,tfim,auto,4,4,data/raw/perlmutter/practical_suite_sweep/practical_strongnative_8node_large128c0c31_20260704060009_c1_ml_digits_c0v1v2_128s_4q_d2_r3_seed3043.json,ok
practical_strongnative_8node_large128c0c31_20260704060009_c1_qaoa_chordal_5n_grid9_r0_seed43.json,optimization,optimization_qaoa,approximation_ratio,6.254104664549232e-05,exact_enumeration_numpy,,4,6.820599360042252,109057.96634175534,6,4.469198918953913,0.2551335135076811,1377,1134,405,81,strongnative_8node_large128c0c31_20260704060009_c1,6.842045892961323,43,72,4,3,synthetic,"0,1,2",,1,21,1,,5,chordal,9,tfim,auto,4,4,data/raw/perlmutter/practical_suite_sweep/practical_strongnative_8node_large128c0c31_20260704060009_c1_qaoa_chordal_5n_grid9_r0_seed43.json,ok
practical_strongnative_8node_large128c0c31_20260704060009_c1_qaoa_chordal_5n_grid9_r2_seed2043.json,optimization,optimization_qaoa,approximation_ratio,4.762195749208331e-05,exact_enumeration_numpy,,4,7.099824949982576,149087.21362751318,6,4.469198918953913,0.2551335135076811,1377,1134,405,81,strongnative_8node_large128c0c31_20260704060009_c1,7.119378796953242,2043,72,4,3,synthetic,"0,1,2",,1,21,1,,5,chordal,9,tfim,auto,4,4,data/raw/perlmutter/practical_suite_sweep/practical_strongnative_8node_large128c0c31_20260704060009_c1_qaoa_chordal_5n_grid9_r2_seed2043.json,ok
practical_strongnative_8node_large128c0c31_20260704060009_c1_qaoa_ladder_6n_grid9_r0_seed17.json,optimization,optimization_qaoa,approximation_ratio,2.49580480158329e-05,greedy_assignment_numpy,,4,6.638055657967925,265968.54264231207,7,5.030330085889901,0.28138141630144275,1539,1134,486,81,strongnative_8node_large128c0c31_20260704060009_c1,6.659949855005834,17,72,4,3,synthetic,"0,1,2",,1,21,1,,6,ladder,9,tfim,auto,4,4,data/raw/perlmutter/practical_suite_sweep/practical_strongnative_8node_large128c0c31_20260704060009_c1_qaoa_ladder_6n_grid9_r0_seed17.json,ok
practical_strongnative_8node_large128c0c31_20260704060009_c1_qaoa_ladder_6n_grid9_r2_seed2017.json,optimization,optimization_qaoa,approximation_ratio,2.5479006581008434e-05,greedy_assignment_numpy,,4,6.587906603002921,258562.14535120144,7,5.030330085889901,0.28138141630144275,1539,1134,486,81,strongnative_8node_large128c0c31_20260704060009_c1,6.621680237993132,2017,72,4,3,synthetic,"0,1,2",,1,21,1,,6,ladder,9,tfim,auto,4,4,data/raw/perlmutter/practical_suite_sweep/practical_strongnative_8node_large128c0c31_20260704060009_c1_qaoa_ladder_6n_grid9_r2_seed2017.json,ok
practical_strongnative_8node_large128c0c31_20260704060009_c1_qaoa_ring_4n_grid9_r1_seed1031.json,optimization,optimization_qaoa,approximation_ratio,1.6712001524865627e-05,greedy_assignment_numpy,,4,7.042503606004175,421403.9590366062,4,2.999999999999998,0.25000000000000056,972,648,324,81,strongnative_8node_large128c0c31_20260704060009_c1,7.064667894039303,1031,72,4,3,synthetic,"0,1,2",,1,21,1,,4,ring,9,tfim,auto,4,4,data/raw/perlmutter/practical_suite_sweep/practical_strongnative_8node_large128c0c31_20260704060009_c1_qaoa_ring_4n_grid9_r1_seed1031.json,ok
practical_strongnative_8node_large128c0c31_20260704060009_c1_qaoa_ring_4n_grid9_r3_seed3031.json,optimization,optimization_qaoa,approximation_ratio,1.525995321571827e-05,greedy_assignment_numpy,,4,7.0869311429560184,464413.6874322943,4,2.999999999999998,0.25000000000000056,972,648,324,81,strongnative_8node_large128c0c31_20260704060009_c1,7.109110209043138,3031,72,4,3,synthetic,"0,1,2",,1,21,1,,4,ring,9,tfim,auto,4,4,data/raw/perlmutter/practical_suite_sweep/practical_strongnative_8node_large128c0c31_20260704060009_c1_qaoa_ring_4n_grid9_r3_seed3031.json,ok
practical_strongnative_8node_large128c0c31_20260704060009_c1_sim_tfim_4q_6steps_r0_seed23.json,simulation,hamiltonian_simulation,absolute_observable_error,0.0005105860182084143,exact_dense_eigendecomposition_numpy,,0,7.162826220970601,14028.63761546802,0.8218024506329117,0.8213019840508518,0.000500466582059933,42,36,4,1,strongnative_8node_large128c0c31_20260704060009_c1,7.176956665003672,23,72,4,3,synthetic,"0,1,2",,1,21,1,,4,chordal,7,tfim,auto,4,6,data/raw/perlmutter/practical_suite_sweep/practical_strongnative_8node_large128c0c31_20260704060009_c1_sim_tfim_4q_6steps_r0_seed23.json,ok
practical_strongnative_8node_large128c0c31_20260704060009_c1_sim_tfim_4q_6steps_r1_seed1023.json,simulation,hamiltonian_simulation,absolute_observable_error,0.000494796026032418,exact_dense_eigendecomposition_numpy,,0,7.03678215900436,14221.58180094867,0.8218024506329117,0.8213019840508518,0.000500466582059933,42,36,4,1,strongnative_8node_large128c0c31_20260704060009_c1,7.043975959008094,1023,72,4,3,synthetic,"0,1,2",,1,21,1,,4,chordal,7,tfim,auto,4,6,data/raw/perlmutter/practical_suite_sweep/practical_strongnative_8node_large128c0c31_20260704060009_c1_sim_tfim_4q_6steps_r1_seed1023.json,ok
practical_strongnative_8node_large128c0c31_20260704060009_c1_sim_tfim_4q_6steps_r2_seed2023.json,simulation,hamiltonian_simulation,absolute_observable_error,0.000459256989415735,exact_dense_eigendecomposition_numpy,,0,6.75317849003477,14704.57422678779,0.8218024506329117,0.8213019840508518,0.000500466582059933,42,36,4,1,strongnative_8node_large128c0c31_20260704060009_c1,6.7627335310098715,2023,72,4,3,synthetic,"0,1,2",,1,21,1,,4,chordal,7,tfim,auto,4,6,data/raw/perlmutter/practical_suite_sweep/practical_strongnative_8node_large128c0c31_20260704060009_c1_sim_tfim_4q_6steps_r2_seed2023.json,ok
practical_strongnative_8node_large128c0c31_20260704060009_c1_sim_tfim_4q_6steps_r3_seed3023.json,simulation,hamiltonian_simulation,absolute_observable_error,0.00046694197226315737,exact_dense_eigendecomposition_numpy,,0,7.108532133046538,15223.587844530579,0.8218024506329117,0.8213019840508518,0.000500466582059933,42,36,4,1,strongnative_8node_large128c0c31_20260704060009_c1,7.122961595014203,3023,72,4,3,synthetic,"0,1,2",,1,21,1,,4,chordal,7,tfim,auto,4,6,data/raw/perlmutter/practical_suite_sweep/practical_strongnative_8node_large128c0c31_20260704060009_c1_sim_tfim_4q_6steps_r3_seed3023.json,ok
practical_strongnative_8node_large128c0c31_20260704060009_c20_chem_4q_l1_grid17_r0_seed23.json,chemistry,chemistry_vqe,absolute_energy_error,0.00019337201956659555,exact_diagonalization_numpy,,0,7.072839039028622,36576.33123386189,-1.705732892552902,-1.2281036714213251,0.4776292211315769,296,111,148,37,strongnative_8node_large128c0c31_20260704060009_c20,7.081018898985349,23,72,4,3,synthetic,"0,1,2",,1,17,1,benchmarks/workloads/hamiltonians/molecular_chain_4q.json,4,chordal,7,tfim,auto,4,4,data/raw/perlmutter/practical_suite_sweep/practical_strongnative_8node_large128c0c31_20260704060009_c20_chem_4q_l1_grid17_r0_seed23.json,ok
practical_strongnative_8node_large128c0c31_20260704060009_c20_chem_h2_l2_grid21_r2_seed2031.json,chemistry,chemistry_vqe,absolute_energy_error,0.0001542770187370479,exact_diagonalization_numpy,,0,6.625513899023645,42945.56605553981,-1.85727503020238,-1.8369679912029844,0.020307038999395566,360,90,90,45,strongnative_8node_large128c0c31_20260704060009_c20,6.632259328034706,2031,72,4,3,synthetic,"0,1,2",,1,21,2,,4,chordal,7,tfim,auto,4,4,data/raw/perlmutter/practical_suite_sweep/practical_strongnative_8node_large128c0c31_20260704060009_c20_chem_h2_l2_grid21_r2_seed2031.json,ok
practical_strongnative_8node_large128c0c31_20260704060009_c20_ml_digits_c0v1v2_256s_8q_d1_r0_seed17.json,ml,multiclass_ml,test_accuracy,0.00016049901023507118,nearest_centroid_numpy,nearest_centroid_numpy,6,18.31004801095696,114081.99953469851,1.0,0.71875,0.28125,4096,1792,2048,256,strongnative_8node_large128c0c31_20260704060009_c20,18.571662080998067,17,256,8,3,digits,"0,1,2",sklearn_digits,1,21,1,,4,chordal,7,tfim,auto,4,4,data/raw/perlmutter/practical_suite_sweep/practical_strongnative_8node_large128c0c31_20260704060009_c20_ml_digits_c0v1v2_256s_8q_d1_r0_seed17.json,ok
practical_strongnative_8node_large128c0c31_20260704060009_c20_ml_digits_c0v1v2_256s_8q_d1_r0_seed23.json,ml,multiclass_ml,test_accuracy,0.0020939820096828043,knn_numpy,knn_numpy,6,7.065596567001194,3374.23938425884,1.0,0.71875,0.28125,4096,1792,2048,256,strongnative_8node_large128c0c31_20260704060009_c20,7.194957944040652,23,256,8,3,digits,"0,1,2",sklearn_digits,1,21,1,,4,chordal,7,tfim,auto,4,4,data/raw/perlmutter/practical_suite_sweep/practical_strongnative_8node_large128c0c31_20260704060009_c20_ml_digits_c0v1v2_256s_8q_d1_r0_seed23.json,ok
practical_strongnative_8node_large128c0c31_20260704060009_c20_ml_digits_c0v1v2_256s_8q_d1_r0_seed31.json,ml,multiclass_ml,test_accuracy,0.06176341196987778,one_hidden_layer_mlp_numpy,one_hidden_layer_mlp_numpy,6,7.122600927017629,115.32071658365223,1.0,0.8125,0.1875,4096,1792,2048,256,strongnative_8node_large128c0c31_20260704060009_c20,7.25155518000247,31,256,8,3,digits,"0,1,2",sklearn_digits,1,21,1,,4,chordal,7,tfim,auto,4,4,data/raw/perlmutter/practical_suite_sweep/practical_strongnative_8node_large128c0c31_20260704060009_c20_ml_digits_c0v1v2_256s_8q_d1_r0_seed31.json,ok
practical_strongnative_8node_large128c0c31_20260704060009_c20_ml_digits_c0v1v2_256s_8q_d1_r0_seed43.json,ml,multiclass_ml,test_accuracy,0.0020852869492955506,knn_numpy,knn_numpy,6,6.957352282013744,3336.4004336976595,1.0,0.765625,0.234375,4096,1792,2048,256,strongnative_8node_large128c0c31_20260704060009_c20,7.085296145000029,43,256,8,3,digits,"0,1,2",sklearn_digits,1,21,1,,4,chordal,7,tfim,auto,4,4,data/raw/perlmutter/practical_suite_sweep/practical_strongnative_8node_large128c0c31_20260704060009_c20_ml_digits_c0v1v2_256s_8q_d1_r0_seed43.json,ok
practical_strongnative_8node_large128c0c31_20260704060009_c20_ml_digits_c0v1v2_256s_8q_d1_r1_seed1017.json,ml,multiclass_ml,test_accuracy,0.013615170028060675,softmax_regression_numpy,softmax_regression_numpy,6,6.990430678008124,513.4295542105566,1.0,0.71875,0.28125,4096,1792,2048,256,strongnative_8node_large128c0c31_20260704060009_c20,7.118187391024549,1017,256,8,3,digits,"0,1,2",sklearn_digits,1,21,1,,4,chordal,7,tfim,auto,4,4,data/raw/perlmutter/practical_suite_sweep/practical_strongnative_8node_large128c0c31_20260704060009_c20_ml_digits_c0v1v2_256s_8q_d1_r1_seed1017.json,ok
practical_strongnative_8node_large128c0c31_20260704060009_c20_ml_digits_c0v1v2_256s_8q_d1_r1_seed1023.json,ml,multiclass_ml,test_accuracy,0.00015543901827186346,nearest_centroid_numpy,nearest_centroid_numpy,6,7.273023030022159,46790.20178383791,1.0,0.765625,0.234375,4096,1792,2048,256,strongnative_8node_large128c0c31_20260704060009_c20,7.40167280100286,1023,256,8,3,digits,"0,1,2",sklearn_digits,1,21,1,,4,chordal,7,tfim,auto,4,4,data/raw/perlmutter/practical_suite_sweep/practical_strongnative_8node_large128c0c31_20260704060009_c20_ml_digits_c0v1v2_256s_8q_d1_r1_seed1023.json,ok
practical_strongnative_8node_large128c0c31_20260704060009_c20_ml_digits_c0v1v2_256s_8q_d1_r1_seed1031.json,ml,multiclass_ml,test_accuracy,0.00015444803284481168,nearest_centroid_numpy,nearest_centroid_numpy,6,7.0174844120047055,45435.89376146879,1.0,0.734375,0.265625,4096,1792,2048,256,strongnative_8node_large128c0c31_20260704060009_c20,7.152249514008872,1031,256,8,3,digits,"0,1,2",sklearn_digits,1,21,1,,4,chordal,7,tfim,auto,4,4,data/raw/perlmutter/practical_suite_sweep/practical_strongnative_8node_large128c0c31_20260704060009_c20_ml_digits_c0v1v2_256s_8q_d1_r1_seed1031.json,ok
practical_strongnative_8node_large128c0c31_20260704060009_c20_ml_digits_c0v1v2_256s_8q_d1_r1_seed1043.json,ml,multiclass_ml,test_accuracy,0.0021054049720987678,knn_numpy,knn_numpy,6,6.611096345994156,3140.059244471101,1.0,0.75,0.25,4096,1792,2048,256,strongnative_8node_large128c0c31_20260704060009_c20,6.74045737698907,1043,256,8,3,digits,"0,1,2",sklearn_digits,1,21,1,,4,chordal,7,tfim,auto,4,4,data/raw/perlmutter/practical_suite_sweep/practical_strongnative_8node_large128c0c31_20260704060009_c20_ml_digits_c0v1v2_256s_8q_d1_r1_seed1043.json,ok
practical_strongnative_8node_large128c0c31_20260704060009_c20_ml_digits_c0v1v2_256s_8q_d1_r2_seed2017.json,ml,multiclass_ml,test_accuracy,0.014089569041971117,rbf_kernel_ridge_numpy,rbf_kernel_ridge_numpy,6,6.694240294978954,475.1203017663368,1.0,0.703125,0.296875,4096,1792,2048,256,strongnative_8node_large128c0c31_20260704060009_c20,6.821525659994222,2017,256,8,3,digits,"0,1,2",sklearn_digits,1,21,1,,4,chordal,7,tfim,auto,4,4,data/raw/perlmutter/practical_suite_sweep/practical_strongnative_8node_large128c0c31_20260704060009_c20_ml_digits_c0v1v2_256s_8q_d1_r2_seed2017.json,ok
practical_strongnative_8node_large128c0c31_20260704060009_c20_ml_digits_c0v1v2_256s_8q_d1_r2_seed2023.json,ml,multiclass_ml,test_accuracy,0.019494779990054667,rbf_kernel_ridge_numpy,rbf_kernel_ridge_numpy,6,7.043532043986488,361.30348983572895,1.0,0.71875,0.28125,4096,1792,2048,256,strongnative_8node_large128c0c31_20260704060009_c20,7.210275451012421,2023,256,8,3,digits,"0,1,2",sklearn_digits,1,21,1,,4,chordal,7,tfim,auto,4,4,data/raw/perlmutter/practical_suite_sweep/practical_strongnative_8node_large128c0c31_20260704060009_c20_ml_digits_c0v1v2_256s_8q_d1_r2_seed2023.json,ok
practical_strongnative_8node_large128c0c31_20260704060009_c20_ml_digits_c0v1v2_256s_8q_d1_r2_seed2031.json,ml,multiclass_ml,test_accuracy,0.014663134003058076,rbf_kernel_ridge_numpy,rbf_kernel_ridge_numpy,6,6.900322746951133,470.5898988246328,1.0,0.71875,0.28125,4096,1792,2048,256,strongnative_8node_large128c0c31_20260704060009_c20,7.028563873027451,2031,256,8,3,digits,"0,1,2",sklearn_digits,1,21,1,,4,chordal,7,tfim,auto,4,4,data/raw/perlmutter/practical_suite_sweep/practical_strongnative_8node_large128c0c31_20260704060009_c20_ml_digits_c0v1v2_256s_8q_d1_r2_seed2031.json,ok
practical_strongnative_8node_large128c0c31_20260704060009_c20_ml_digits_c0v1v2_256s_8q_d1_r2_seed2043.json,ml,multiclass_ml,test_accuracy,0.00019119802163913846,linear_ridge_numpy,linear_ridge_numpy,6,6.582773239992093,34429.086575049536,1.0,0.8125,0.1875,4096,1792,2048,256,strongnative_8node_large128c0c31_20260704060009_c20,6.739547856035642,2043,256,8,3,digits,"0,1,2",sklearn_digits,1,21,1,,4,chordal,7,tfim,auto,4,4,data/raw/perlmutter/practical_suite_sweep/practical_strongnative_8node_large128c0c31_20260704060009_c20_ml_digits_c0v1v2_256s_8q_d1_r2_seed2043.json,ok
practical_strongnative_8node_large128c0c31_20260704060009_c20_ml_digits_c0v1v2_256s_8q_d1_r3_seed3017.json,ml,multiclass_ml,test_accuracy,0.002101227000821382,knn_numpy,knn_numpy,6,6.897102394956164,3282.416603375098,1.0,0.765625,0.234375,4096,1792,2048,256,strongnative_8node_large128c0c31_20260704060009_c20,7.024298247008119,3017,256,8,3,digits,"0,1,2",sklearn_digits,1,21,1,,4,chordal,7,tfim,auto,4,4,data/raw/perlmutter/practical_suite_sweep/practical_strongnative_8node_large128c0c31_20260704060009_c20_ml_digits_c0v1v2_256s_8q_d1_r3_seed3017.json,ok
practical_strongnative_8node_large128c0c31_20260704060009_c20_ml_digits_c0v1v2_256s_8q_d1_r3_seed3023.json,ml,multiclass_ml,test_accuracy,0.013725447992328554,softmax_regression_numpy,softmax_regression_numpy,6,6.995079461019486,509.6430706618236,1.0,0.671875,0.328125,4096,1792,2048,256,strongnative_8node_large128c0c31_20260704060009_c20,7.123669021006208,3023,256,8,3,digits,"0,1,2",sklearn_digits,1,21,1,,4,chordal,7,tfim,auto,4,4,data/raw/perlmutter/practical_suite_sweep/practical_strongnative_8node_large128c0c31_20260704060009_c20_ml_digits_c0v1v2_256s_8q_d1_r3_seed3023.json,ok
practical_strongnative_8node_large128c0c31_20260704060009_c20_ml_digits_c0v1v2_256s_8q_d1_r3_seed3031.json,ml,multiclass_ml,test_accuracy,0.0021184899960644543,knn_numpy,knn_numpy,6,7.018015678972006,3312.7443093946454,1.0,0.796875,0.203125,4096,1792,2048,256,strongnative_8node_large128c0c31_20260704060009_c20,7.143564327969216,3031,256,8,3,digits,"0,1,2",sklearn_digits,1,21,1,,4,chordal,7,tfim,auto,4,4,data/raw/perlmutter/practical_suite_sweep/practical_strongnative_8node_large128c0c31_20260704060009_c20_ml_digits_c0v1v2_256s_8q_d1_r3_seed3031.json,ok
practical_strongnative_8node_large128c0c31_20260704060009_c20_ml_digits_c0v1v2_256s_8q_d1_r3_seed3043.json,ml,multiclass_ml,test_accuracy,0.014405219000764191,rbf_kernel_ridge_numpy,rbf_kernel_ridge_numpy,6,6.773433836991899,470.2069324064126,1.0,0.765625,0.234375,4096,1792,2048,256,strongnative_8node_large128c0c31_20260704060009_c20,6.90151820902247,3043,256,8,3,digits,"0,1,2",sklearn_digits,1,21,1,,4,chordal,7,tfim,auto,4,4,data/raw/perlmutter/practical_suite_sweep/practical_strongnative_8node_large128c0c31_20260704060009_c20_ml_digits_c0v1v2_256s_8q_d1_r3_seed3043.json,ok
practical_strongnative_8node_large128c0c31_20260704060009_c20_qaoa_chordal_4n_grid7_r0_seed23.json,optimization,optimization_qaoa,approximation_ratio,1.70330167748034e-05,greedy_assignment_numpy,,4,6.330299937981181,371648.7819906023,4,3.2070111141556907,0.19824722146107732,637,490,196,49,strongnative_8node_large128c0c31_20260704060009_c20,6.355543677986134,23,72,4,3,synthetic,"0,1,2",,1,21,1,,4,chordal,7,tfim,auto,4,4,data/raw/perlmutter/practical_suite_sweep/practical_strongnative_8node_large128c0c31_20260704060009_c20_qaoa_chordal_4n_grid7_r0_seed23.json,ok
practical_strongnative_8node_large128c0c31_20260704060009_c20_qaoa_chordal_4n_grid7_r2_seed2023.json,optimization,optimization_qaoa,approximation_ratio,1.749396324157715e-05,greedy_assignment_numpy,,4,6.687161717971321,382255.3886519112,4,3.2070111141556907,0.19824722146107732,637,490,196,49,strongnative_8node_large128c0c31_20260704060009_c20,6.711773827963043,2023,72,4,3,synthetic,"0,1,2",,1,21,1,,4,chordal,7,tfim,auto,4,4,data/raw/perlmutter/practical_suite_sweep/practical_strongnative_8node_large128c0c31_20260704060009_c20_qaoa_chordal_4n_grid7_r2_seed2023.json,ok
practical_strongnative_8node_large128c0c31_20260704060009_c20_qaoa_ladder_5n_grid7_r1_seed1031.json,optimization,optimization_qaoa,approximation_ratio,2.021901309490204e-05,greedy_assignment_numpy,,4,6.909488090022933,341732.21302107326,5,3.414322820287427,0.3171354359425146,735,490,245,49,strongnative_8node_large128c0c31_20260704060009_c20,6.934592738980427,1031,72,4,3,synthetic,"0,1,2",,1,21,1,,5,ladder,7,tfim,auto,4,4,data/raw/perlmutter/practical_suite_sweep/practical_strongnative_8node_large128c0c31_20260704060009_c20_qaoa_ladder_5n_grid7_r1_seed1031.json,ok
practical_strongnative_8node_large128c0c31_20260704060009_c20_qaoa_ladder_5n_grid7_r3_seed3031.json,optimization,optimization_qaoa,approximation_ratio,1.9588042050600052e-05,greedy_assignment_numpy,,4,6.7658035139902495,345404.7881106621,5,3.414322820287427,0.3171354359425146,735,490,245,49,strongnative_8node_large128c0c31_20260704060009_c20,6.7913144049816765,3031,72,4,3,synthetic,"0,1,2",,1,21,1,,5,ladder,7,tfim,auto,4,4,data/raw/perlmutter/practical_suite_sweep/practical_strongnative_8node_large128c0c31_20260704060009_c20_qaoa_ladder_5n_grid7_r3_seed3031.json,ok
practical_strongnative_8node_large128c0c31_20260704060009_c20_qaoa_ring_7n_grid7_r0_seed43.json,optimization,optimization_qaoa,approximation_ratio,2.7412024792283773e-05,greedy_assignment_numpy,,4,6.963280158990528,254022.83164980306,6,4.8125,0.19791666666666663,1029,686,343,49,strongnative_8node_large128c0c31_20260704060009_c20,6.989387010980863,43,72,4,3,synthetic,"0,1,2",,1,21,1,,7,ring,7,tfim,auto,4,4,data/raw/perlmutter/practical_suite_sweep/practical_strongnative_8node_large128c0c31_20260704060009_c20_qaoa_ring_7n_grid7_r0_seed43.json,ok
practical_strongnative_8node_large128c0c31_20260704060009_c20_qaoa_ring_7n_grid7_r2_seed2043.json,optimization,optimization_qaoa,approximation_ratio,2.7503003366291523e-05,greedy_assignment_numpy,,4,6.929183268977795,251942.7851821595,6,4.8125,0.19791666666666663,1029,686,343,49,strongnative_8node_large128c0c31_20260704060009_c20,6.955340225016698,2043,72,4,3,synthetic,"0,1,2",,1,21,1,,7,ring,7,tfim,auto,4,4,data/raw/perlmutter/practical_suite_sweep/practical_strongnative_8node_large128c0c31_20260704060009_c20_qaoa_ring_7n_grid7_r2_seed2043.json,ok
practical_strongnative_8node_large128c0c31_20260704060009_c20_sim_heisenberg_5q_4steps_r0_seed23.json,simulation,hamiltonian_simulation,absolute_observable_error,0.0006796390516683459,exact_dense_eigendecomposition_numpy,,0,6.527935213001911,9605.003121844518,-0.025259172203497292,-0.13003518922489032,0.10477601702139303,198,96,5,1,strongnative_8node_large128c0c31_20260704060009_c20,6.542622345034033,23,72,4,3,synthetic,"0,1,2",,1,21,1,,4,chordal,7,heisenberg,auto,5,4,data/raw/perlmutter/practical_suite_sweep/practical_strongnative_8node_large128c0c31_20260704060009_c20_sim_heisenberg_5q_4steps_r0_seed23.json,ok
practical_strongnative_8node_large128c0c31_20260704060009_c20_sim_heisenberg_5q_4steps_r1_seed1023.json,simulation,hamiltonian_simulation,absolute_observable_error,0.0006613230216316879,exact_dense_eigendecomposition_numpy,,0,6.8280421029776335,10324.821425588281,-0.025259172203497292,-0.13003518922489032,0.10477601702139303,198,96,5,1,strongnative_8node_large128c0c31_20260704060009_c20,6.839591590978671,1023,72,4,3,synthetic,"0,1,2",,1,21,1,,4,chordal,7,heisenberg,auto,5,4,data/raw/perlmutter/practical_suite_sweep/practical_strongnative_8node_large128c0c31_20260704060009_c20_sim_heisenberg_5q_4steps_r1_seed1023.json,ok
practical_strongnative_8node_large128c0c31_20260704060009_c20_sim_heisenberg_5q_4steps_r2_seed2023.json,simulation,hamiltonian_simulation,absolute_observable_error,0.0006714739720337093,exact_dense_eigendecomposition_numpy,,0,7.0389411529758945,10482.820550224582,-0.025259172203497292,-0.13003518922489032,0.10477601702139303,198,96,5,1,strongnative_8node_large128c0c31_20260704060009_c20,7.05052946601063,2023,72,4,3,synthetic,"0,1,2",,1,21,1,,4,chordal,7,heisenberg,auto,5,4,data/raw/perlmutter/practical_suite_sweep/practical_strongnative_8node_large128c0c31_20260704060009_c20_sim_heisenberg_5q_4steps_r2_seed2023.json,ok
practical_strongnative_8node_large128c0c31_20260704060009_c20_sim_heisenberg_5q_4steps_r3_seed3023.json,simulation,hamiltonian_simulation,absolute_observable_error,0.00067575101274997,exact_dense_eigendecomposition_numpy,,0,6.70158175600227,9917.235238361198,-0.025259172203497292,-0.13003518922489032,0.10477601702139303,198,96,5,1,strongnative_8node_large128c0c31_20260704060009_c20,6.713937515974976,3023,72,4,3,synthetic,"0,1,2",,1,21,1,,4,chordal,7,heisenberg,auto,5,4,data/raw/perlmutter/practical_suite_sweep/practical_strongnative_8node_large128c0c31_20260704060009_c20_sim_heisenberg_5q_4steps_r3_seed3023.json,ok
practical_strongnative_8node_large128c0c31_20260704060009_c21_chem_h2_l2_grid17_r0_seed23.json,chemistry,chemistry_vqe,absolute_energy_error,0.00015079102013260126,exact_diagonalization_numpy,,0,6.8150481400080025,45195.31822263054,-1.85727503020238,-1.8369679912029844,0.020307038999395566,296,74,74,37,strongnative_8node_large128c0c31_20260704060009_c21,6.821219974954147,23,72,4,3,synthetic,"0,1,2",,1,17,2,,4,chordal,7,tfim,auto,4,4,data/raw/perlmutter/practical_suite_sweep/practical_strongnative_8node_large128c0c31_20260704060009_c21_chem_h2_l2_grid17_r0_seed23.json,ok
practical_strongnative_8node_large128c0c31_20260704060009_c21_chem_h2_l2_grid25_r2_seed2031.json,chemistry,chemistry_vqe,absolute_energy_error,0.00015100097516551614,exact_diagonalization_numpy,,0,6.707196568953805,44418.23346903469,-1.85727503020238,-1.8369679912029844,0.020307038999395566,424,106,106,53,strongnative_8node_large128c0c31_20260704060009_c21,6.714122696022969,2031,72,4,3,synthetic,"0,1,2",,1,25,2,,4,chordal,7,tfim,auto,4,4,data/raw/perlmutter/practical_suite_sweep/practical_strongnative_8node_large128c0c31_20260704060009_c21_chem_h2_l2_grid25_r2_seed2031.json,ok
practical_strongnative_8node_large128c0c31_20260704060009_c21_ml_digits_c0v1v2_256s_8q_d2_r0_seed17.json,ml,multiclass_ml,test_accuracy,0.00016054901061579585,nearest_centroid_numpy,nearest_centroid_numpy,6,18.37068515503779,114424.15673927774,1.0,0.671875,0.328125,8192,3584,2048,256,strongnative_8node_large128c0c31_20260704060009_c21,18.620764179038815,17,256,8,3,digits,"0,1,2",sklearn_digits,2,21,1,,4,chordal,7,tfim,auto,4,4,data/raw/perlmutter/practical_suite_sweep/practical_strongnative_8node_large128c0c31_20260704060009_c21_ml_digits_c0v1v2_256s_8q_d2_r0_seed17.json,ok
practical_strongnative_8node_large128c0c31_20260704060009_c21_ml_digits_c0v1v2_256s_8q_d2_r0_seed23.json,ml,multiclass_ml,test_accuracy,0.002123007026966661,knn_numpy,knn_numpy,6,7.010241742013022,3302.0341680306215,1.0,0.703125,0.296875,8192,3584,2048,256,strongnative_8node_large128c0c31_20260704060009_c21,7.136089774954598,23,256,8,3,digits,"0,1,2",sklearn_digits,2,21,1,,4,chordal,7,tfim,auto,4,4,data/raw/perlmutter/practical_suite_sweep/practical_strongnative_8node_large128c0c31_20260704060009_c21_ml_digits_c0v1v2_256s_8q_d2_r0_seed23.json,ok
practical_strongnative_8node_large128c0c31_20260704060009_c21_ml_digits_c0v1v2_256s_8q_d2_r0_seed31.json,ml,multiclass_ml,test_accuracy,0.060919346986338496,one_hidden_layer_mlp_numpy,one_hidden_layer_mlp_numpy,6,7.019633212010376,115.22830692168398,1.0,0.734375,0.265625,8192,3584,2048,256,strongnative_8node_large128c0c31_20260704060009_c21,7.146408028027508,31,256,8,3,digits,"0,1,2",sklearn_digits,2,21,1,,4,chordal,7,tfim,auto,4,4,data/raw/perlmutter/practical_suite_sweep/practical_strongnative_8node_large128c0c31_20260704060009_c21_ml_digits_c0v1v2_256s_8q_d2_r0_seed31.json,ok
practical_strongnative_8node_large128c0c31_20260704060009_c21_ml_digits_c0v1v2_256s_8q_d2_r0_seed43.json,ml,multiclass_ml,test_accuracy,0.002076549979392439,knn_numpy,knn_numpy,6,6.69461331499042,3223.911478860308,1.0,0.59375,0.40625,8192,3584,2048,256,strongnative_8node_large128c0c31_20260704060009_c21,6.82078674796503,43,256,8,3,digits,"0,1,2",sklearn_digits,2,21,1,,4,chordal,7,tfim,auto,4,4,data/raw/perlmutter/practical_suite_sweep/practical_strongnative_8node_large128c0c31_20260704060009_c21_ml_digits_c0v1v2_256s_8q_d2_r0_seed43.json,ok
practical_strongnative_8node_large128c0c31_20260704060009_c21_ml_digits_c0v1v2_256s_8q_d2_r1_seed1017.json,ml,multiclass_ml,test_accuracy,0.013677379000000656,softmax_regression_numpy,softmax_regression_numpy,6,6.754251968988683,493.8264830555883,1.0,0.765625,0.234375,8192,3584,2048,256,strongnative_8node_large128c0c31_20260704060009_c21,6.910183169995435,1017,256,8,3,digits,"0,1,2",sklearn_digits,2,21,1,,4,chordal,7,tfim,auto,4,4,data/raw/perlmutter/practical_suite_sweep/practical_strongnative_8node_large128c0c31_20260704060009_c21_ml_digits_c0v1v2_256s_8q_d2_r1_seed1017.json,ok
practical_strongnative_8node_large128c0c31_20260704060009_c21_ml_digits_c0v1v2_256s_8q_d2_r1_seed1023.json,ml,multiclass_ml,test_accuracy,0.0001604899880476296,nearest_centroid_numpy,nearest_centroid_numpy,6,6.901187824027147,43000.737354276825,1.0,0.703125,0.296875,8192,3584,2048,256,strongnative_8node_large128c0c31_20260704060009_c21,7.026481690001674,1023,256,8,3,digits,"0,1,2",sklearn_digits,2,21,1,,4,chordal,7,tfim,auto,4,4,data/raw/perlmutter/practical_suite_sweep/practical_strongnative_8node_large128c0c31_20260704060009_c21_ml_digits_c0v1v2_256s_8q_d2_r1_seed1023.json,ok
practical_strongnative_8node_large128c0c31_20260704060009_c21_ml_digits_c0v1v2_256s_8q_d2_r1_seed1031.json,ml,multiclass_ml,test_accuracy,0.00015409704064950347,nearest_centroid_numpy,nearest_centroid_numpy,6,6.941042612015735,45043.32194025233,1.0,0.515625,0.484375,8192,3584,2048,256,strongnative_8node_large128c0c31_20260704060009_c21,7.064860867976677,1031,256,8,3,digits,"0,1,2",sklearn_digits,2,21,1,,4,chordal,7,tfim,auto,4,4,data/raw/perlmutter/practical_suite_sweep/practical_strongnative_8node_large128c0c31_20260704060009_c21_ml_digits_c0v1v2_256s_8q_d2_r1_seed1031.json,ok
practical_strongnative_8node_large128c0c31_20260704060009_c21_ml_digits_c0v1v2_256s_8q_d2_r1_seed1043.json,ml,multiclass_ml,test_accuracy,0.0021139319869689643,knn_numpy,knn_numpy,6,6.563118682010099,3104.697181587449,1.0,0.671875,0.328125,8192,3584,2048,256,strongnative_8node_large128c0c31_20260704060009_c21,6.686491540051065,1043,256,8,3,digits,"0,1,2",sklearn_digits,2,21,1,,4,chordal,7,tfim,auto,4,4,data/raw/perlmutter/practical_suite_sweep/practical_strongnative_8node_large128c0c31_20260704060009_c21_ml_digits_c0v1v2_256s_8q_d2_r1_seed1043.json,ok
practical_strongnative_8node_large128c0c31_20260704060009_c21_ml_digits_c0v1v2_256s_8q_d2_r2_seed2017.json,ml,multiclass_ml,test_accuracy,0.014276247995439917,rbf_kernel_ridge_numpy,rbf_kernel_ridge_numpy,6,6.5935132569866255,461.85196972570867,1.0,0.734375,0.265625,8192,3584,2048,256,strongnative_8node_large128c0c31_20260704060009_c21,6.718789241975173,2017,256,8,3,digits,"0,1,2",sklearn_digits,2,21,1,,4,chordal,7,tfim,auto,4,4,data/raw/perlmutter/practical_suite_sweep/practical_strongnative_8node_large128c0c31_20260704060009_c21_ml_digits_c0v1v2_256s_8q_d2_r2_seed2017.json,ok
practical_strongnative_8node_large128c0c31_20260704060009_c21_ml_digits_c0v1v2_256s_8q_d2_r2_seed2023.json,ml,multiclass_ml,test_accuracy,0.015127870021387935,rbf_kernel_ridge_numpy,rbf_kernel_ridge_numpy,6,6.829296077019535,451.43804563128896,1.0,0.65625,0.34375,8192,3584,2048,256,strongnative_8node_large128c0c31_20260704060009_c21,6.954736938991118,2023,256,8,3,digits,"0,1,2",sklearn_digits,2,21,1,,4,chordal,7,tfim,auto,4,4,data/raw/perlmutter/practical_suite_sweep/practical_strongnative_8node_large128c0c31_20260704060009_c21_ml_digits_c0v1v2_256s_8q_d2_r2_seed2023.json,ok
practical_strongnative_8node_large128c0c31_20260704060009_c21_ml_digits_c0v1v2_256s_8q_d2_r2_seed2031.json,ml,multiclass_ml,test_accuracy,0.014217725954949856,rbf_kernel_ridge_numpy,rbf_kernel_ridge_numpy,6,6.705671414965764,471.641627937779,1.0,0.671875,0.328125,8192,3584,2048,256,strongnative_8node_large128c0c31_20260704060009_c21,6.8311616409919225,2031,256,8,3,digits,"0,1,2",sklearn_digits,2,21,1,,4,chordal,7,tfim,auto,4,4,data/raw/perlmutter/practical_suite_sweep/practical_strongnative_8node_large128c0c31_20260704060009_c21_ml_digits_c0v1v2_256s_8q_d2_r2_seed2031.json,ok
practical_strongnative_8node_large128c0c31_20260704060009_c21_ml_digits_c0v1v2_256s_8q_d2_r2_seed2043.json,ml,multiclass_ml,test_accuracy,0.00017423497047275305,linear_ridge_numpy,linear_ridge_numpy,6,6.430862542998511,36909.13784729669,1.0,0.71875,0.28125,8192,3584,2048,256,strongnative_8node_large128c0c31_20260704060009_c21,6.555942328996025,2043,256,8,3,digits,"0,1,2",sklearn_digits,2,21,1,,4,chordal,7,tfim,auto,4,4,data/raw/perlmutter/practical_suite_sweep/practical_strongnative_8node_large128c0c31_20260704060009_c21_ml_digits_c0v1v2_256s_8q_d2_r2_seed2043.json,ok
practical_strongnative_8node_large128c0c31_20260704060009_c21_ml_digits_c0v1v2_256s_8q_d2_r3_seed3017.json,ml,multiclass_ml,test_accuracy,0.0020990230259485543,knn_numpy,knn_numpy,6,6.741981493018102,3211.96166486615,1.0,0.75,0.25,8192,3584,2048,256,strongnative_8node_large128c0c31_20260704060009_c21,6.866477375035174,3017,256,8,3,digits,"0,1,2",sklearn_digits,2,21,1,,4,chordal,7,tfim,auto,4,4,data/raw/perlmutter/practical_suite_sweep/practical_strongnative_8node_large128c0c31_20260704060009_c21_ml_digits_c0v1v2_256s_8q_d2_r3_seed3017.json,ok
practical_strongnative_8node_large128c0c31_20260704060009_c21_ml_digits_c0v1v2_256s_8q_d2_r3_seed3023.json,ml,multiclass_ml,test_accuracy,0.013935341965407133,softmax_regression_numpy,softmax_regression_numpy,6,6.720979678968433,482.2974345123704,1.0,0.734375,0.265625,8192,3584,2048,256,strongnative_8node_large128c0c31_20260704060009_c21,6.846528636000585,3023,256,8,3,digits,"0,1,2",sklearn_digits,2,21,1,,4,chordal,7,tfim,auto,4,4,data/raw/perlmutter/practical_suite_sweep/practical_strongnative_8node_large128c0c31_20260704060009_c21_ml_digits_c0v1v2_256s_8q_d2_r3_seed3023.json,ok
practical_strongnative_8node_large128c0c31_20260704060009_c21_ml_digits_c0v1v2_256s_8q_d2_r3_seed3031.json,ml,multiclass_ml,test_accuracy,0.0021024089655838907,knn_numpy,knn_numpy,6,6.8116759159602225,3239.9385787762053,1.0,0.59375,0.40625,8192,3584,2048,256,strongnative_8node_large128c0c31_20260704060009_c21,6.935201740998309,3031,256,8,3,digits,"0,1,2",sklearn_digits,2,21,1,,4,chordal,7,tfim,auto,4,4,data/raw/perlmutter/practical_suite_sweep/practical_strongnative_8node_large128c0c31_20260704060009_c21_ml_digits_c0v1v2_256s_8q_d2_r3_seed3031.json,ok
practical_strongnative_8node_large128c0c31_20260704060009_c21_ml_digits_c0v1v2_256s_8q_d2_r3_seed3043.json,ml,multiclass_ml,test_accuracy,0.013796305982396007,rbf_kernel_ridge_numpy,rbf_kernel_ridge_numpy,6,6.583843257045373,477.21783392208846,1.0,0.765625,0.234375,8192,3584,2048,256,strongnative_8node_large128c0c31_20260704060009_c21,6.706831226008944,3043,256,8,3,digits,"0,1,2",sklearn_digits,2,21,1,,4,chordal,7,tfim,auto,4,4,data/raw/perlmutter/practical_suite_sweep/practical_strongnative_8node_large128c0c31_20260704060009_c21_ml_digits_c0v1v2_256s_8q_d2_r3_seed3043.json,ok
practical_strongnative_8node_large128c0c31_20260704060009_c21_qaoa_chordal_4n_grid9_r0_seed23.json,optimization,optimization_qaoa,approximation_ratio,1.763401087373495e-05,greedy_assignment_numpy,,4,6.439386326994281,365168.5582538373,4,3.1457154773853633,0.21357113065365918,1053,810,324,81,strongnative_8node_large128c0c31_20260704060009_c21,6.461415166966617,23,72,4,3,synthetic,"0,1,2",,1,21,1,,4,chordal,9,tfim,auto,4,4,data/raw/perlmutter/practical_suite_sweep/practical_strongnative_8node_large128c0c31_20260704060009_c21_qaoa_chordal_4n_grid9_r0_seed23.json,ok
practical_strongnative_8node_large128c0c31_20260704060009_c21_qaoa_chordal_4n_grid9_r2_seed2023.json,optimization,optimization_qaoa,approximation_ratio,1.7313985154032707e-05,greedy_assignment_numpy,,4,6.80834899796173,393228.30286567245,4,3.1457154773853633,0.21357113065365918,1053,810,324,81,strongnative_8node_large128c0c31_20260704060009_c21,6.830138461024035,2023,72,4,3,synthetic,"0,1,2",,1,21,1,,4,chordal,9,tfim,auto,4,4,data/raw/perlmutter/practical_suite_sweep/practical_strongnative_8node_large128c0c31_20260704060009_c21_qaoa_chordal_4n_grid9_r2_seed2023.json,ok
practical_strongnative_8node_large128c0c31_20260704060009_c21_qaoa_ladder_5n_grid9_r1_seed1031.json,optimization,optimization_qaoa,approximation_ratio,2.0129024051129818e-05,greedy_assignment_numpy,,4,6.741635165992193,334921.114350489,5,3.6919417382415882,0.2616116523516824,1215,810,405,81,strongnative_8node_large128c0c31_20260704060009_c21,6.7630777200101875,1031,72,4,3,synthetic,"0,1,2",,1,21,1,,5,ladder,9,tfim,auto,4,4,data/raw/perlmutter/practical_suite_sweep/practical_strongnative_8node_large128c0c31_20260704060009_c21_qaoa_ladder_5n_grid9_r1_seed1031.json,ok
practical_strongnative_8node_large128c0c31_20260704060009_c21_qaoa_ladder_5n_grid9_r3_seed3031.json,optimization,optimization_qaoa,approximation_ratio,2.0530016627162695e-05,greedy_assignment_numpy,,4,6.621216618979815,322513.94332625467,5,3.6919417382415882,0.2616116523516824,1215,810,405,81,strongnative_8node_large128c0c31_20260704060009_c21,6.643596559006255,3031,72,4,3,synthetic,"0,1,2",,1,21,1,,5,ladder,9,tfim,auto,4,4,data/raw/perlmutter/practical_suite_sweep/practical_strongnative_8node_large128c0c31_20260704060009_c21_qaoa_ladder_5n_grid9_r3_seed3031.json,ok
practical_strongnative_8node_large128c0c31_20260704060009_c21_qaoa_ring_7n_grid9_r0_seed43.json,optimization,optimization_qaoa,approximation_ratio,2.7152011170983315e-05,greedy_assignment_numpy,,4,6.7011925369733945,246802.80568441993,6,5.249999999999997,0.12500000000000044,1701,1134,567,81,strongnative_8node_large128c0c31_20260704060009_c21,6.723308574000839,43,72,4,3,synthetic,"0,1,2",,1,21,1,,7,ring,9,tfim,auto,4,4,data/raw/perlmutter/practical_suite_sweep/practical_strongnative_8node_large128c0c31_20260704060009_c21_qaoa_ring_7n_grid9_r0_seed43.json,ok
practical_strongnative_8node_large128c0c31_20260704060009_c21_qaoa_ring_7n_grid9_r2_seed2043.json,optimization,optimization_qaoa,approximation_ratio,2.7012021746486425e-05,greedy_assignment_numpy,,4,6.707810093008447,248326.84335747518,6,5.249999999999997,0.12500000000000044,1701,1134,567,81,strongnative_8node_large128c0c31_20260704060009_c21,6.7297489730408415,2043,72,4,3,synthetic,"0,1,2",,1,21,1,,7,ring,9,tfim,auto,4,4,data/raw/perlmutter/practical_suite_sweep/practical_strongnative_8node_large128c0c31_20260704060009_c21_qaoa_ring_7n_grid9_r2_seed2043.json,ok
practical_strongnative_8node_large128c0c31_20260704060009_c21_sim_heisenberg_5q_6steps_r0_seed23.json,simulation,hamiltonian_simulation,absolute_observable_error,0.0006931250100024045,exact_dense_eigendecomposition_numpy,,0,6.721470917982515,9697.342933793716,-0.025259172203497292,-0.09172767502661766,0.06646850282312036,296,144,5,1,strongnative_8node_large128c0c31_20260704060009_c21,6.7362360680126585,23,72,4,3,synthetic,"0,1,2",,1,21,1,,4,chordal,7,heisenberg,auto,5,6,data/raw/perlmutter/practical_suite_sweep/practical_strongnative_8node_large128c0c31_20260704060009_c21_sim_heisenberg_5q_6steps_r0_seed23.json,ok
practical_strongnative_8node_large128c0c31_20260704060009_c21_sim_heisenberg_5q_6steps_r1_seed1023.json,simulation,hamiltonian_simulation,absolute_observable_error,0.0006963309715501964,exact_dense_eigendecomposition_numpy,,0,7.003578354953788,10057.829740593294,-0.025259172203497292,-0.09172767502661766,0.06646850282312036,296,144,5,1,strongnative_8node_large128c0c31_20260704060009_c21,7.013721394003369,1023,72,4,3,synthetic,"0,1,2",,1,21,1,,4,chordal,7,heisenberg,auto,5,6,data/raw/perlmutter/practical_suite_sweep/practical_strongnative_8node_large128c0c31_20260704060009_c21_sim_heisenberg_5q_6steps_r1_seed1023.json,ok
practical_strongnative_8node_large128c0c31_20260704060009_c21_sim_heisenberg_5q_6steps_r2_seed2023.json,simulation,hamiltonian_simulation,absolute_observable_error,0.0007146660354919732,exact_dense_eigendecomposition_numpy,,0,6.724507517006714,9409.300544662921,-0.025259172203497292,-0.09172767502661766,0.06646850282312036,296,144,5,1,strongnative_8node_large128c0c31_20260704060009_c21,6.735902336018626,2023,72,4,3,synthetic,"0,1,2",,1,21,1,,4,chordal,7,heisenberg,auto,5,6,data/raw/perlmutter/practical_suite_sweep/practical_strongnative_8node_large128c0c31_20260704060009_c21_sim_heisenberg_5q_6steps_r2_seed2023.json,ok
practical_strongnative_8node_large128c0c31_20260704060009_c21_sim_heisenberg_5q_6steps_r3_seed3023.json,simulation,hamiltonian_simulation,absolute_observable_error,0.0006668949499726295,exact_dense_eigendecomposition_numpy,,0,6.894056895980611,10337.545510373942,-0.025259172203497292,-0.09172767502661766,0.06646850282312036,296,144,5,1,strongnative_8node_large128c0c31_20260704060009_c21,6.90538558899425,3023,72,4,3,synthetic,"0,1,2",,1,21,1,,4,chordal,7,heisenberg,auto,5,6,data/raw/perlmutter/practical_suite_sweep/practical_strongnative_8node_large128c0c31_20260704060009_c21_sim_heisenberg_5q_6steps_r3_seed3023.json,ok
practical_strongnative_8node_large128c0c31_20260704060009_c22_chem_h2_l2_grid21_r0_seed23.json,chemistry,chemistry_vqe,absolute_energy_error,0.0001511620357632637,exact_diagonalization_numpy,,0,6.7089906930341385,44382.77547109217,-1.85727503020238,-1.8369679912029844,0.020307038999395566,360,90,90,45,strongnative_8node_large128c0c31_20260704060009_c22,6.715462166001089,23,72,4,3,synthetic,"0,1,2",,1,21,2,,4,chordal,7,tfim,auto,4,4,data/raw/perlmutter/practical_suite_sweep/practical_strongnative_8node_large128c0c31_20260704060009_c22_chem_h2_l2_grid21_r0_seed23.json,ok
practical_strongnative_8node_large128c0c31_20260704060009_c22_chem_h2_l2_grid33_r2_seed2031.json,chemistry,chemistry_vqe,absolute_energy_error,0.00015561998588964343,exact_diagonalization_numpy,,0,6.9998560810345225,44980.44413137533,-1.85727503020238,-1.8369679912029844,0.020307038999395566,552,138,138,69,strongnative_8node_large128c0c31_20260704060009_c22,7.0065388979855925,2031,72,4,3,synthetic,"0,1,2",,1,33,2,,4,chordal,7,tfim,auto,4,4,data/raw/perlmutter/practical_suite_sweep/practical_strongnative_8node_large128c0c31_20260704060009_c22_chem_h2_l2_grid33_r2_seed2031.json,ok
practical_strongnative_8node_large128c0c31_20260704060009_c22_ml_digits_c0v1v2_256s_10q_d1_r0_seed17.json,ml,multiclass_ml,test_accuracy,0.014068483025766909,softmax_regression_numpy,softmax_regression_numpy,6,18.431834555987734,1310.1508188359185,1.0,0.703125,0.296875,5120,2304,2560,256,strongnative_8node_large128c0c31_20260704060009_c22,18.700801881030202,17,256,10,3,digits,"0,1,2",sklearn_digits,1,21,1,,4,chordal,7,tfim,auto,4,4,data/raw/perlmutter/practical_suite_sweep/practical_strongnative_8node_large128c0c31_20260704060009_c22_ml_digits_c0v1v2_256s_10q_d1_r0_seed17.json,ok
practical_strongnative_8node_large128c0c31_20260704060009_c22_ml_digits_c0v1v2_256s_10q_d1_r0_seed23.json,ml,multiclass_ml,test_accuracy,0.00016091001452878118,nearest_centroid_numpy,nearest_centroid_numpy,6,7.281626490992494,45252.78623780166,1.0,0.734375,0.265625,5120,2304,2560,256,strongnative_8node_large128c0c31_20260704060009_c22,7.417872552003246,23,256,10,3,digits,"0,1,2",sklearn_digits,1,21,1,,4,chordal,7,tfim,auto,4,4,data/raw/perlmutter/practical_suite_sweep/practical_strongnative_8node_large128c0c31_20260704060009_c22_ml_digits_c0v1v2_256s_10q_d1_r0_seed23.json,ok
practical_strongnative_8node_large128c0c31_20260704060009_c22_ml_digits_c0v1v2_256s_10q_d1_r0_seed31.json,ml,multiclass_ml,test_accuracy,0.00017745199147611856,linear_ridge_numpy,linear_ridge_numpy,6,7.251401184010319,40864.01693038317,1.0,0.8125,0.1875,5120,2304,2560,256,strongnative_8node_large128c0c31_20260704060009_c22,7.374412676028442,31,256,10,3,digits,"0,1,2",sklearn_digits,1,21,1,,4,chordal,7,tfim,auto,4,4,data/raw/perlmutter/practical_suite_sweep/practical_strongnative_8node_large128c0c31_20260704060009_c22_ml_digits_c0v1v2_256s_10q_d1_r0_seed31.json,ok
practical_strongnative_8node_large128c0c31_20260704060009_c22_ml_digits_c0v1v2_256s_10q_d1_r0_seed43.json,ml,multiclass_ml,test_accuracy,0.0021028719493187964,knn_numpy,knn_numpy,6,6.759828312031459,3214.569633791176,1.0,0.734375,0.265625,5120,2304,2560,256,strongnative_8node_large128c0c31_20260704060009_c22,6.885771790985018,43,256,10,3,digits,"0,1,2",sklearn_digits,1,21,1,,4,chordal,7,tfim,auto,4,4,data/raw/perlmutter/practical_suite_sweep/practical_strongnative_8node_large128c0c31_20260704060009_c22_ml_digits_c0v1v2_256s_10q_d1_r0_seed43.json,ok
practical_strongnative_8node_large128c0c31_20260704060009_c22_ml_digits_c0v1v2_256s_10q_d1_r1_seed1017.json,ml,multiclass_ml,test_accuracy,0.00016160099767148495,nearest_centroid_numpy,nearest_centroid_numpy,6,6.766517207026482,41871.753915665686,1.0,0.734375,0.265625,5120,2304,2560,256,strongnative_8node_large128c0c31_20260704060009_c22,6.9530151360086165,1017,256,10,3,digits,"0,1,2",sklearn_digits,1,21,1,,4,chordal,7,tfim,auto,4,4,data/raw/perlmutter/practical_suite_sweep/practical_strongnative_8node_large128c0c31_20260704060009_c22_ml_digits_c0v1v2_256s_10q_d1_r1_seed1017.json,ok
practical_strongnative_8node_large128c0c31_20260704060009_c22_ml_digits_c0v1v2_256s_10q_d1_r1_seed1023.json,ml,multiclass_ml,test_accuracy,0.00016110000433400273,nearest_centroid_numpy,nearest_centroid_numpy,6,7.009889407956507,43512.658096663734,1.0,0.75,0.25,5120,2304,2560,256,strongnative_8node_large128c0c31_20260704060009_c22,7.190408074995503,1023,256,10,3,digits,"0,1,2",sklearn_digits,1,21,1,,4,chordal,7,tfim,auto,4,4,data/raw/perlmutter/practical_suite_sweep/practical_strongnative_8node_large128c0c31_20260704060009_c22_ml_digits_c0v1v2_256s_10q_d1_r1_seed1023.json,ok
practical_strongnative_8node_large128c0c31_20260704060009_c22_ml_digits_c0v1v2_256s_10q_d1_r1_seed1031.json,ml,multiclass_ml,test_accuracy,0.00015886605251580477,nearest_centroid_numpy,nearest_centroid_numpy,6,6.791590479959268,42750.42007028914,1.0,0.703125,0.296875,5120,2304,2560,256,strongnative_8node_large128c0c31_20260704060009_c22,6.916631932021119,1031,256,10,3,digits,"0,1,2",sklearn_digits,1,21,1,,4,chordal,7,tfim,auto,4,4,data/raw/perlmutter/practical_suite_sweep/practical_strongnative_8node_large128c0c31_20260704060009_c22_ml_digits_c0v1v2_256s_10q_d1_r1_seed1031.json,ok
practical_strongnative_8node_large128c0c31_20260704060009_c22_ml_digits_c0v1v2_256s_10q_d1_r1_seed1043.json,ml,multiclass_ml,test_accuracy,0.00017992599168792367,linear_ridge_numpy,linear_ridge_numpy,6,6.741090226976667,37465.90564118657,1.0,0.71875,0.28125,5120,2304,2560,256,strongnative_8node_large128c0c31_20260704060009_c22,6.889953373989556,1043,256,10,3,digits,"0,1,2",sklearn_digits,1,21,1,,4,chordal,7,tfim,auto,4,4,data/raw/perlmutter/practical_suite_sweep/practical_strongnative_8node_large128c0c31_20260704060009_c22_ml_digits_c0v1v2_256s_10q_d1_r1_seed1043.json,ok
practical_strongnative_8node_large128c0c31_20260704060009_c22_ml_digits_c0v1v2_256s_10q_d1_r2_seed2017.json,ml,multiclass_ml,test_accuracy,0.002127868006937206,knn_numpy,knn_numpy,6,6.853633184975479,3220.8920678498325,1.0,0.71875,0.28125,5120,2304,2560,256,strongnative_8node_large128c0c31_20260704060009_c22,6.978282922995277,2017,256,10,3,digits,"0,1,2",sklearn_digits,1,21,1,,4,chordal,7,tfim,auto,4,4,data/raw/perlmutter/practical_suite_sweep/practical_strongnative_8node_large128c0c31_20260704060009_c22_ml_digits_c0v1v2_256s_10q_d1_r2_seed2017.json,ok
practical_strongnative_8node_large128c0c31_20260704060009_c22_ml_digits_c0v1v2_256s_10q_d1_r2_seed2023.json,ml,multiclass_ml,test_accuracy,0.01376847003120929,rbf_kernel_ridge_numpy,rbf_kernel_ridge_numpy,6,6.954347388993483,505.09224142042746,1.0,0.71875,0.28125,5120,2304,2560,256,strongnative_8node_large128c0c31_20260704060009_c22,7.079036732960958,2023,256,10,3,digits,"0,1,2",sklearn_digits,1,21,1,,4,chordal,7,tfim,auto,4,4,data/raw/perlmutter/practical_suite_sweep/practical_strongnative_8node_large128c0c31_20260704060009_c22_ml_digits_c0v1v2_256s_10q_d1_r2_seed2023.json,ok
practical_strongnative_8node_large128c0c31_20260704060009_c22_ml_digits_c0v1v2_256s_10q_d1_r2_seed2031.json,ml,multiclass_ml,test_accuracy,0.0021844879956915975,knn_numpy,knn_numpy,6,7.056252175010741,3230.162943869494,1.0,0.6875,0.3125,5120,2304,2560,256,strongnative_8node_large128c0c31_20260704060009_c22,7.18315709696617,2031,256,10,3,digits,"0,1,2",sklearn_digits,1,21,1,,4,chordal,7,tfim,auto,4,4,data/raw/perlmutter/practical_suite_sweep/practical_strongnative_8node_large128c0c31_20260704060009_c22_ml_digits_c0v1v2_256s_10q_d1_r2_seed2031.json,ok
practical_strongnative_8node_large128c0c31_20260704060009_c22_ml_digits_c0v1v2_256s_10q_d1_r2_seed2043.json,ml,multiclass_ml,test_accuracy,0.00019048695685341954,linear_ridge_numpy,linear_ridge_numpy,6,6.496779952023644,34106.16694886328,1.0,0.765625,0.234375,5120,2304,2560,256,strongnative_8node_large128c0c31_20260704060009_c22,6.623351290996652,2043,256,10,3,digits,"0,1,2",sklearn_digits,1,21,1,,4,chordal,7,tfim,auto,4,4,data/raw/perlmutter/practical_suite_sweep/practical_strongnative_8node_large128c0c31_20260704060009_c22_ml_digits_c0v1v2_256s_10q_d1_r2_seed2043.json,ok
practical_strongnative_8node_large128c0c31_20260704060009_c22_ml_digits_c0v1v2_256s_10q_d1_r3_seed3017.json,ml,multiclass_ml,test_accuracy,0.013722392031922936,rbf_kernel_ridge_numpy,rbf_kernel_ridge_numpy,6,6.7900734469876625,494.8170429172734,1.0,0.78125,0.21875,5120,2304,2560,256,strongnative_8node_large128c0c31_20260704060009_c22,6.914572665002197,3017,256,10,3,digits,"0,1,2",sklearn_digits,1,21,1,,4,chordal,7,tfim,auto,4,4,data/raw/perlmutter/practical_suite_sweep/practical_strongnative_8node_large128c0c31_20260704060009_c22_ml_digits_c0v1v2_256s_10q_d1_r3_seed3017.json,ok
practical_strongnative_8node_large128c0c31_20260704060009_c22_ml_digits_c0v1v2_256s_10q_d1_r3_seed3023.json,ml,multiclass_ml,test_accuracy,0.00017844303511083126,linear_ridge_numpy,linear_ridge_numpy,6,6.757394262007438,37868.63554416909,1.0,0.671875,0.328125,5120,2304,2560,256,strongnative_8node_large128c0c31_20260704060009_c22,6.905777512001805,3023,256,10,3,digits,"0,1,2",sklearn_digits,1,21,1,,4,chordal,7,tfim,auto,4,4,data/raw/perlmutter/practical_suite_sweep/practical_strongnative_8node_large128c0c31_20260704060009_c22_ml_digits_c0v1v2_256s_10q_d1_r3_seed3023.json,ok
practical_strongnative_8node_large128c0c31_20260704060009_c22_ml_digits_c0v1v2_256s_10q_d1_r3_seed3031.json,ml,multiclass_ml,test_accuracy,0.00015998794697225094,nearest_centroid_numpy,nearest_centroid_numpy,6,6.869936845032498,42940.340038390845,1.0,0.78125,0.21875,5120,2304,2560,256,strongnative_8node_large128c0c31_20260704060009_c22,6.995254890003707,3031,256,10,3,digits,"0,1,2",sklearn_digits,1,21,1,,4,chordal,7,tfim,auto,4,4,data/raw/perlmutter/practical_suite_sweep/practical_strongnative_8node_large128c0c31_20260704060009_c22_ml_digits_c0v1v2_256s_10q_d1_r3_seed3031.json,ok
practical_strongnative_8node_large128c0c31_20260704060009_c22_ml_digits_c0v1v2_256s_10q_d1_r3_seed3043.json,ml,multiclass_ml,test_accuracy,0.01315625401912257,rbf_kernel_ridge_numpy,rbf_kernel_ridge_numpy,6,6.653105208999477,505.6990537982325,1.0,0.78125,0.21875,5120,2304,2560,256,strongnative_8node_large128c0c31_20260704060009_c22,6.778257504978683,3043,256,10,3,digits,"0,1,2",sklearn_digits,1,21,1,,4,chordal,7,tfim,auto,4,4,data/raw/perlmutter/practical_suite_sweep/practical_strongnative_8node_large128c0c31_20260704060009_c22_ml_digits_c0v1v2_256s_10q_d1_r3_seed3043.json,ok
practical_strongnative_8node_large128c0c31_20260704060009_c22_qaoa_chordal_4n_grid11_r0_seed23.json,optimization,optimization_qaoa,approximation_ratio,1.7323007341474295e-05,greedy_assignment_numpy,,4,6.536922716011759,377354.9584754391,4,3.229815686445298,0.19254607838867555,1573,1210,484,121,strongnative_8node_large128c0c31_20260704060009_c22,6.5587439050432295,23,72,4,3,synthetic,"0,1,2",,1,21,1,,4,chordal,11,tfim,auto,4,4,data/raw/perlmutter/practical_suite_sweep/practical_strongnative_8node_large128c0c31_20260704060009_c22_qaoa_chordal_4n_grid11_r0_seed23.json,ok
practical_strongnative_8node_large128c0c31_20260704060009_c22_qaoa_chordal_4n_grid11_r2_seed2023.json,optimization,optimization_qaoa,approximation_ratio,1.756398705765605e-05,greedy_assignment_numpy,,4,6.5187921219621785,371145.3498891455,4,3.229815686445298,0.19254607838867555,1573,1210,484,121,strongnative_8node_large128c0c31_20260704060009_c22,6.540642331005074,2023,72,4,3,synthetic,"0,1,2",,1,21,1,,4,chordal,11,tfim,auto,4,4,data/raw/perlmutter/practical_suite_sweep/practical_strongnative_8node_large128c0c31_20260704060009_c22_qaoa_chordal_4n_grid11_r2_seed2023.json,ok
practical_strongnative_8node_large128c0c31_20260704060009_c22_qaoa_ladder_5n_grid11_r1_seed1031.json,optimization,optimization_qaoa,approximation_ratio,2.01190123334527e-05,greedy_assignment_numpy,,4,6.651595031027682,330612.4038687428,5,3.5925466511522917,0.2814906697695416,1815,1210,605,121,strongnative_8node_large128c0c31_20260704060009_c22,6.673816864960827,1031,72,4,3,synthetic,"0,1,2",,1,21,1,,5,ladder,11,tfim,auto,4,4,data/raw/perlmutter/practical_suite_sweep/practical_strongnative_8node_large128c0c31_20260704060009_c22_qaoa_ladder_5n_grid11_r1_seed1031.json,ok
practical_strongnative_8node_large128c0c31_20260704060009_c22_qaoa_ladder_5n_grid11_r3_seed3031.json,optimization,optimization_qaoa,approximation_ratio,2.084102015942335e-05,greedy_assignment_numpy,,4,6.540681387006771,313836.9109080956,5,3.5925466511522917,0.2814906697695416,1815,1210,605,121,strongnative_8node_large128c0c31_20260704060009_c22,6.562893934024032,3031,72,4,3,synthetic,"0,1,2",,1,21,1,,5,ladder,11,tfim,auto,4,4,data/raw/perlmutter/practical_suite_sweep/practical_strongnative_8node_large128c0c31_20260704060009_c22_qaoa_ladder_5n_grid11_r3_seed3031.json,ok
practical_strongnative_8node_large128c0c31_20260704060009_c22_qaoa_ring_7n_grid11_r0_seed43.json,optimization,optimization_qaoa,approximation_ratio,2.7632981073111296e-05,greedy_assignment_numpy,,4,6.82040617801249,246821.22279775282,6,5.082889870078074,0.15285168832032092,2541,1694,847,121,strongnative_8node_large128c0c31_20260704060009_c22,6.842998692009132,43,72,4,3,synthetic,"0,1,2",,1,21,1,,7,ring,11,tfim,auto,4,4,data/raw/perlmutter/practical_suite_sweep/practical_strongnative_8node_large128c0c31_20260704060009_c22_qaoa_ring_7n_grid11_r0_seed43.json,ok
practical_strongnative_8node_large128c0c31_20260704060009_c22_qaoa_ring_7n_grid11_r2_seed2043.json,optimization,optimization_qaoa,approximation_ratio,2.7442991267889738e-05,greedy_assignment_numpy,,4,6.809153148031328,248119.93275669348,6,5.082889870078074,0.15285168832032092,2541,1694,847,121,strongnative_8node_large128c0c31_20260704060009_c22,6.836827195016667,2043,72,4,3,synthetic,"0,1,2",,1,21,1,,7,ring,11,tfim,auto,4,4,data/raw/perlmutter/practical_suite_sweep/practical_strongnative_8node_large128c0c31_20260704060009_c22_qaoa_ring_7n_grid11_r2_seed2043.json,ok
practical_strongnative_8node_large128c0c31_20260704060009_c22_sim_heisenberg_5q_8steps_r0_seed23.json,simulation,hamiltonian_simulation,absolute_observable_error,0.000667496002279222,exact_dense_eigendecomposition_numpy,,0,6.421432349015959,9620.180985488198,-0.025259172203497292,-0.07408869759288389,0.0488295253893866,394,192,5,1,strongnative_8node_large128c0c31_20260704060009_c22,6.439263376989402,23,72,4,3,synthetic,"0,1,2",,1,21,1,,4,chordal,7,heisenberg,auto,5,8,data/raw/perlmutter/practical_suite_sweep/practical_strongnative_8node_large128c0c31_20260704060009_c22_sim_heisenberg_5q_8steps_r0_seed23.json,ok
practical_strongnative_8node_large128c0c31_20260704060009_c22_sim_heisenberg_5q_8steps_r1_seed1023.json,simulation,hamiltonian_simulation,absolute_observable_error,0.0006676159682683647,exact_dense_eigendecomposition_numpy,,0,6.548435342963785,9808.685912574638,-0.025259172203497292,-0.07408869759288389,0.0488295253893866,394,192,5,1,strongnative_8node_large128c0c31_20260704060009_c22,6.558130066958256,1023,72,4,3,synthetic,"0,1,2",,1,21,1,,4,chordal,7,heisenberg,auto,5,8,data/raw/perlmutter/practical_suite_sweep/practical_strongnative_8node_large128c0c31_20260704060009_c22_sim_heisenberg_5q_8steps_r1_seed1023.json,ok
practical_strongnative_8node_large128c0c31_20260704060009_c22_sim_heisenberg_5q_8steps_r2_seed2023.json,simulation,hamiltonian_simulation,absolute_observable_error,0.0007198359817266464,exact_dense_eigendecomposition_numpy,,0,6.901655883004423,9587.817305894674,-0.025259172203497292,-0.07408869759288389,0.0488295253893866,394,192,5,1,strongnative_8node_large128c0c31_20260704060009_c22,6.911807418975513,2023,72,4,3,synthetic,"0,1,2",,1,21,1,,4,chordal,7,heisenberg,auto,5,8,data/raw/perlmutter/practical_suite_sweep/practical_strongnative_8node_large128c0c31_20260704060009_c22_sim_heisenberg_5q_8steps_r2_seed2023.json,ok
practical_strongnative_8node_large128c0c31_20260704060009_c22_sim_heisenberg_5q_8steps_r3_seed3023.json,simulation,hamiltonian_simulation,absolute_observable_error,0.000707021972630173,exact_dense_eigendecomposition_numpy,,0,6.801066991989501,9619.314894400013,-0.025259172203497292,-0.07408869759288389,0.0488295253893866,394,192,5,1,strongnative_8node_large128c0c31_20260704060009_c22,6.811469539999962,3023,72,4,3,synthetic,"0,1,2",,1,21,1,,4,chordal,7,heisenberg,auto,5,8,data/raw/perlmutter/practical_suite_sweep/practical_strongnative_8node_large128c0c31_20260704060009_c22_sim_heisenberg_5q_8steps_r3_seed3023.json,ok
practical_strongnative_8node_large128c0c31_20260704060009_c23_chem_4q_l2_grid9_r2_seed2031.json,chemistry,chemistry_vqe,absolute_energy_error,0.00017548800678923726,exact_diagonalization_numpy,,0,6.800368151976727,38751.18463305605,-1.705732892552902,-0.9510586803328194,0.7546742122200827,336,126,84,21,strongnative_8node_large128c0c31_20260704060009_c23,6.810806813009549,2031,72,4,3,synthetic,"0,1,2",,1,9,2,benchmarks/workloads/hamiltonians/molecular_chain_4q.json,4,chordal,7,tfim,auto,4,4,data/raw/perlmutter/practical_suite_sweep/practical_strongnative_8node_large128c0c31_20260704060009_c23_chem_4q_l2_grid9_r2_seed2031.json,ok
practical_strongnative_8node_large128c0c31_20260704060009_c23_chem_h2_l2_grid25_r0_seed23.json,chemistry,chemistry_vqe,absolute_energy_error,0.00015159201575443149,exact_diagonalization_numpy,,0,6.934916329977568,45747.24002094972,-1.85727503020238,-1.8369679912029844,0.020307038999395566,424,106,106,53,strongnative_8node_large128c0c31_20260704060009_c23,6.943905800988432,23,72,4,3,synthetic,"0,1,2",,1,25,2,,4,chordal,7,tfim,auto,4,4,data/raw/perlmutter/practical_suite_sweep/practical_strongnative_8node_large128c0c31_20260704060009_c23_chem_h2_l2_grid25_r0_seed23.json,ok
practical_strongnative_8node_large128c0c31_20260704060009_c23_ml_digits_c0v1v2_256s_10q_d2_r0_seed17.json,ml,multiclass_ml,test_accuracy,0.014921616006176919,softmax_regression_numpy,softmax_regression_numpy,6,18.422868915018626,1234.6430110111623,1.0,0.6875,0.3125,10240,4608,2560,256,strongnative_8node_large128c0c31_20260704060009_c23,18.672843567968812,17,256,10,3,digits,"0,1,2",sklearn_digits,2,21,1,,4,chordal,7,tfim,auto,4,4,data/raw/perlmutter/practical_suite_sweep/practical_strongnative_8node_large128c0c31_20260704060009_c23_ml_digits_c0v1v2_256s_10q_d2_r0_seed17.json,ok
practical_strongnative_8node_large128c0c31_20260704060009_c23_ml_digits_c0v1v2_256s_10q_d2_r0_seed23.json,ml,multiclass_ml,test_accuracy,0.0001611310290172696,nearest_centroid_numpy,nearest_centroid_numpy,6,7.204475565988105,44711.90688676076,1.0,0.71875,0.28125,10240,4608,2560,256,strongnative_8node_large128c0c31_20260704060009_c23,7.3354292690055445,23,256,10,3,digits,"0,1,2",sklearn_digits,2,21,1,,4,chordal,7,tfim,auto,4,4,data/raw/perlmutter/practical_suite_sweep/practical_strongnative_8node_large128c0c31_20260704060009_c23_ml_digits_c0v1v2_256s_10q_d2_r0_seed23.json,ok
practical_strongnative_8node_large128c0c31_20260704060009_c23_ml_digits_c0v1v2_256s_10q_d2_r0_seed31.json,ml,multiclass_ml,test_accuracy,0.00018458598060533404,linear_ridge_numpy,linear_ridge_numpy,6,6.946639179019257,37633.62285823844,1.0,0.734375,0.265625,10240,4608,2560,256,strongnative_8node_large128c0c31_20260704060009_c23,7.072864146961365,31,256,10,3,digits,"0,1,2",sklearn_digits,2,21,1,,4,chordal,7,tfim,auto,4,4,data/raw/perlmutter/practical_suite_sweep/practical_strongnative_8node_large128c0c31_20260704060009_c23_ml_digits_c0v1v2_256s_10q_d2_r0_seed31.json,ok
practical_strongnative_8node_large128c0c31_20260704060009_c23_ml_digits_c0v1v2_256s_10q_d2_r0_seed43.json,ml,multiclass_ml,test_accuracy,0.0021276790066622198,knn_numpy,knn_numpy,6,6.664262293023057,3132.1746711584883,1.0,0.5625,0.4375,10240,4608,2560,256,strongnative_8node_large128c0c31_20260704060009_c23,6.794696805998683,43,256,10,3,digits,"0,1,2",sklearn_digits,2,21,1,,4,chordal,7,tfim,auto,4,4,data/raw/perlmutter/practical_suite_sweep/practical_strongnative_8node_large128c0c31_20260704060009_c23_ml_digits_c0v1v2_256s_10q_d2_r0_seed43.json,ok
practical_strongnative_8node_large128c0c31_20260704060009_c23_ml_digits_c0v1v2_256s_10q_d2_r1_seed1017.json,ml,multiclass_ml,test_accuracy,0.00016081001376733184,nearest_centroid_numpy,nearest_centroid_numpy,6,6.688859150046483,41594.79247184362,1.0,0.75,0.25,10240,4608,2560,256,strongnative_8node_large128c0c31_20260704060009_c23,6.821087447053287,1017,256,10,3,digits,"0,1,2",sklearn_digits,2,21,1,,4,chordal,7,tfim,auto,4,4,data/raw/perlmutter/practical_suite_sweep/practical_strongnative_8node_large128c0c31_20260704060009_c23_ml_digits_c0v1v2_256s_10q_d2_r1_seed1017.json,ok
practical_strongnative_8node_large128c0c31_20260704060009_c23_ml_digits_c0v1v2_256s_10q_d2_r1_seed1023.json,ml,multiclass_ml,test_accuracy,0.00017378502525389194,nearest_centroid_numpy,nearest_centroid_numpy,6,7.054067765013315,40590.7687081073,1.0,0.6875,0.3125,10240,4608,2560,256,strongnative_8node_large128c0c31_20260704060009_c23,7.179413491976447,1023,256,10,3,digits,"0,1,2",sklearn_digits,2,21,1,,4,chordal,7,tfim,auto,4,4,data/raw/perlmutter/practical_suite_sweep/practical_strongnative_8node_large128c0c31_20260704060009_c23_ml_digits_c0v1v2_256s_10q_d2_r1_seed1023.json,ok
practical_strongnative_8node_large128c0c31_20260704060009_c23_ml_digits_c0v1v2_256s_10q_d2_r1_seed1031.json,ml,multiclass_ml,test_accuracy,0.00015972700202837586,nearest_centroid_numpy,nearest_centroid_numpy,6,6.810170438024215,42636.31290603184,1.0,0.5,0.5,10240,4608,2560,256,strongnative_8node_large128c0c31_20260704060009_c23,6.935215317003895,1031,256,10,3,digits,"0,1,2",sklearn_digits,2,21,1,,4,chordal,7,tfim,auto,4,4,data/raw/perlmutter/practical_suite_sweep/practical_strongnative_8node_large128c0c31_20260704060009_c23_ml_digits_c0v1v2_256s_10q_d2_r1_seed1031.json,ok
practical_strongnative_8node_large128c0c31_20260704060009_c23_ml_digits_c0v1v2_256s_10q_d2_r1_seed1043.json,ml,multiclass_ml,test_accuracy,0.00018019700655713677,linear_ridge_numpy,linear_ridge_numpy,6,6.512789848959073,36142.6084339198,1.0,0.671875,0.328125,10240,4608,2560,256,strongnative_8node_large128c0c31_20260704060009_c23,6.637729184993077,1043,256,10,3,digits,"0,1,2",sklearn_digits,2,21,1,,4,chordal,7,tfim,auto,4,4,data/raw/perlmutter/practical_suite_sweep/practical_strongnative_8node_large128c0c31_20260704060009_c23_ml_digits_c0v1v2_256s_10q_d2_r1_seed1043.json,ok
practical_strongnative_8node_large128c0c31_20260704060009_c23_ml_digits_c0v1v2_256s_10q_d2_r2_seed2017.json,ml,multiclass_ml,test_accuracy,0.002143127960152924,knn_numpy,knn_numpy,6,6.676528639043681,3115.3196464140547,1.0,0.71875,0.28125,10240,4608,2560,256,strongnative_8node_large128c0c31_20260704060009_c23,6.80146865703864,2017,256,10,3,digits,"0,1,2",sklearn_digits,2,21,1,,4,chordal,7,tfim,auto,4,4,data/raw/perlmutter/practical_suite_sweep/practical_strongnative_8node_large128c0c31_20260704060009_c23_ml_digits_c0v1v2_256s_10q_d2_r2_seed2017.json,ok
practical_strongnative_8node_large128c0c31_20260704060009_c23_ml_digits_c0v1v2_256s_10q_d2_r2_seed2023.json,ml,multiclass_ml,test_accuracy,0.013640363002195954,rbf_kernel_ridge_numpy,rbf_kernel_ridge_numpy,6,6.949311537959147,509.4667595606056,1.0,0.640625,0.359375,10240,4608,2560,256,strongnative_8node_large128c0c31_20260704060009_c23,7.074661555001512,2023,256,10,3,digits,"0,1,2",sklearn_digits,2,21,1,,4,chordal,7,tfim,auto,4,4,data/raw/perlmutter/practical_suite_sweep/practical_strongnative_8node_large128c0c31_20260704060009_c23_ml_digits_c0v1v2_256s_10q_d2_r2_seed2023.json,ok
practical_strongnative_8node_large128c0c31_20260704060009_c23_ml_digits_c0v1v2_256s_10q_d2_r2_seed2031.json,ml,multiclass_ml,test_accuracy,0.0021458729752339423,knn_numpy,knn_numpy,6,6.863269476976711,3198.3577575128743,1.0,0.65625,0.34375,10240,4608,2560,256,strongnative_8node_large128c0c31_20260704060009_c23,6.989861135021783,2031,256,10,3,digits,"0,1,2",sklearn_digits,2,21,1,,4,chordal,7,tfim,auto,4,4,data/raw/perlmutter/practical_suite_sweep/practical_strongnative_8node_large128c0c31_20260704060009_c23_ml_digits_c0v1v2_256s_10q_d2_r2_seed2031.json,ok
practical_strongnative_8node_large128c0c31_20260704060009_c23_ml_digits_c0v1v2_256s_10q_d2_r2_seed2043.json,ml,multiclass_ml,test_accuracy,0.0001796559663489461,linear_ridge_numpy,linear_ridge_numpy,6,6.37477846397087,35483.25498741927,1.0,0.71875,0.28125,10240,4608,2560,256,strongnative_8node_large128c0c31_20260704060009_c23,6.506743934005499,2043,256,10,3,digits,"0,1,2",sklearn_digits,2,21,1,,4,chordal,7,tfim,auto,4,4,data/raw/perlmutter/practical_suite_sweep/practical_strongnative_8node_large128c0c31_20260704060009_c23_ml_digits_c0v1v2_256s_10q_d2_r2_seed2043.json,ok
practical_strongnative_8node_large128c0c31_20260704060009_c23_ml_digits_c0v1v2_256s_10q_d2_r3_seed3017.json,ml,multiclass_ml,test_accuracy,0.013617569988127798,rbf_kernel_ridge_numpy,rbf_kernel_ridge_numpy,6,6.644536437001079,487.9384826216413,1.0,0.734375,0.265625,10240,4608,2560,256,strongnative_8node_large128c0c31_20260704060009_c23,6.770836192998104,3017,256,10,3,digits,"0,1,2",sklearn_digits,2,21,1,,4,chordal,7,tfim,auto,4,4,data/raw/perlmutter/practical_suite_sweep/practical_strongnative_8node_large128c0c31_20260704060009_c23_ml_digits_c0v1v2_256s_10q_d2_r3_seed3017.json,ok
practical_strongnative_8node_large128c0c31_20260704060009_c23_ml_digits_c0v1v2_256s_10q_d2_r3_seed3023.json,ml,multiclass_ml,test_accuracy,0.00015993701526895165,nearest_centroid_numpy,nearest_centroid_numpy,6,6.644368487002794,41543.65689411897,1.0,0.75,0.25,10240,4608,2560,256,strongnative_8node_large128c0c31_20260704060009_c23,6.769685114966705,3023,256,10,3,digits,"0,1,2",sklearn_digits,2,21,1,,4,chordal,7,tfim,auto,4,4,data/raw/perlmutter/practical_suite_sweep/practical_strongnative_8node_large128c0c31_20260704060009_c23_ml_digits_c0v1v2_256s_10q_d2_r3_seed3023.json,ok
practical_strongnative_8node_large128c0c31_20260704060009_c23_ml_digits_c0v1v2_256s_10q_d2_r3_seed3031.json,ml,multiclass_ml,test_accuracy,0.0001610000035725534,nearest_centroid_numpy,nearest_centroid_numpy,6,6.74259829899529,41879.491611047015,1.0,0.59375,0.40625,10240,4608,2560,256,strongnative_8node_large128c0c31_20260704060009_c23,6.86803209700156,3031,256,10,3,digits,"0,1,2",sklearn_digits,2,21,1,,4,chordal,7,tfim,auto,4,4,data/raw/perlmutter/practical_suite_sweep/practical_strongnative_8node_large128c0c31_20260704060009_c23_ml_digits_c0v1v2_256s_10q_d2_r3_seed3031.json,ok
practical_strongnative_8node_large128c0c31_20260704060009_c23_ml_digits_c0v1v2_256s_10q_d2_r3_seed3043.json,ml,multiclass_ml,test_accuracy,0.013271425035782158,rbf_kernel_ridge_numpy,rbf_kernel_ridge_numpy,6,6.5231518389773555,491.5185687588002,1.0,0.75,0.25,10240,4608,2560,256,strongnative_8node_large128c0c31_20260704060009_c23,6.647800003003795,3043,256,10,3,digits,"0,1,2",sklearn_digits,2,21,1,,4,chordal,7,tfim,auto,4,4,data/raw/perlmutter/practical_suite_sweep/practical_strongnative_8node_large128c0c31_20260704060009_c23_ml_digits_c0v1v2_256s_10q_d2_r3_seed3043.json,ok
practical_strongnative_8node_large128c0c31_20260704060009_c23_qaoa_chordal_4n_grid13_r0_seed23.json,optimization,optimization_qaoa,approximation_ratio,1.8235004972666502e-05,greedy_assignment_numpy,,4,6.692126640002243,366993.4091070146,4,3.2070111141556907,0.19824722146107732,2197,1690,676,169,strongnative_8node_large128c0c31_20260704060009_c23,6.714982801000588,23,72,4,3,synthetic,"0,1,2",,1,21,1,,4,chordal,13,tfim,auto,4,4,data/raw/perlmutter/practical_suite_sweep/practical_strongnative_8node_large128c0c31_20260704060009_c23_qaoa_chordal_4n_grid13_r0_seed23.json,ok
practical_strongnative_8node_large128c0c31_20260704060009_c23_qaoa_chordal_4n_grid13_r2_seed2023.json,optimization,optimization_qaoa,approximation_ratio,1.7523998394608498e-05,greedy_assignment_numpy,,4,6.620927742973436,377820.6088520561,4,3.2070111141556907,0.19824722146107732,2197,1690,676,169,strongnative_8node_large128c0c31_20260704060009_c23,6.643492148024961,2023,72,4,3,synthetic,"0,1,2",,1,21,1,,4,chordal,13,tfim,auto,4,4,data/raw/perlmutter/practical_suite_sweep/practical_strongnative_8node_large128c0c31_20260704060009_c23_qaoa_chordal_4n_grid13_r2_seed2023.json,ok
practical_strongnative_8node_large128c0c31_20260704060009_c23_qaoa_ladder_5n_grid13_r1_seed1031.json,optimization,optimization_qaoa,approximation_ratio,2.04889802262187e-05,greedy_assignment_numpy,,4,6.583102939010132,321299.68726242764,5,3.6919417382415882,0.2616116523516824,2535,1690,845,169,strongnative_8node_large128c0c31_20260704060009_c23,6.605372467020061,1031,72,4,3,synthetic,"0,1,2",,1,21,1,,5,ladder,13,tfim,auto,4,4,data/raw/perlmutter/practical_suite_sweep/practical_strongnative_8node_large128c0c31_20260704060009_c23_qaoa_ladder_5n_grid13_r1_seed1031.json,ok
practical_strongnative_8node_large128c0c31_20260704060009_c23_qaoa_ladder_5n_grid13_r3_seed3031.json,optimization,optimization_qaoa,approximation_ratio,1.9547995179891586e-05,greedy_assignment_numpy,,4,6.493608440039679,332187.9497248624,5,3.6919417382415882,0.2616116523516824,2535,1690,845,169,strongnative_8node_large128c0c31_20260704060009_c23,6.515744900971185,3031,72,4,3,synthetic,"0,1,2",,1,21,1,,5,ladder,13,tfim,auto,4,4,data/raw/perlmutter/practical_suite_sweep/practical_strongnative_8node_large128c0c31_20260704060009_c23_qaoa_ladder_5n_grid13_r3_seed3031.json,ok
practical_strongnative_8node_large128c0c31_20260704060009_c23_qaoa_ring_7n_grid13_r0_seed43.json,optimization,optimization_qaoa,approximation_ratio,2.7012021746486425e-05,greedy_assignment_numpy,,4,6.663922951032873,246702.11706384693,6,5.249999999999997,0.12500000000000044,3549,2366,1183,169,strongnative_8node_large128c0c31_20260704060009_c23,6.685933092958294,43,72,4,3,synthetic,"0,1,2",,1,21,1,,7,ring,13,tfim,auto,4,4,data/raw/perlmutter/practical_suite_sweep/practical_strongnative_8node_large128c0c31_20260704060009_c23_qaoa_ring_7n_grid13_r0_seed43.json,ok
practical_strongnative_8node_large128c0c31_20260704060009_c23_qaoa_ring_7n_grid13_r2_seed2043.json,optimization,optimization_qaoa,approximation_ratio,2.7152011170983315e-05,greedy_assignment_numpy,,4,6.660885062010493,245318.29410591937,6,5.249999999999997,0.12500000000000044,3549,2366,1183,169,strongnative_8node_large128c0c31_20260704060009_c23,6.683431393001229,2043,72,4,3,synthetic,"0,1,2",,1,21,1,,7,ring,13,tfim,auto,4,4,data/raw/perlmutter/practical_suite_sweep/practical_strongnative_8node_large128c0c31_20260704060009_c23_qaoa_ring_7n_grid13_r2_seed2043.json,ok
practical_strongnative_8node_large128c0c31_20260704060009_c23_sim_heisenberg_5q_10steps_r0_seed23.json,simulation,hamiltonian_simulation,absolute_observable_error,0.0006881759618408978,exact_dense_eigendecomposition_numpy,,0,6.358943648985587,9240.28737065323,-0.025259172203497292,-0.06389507462183047,0.03863590241833318,492,240,5,1,strongnative_8node_large128c0c31_20260704060009_c23,6.3706355600152165,23,72,4,3,synthetic,"0,1,2",,1,21,1,,4,chordal,7,heisenberg,auto,5,10,data/raw/perlmutter/practical_suite_sweep/practical_strongnative_8node_large128c0c31_20260704060009_c23_sim_heisenberg_5q_10steps_r0_seed23.json,ok
practical_strongnative_8node_large128c0c31_20260704060009_c23_sim_heisenberg_5q_10steps_r1_seed1023.json,simulation,hamiltonian_simulation,absolute_observable_error,0.0007208579918369651,exact_dense_eigendecomposition_numpy,,0,6.625836228020489,9191.597101026578,-0.025259172203497292,-0.06389507462183047,0.03863590241833318,492,240,5,1,strongnative_8node_large128c0c31_20260704060009_c23,6.634620287979487,1023,72,4,3,synthetic,"0,1,2",,1,21,1,,4,chordal,7,heisenberg,auto,5,10,data/raw/perlmutter/practical_suite_sweep/practical_strongnative_8node_large128c0c31_20260704060009_c23_sim_heisenberg_5q_10steps_r1_seed1023.json,ok
practical_strongnative_8node_large128c0c31_20260704060009_c23_sim_heisenberg_5q_10steps_r2_seed2023.json,simulation,hamiltonian_simulation,absolute_observable_error,0.0006617250037379563,exact_dense_eigendecomposition_numpy,,0,6.813599462038837,10296.723599002811,-0.025259172203497292,-0.06389507462183047,0.03863590241833318,492,240,5,1,strongnative_8node_large128c0c31_20260704060009_c23,6.82221848500194,2023,72,4,3,synthetic,"0,1,2",,1,21,1,,4,chordal,7,heisenberg,auto,5,10,data/raw/perlmutter/practical_suite_sweep/practical_strongnative_8node_large128c0c31_20260704060009_c23_sim_heisenberg_5q_10steps_r2_seed2023.json,ok
practical_strongnative_8node_large128c0c31_20260704060009_c23_sim_heisenberg_5q_10steps_r3_seed3023.json,simulation,hamiltonian_simulation,absolute_observable_error,0.0007008299580775201,exact_dense_eigendecomposition_numpy,,0,7.022276622999925,10019.943557012124,-0.025259172203497292,-0.06389507462183047,0.03863590241833318,492,240,5,1,strongnative_8node_large128c0c31_20260704060009_c23,7.0318417879752815,3023,72,4,3,synthetic,"0,1,2",,1,21,1,,4,chordal,7,heisenberg,auto,5,10,data/raw/perlmutter/practical_suite_sweep/practical_strongnative_8node_large128c0c31_20260704060009_c23_sim_heisenberg_5q_10steps_r3_seed3023.json,ok
practical_strongnative_8node_large128c0c31_20260704060009_c24_chem_4q_l2_grid13_r2_seed2031.json,chemistry,chemistry_vqe,absolute_energy_error,0.00017952697817236185,exact_diagonalization_numpy,,0,7.350621115998365,40944.38167917646,-1.705732892552902,-1.1235921077112514,0.5821407848416507,464,174,116,29,strongnative_8node_large128c0c31_20260704060009_c24,7.361167085997295,2031,72,4,3,synthetic,"0,1,2",,1,13,2,benchmarks/workloads/hamiltonians/molecular_chain_4q.json,4,chordal,7,tfim,auto,4,4,data/raw/perlmutter/practical_suite_sweep/practical_strongnative_8node_large128c0c31_20260704060009_c24_chem_4q_l2_grid13_r2_seed2031.json,ok
practical_strongnative_8node_large128c0c31_20260704060009_c24_chem_h2_l2_grid33_r0_seed23.json,chemistry,chemistry_vqe,absolute_energy_error,0.00015167403034865856,exact_diagonalization_numpy,,0,6.599515579000581,43511.17698811086,-1.85727503020238,-1.8369679912029844,0.020307038999395566,552,138,138,69,strongnative_8node_large128c0c31_20260704060009_c24,6.610236047010403,23,72,4,3,synthetic,"0,1,2",,1,33,2,,4,chordal,7,tfim,auto,4,4,data/raw/perlmutter/practical_suite_sweep/practical_strongnative_8node_large128c0c31_20260704060009_c24_chem_h2_l2_grid33_r0_seed23.json,ok
practical_strongnative_8node_large128c0c31_20260704060009_c24_ml_digits_c0v1v2_320s_4q_d1_r0_seed17.json,ml,multiclass_ml,test_accuracy,0.00015435798559337854,linear_ridge_numpy,linear_ridge_numpy,6,18.47659079602454,119699.61077813602,1.0,0.7125,0.2875,2560,960,1280,320,strongnative_8node_large128c0c31_20260704060009_c24,18.76157932699425,17,320,4,3,digits,"0,1,2",sklearn_digits,1,21,1,,4,chordal,7,tfim,auto,4,4,data/raw/perlmutter/practical_suite_sweep/practical_strongnative_8node_large128c0c31_20260704060009_c24_ml_digits_c0v1v2_320s_4q_d1_r0_seed17.json,ok
practical_strongnative_8node_large128c0c31_20260704060009_c24_ml_digits_c0v1v2_320s_4q_d1_r0_seed23.json,ml,multiclass_ml,test_accuracy,0.0026159040280617774,knn_numpy,knn_numpy,6,7.202576584997587,2753.3795229996454,1.0,0.775,0.22499999999999998,2560,960,1280,320,strongnative_8node_large128c0c31_20260704060009_c24,7.34941613097908,23,320,4,3,digits,"0,1,2",sklearn_digits,1,21,1,,4,chordal,7,tfim,auto,4,4,data/raw/perlmutter/practical_suite_sweep/practical_strongnative_8node_large128c0c31_20260704060009_c24_ml_digits_c0v1v2_320s_4q_d1_r0_seed23.json,ok
practical_strongnative_8node_large128c0c31_20260704060009_c24_ml_digits_c0v1v2_320s_4q_d1_r0_seed31.json,ml,multiclass_ml,test_accuracy,0.015210349985864013,softmax_regression_numpy,softmax_regression_numpy,6,7.231543411966413,475.4357012617833,1.0,0.825,0.17500000000000004,2560,960,1280,320,strongnative_8node_large128c0c31_20260704060009_c24,7.384109471982811,31,320,4,3,digits,"0,1,2",sklearn_digits,1,21,1,,4,chordal,7,tfim,auto,4,4,data/raw/perlmutter/practical_suite_sweep/practical_strongnative_8node_large128c0c31_20260704060009_c24_ml_digits_c0v1v2_320s_4q_d1_r0_seed31.json,ok
practical_strongnative_8node_large128c0c31_20260704060009_c24_ml_digits_c0v1v2_320s_4q_d1_r0_seed43.json,ml,multiclass_ml,test_accuracy,0.01588717004051432,rbf_kernel_ridge_numpy,rbf_kernel_ridge_numpy,6,6.7771479450166225,426.5799338544263,1.0,0.775,0.22499999999999998,2560,960,1280,320,strongnative_8node_large128c0c31_20260704060009_c24,6.924187682976481,43,320,4,3,digits,"0,1,2",sklearn_digits,1,21,1,,4,chordal,7,tfim,auto,4,4,data/raw/perlmutter/practical_suite_sweep/practical_strongnative_8node_large128c0c31_20260704060009_c24_ml_digits_c0v1v2_320s_4q_d1_r0_seed43.json,ok
practical_strongnative_8node_large128c0c31_20260704060009_c24_ml_digits_c0v1v2_320s_4q_d1_r1_seed1017.json,ml,multiclass_ml,test_accuracy,0.01566901901969686,rbf_kernel_ridge_numpy,rbf_kernel_ridge_numpy,6,7.037049447011668,449.1059356150944,1.0,0.8,0.19999999999999996,2560,960,1280,320,strongnative_8node_large128c0c31_20260704060009_c24,7.175146545981988,1017,320,4,3,digits,"0,1,2",sklearn_digits,1,21,1,,4,chordal,7,tfim,auto,4,4,data/raw/perlmutter/practical_suite_sweep/practical_strongnative_8node_large128c0c31_20260704060009_c24_ml_digits_c0v1v2_320s_4q_d1_r1_seed1017.json,ok
practical_strongnative_8node_large128c0c31_20260704060009_c24_ml_digits_c0v1v2_320s_4q_d1_r1_seed1023.json,ml,multiclass_ml,test_accuracy,0.0026332070119678974,knn_numpy,knn_numpy,6,6.697565947019029,2543.5014856707676,1.0,0.7375,0.26249999999999996,2560,960,1280,320,strongnative_8node_large128c0c31_20260704060009_c24,6.8417861179914325,1023,320,4,3,digits,"0,1,2",sklearn_digits,1,21,1,,4,chordal,7,tfim,auto,4,4,data/raw/perlmutter/practical_suite_sweep/practical_strongnative_8node_large128c0c31_20260704060009_c24_ml_digits_c0v1v2_320s_4q_d1_r1_seed1023.json,ok
practical_strongnative_8node_large128c0c31_20260704060009_c24_ml_digits_c0v1v2_320s_4q_d1_r1_seed1031.json,ml,multiclass_ml,test_accuracy,0.0026049529551528394,knn_numpy,knn_numpy,6,7.0142461709911,2692.657522707375,1.0,0.75,0.25,2560,960,1280,320,strongnative_8node_large128c0c31_20260704060009_c24,7.157104915997479,1031,320,4,3,digits,"0,1,2",sklearn_digits,1,21,1,,4,chordal,7,tfim,auto,4,4,data/raw/perlmutter/practical_suite_sweep/practical_strongnative_8node_large128c0c31_20260704060009_c24_ml_digits_c0v1v2_320s_4q_d1_r1_seed1031.json,ok
practical_strongnative_8node_large128c0c31_20260704060009_c24_ml_digits_c0v1v2_320s_4q_d1_r1_seed1043.json,ml,multiclass_ml,test_accuracy,0.00263075198745355,knn_numpy,knn_numpy,6,6.791692928003613,2581.654584086304,1.0,0.6625,0.3375,2560,960,1280,320,strongnative_8node_large128c0c31_20260704060009_c24,6.934908404015005,1043,320,4,3,digits,"0,1,2",sklearn_digits,1,21,1,,4,chordal,7,tfim,auto,4,4,data/raw/perlmutter/practical_suite_sweep/practical_strongnative_8node_large128c0c31_20260704060009_c24_ml_digits_c0v1v2_320s_4q_d1_r1_seed1043.json,ok
practical_strongnative_8node_large128c0c31_20260704060009_c24_ml_digits_c0v1v2_320s_4q_d1_r2_seed2017.json,ml,multiclass_ml,test_accuracy,0.0025935499579645693,knn_numpy,knn_numpy,6,6.926692682027351,2670.7380980867833,1.0,0.75,0.25,2560,960,1280,320,strongnative_8node_large128c0c31_20260704060009_c24,7.06500216096174,2017,320,4,3,digits,"0,1,2",sklearn_digits,1,21,1,,4,chordal,7,tfim,auto,4,4,data/raw/perlmutter/practical_suite_sweep/practical_strongnative_8node_large128c0c31_20260704060009_c24_ml_digits_c0v1v2_320s_4q_d1_r2_seed2017.json,ok
practical_strongnative_8node_large128c0c31_20260704060009_c24_ml_digits_c0v1v2_320s_4q_d1_r2_seed2023.json,ml,multiclass_ml,test_accuracy,0.0026459810324013233,knn_numpy,knn_numpy,6,6.765222001005895,2556.791571127104,1.0,0.8125,0.1875,2560,960,1280,320,strongnative_8node_large128c0c31_20260704060009_c24,6.910867420956492,2023,320,4,3,digits,"0,1,2",sklearn_digits,1,21,1,,4,chordal,7,tfim,auto,4,4,data/raw/perlmutter/practical_suite_sweep/practical_strongnative_8node_large128c0c31_20260704060009_c24_ml_digits_c0v1v2_320s_4q_d1_r2_seed2023.json,ok
practical_strongnative_8node_large128c0c31_20260704060009_c24_ml_digits_c0v1v2_320s_4q_d1_r2_seed2031.json,ml,multiclass_ml,test_accuracy,0.002599261002615094,knn_numpy,knn_numpy,6,7.063824832031969,2717.6281354296916,1.0,0.8,0.19999999999999996,2560,960,1280,320,strongnative_8node_large128c0c31_20260704060009_c24,7.2057639640406705,2031,320,4,3,digits,"0,1,2",sklearn_digits,1,21,1,,4,chordal,7,tfim,auto,4,4,data/raw/perlmutter/practical_suite_sweep/practical_strongnative_8node_large128c0c31_20260704060009_c24_ml_digits_c0v1v2_320s_4q_d1_r2_seed2031.json,ok
practical_strongnative_8node_large128c0c31_20260704060009_c24_ml_digits_c0v1v2_320s_4q_d1_r2_seed2043.json,ml,multiclass_ml,test_accuracy,0.0026319839525967836,knn_numpy,knn_numpy,6,7.092798535013571,2694.848700736048,1.0,0.85,0.15000000000000002,2560,960,1280,320,strongnative_8node_large128c0c31_20260704060009_c24,7.235832131991629,2043,320,4,3,digits,"0,1,2",sklearn_digits,1,21,1,,4,chordal,7,tfim,auto,4,4,data/raw/perlmutter/practical_suite_sweep/practical_strongnative_8node_large128c0c31_20260704060009_c24_ml_digits_c0v1v2_320s_4q_d1_r2_seed2043.json,ok
practical_strongnative_8node_large128c0c31_20260704060009_c24_ml_digits_c0v1v2_320s_4q_d1_r3_seed3017.json,ml,multiclass_ml,test_accuracy,0.015395605994854122,rbf_kernel_ridge_numpy,rbf_kernel_ridge_numpy,6,6.699363627994899,435.14777074927196,1.0,0.8,0.19999999999999996,2560,960,1280,320,strongnative_8node_large128c0c31_20260704060009_c24,6.8412758960039355,3017,320,4,3,digits,"0,1,2",sklearn_digits,1,21,1,,4,chordal,7,tfim,auto,4,4,data/raw/perlmutter/practical_suite_sweep/practical_strongnative_8node_large128c0c31_20260704060009_c24_ml_digits_c0v1v2_320s_4q_d1_r3_seed3017.json,ok
practical_strongnative_8node_large128c0c31_20260704060009_c24_ml_digits_c0v1v2_320s_4q_d1_r3_seed3023.json,ml,multiclass_ml,test_accuracy,0.00015279598301276565,linear_ridge_numpy,linear_ridge_numpy,6,6.856225527997594,44871.76555829205,1.0,0.85,0.15000000000000002,2560,960,1280,320,strongnative_8node_large128c0c31_20260704060009_c24,6.998131521977484,3023,320,4,3,digits,"0,1,2",sklearn_digits,1,21,1,,4,chordal,7,tfim,auto,4,4,data/raw/perlmutter/practical_suite_sweep/practical_strongnative_8node_large128c0c31_20260704060009_c24_ml_digits_c0v1v2_320s_4q_d1_r3_seed3023.json,ok
practical_strongnative_8node_large128c0c31_20260704060009_c24_ml_digits_c0v1v2_320s_4q_d1_r3_seed3031.json,ml,multiclass_ml,test_accuracy,0.0001594889909029007,linear_ridge_numpy,linear_ridge_numpy,6,7.083795540034771,44415.576899270076,1.0,0.8,0.19999999999999996,2560,960,1280,320,strongnative_8node_large128c0c31_20260704060009_c24,7.227947442035656,3031,320,4,3,digits,"0,1,2",sklearn_digits,1,21,1,,4,chordal,7,tfim,auto,4,4,data/raw/perlmutter/practical_suite_sweep/practical_strongnative_8node_large128c0c31_20260704060009_c24_ml_digits_c0v1v2_320s_4q_d1_r3_seed3031.json,ok
practical_strongnative_8node_large128c0c31_20260704060009_c24_ml_digits_c0v1v2_320s_4q_d1_r3_seed3043.json,ml,multiclass_ml,test_accuracy,0.00015423900913447142,linear_ridge_numpy,linear_ridge_numpy,6,7.187727261974942,46601.22819972481,1.0,0.7125,0.2875,2560,960,1280,320,strongnative_8node_large128c0c31_20260704060009_c24,7.328888646967243,3043,320,4,3,digits,"0,1,2",sklearn_digits,1,21,1,,4,chordal,7,tfim,auto,4,4,data/raw/perlmutter/practical_suite_sweep/practical_strongnative_8node_large128c0c31_20260704060009_c24_ml_digits_c0v1v2_320s_4q_d1_r3_seed3043.json,ok
practical_strongnative_8node_large128c0c31_20260704060009_c24_qaoa_chordal_7n_grid7_r0_seed43.json,optimization,optimization_qaoa,approximation_ratio,3.160099731758237e-05,greedy_assignment_numpy,,4,6.745070961012971,213444.8762242103,8,5.966466079257492,0.25419174009281353,1127,882,343,49,strongnative_8node_large128c0c31_20260704060009_c24,6.772950679005589,43,72,4,3,synthetic,"0,1,2",,1,21,1,,7,chordal,7,tfim,auto,4,4,data/raw/perlmutter/practical_suite_sweep/practical_strongnative_8node_large128c0c31_20260704060009_c24_qaoa_chordal_7n_grid7_r0_seed43.json,ok
practical_strongnative_8node_large128c0c31_20260704060009_c24_qaoa_chordal_7n_grid7_r2_seed2043.json,optimization,optimization_qaoa,approximation_ratio,3.079004818573594e-05,greedy_assignment_numpy,,4,6.898408097971696,224046.68080927237,8,5.966466079257492,0.25419174009281353,1127,882,343,49,strongnative_8node_large128c0c31_20260704060009_c24,6.928787955024745,2043,72,4,3,synthetic,"0,1,2",,1,21,1,,7,chordal,7,tfim,auto,4,4,data/raw/perlmutter/practical_suite_sweep/practical_strongnative_8node_large128c0c31_20260704060009_c24_qaoa_chordal_7n_grid7_r2_seed2043.json,ok
practical_strongnative_8node_large128c0c31_20260704060009_c24_qaoa_ladder_4n_grid7_r0_seed23.json,optimization,optimization_qaoa,approximation_ratio,1.666200114414096e-05,greedy_assignment_numpy,,4,6.37159524904564,382402.76146458875,4,2.749999999999999,0.3125000000000002,588,392,196,49,strongnative_8node_large128c0c31_20260704060009_c24,6.396834545012098,23,72,4,3,synthetic,"0,1,2",,1,21,1,,4,ladder,7,tfim,auto,4,4,data/raw/perlmutter/practical_suite_sweep/practical_strongnative_8node_large128c0c31_20260704060009_c24_qaoa_ladder_4n_grid7_r0_seed23.json,ok
practical_strongnative_8node_large128c0c31_20260704060009_c24_qaoa_ladder_4n_grid7_r2_seed2023.json,optimization,optimization_qaoa,approximation_ratio,1.6762991435825825e-05,greedy_assignment_numpy,,4,6.834548373997677,407716.5105144,4,2.749999999999999,0.3125000000000002,588,392,196,49,strongnative_8node_large128c0c31_20260704060009_c24,6.876475941040553,2023,72,4,3,synthetic,"0,1,2",,1,21,1,,4,ladder,7,tfim,auto,4,4,data/raw/perlmutter/practical_suite_sweep/practical_strongnative_8node_large128c0c31_20260704060009_c24_qaoa_ladder_4n_grid7_r2_seed2023.json,ok
practical_strongnative_8node_large128c0c31_20260704060009_c24_qaoa_ring_6n_grid7_r1_seed1031.json,optimization,optimization_qaoa,approximation_ratio,2.207298530265689e-05,greedy_assignment_numpy,,4,6.654866972006857,301493.7436308546,6,4.125,0.3125,882,588,294,49,strongnative_8node_large128c0c31_20260704060009_c24,6.6889069129829295,1031,72,4,3,synthetic,"0,1,2",,1,21,1,,6,ring,7,tfim,auto,4,4,data/raw/perlmutter/practical_suite_sweep/practical_strongnative_8node_large128c0c31_20260704060009_c24_qaoa_ring_6n_grid7_r1_seed1031.json,ok
practical_strongnative_8node_large128c0c31_20260704060009_c24_qaoa_ring_6n_grid7_r3_seed3031.json,optimization,optimization_qaoa,approximation_ratio,2.2924039512872696e-05,greedy_assignment_numpy,,4,6.565989750029985,286423.76690822485,6,4.125,0.3125,882,588,294,49,strongnative_8node_large128c0c31_20260704060009_c24,6.591845782008022,3031,72,4,3,synthetic,"0,1,2",,1,21,1,,6,ring,7,tfim,auto,4,4,data/raw/perlmutter/practical_suite_sweep/practical_strongnative_8node_large128c0c31_20260704060009_c24_qaoa_ring_6n_grid7_r3_seed3031.json,ok
practical_strongnative_8node_large128c0c31_20260704060009_c24_sim_heisenberg_6q_4steps_r0_seed23.json,simulation,hamiltonian_simulation,absolute_observable_error,0.0026292690308764577,exact_dense_eigendecomposition_numpy,,0,6.96686625003349,2649.7350283364153,0.028435823107617414,-0.1300351892248902,0.15847101233250763,247,120,6,1,strongnative_8node_large128c0c31_20260704060009_c24,6.986409283999819,23,72,4,3,synthetic,"0,1,2",,1,21,1,,4,chordal,7,heisenberg,auto,6,4,data/raw/perlmutter/practical_suite_sweep/practical_strongnative_8node_large128c0c31_20260704060009_c24_sim_heisenberg_6q_4steps_r0_seed23.json,ok
practical_strongnative_8node_large128c0c31_20260704060009_c24_sim_heisenberg_6q_4steps_r1_seed1023.json,simulation,hamiltonian_simulation,absolute_observable_error,0.0035179179976694286,exact_dense_eigendecomposition_numpy,,0,6.850866836030036,1947.420843967551,0.028435823107617414,-0.1300351892248902,0.15847101233250763,247,120,6,1,strongnative_8node_large128c0c31_20260704060009_c24,6.8644380629993975,1023,72,4,3,synthetic,"0,1,2",,1,21,1,,4,chordal,7,heisenberg,auto,6,4,data/raw/perlmutter/practical_suite_sweep/practical_strongnative_8node_large128c0c31_20260704060009_c24_sim_heisenberg_6q_4steps_r1_seed1023.json,ok
practical_strongnative_8node_large128c0c31_20260704060009_c24_sim_heisenberg_6q_4steps_r2_seed2023.json,simulation,hamiltonian_simulation,absolute_observable_error,0.003613092005252838,exact_dense_eigendecomposition_numpy,,0,6.731639517005533,1863.1243010747698,0.028435823107617414,-0.1300351892248902,0.15847101233250763,247,120,6,1,strongnative_8node_large128c0c31_20260704060009_c24,6.748385376005899,2023,72,4,3,synthetic,"0,1,2",,1,21,1,,4,chordal,7,heisenberg,auto,6,4,data/raw/perlmutter/practical_suite_sweep/practical_strongnative_8node_large128c0c31_20260704060009_c24_sim_heisenberg_6q_4steps_r2_seed2023.json,ok
practical_strongnative_8node_large128c0c31_20260704060009_c24_sim_heisenberg_6q_4steps_r3_seed3023.json,simulation,hamiltonian_simulation,absolute_observable_error,0.0025218709488399327,exact_dense_eigendecomposition_numpy,,0,6.947095151990652,2754.738562330612,0.028435823107617414,-0.1300351892248902,0.15847101233250763,247,120,6,1,strongnative_8node_large128c0c31_20260704060009_c24,6.961777278978843,3023,72,4,3,synthetic,"0,1,2",,1,21,1,,4,chordal,7,heisenberg,auto,6,4,data/raw/perlmutter/practical_suite_sweep/practical_strongnative_8node_large128c0c31_20260704060009_c24_sim_heisenberg_6q_4steps_r3_seed3023.json,ok
practical_strongnative_8node_large128c0c31_20260704060009_c25_chem_4q_l2_grid17_r2_seed2031.json,chemistry,chemistry_vqe,absolute_energy_error,0.000188996025826782,exact_diagonalization_numpy,,0,7.187742993002757,38031.18590223925,-1.705732892552902,-1.2889268228302266,0.4168060697226754,592,222,148,37,strongnative_8node_large128c0c31_20260704060009_c25,7.195539381005801,2031,72,4,3,synthetic,"0,1,2",,1,17,2,benchmarks/workloads/hamiltonians/molecular_chain_4q.json,4,chordal,7,tfim,auto,4,4,data/raw/perlmutter/practical_suite_sweep/practical_strongnative_8node_large128c0c31_20260704060009_c25_chem_4q_l2_grid17_r2_seed2031.json,ok
practical_strongnative_8node_large128c0c31_20260704060009_c25_chem_4q_l2_grid9_r0_seed23.json,chemistry,chemistry_vqe,absolute_energy_error,0.00018950598314404488,exact_diagonalization_numpy,,0,6.488945430028252,34241.37498126356,-1.705732892552902,-0.8946266380615817,0.8111062544913203,336,126,84,21,strongnative_8node_large128c0c31_20260704060009_c25,6.497166980989277,23,72,4,3,synthetic,"0,1,2",,1,9,2,benchmarks/workloads/hamiltonians/molecular_chain_4q.json,4,chordal,7,tfim,auto,4,4,data/raw/perlmutter/practical_suite_sweep/practical_strongnative_8node_large128c0c31_20260704060009_c25_chem_4q_l2_grid9_r0_seed23.json,ok
practical_strongnative_8node_large128c0c31_20260704060009_c25_ml_digits_c0v1v2_320s_4q_d2_r0_seed17.json,ml,multiclass_ml,test_accuracy,0.00016767397755756974,linear_ridge_numpy,linear_ridge_numpy,6,18.506314056983683,110370.81797996748,1.0,0.55,0.44999999999999996,5120,1920,1280,320,strongnative_8node_large128c0c31_20260704060009_c25,18.785460810991935,17,320,4,3,digits,"0,1,2",sklearn_digits,2,21,1,,4,chordal,7,tfim,auto,4,4,data/raw/perlmutter/practical_suite_sweep/practical_strongnative_8node_large128c0c31_20260704060009_c25_ml_digits_c0v1v2_320s_4q_d2_r0_seed17.json,ok
practical_strongnative_8node_large128c0c31_20260704060009_c25_ml_digits_c0v1v2_320s_4q_d2_r0_seed23.json,ml,multiclass_ml,test_accuracy,0.0026232170057483017,knn_numpy,knn_numpy,6,7.2951635619974695,2780.9988826740023,1.0,0.65,0.35,5120,1920,1280,320,strongnative_8node_large128c0c31_20260704060009_c25,7.4455145839601755,23,320,4,3,digits,"0,1,2",sklearn_digits,2,21,1,,4,chordal,7,tfim,auto,4,4,data/raw/perlmutter/practical_suite_sweep/practical_strongnative_8node_large128c0c31_20260704060009_c25_ml_digits_c0v1v2_320s_4q_d2_r0_seed23.json,ok
practical_strongnative_8node_large128c0c31_20260704060009_c25_ml_digits_c0v1v2_320s_4q_d2_r0_seed31.json,ml,multiclass_ml,test_accuracy,0.01513085700571537,softmax_regression_numpy,softmax_regression_numpy,6,6.93460513302125,458.3088142596183,1.0,0.7,0.30000000000000004,5120,1920,1280,320,strongnative_8node_large128c0c31_20260704060009_c25,7.070684411970433,31,320,4,3,digits,"0,1,2",sklearn_digits,2,21,1,,4,chordal,7,tfim,auto,4,4,data/raw/perlmutter/practical_suite_sweep/practical_strongnative_8node_large128c0c31_20260704060009_c25_ml_digits_c0v1v2_320s_4q_d2_r0_seed31.json,ok
practical_strongnative_8node_large128c0c31_20260704060009_c25_ml_digits_c0v1v2_320s_4q_d2_r0_seed43.json,ml,multiclass_ml,test_accuracy,0.01533372001722455,rbf_kernel_ridge_numpy,rbf_kernel_ridge_numpy,6,6.63642134499969,432.7991731650844,1.0,0.5875,0.4125,5120,1920,1280,320,strongnative_8node_large128c0c31_20260704060009_c25,6.841692065994721,43,320,4,3,digits,"0,1,2",sklearn_digits,2,21,1,,4,chordal,7,tfim,auto,4,4,data/raw/perlmutter/practical_suite_sweep/practical_strongnative_8node_large128c0c31_20260704060009_c25_ml_digits_c0v1v2_320s_4q_d2_r0_seed43.json,ok
practical_strongnative_8node_large128c0c31_20260704060009_c25_ml_digits_c0v1v2_320s_4q_d2_r1_seed1017.json,ml,multiclass_ml,test_accuracy,0.015410088002681732,rbf_kernel_ridge_numpy,rbf_kernel_ridge_numpy,6,6.7360446059610695,437.1191523882818,1.0,0.7375,0.26249999999999996,5120,1920,1280,320,strongnative_8node_large128c0c31_20260704060009_c25,6.929165828973055,1017,320,4,3,digits,"0,1,2",sklearn_digits,2,21,1,,4,chordal,7,tfim,auto,4,4,data/raw/perlmutter/practical_suite_sweep/practical_strongnative_8node_large128c0c31_20260704060009_c25_ml_digits_c0v1v2_320s_4q_d2_r1_seed1017.json,ok
practical_strongnative_8node_large128c0c31_20260704060009_c25_ml_digits_c0v1v2_320s_4q_d2_r1_seed1023.json,ml,multiclass_ml,test_accuracy,0.0026212430093437433,knn_numpy,knn_numpy,6,7.090503151994199,2705.015569605423,1.0,0.65,0.35,5120,1920,1280,320,strongnative_8node_large128c0c31_20260704060009_c25,7.23210994299734,1023,320,4,3,digits,"0,1,2",sklearn_digits,2,21,1,,4,chordal,7,tfim,auto,4,4,data/raw/perlmutter/practical_suite_sweep/practical_strongnative_8node_large128c0c31_20260704060009_c25_ml_digits_c0v1v2_320s_4q_d2_r1_seed1023.json,ok
practical_strongnative_8node_large128c0c31_20260704060009_c25_ml_digits_c0v1v2_320s_4q_d2_r1_seed1031.json,ml,multiclass_ml,test_accuracy,0.00259841897059232,knn_numpy,knn_numpy,6,6.795503886998631,2615.245641256063,1.0,0.6375,0.36250000000000004,5120,1920,1280,320,strongnative_8node_large128c0c31_20260704060009_c25,6.942220680008177,1031,320,4,3,digits,"0,1,2",sklearn_digits,2,21,1,,4,chordal,7,tfim,auto,4,4,data/raw/perlmutter/practical_suite_sweep/practical_strongnative_8node_large128c0c31_20260704060009_c25_ml_digits_c0v1v2_320s_4q_d2_r1_seed1031.json,ok
practical_strongnative_8node_large128c0c31_20260704060009_c25_ml_digits_c0v1v2_320s_4q_d2_r1_seed1043.json,ml,multiclass_ml,test_accuracy,0.002615902980323881,knn_numpy,knn_numpy,6,6.501292733009905,2485.2958163627936,1.0,0.625,0.375,5120,1920,1280,320,strongnative_8node_large128c0c31_20260704060009_c25,6.641822069999762,1043,320,4,3,digits,"0,1,2",sklearn_digits,2,21,1,,4,chordal,7,tfim,auto,4,4,data/raw/perlmutter/practical_suite_sweep/practical_strongnative_8node_large128c0c31_20260704060009_c25_ml_digits_c0v1v2_320s_4q_d2_r1_seed1043.json,ok
practical_strongnative_8node_large128c0c31_20260704060009_c25_ml_digits_c0v1v2_320s_4q_d2_r2_seed2017.json,ml,multiclass_ml,test_accuracy,0.0026699969894252717,knn_numpy,knn_numpy,6,6.718021551030688,2516.1157775225697,1.0,0.75,0.25,5120,1920,1280,320,strongnative_8node_large128c0c31_20260704060009_c25,6.864178901014384,2017,320,4,3,digits,"0,1,2",sklearn_digits,2,21,1,,4,chordal,7,tfim,auto,4,4,data/raw/perlmutter/practical_suite_sweep/practical_strongnative_8node_large128c0c31_20260704060009_c25_ml_digits_c0v1v2_320s_4q_d2_r2_seed2017.json,ok
practical_strongnative_8node_large128c0c31_20260704060009_c25_ml_digits_c0v1v2_320s_4q_d2_r2_seed2023.json,ml,multiclass_ml,test_accuracy,0.0026212240336462855,knn_numpy,knn_numpy,6,6.873095860006288,2622.0940185892405,1.0,0.6,0.4,5120,1920,1280,320,strongnative_8node_large128c0c31_20260704060009_c25,7.021630962961353,2023,320,4,3,digits,"0,1,2",sklearn_digits,2,21,1,,4,chordal,7,tfim,auto,4,4,data/raw/perlmutter/practical_suite_sweep/practical_strongnative_8node_large128c0c31_20260704060009_c25_ml_digits_c0v1v2_320s_4q_d2_r2_seed2023.json,ok
practical_strongnative_8node_large128c0c31_20260704060009_c25_ml_digits_c0v1v2_320s_4q_d2_r2_seed2031.json,ml,multiclass_ml,test_accuracy,0.0028759569977410138,knn_numpy,knn_numpy,6,6.850185964955017,2381.8805254514073,1.0,0.775,0.22499999999999998,5120,1920,1280,320,strongnative_8node_large128c0c31_20260704060009_c25,6.998724152974319,2031,320,4,3,digits,"0,1,2",sklearn_digits,2,21,1,,4,chordal,7,tfim,auto,4,4,data/raw/perlmutter/practical_suite_sweep/practical_strongnative_8node_large128c0c31_20260704060009_c25_ml_digits_c0v1v2_320s_4q_d2_r2_seed2031.json,ok
practical_strongnative_8node_large128c0c31_20260704060009_c25_ml_digits_c0v1v2_320s_4q_d2_r2_seed2043.json,ml,multiclass_ml,test_accuracy,0.0025997209595516324,knn_numpy,knn_numpy,6,6.84762860898627,2633.9859990847876,1.0,0.7125,0.2875,5120,1920,1280,320,strongnative_8node_large128c0c31_20260704060009_c25,6.986415258026682,2043,320,4,3,digits,"0,1,2",sklearn_digits,2,21,1,,4,chordal,7,tfim,auto,4,4,data/raw/perlmutter/practical_suite_sweep/practical_strongnative_8node_large128c0c31_20260704060009_c25_ml_digits_c0v1v2_320s_4q_d2_r2_seed2043.json,ok
practical_strongnative_8node_large128c0c31_20260704060009_c25_ml_digits_c0v1v2_320s_4q_d2_r3_seed3017.json,ml,multiclass_ml,test_accuracy,0.015236868988722563,rbf_kernel_ridge_numpy,rbf_kernel_ridge_numpy,6,6.452773334051017,423.497329984722,1.0,0.75,0.25,5120,1920,1280,320,strongnative_8node_large128c0c31_20260704060009_c25,6.591005900991149,3017,320,4,3,digits,"0,1,2",sklearn_digits,2,21,1,,4,chordal,7,tfim,auto,4,4,data/raw/perlmutter/practical_suite_sweep/practical_strongnative_8node_large128c0c31_20260704060009_c25_ml_digits_c0v1v2_320s_4q_d2_r3_seed3017.json,ok
practical_strongnative_8node_large128c0c31_20260704060009_c25_ml_digits_c0v1v2_320s_4q_d2_r3_seed3023.json,ml,multiclass_ml,test_accuracy,0.00015564198838546872,linear_ridge_numpy,linear_ridge_numpy,6,6.665615914971568,42826.59187354543,1.0,0.7375,0.26249999999999996,5120,1920,1280,320,strongnative_8node_large128c0c31_20260704060009_c25,6.800327406032011,3023,320,4,3,digits,"0,1,2",sklearn_digits,2,21,1,,4,chordal,7,tfim,auto,4,4,data/raw/perlmutter/practical_suite_sweep/practical_strongnative_8node_large128c0c31_20260704060009_c25_ml_digits_c0v1v2_320s_4q_d2_r3_seed3023.json,ok
practical_strongnative_8node_large128c0c31_20260704060009_c25_ml_digits_c0v1v2_320s_4q_d2_r3_seed3031.json,ml,multiclass_ml,test_accuracy,0.0001500399666838348,linear_ridge_numpy,linear_ridge_numpy,6,6.944505689025391,46284.37237432143,1.0,0.675,0.32499999999999996,5120,1920,1280,320,strongnative_8node_large128c0c31_20260704060009_c25,7.0799115630215965,3031,320,4,3,digits,"0,1,2",sklearn_digits,2,21,1,,4,chordal,7,tfim,auto,4,4,data/raw/perlmutter/practical_suite_sweep/practical_strongnative_8node_large128c0c31_20260704060009_c25_ml_digits_c0v1v2_320s_4q_d2_r3_seed3031.json,ok
practical_strongnative_8node_large128c0c31_20260704060009_c25_ml_digits_c0v1v2_320s_4q_d2_r3_seed3043.json,ml,multiclass_ml,test_accuracy,0.0001619340036995709,linear_ridge_numpy,linear_ridge_numpy,6,7.020324704004452,43352.99902192843,1.0,0.675,0.32499999999999996,5120,1920,1280,320,strongnative_8node_large128c0c31_20260704060009_c25,7.204955804976635,3043,320,4,3,digits,"0,1,2",sklearn_digits,2,21,1,,4,chordal,7,tfim,auto,4,4,data/raw/perlmutter/practical_suite_sweep/practical_strongnative_8node_large128c0c31_20260704060009_c25_ml_digits_c0v1v2_320s_4q_d2_r3_seed3043.json,ok
practical_strongnative_8node_large128c0c31_20260704060009_c25_qaoa_chordal_7n_grid9_r0_seed43.json,optimization,optimization_qaoa,approximation_ratio,2.514803782105446e-05,greedy_assignment_numpy,,4,6.413819061999675,255042.52489352837,8,6.123160171779813,0.23460497852752338,1863,1458,567,81,strongnative_8node_large128c0c31_20260704060009_c25,6.433312289009336,43,72,4,3,synthetic,"0,1,2",,1,21,1,,7,chordal,9,tfim,auto,4,4,data/raw/perlmutter/practical_suite_sweep/practical_strongnative_8node_large128c0c31_20260704060009_c25_qaoa_chordal_7n_grid9_r0_seed43.json,ok
practical_strongnative_8node_large128c0c31_20260704060009_c25_qaoa_chordal_7n_grid9_r2_seed2043.json,optimization,optimization_qaoa,approximation_ratio,3.1311006750911474e-05,greedy_assignment_numpy,,4,7.007415589003358,223800.39213524712,8,6.123160171779813,0.23460497852752338,1863,1458,567,81,strongnative_8node_large128c0c31_20260704060009_c25,7.034547338960692,2043,72,4,3,synthetic,"0,1,2",,1,21,1,,7,chordal,9,tfim,auto,4,4,data/raw/perlmutter/practical_suite_sweep/practical_strongnative_8node_large128c0c31_20260704060009_c25_qaoa_chordal_7n_grid9_r2_seed2043.json,ok
practical_strongnative_8node_large128c0c31_20260704060009_c25_qaoa_ladder_4n_grid9_r0_seed23.json,optimization,optimization_qaoa,approximation_ratio,1.658196561038494e-05,greedy_assignment_numpy,,4,6.59029406303307,397437.4460712731,4,2.9999999999999982,0.25000000000000044,972,648,324,81,strongnative_8node_large128c0c31_20260704060009_c25,6.613007881969679,23,72,4,3,synthetic,"0,1,2",,1,21,1,,4,ladder,9,tfim,auto,4,4,data/raw/perlmutter/practical_suite_sweep/practical_strongnative_8node_large128c0c31_20260704060009_c25_qaoa_ladder_4n_grid9_r0_seed23.json,ok
practical_strongnative_8node_large128c0c31_20260704060009_c25_qaoa_ladder_4n_grid9_r2_seed2023.json,optimization,optimization_qaoa,approximation_ratio,1.5950994566082954e-05,greedy_assignment_numpy,,4,6.462242299981881,405130.99501160433,4,2.9999999999999982,0.25000000000000044,972,648,324,81,strongnative_8node_large128c0c31_20260704060009_c25,6.4865109490347095,2023,72,4,3,synthetic,"0,1,2",,1,21,1,,4,ladder,9,tfim,auto,4,4,data/raw/perlmutter/practical_suite_sweep/practical_strongnative_8node_large128c0c31_20260704060009_c25_qaoa_ladder_4n_grid9_r2_seed2023.json,ok
practical_strongnative_8node_large128c0c31_20260704060009_c25_qaoa_ring_6n_grid9_r1_seed1031.json,optimization,optimization_qaoa,approximation_ratio,2.3455009795725346e-05,greedy_assignment_numpy,,4,6.49960572301643,277109.4866138567,6,4.499999999999997,0.25000000000000044,1458,972,486,81,strongnative_8node_large128c0c31_20260704060009_c25,6.521835254970938,1031,72,4,3,synthetic,"0,1,2",,1,21,1,,6,ring,9,tfim,auto,4,4,data/raw/perlmutter/practical_suite_sweep/practical_strongnative_8node_large128c0c31_20260704060009_c25_qaoa_ring_6n_grid9_r1_seed1031.json,ok
practical_strongnative_8node_large128c0c31_20260704060009_c25_qaoa_ring_6n_grid9_r3_seed3031.json,optimization,optimization_qaoa,approximation_ratio,2.2734049707651138e-05,greedy_assignment_numpy,,4,6.762829379993491,297475.7892658897,6,4.499999999999997,0.25000000000000044,1458,972,486,81,strongnative_8node_large128c0c31_20260704060009_c25,6.790391593007371,3031,72,4,3,synthetic,"0,1,2",,1,21,1,,6,ring,9,tfim,auto,4,4,data/raw/perlmutter/practical_suite_sweep/practical_strongnative_8node_large128c0c31_20260704060009_c25_qaoa_ring_6n_grid9_r3_seed3031.json,ok
practical_strongnative_8node_large128c0c31_20260704060009_c25_sim_heisenberg_6q_6steps_r0_seed23.json,simulation,hamiltonian_simulation,absolute_observable_error,0.0025063910288736224,exact_dense_eigendecomposition_numpy,,0,6.8221028780099005,2721.8828983264307,0.028435823107617414,-0.09191182641249906,0.12034764952011648,369,180,6,1,strongnative_8node_large128c0c31_20260704060009_c25,6.840491085953545,23,72,4,3,synthetic,"0,1,2",,1,21,1,,4,chordal,7,heisenberg,auto,6,6,data/raw/perlmutter/practical_suite_sweep/practical_strongnative_8node_large128c0c31_20260704060009_c25_sim_heisenberg_6q_6steps_r0_seed23.json,ok
practical_strongnative_8node_large128c0c31_20260704060009_c25_sim_heisenberg_6q_6steps_r1_seed1023.json,simulation,hamiltonian_simulation,absolute_observable_error,0.0025948220281861722,exact_dense_eigendecomposition_numpy,,0,6.756857111991849,2603.977089216795,0.028435823107617414,-0.09191182641249906,0.12034764952011648,369,180,6,1,strongnative_8node_large128c0c31_20260704060009_c25,6.773956026008818,1023,72,4,3,synthetic,"0,1,2",,1,21,1,,4,chordal,7,heisenberg,auto,6,6,data/raw/perlmutter/practical_suite_sweep/practical_strongnative_8node_large128c0c31_20260704060009_c25_sim_heisenberg_6q_6steps_r1_seed1023.json,ok
practical_strongnative_8node_large128c0c31_20260704060009_c25_sim_heisenberg_6q_6steps_r2_seed2023.json,simulation,hamiltonian_simulation,absolute_observable_error,0.0026348790270276368,exact_dense_eigendecomposition_numpy,,0,6.94232066499535,2634.7777616291046,0.028435823107617414,-0.09191182641249906,0.12034764952011648,369,180,6,1,strongnative_8node_large128c0c31_20260704060009_c25,6.957226624013856,2023,72,4,3,synthetic,"0,1,2",,1,21,1,,4,chordal,7,heisenberg,auto,6,6,data/raw/perlmutter/practical_suite_sweep/practical_strongnative_8node_large128c0c31_20260704060009_c25_sim_heisenberg_6q_6steps_r2_seed2023.json,ok
practical_strongnative_8node_large128c0c31_20260704060009_c25_sim_heisenberg_6q_6steps_r3_seed3023.json,simulation,hamiltonian_simulation,absolute_observable_error,0.002562478999607265,exact_dense_eigendecomposition_numpy,,0,6.760002942988649,2638.071548693555,0.028435823107617414,-0.09191182641249906,0.12034764952011648,369,180,6,1,strongnative_8node_large128c0c31_20260704060009_c25,6.772159193991683,3023,72,4,3,synthetic,"0,1,2",,1,21,1,,4,chordal,7,heisenberg,auto,6,6,data/raw/perlmutter/practical_suite_sweep/practical_strongnative_8node_large128c0c31_20260704060009_c25_sim_heisenberg_6q_6steps_r3_seed3023.json,ok
practical_strongnative_8node_large128c0c31_20260704060009_c26_chem_4q_l2_grid13_r0_seed23.json,chemistry,chemistry_vqe,absolute_energy_error,0.00019714096561074257,exact_diagonalization_numpy,,0,6.802088264026679,34503.67732020493,-1.705732892552902,-0.8946266380615817,0.8111062544913203,464,174,116,29,strongnative_8node_large128c0c31_20260704060009_c26,6.816267446032725,23,72,4,3,synthetic,"0,1,2",,1,13,2,benchmarks/workloads/hamiltonians/molecular_chain_4q.json,4,chordal,7,tfim,auto,4,4,data/raw/perlmutter/practical_suite_sweep/practical_strongnative_8node_large128c0c31_20260704060009_c26_chem_4q_l2_grid13_r0_seed23.json,ok
practical_strongnative_8node_large128c0c31_20260704060009_c26_chem_h2_l1_grid17_r2_seed2043.json,chemistry,chemistry_vqe,absolute_energy_error,0.00015677401097491384,exact_diagonalization_numpy,,0,7.017975918017328,44764.91909835941,-1.85727503020238,-1.8456249981377126,0.011650032064667304,1304,326,652,326,strongnative_8node_large128c0c31_20260704060009_c26,7.024859149008989,2043,72,4,3,synthetic,"0,1,2",,1,17,1,,4,chordal,7,tfim,auto,4,4,data/raw/perlmutter/practical_suite_sweep/practical_strongnative_8node_large128c0c31_20260704060009_c26_chem_h2_l1_grid17_r2_seed2043.json,ok
practical_strongnative_8node_large128c0c31_20260704060009_c26_ml_digits_c0v1v2_320s_6q_d1_r0_seed17.json,ml,multiclass_ml,test_accuracy,0.00020566798048093915,linear_ridge_numpy,linear_ridge_numpy,6,18.537660800968297,90133.9175773466,1.0,0.6625,0.3375,3840,1600,1920,320,strongnative_8node_large128c0c31_20260704060009_c26,18.813933191006072,17,320,6,3,digits,"0,1,2",sklearn_digits,1,21,1,,4,chordal,7,tfim,auto,4,4,data/raw/perlmutter/practical_suite_sweep/practical_strongnative_8node_large128c0c31_20260704060009_c26_ml_digits_c0v1v2_320s_6q_d1_r0_seed17.json,ok
practical_strongnative_8node_large128c0c31_20260704060009_c26_ml_digits_c0v1v2_320s_6q_d1_r0_seed23.json,ml,multiclass_ml,test_accuracy,0.015844277979340404,rbf_kernel_ridge_numpy,rbf_kernel_ridge_numpy,6,7.152232320979238,451.40790450061166,1.0,0.725,0.275,3840,1600,1920,320,strongnative_8node_large128c0c31_20260704060009_c26,7.300764303014148,23,320,6,3,digits,"0,1,2",sklearn_digits,1,21,1,,4,chordal,7,tfim,auto,4,4,data/raw/perlmutter/practical_suite_sweep/practical_strongnative_8node_large128c0c31_20260704060009_c26_ml_digits_c0v1v2_320s_6q_d1_r0_seed23.json,ok
practical_strongnative_8node_large128c0c31_20260704060009_c26_ml_digits_c0v1v2_320s_6q_d1_r0_seed31.json,ml,multiclass_ml,test_accuracy,0.015779983019456267,softmax_regression_numpy,softmax_regression_numpy,6,7.028541120002046,445.40866180502576,1.0,0.8375,0.16249999999999998,3840,1600,1920,320,strongnative_8node_large128c0c31_20260704060009_c26,7.1714764590142295,31,320,6,3,digits,"0,1,2",sklearn_digits,1,21,1,,4,chordal,7,tfim,auto,4,4,data/raw/perlmutter/practical_suite_sweep/practical_strongnative_8node_large128c0c31_20260704060009_c26_ml_digits_c0v1v2_320s_6q_d1_r0_seed31.json,ok
practical_strongnative_8node_large128c0c31_20260704060009_c26_ml_digits_c0v1v2_320s_6q_d1_r0_seed43.json,ml,multiclass_ml,test_accuracy,0.002632766030728817,knn_numpy,knn_numpy,6,6.977721271978226,2650.3385376962697,1.0,0.7625,0.23750000000000004,3840,1600,1920,320,strongnative_8node_large128c0c31_20260704060009_c26,7.117458476044703,43,320,6,3,digits,"0,1,2",sklearn_digits,1,21,1,,4,chordal,7,tfim,auto,4,4,data/raw/perlmutter/practical_suite_sweep/practical_strongnative_8node_large128c0c31_20260704060009_c26_ml_digits_c0v1v2_320s_6q_d1_r0_seed43.json,ok
practical_strongnative_8node_large128c0c31_20260704060009_c26_ml_digits_c0v1v2_320s_6q_d1_r1_seed1017.json,ml,multiclass_ml,test_accuracy,0.0020685939816758037,knn_numpy,knn_numpy,6,6.662565350008663,3220.8182993026035,1.0,0.8375,0.16249999999999998,3840,1600,1920,320,strongnative_8node_large128c0c31_20260704060009_c26,6.810278170974925,1017,320,6,3,digits,"0,1,2",sklearn_digits,1,21,1,,4,chordal,7,tfim,auto,4,4,data/raw/perlmutter/practical_suite_sweep/practical_strongnative_8node_large128c0c31_20260704060009_c26_ml_digits_c0v1v2_320s_6q_d1_r1_seed1017.json,ok
practical_strongnative_8node_large128c0c31_20260704060009_c26_ml_digits_c0v1v2_320s_6q_d1_r1_seed1023.json,ml,multiclass_ml,test_accuracy,0.015032716968562454,rbf_kernel_ridge_numpy,rbf_kernel_ridge_numpy,6,6.94321396102896,461.8735239643725,1.0,0.725,0.275,3840,1600,1920,320,strongnative_8node_large128c0c31_20260704060009_c26,7.084436308010481,1023,320,6,3,digits,"0,1,2",sklearn_digits,1,21,1,,4,chordal,7,tfim,auto,4,4,data/raw/perlmutter/practical_suite_sweep/practical_strongnative_8node_large128c0c31_20260704060009_c26_ml_digits_c0v1v2_320s_6q_d1_r1_seed1023.json,ok
practical_strongnative_8node_large128c0c31_20260704060009_c26_ml_digits_c0v1v2_320s_6q_d1_r1_seed1031.json,ml,multiclass_ml,test_accuracy,0.002617356018163264,knn_numpy,knn_numpy,6,6.8541513929958455,2618.731019177805,1.0,0.7375,0.26249999999999996,3840,1600,1920,320,strongnative_8node_large128c0c31_20260704060009_c26,6.99461502302438,1031,320,6,3,digits,"0,1,2",sklearn_digits,1,21,1,,4,chordal,7,tfim,auto,4,4,data/raw/perlmutter/practical_suite_sweep/practical_strongnative_8node_large128c0c31_20260704060009_c26_ml_digits_c0v1v2_320s_6q_d1_r1_seed1031.json,ok
practical_strongnative_8node_large128c0c31_20260704060009_c26_ml_digits_c0v1v2_320s_6q_d1_r1_seed1043.json,ml,multiclass_ml,test_accuracy,0.016014256980270147,rbf_kernel_ridge_numpy,rbf_kernel_ridge_numpy,6,6.618072500044946,413.26129012407694,1.0,0.7125,0.2875,3840,1600,1920,320,strongnative_8node_large128c0c31_20260704060009_c26,6.760071913013235,1043,320,6,3,digits,"0,1,2",sklearn_digits,1,21,1,,4,chordal,7,tfim,auto,4,4,data/raw/perlmutter/practical_suite_sweep/practical_strongnative_8node_large128c0c31_20260704060009_c26_ml_digits_c0v1v2_320s_6q_d1_r1_seed1043.json,ok
practical_strongnative_8node_large128c0c31_20260704060009_c26_ml_digits_c0v1v2_320s_6q_d1_r2_seed2017.json,ml,multiclass_ml,test_accuracy,0.0026156920357607305,knn_numpy,knn_numpy,6,6.7438835390494205,2578.240651747091,1.0,0.825,0.17500000000000004,3840,1600,1920,320,strongnative_8node_large128c0c31_20260704060009_c26,6.888233711011708,2017,320,6,3,digits,"0,1,2",sklearn_digits,1,21,1,,4,chordal,7,tfim,auto,4,4,data/raw/perlmutter/practical_suite_sweep/practical_strongnative_8node_large128c0c31_20260704060009_c26_ml_digits_c0v1v2_320s_6q_d1_r2_seed2017.json,ok
practical_strongnative_8node_large128c0c31_20260704060009_c26_ml_digits_c0v1v2_320s_6q_d1_r2_seed2023.json,ml,multiclass_ml,test_accuracy,0.01507754297927022,rbf_kernel_ridge_numpy,rbf_kernel_ridge_numpy,6,7.005130163975991,464.6068775003454,1.0,0.7875,0.21250000000000002,3840,1600,1920,320,strongnative_8node_large128c0c31_20260704060009_c26,7.147217005956918,2023,320,6,3,digits,"0,1,2",sklearn_digits,1,21,1,,4,chordal,7,tfim,auto,4,4,data/raw/perlmutter/practical_suite_sweep/practical_strongnative_8node_large128c0c31_20260704060009_c26_ml_digits_c0v1v2_320s_6q_d1_r2_seed2023.json,ok
practical_strongnative_8node_large128c0c31_20260704060009_c26_ml_digits_c0v1v2_320s_6q_d1_r2_seed2031.json,ml,multiclass_ml,test_accuracy,0.0026126669836230576,knn_numpy,knn_numpy,6,6.9381101750186644,2655.566215866285,1.0,0.825,0.17500000000000004,3840,1600,1920,320,strongnative_8node_large128c0c31_20260704060009_c26,7.079795608005952,2031,320,6,3,digits,"0,1,2",sklearn_digits,1,21,1,,4,chordal,7,tfim,auto,4,4,data/raw/perlmutter/practical_suite_sweep/practical_strongnative_8node_large128c0c31_20260704060009_c26_ml_digits_c0v1v2_320s_6q_d1_r2_seed2031.json,ok
practical_strongnative_8node_large128c0c31_20260704060009_c26_ml_digits_c0v1v2_320s_6q_d1_r2_seed2043.json,ml,multiclass_ml,test_accuracy,0.002644237014465034,knn_numpy,knn_numpy,6,6.934848539007362,2622.627435086555,1.0,0.85,0.15000000000000002,3840,1600,1920,320,strongnative_8node_large128c0c31_20260704060009_c26,7.077346578997094,2043,320,6,3,digits,"0,1,2",sklearn_digits,1,21,1,,4,chordal,7,tfim,auto,4,4,data/raw/perlmutter/practical_suite_sweep/practical_strongnative_8node_large128c0c31_20260704060009_c26_ml_digits_c0v1v2_320s_6q_d1_r2_seed2043.json,ok
practical_strongnative_8node_large128c0c31_20260704060009_c26_ml_digits_c0v1v2_320s_6q_d1_r3_seed3017.json,ml,multiclass_ml,test_accuracy,0.00018776400247588754,linear_ridge_numpy,linear_ridge_numpy,6,6.351413128955755,33826.57509003302,0.9875,0.7875,0.20000000000000007,3840,1600,1920,320,strongnative_8node_large128c0c31_20260704060009_c26,6.492873420997057,3017,320,6,3,digits,"0,1,2",sklearn_digits,1,21,1,,4,chordal,7,tfim,auto,4,4,data/raw/perlmutter/practical_suite_sweep/practical_strongnative_8node_large128c0c31_20260704060009_c26_ml_digits_c0v1v2_320s_6q_d1_r3_seed3017.json,ok
practical_strongnative_8node_large128c0c31_20260704060009_c26_ml_digits_c0v1v2_320s_6q_d1_r3_seed3023.json,ml,multiclass_ml,test_accuracy,0.00017605099128559232,linear_ridge_numpy,linear_ridge_numpy,6,6.600208821007982,37490.32466565913,1.0,0.7875,0.21250000000000002,3840,1600,1920,320,strongnative_8node_large128c0c31_20260704060009_c26,6.743631571007427,3023,320,6,3,digits,"0,1,2",sklearn_digits,1,21,1,,4,chordal,7,tfim,auto,4,4,data/raw/perlmutter/practical_suite_sweep/practical_strongnative_8node_large128c0c31_20260704060009_c26_ml_digits_c0v1v2_320s_6q_d1_r3_seed3023.json,ok
practical_strongnative_8node_large128c0c31_20260704060009_c26_ml_digits_c0v1v2_320s_6q_d1_r3_seed3031.json,ml,multiclass_ml,test_accuracy,0.0001773229450918734,linear_ridge_numpy,linear_ridge_numpy,6,6.888849255046807,38849.1700917645,1.0,0.7625,0.23750000000000004,3840,1600,1920,320,strongnative_8node_large128c0c31_20260704060009_c26,7.029476865020115,3031,320,6,3,digits,"0,1,2",sklearn_digits,1,21,1,,4,chordal,7,tfim,auto,4,4,data/raw/perlmutter/practical_suite_sweep/practical_strongnative_8node_large128c0c31_20260704060009_c26_ml_digits_c0v1v2_320s_6q_d1_r3_seed3031.json,ok
practical_strongnative_8node_large128c0c31_20260704060009_c26_ml_digits_c0v1v2_320s_6q_d1_r3_seed3043.json,ml,multiclass_ml,test_accuracy,0.002632163988891989,knn_numpy,knn_numpy,6,6.971914012974594,2648.738468574454,1.0,0.7125,0.2875,3840,1600,1920,320,strongnative_8node_large128c0c31_20260704060009_c26,7.114283616014291,3043,320,6,3,digits,"0,1,2",sklearn_digits,1,21,1,,4,chordal,7,tfim,auto,4,4,data/raw/perlmutter/practical_suite_sweep/practical_strongnative_8node_large128c0c31_20260704060009_c26_ml_digits_c0v1v2_320s_6q_d1_r3_seed3043.json,ok
practical_strongnative_8node_large128c0c31_20260704060009_c26_qaoa_chordal_7n_grid11_r0_seed43.json,optimization,optimization_qaoa,approximation_ratio,3.086996730417013e-05,greedy_assignment_numpy,,4,6.597060765023343,213704.8186679539,8,6.158837991562405,0.2301452510546994,2783,2178,847,121,strongnative_8node_large128c0c31_20260704060009_c26,6.6200635739951394,43,72,4,3,synthetic,"0,1,2",,1,21,1,,7,chordal,11,tfim,auto,4,4,data/raw/perlmutter/practical_suite_sweep/practical_strongnative_8node_large128c0c31_20260704060009_c26_qaoa_chordal_7n_grid11_r0_seed43.json,ok
practical_strongnative_8node_large128c0c31_20260704060009_c26_qaoa_chordal_7n_grid11_r2_seed2043.json,optimization,optimization_qaoa,approximation_ratio,3.143097274005413e-05,greedy_assignment_numpy,,4,6.751697044994216,214810.311498574,8,6.158837991562405,0.2301452510546994,2783,2178,847,121,strongnative_8node_large128c0c31_20260704060009_c26,6.776996970991604,2043,72,4,3,synthetic,"0,1,2",,1,21,1,,7,chordal,11,tfim,auto,4,4,data/raw/perlmutter/practical_suite_sweep/practical_strongnative_8node_large128c0c31_20260704060009_c26_qaoa_chordal_7n_grid11_r2_seed2043.json,ok
practical_strongnative_8node_large128c0c31_20260704060009_c26_qaoa_ladder_4n_grid11_r0_seed23.json,optimization,optimization_qaoa,approximation_ratio,1.5870959032326937e-05,greedy_assignment_numpy,,4,6.281738616002258,395800.82105985086,4,2.9045084971874733,0.2738728757031317,1452,968,484,121,strongnative_8node_large128c0c31_20260704060009_c26,6.303360902005807,23,72,4,3,synthetic,"0,1,2",,1,21,1,,4,ladder,11,tfim,auto,4,4,data/raw/perlmutter/practical_suite_sweep/practical_strongnative_8node_large128c0c31_20260704060009_c26_qaoa_ladder_4n_grid11_r0_seed23.json,ok
practical_strongnative_8node_large128c0c31_20260704060009_c26_qaoa_ladder_4n_grid11_r2_seed2023.json,optimization,optimization_qaoa,approximation_ratio,1.5580037143081427e-05,greedy_assignment_numpy,,4,6.6371296340366825,426002.17015426117,4,2.9045084971874733,0.2738728757031317,1452,968,484,121,strongnative_8node_large128c0c31_20260704060009_c26,6.659752436971758,2023,72,4,3,synthetic,"0,1,2",,1,21,1,,4,ladder,11,tfim,auto,4,4,data/raw/perlmutter/practical_suite_sweep/practical_strongnative_8node_large128c0c31_20260704060009_c26_qaoa_ladder_4n_grid11_r2_seed2023.json,ok
practical_strongnative_8node_large128c0c31_20260704060009_c26_qaoa_ring_6n_grid11_r1_seed1031.json,optimization,optimization_qaoa,approximation_ratio,2.2783991880714893e-05,greedy_assignment_numpy,,4,6.40708121197531,281209.7741923122,6,4.356762745781209,0.2738728757031318,2178,1452,726,121,strongnative_8node_large128c0c31_20260704060009_c26,6.429501474020071,1031,72,4,3,synthetic,"0,1,2",,1,21,1,,6,ring,11,tfim,auto,4,4,data/raw/perlmutter/practical_suite_sweep/practical_strongnative_8node_large128c0c31_20260704060009_c26_qaoa_ring_6n_grid11_r1_seed1031.json,ok
practical_strongnative_8node_large128c0c31_20260704060009_c26_qaoa_ring_6n_grid11_r3_seed3031.json,optimization,optimization_qaoa,approximation_ratio,2.279400359839201e-05,greedy_assignment_numpy,,4,6.499210887996014,285128.0978324711,6,4.356762745781209,0.2738728757031318,2178,1452,726,121,strongnative_8node_large128c0c31_20260704060009_c26,6.523638905026019,3031,72,4,3,synthetic,"0,1,2",,1,21,1,,6,ring,11,tfim,auto,4,4,data/raw/perlmutter/practical_suite_sweep/practical_strongnative_8node_large128c0c31_20260704060009_c26_qaoa_ring_6n_grid11_r3_seed3031.json,ok
practical_strongnative_8node_large128c0c31_20260704060009_c26_sim_heisenberg_6q_8steps_r0_seed23.json,simulation,hamiltonian_simulation,absolute_observable_error,0.002650329959578812,exact_dense_eigendecomposition_numpy,,0,6.721754786965903,2536.195450937029,0.028435823107617414,-0.07454781296089058,0.102983636068508,491,240,6,1,strongnative_8node_large128c0c31_20260704060009_c26,6.740049612999428,23,72,4,3,synthetic,"0,1,2",,1,21,1,,4,chordal,7,heisenberg,auto,6,8,data/raw/perlmutter/practical_suite_sweep/practical_strongnative_8node_large128c0c31_20260704060009_c26_sim_heisenberg_6q_8steps_r0_seed23.json,ok
practical_strongnative_8node_large128c0c31_20260704060009_c26_sim_heisenberg_6q_8steps_r1_seed1023.json,simulation,hamiltonian_simulation,absolute_observable_error,0.0024830949841998518,exact_dense_eigendecomposition_numpy,,0,6.939339125005063,2794.6329758469483,0.028435823107617414,-0.07454781296089058,0.102983636068508,491,240,6,1,strongnative_8node_large128c0c31_20260704060009_c26,6.95149179402506,1023,72,4,3,synthetic,"0,1,2",,1,21,1,,4,chordal,7,heisenberg,auto,6,8,data/raw/perlmutter/practical_suite_sweep/practical_strongnative_8node_large128c0c31_20260704060009_c26_sim_heisenberg_6q_8steps_r1_seed1023.json,ok
practical_strongnative_8node_large128c0c31_20260704060009_c26_sim_heisenberg_6q_8steps_r2_seed2023.json,simulation,hamiltonian_simulation,absolute_observable_error,0.0025660470128059387,exact_dense_eigendecomposition_numpy,,0,6.820121212047525,2657.8317458766323,0.028435823107617414,-0.07454781296089058,0.102983636068508,491,240,6,1,strongnative_8node_large128c0c31_20260704060009_c26,6.832866368989926,2023,72,4,3,synthetic,"0,1,2",,1,21,1,,4,chordal,7,heisenberg,auto,6,8,data/raw/perlmutter/practical_suite_sweep/practical_strongnative_8node_large128c0c31_20260704060009_c26_sim_heisenberg_6q_8steps_r2_seed2023.json,ok
practical_strongnative_8node_large128c0c31_20260704060009_c26_sim_heisenberg_6q_8steps_r3_seed3023.json,simulation,hamiltonian_simulation,absolute_observable_error,0.0026465309783816338,exact_dense_eigendecomposition_numpy,,0,6.668203913955949,2519.601685536886,0.028435823107617414,-0.07454781296089058,0.102983636068508,491,240,6,1,strongnative_8node_large128c0c31_20260704060009_c26,6.6804429040057585,3023,72,4,3,synthetic,"0,1,2",,1,21,1,,4,chordal,7,heisenberg,auto,6,8,data/raw/perlmutter/practical_suite_sweep/practical_strongnative_8node_large128c0c31_20260704060009_c26_sim_heisenberg_6q_8steps_r3_seed3023.json,ok
practical_strongnative_8node_large128c0c31_20260704060009_c27_chem_4q_l2_grid17_r0_seed23.json,chemistry,chemistry_vqe,absolute_energy_error,0.00018033897504210472,exact_diagonalization_numpy,,0,6.371464476047549,35330.49067490801,-1.705732892552902,-0.8946266380615817,0.8111062544913203,592,222,148,37,strongnative_8node_large128c0c31_20260704060009_c27,6.379679664969444,23,72,4,3,synthetic,"0,1,2",,1,17,2,benchmarks/workloads/hamiltonians/molecular_chain_4q.json,4,chordal,7,tfim,auto,4,4,data/raw/perlmutter/practical_suite_sweep/practical_strongnative_8node_large128c0c31_20260704060009_c27_chem_4q_l2_grid17_r0_seed23.json,ok
practical_strongnative_8node_large128c0c31_20260704060009_c27_chem_h2_l1_grid21_r2_seed2043.json,chemistry,chemistry_vqe,absolute_energy_error,0.00015168398385867476,exact_diagonalization_numpy,,0,7.145774810982402,47109.61981088379,-1.85727503020238,-1.8539259190122395,0.0033491111901404746,1944,486,972,486,strongnative_8node_large128c0c31_20260704060009_c27,7.152318565000314,2043,72,4,3,synthetic,"0,1,2",,1,21,1,,4,chordal,7,tfim,auto,4,4,data/raw/perlmutter/practical_suite_sweep/practical_strongnative_8node_large128c0c31_20260704060009_c27_chem_h2_l1_grid21_r2_seed2043.json,ok
practical_strongnative_8node_large128c0c31_20260704060009_c27_ml_digits_c0v1v2_320s_6q_d2_r0_seed17.json,ml,multiclass_ml,test_accuracy,0.0001793369883671403,linear_ridge_numpy,linear_ridge_numpy,6,18.596140191017184,103693.83561269022,1.0,0.5875,0.4125,7680,3200,1920,320,strongnative_8node_large128c0c31_20260704060009_c27,18.8730535620125,17,320,6,3,digits,"0,1,2",sklearn_digits,2,21,1,,4,chordal,7,tfim,auto,4,4,data/raw/perlmutter/practical_suite_sweep/practical_strongnative_8node_large128c0c31_20260704060009_c27_ml_digits_c0v1v2_320s_6q_d2_r0_seed17.json,ok
practical_strongnative_8node_large128c0c31_20260704060009_c27_ml_digits_c0v1v2_320s_6q_d2_r0_seed23.json,ml,multiclass_ml,test_accuracy,0.016713038960006088,rbf_kernel_ridge_numpy,rbf_kernel_ridge_numpy,6,7.490977791021578,448.21159149735206,1.0,0.625,0.375,7680,3200,1920,320,strongnative_8node_large128c0c31_20260704060009_c27,7.638846158981323,23,320,6,3,digits,"0,1,2",sklearn_digits,2,21,1,,4,chordal,7,tfim,auto,4,4,data/raw/perlmutter/practical_suite_sweep/practical_strongnative_8node_large128c0c31_20260704060009_c27_ml_digits_c0v1v2_320s_6q_d2_r0_seed23.json,ok
practical_strongnative_8node_large128c0c31_20260704060009_c27_ml_digits_c0v1v2_320s_6q_d2_r0_seed31.json,ml,multiclass_ml,test_accuracy,0.015776426997035742,softmax_regression_numpy,softmax_regression_numpy,6,6.8893925820011646,436.6890287195969,1.0,0.7125,0.2875,7680,3200,1920,320,strongnative_8node_large128c0c31_20260704060009_c27,7.03485010296572,31,320,6,3,digits,"0,1,2",sklearn_digits,2,21,1,,4,chordal,7,tfim,auto,4,4,data/raw/perlmutter/practical_suite_sweep/practical_strongnative_8node_large128c0c31_20260704060009_c27_ml_digits_c0v1v2_320s_6q_d2_r0_seed31.json,ok
practical_strongnative_8node_large128c0c31_20260704060009_c27_ml_digits_c0v1v2_320s_6q_d2_r0_seed43.json,ml,multiclass_ml,test_accuracy,0.0026589459739625454,knn_numpy,knn_numpy,6,6.656416587997228,2503.40422602772,1.0,0.6125,0.38749999999999996,7680,3200,1920,320,strongnative_8node_large128c0c31_20260704060009_c27,6.799824967980385,43,320,6,3,digits,"0,1,2",sklearn_digits,2,21,1,,4,chordal,7,tfim,auto,4,4,data/raw/perlmutter/practical_suite_sweep/practical_strongnative_8node_large128c0c31_20260704060009_c27_ml_digits_c0v1v2_320s_6q_d2_r0_seed43.json,ok
practical_strongnative_8node_large128c0c31_20260704060009_c27_ml_digits_c0v1v2_320s_6q_d2_r1_seed1017.json,ml,multiclass_ml,test_accuracy,0.002665880019776523,knn_numpy,knn_numpy,6,6.644518038025126,2492.429512481258,1.0,0.7,0.30000000000000004,7680,3200,1920,320,strongnative_8node_large128c0c31_20260704060009_c27,6.802293997025117,1017,320,6,3,digits,"0,1,2",sklearn_digits,2,21,1,,4,chordal,7,tfim,auto,4,4,data/raw/perlmutter/practical_suite_sweep/practical_strongnative_8node_large128c0c31_20260704060009_c27_ml_digits_c0v1v2_320s_6q_d2_r1_seed1017.json,ok
practical_strongnative_8node_large128c0c31_20260704060009_c27_ml_digits_c0v1v2_320s_6q_d2_r1_seed1023.json,ml,multiclass_ml,test_accuracy,0.015680271026212722,rbf_kernel_ridge_numpy,rbf_kernel_ridge_numpy,6,6.862996812036727,437.68355792854913,1.0,0.6125,0.38749999999999996,7680,3200,1920,320,strongnative_8node_large128c0c31_20260704060009_c27,7.006586132978555,1023,320,6,3,digits,"0,1,2",sklearn_digits,2,21,1,,4,chordal,7,tfim,auto,4,4,data/raw/perlmutter/practical_suite_sweep/practical_strongnative_8node_large128c0c31_20260704060009_c27_ml_digits_c0v1v2_320s_6q_d2_r1_seed1023.json,ok
practical_strongnative_8node_large128c0c31_20260704060009_c27_ml_digits_c0v1v2_320s_6q_d2_r1_seed1031.json,ml,multiclass_ml,test_accuracy,0.002645010012201965,knn_numpy,knn_numpy,6,6.741813133005053,2548.8800049541246,1.0,0.6375,0.36250000000000004,7680,3200,1920,320,strongnative_8node_large128c0c31_20260704060009_c27,6.883005312993191,1031,320,6,3,digits,"0,1,2",sklearn_digits,2,21,1,,4,chordal,7,tfim,auto,4,4,data/raw/perlmutter/practical_suite_sweep/practical_strongnative_8node_large128c0c31_20260704060009_c27_ml_digits_c0v1v2_320s_6q_d2_r1_seed1031.json,ok
practical_strongnative_8node_large128c0c31_20260704060009_c27_ml_digits_c0v1v2_320s_6q_d2_r1_seed1043.json,ml,multiclass_ml,test_accuracy,0.016445521963760257,rbf_kernel_ridge_numpy,rbf_kernel_ridge_numpy,6,6.4645735689555295,393.0902031082393,1.0,0.625,0.375,7680,3200,1920,320,strongnative_8node_large128c0c31_20260704060009_c27,6.607429408992175,1043,320,6,3,digits,"0,1,2",sklearn_digits,2,21,1,,4,chordal,7,tfim,auto,4,4,data/raw/perlmutter/practical_suite_sweep/practical_strongnative_8node_large128c0c31_20260704060009_c27_ml_digits_c0v1v2_320s_6q_d2_r1_seed1043.json,ok
practical_strongnative_8node_large128c0c31_20260704060009_c27_ml_digits_c0v1v2_320s_6q_d2_r2_seed2017.json,ml,multiclass_ml,test_accuracy,0.002638748032040894,knn_numpy,knn_numpy,6,6.67318919301033,2528.9224708010743,1.0,0.725,0.275,7680,3200,1920,320,strongnative_8node_large128c0c31_20260704060009_c27,6.815824937017169,2017,320,6,3,digits,"0,1,2",sklearn_digits,2,21,1,,4,chordal,7,tfim,auto,4,4,data/raw/perlmutter/practical_suite_sweep/practical_strongnative_8node_large128c0c31_20260704060009_c27_ml_digits_c0v1v2_320s_6q_d2_r2_seed2017.json,ok
practical_strongnative_8node_large128c0c31_20260704060009_c27_ml_digits_c0v1v2_320s_6q_d2_r2_seed2023.json,ml,multiclass_ml,test_accuracy,0.015681081044021994,rbf_kernel_ridge_numpy,rbf_kernel_ridge_numpy,6,6.719616087037139,428.51740056523835,1.0,0.6,0.4,7680,3200,1920,320,strongnative_8node_large128c0c31_20260704060009_c27,6.862330081989057,2023,320,6,3,digits,"0,1,2",sklearn_digits,2,21,1,,4,chordal,7,tfim,auto,4,4,data/raw/perlmutter/practical_suite_sweep/practical_strongnative_8node_large128c0c31_20260704060009_c27_ml_digits_c0v1v2_320s_6q_d2_r2_seed2023.json,ok
practical_strongnative_8node_large128c0c31_20260704060009_c27_ml_digits_c0v1v2_320s_6q_d2_r2_seed2031.json,ml,multiclass_ml,test_accuracy,0.002636003016959876,knn_numpy,knn_numpy,6,6.7852342069963925,2574.061624110681,1.0,0.6875,0.3125,7680,3200,1920,320,strongnative_8node_large128c0c31_20260704060009_c27,6.928119492018595,2031,320,6,3,digits,"0,1,2",sklearn_digits,2,21,1,,4,chordal,7,tfim,auto,4,4,data/raw/perlmutter/practical_suite_sweep/practical_strongnative_8node_large128c0c31_20260704060009_c27_ml_digits_c0v1v2_320s_6q_d2_r2_seed2031.json,ok
practical_strongnative_8node_large128c0c31_20260704060009_c27_ml_digits_c0v1v2_320s_6q_d2_r2_seed2043.json,ml,multiclass_ml,test_accuracy,0.002632985997479409,knn_numpy,knn_numpy,6,6.835609500005376,2596.1435064786488,1.0,0.675,0.32499999999999996,7680,3200,1920,320,strongnative_8node_large128c0c31_20260704060009_c27,6.976851778978016,2043,320,6,3,digits,"0,1,2",sklearn_digits,2,21,1,,4,chordal,7,tfim,auto,4,4,data/raw/perlmutter/practical_suite_sweep/practical_strongnative_8node_large128c0c31_20260704060009_c27_ml_digits_c0v1v2_320s_6q_d2_r2_seed2043.json,ok
practical_strongnative_8node_large128c0c31_20260704060009_c27_ml_digits_c0v1v2_320s_6q_d2_r3_seed3017.json,ml,multiclass_ml,test_accuracy,0.00017768400721251965,linear_ridge_numpy,linear_ridge_numpy,6,6.636082648998126,37347.66427831073,0.9875,0.725,0.26250000000000007,7680,3200,1920,320,strongnative_8node_large128c0c31_20260704060009_c27,6.779018345987424,3017,320,6,3,digits,"0,1,2",sklearn_digits,2,21,1,,4,chordal,7,tfim,auto,4,4,data/raw/perlmutter/practical_suite_sweep/practical_strongnative_8node_large128c0c31_20260704060009_c27_ml_digits_c0v1v2_320s_6q_d2_r3_seed3017.json,ok
practical_strongnative_8node_large128c0c31_20260704060009_c27_ml_digits_c0v1v2_320s_6q_d2_r3_seed3023.json,ml,multiclass_ml,test_accuracy,0.00018344499403610826,nearest_centroid_numpy,nearest_centroid_numpy,6,6.599553873995319,35975.65531112994,1.0,0.725,0.275,7680,3200,1920,320,strongnative_8node_large128c0c31_20260704060009_c27,6.741188122017775,3023,320,6,3,digits,"0,1,2",sklearn_digits,2,21,1,,4,chordal,7,tfim,auto,4,4,data/raw/perlmutter/practical_suite_sweep/practical_strongnative_8node_large128c0c31_20260704060009_c27_ml_digits_c0v1v2_320s_6q_d2_r3_seed3023.json,ok
practical_strongnative_8node_large128c0c31_20260704060009_c27_ml_digits_c0v1v2_320s_6q_d2_r3_seed3031.json,ml,multiclass_ml,test_accuracy,0.00017165200551971793,nearest_centroid_numpy,nearest_centroid_numpy,6,6.811574422987178,39682.46337911107,1.0,0.6875,0.3125,7680,3200,1920,320,strongnative_8node_large128c0c31_20260704060009_c27,6.9535155960475095,3031,320,6,3,digits,"0,1,2",sklearn_digits,2,21,1,,4,chordal,7,tfim,auto,4,4,data/raw/perlmutter/practical_suite_sweep/practical_strongnative_8node_large128c0c31_20260704060009_c27_ml_digits_c0v1v2_320s_6q_d2_r3_seed3031.json,ok
practical_strongnative_8node_large128c0c31_20260704060009_c27_ml_digits_c0v1v2_320s_6q_d2_r3_seed3043.json,ml,multiclass_ml,test_accuracy,0.002699142962228507,knn_numpy,knn_numpy,6,6.9349090559990145,2569.3003864727903,1.0,0.625,0.375,7680,3200,1920,320,strongnative_8node_large128c0c31_20260704060009_c27,7.077288317028433,3043,320,6,3,digits,"0,1,2",sklearn_digits,2,21,1,,4,chordal,7,tfim,auto,4,4,data/raw/perlmutter/practical_suite_sweep/practical_strongnative_8node_large128c0c31_20260704060009_c27_ml_digits_c0v1v2_320s_6q_d2_r3_seed3043.json,ok
practical_strongnative_8node_large128c0c31_20260704060009_c27_qaoa_chordal_7n_grid13_r0_seed43.json,optimization,optimization_qaoa,approximation_ratio,3.167102113366127e-05,greedy_assignment_numpy,,4,6.443128967948724,203439.25573971152,8,6.133894052838323,0.23326324339520965,3887,3042,1183,169,strongnative_8node_large128c0c31_20260704060009_c27,6.465941349044442,43,72,4,3,synthetic,"0,1,2",,1,21,1,,7,chordal,13,tfim,auto,4,4,data/raw/perlmutter/practical_suite_sweep/practical_strongnative_8node_large128c0c31_20260704060009_c27_qaoa_chordal_7n_grid13_r0_seed43.json,ok
practical_strongnative_8node_large128c0c31_20260704060009_c27_qaoa_chordal_7n_grid13_r2_seed2043.json,optimization,optimization_qaoa,approximation_ratio,3.2031035516411066e-05,greedy_assignment_numpy,,4,6.898143425001763,215358.1148342053,8,6.133894052838323,0.23326324339520965,3887,3042,1183,169,strongnative_8node_large128c0c31_20260704060009_c27,6.921538294001948,2043,72,4,3,synthetic,"0,1,2",,1,21,1,,7,chordal,13,tfim,auto,4,4,data/raw/perlmutter/practical_suite_sweep/practical_strongnative_8node_large128c0c31_20260704060009_c27_qaoa_chordal_7n_grid13_r2_seed2043.json,ok
practical_strongnative_8node_large128c0c31_20260704060009_c27_qaoa_ladder_4n_grid13_r0_seed23.json,optimization,optimization_qaoa,approximation_ratio,1.5439989510923624e-05,greedy_assignment_numpy,,4,6.216726085986011,402637.9733993825,4,2.9999999999999982,0.25000000000000044,2028,1352,676,169,strongnative_8node_large128c0c31_20260704060009_c27,6.238608585030306,23,72,4,3,synthetic,"0,1,2",,1,21,1,,4,ladder,13,tfim,auto,4,4,data/raw/perlmutter/practical_suite_sweep/practical_strongnative_8node_large128c0c31_20260704060009_c27_qaoa_ladder_4n_grid13_r0_seed23.json,ok
practical_strongnative_8node_large128c0c31_20260704060009_c27_qaoa_ladder_4n_grid13_r2_seed2023.json,optimization,optimization_qaoa,approximation_ratio,1.63319637067616e-05,greedy_assignment_numpy,,4,6.3459274470224045,388558.75269886415,4,2.9999999999999982,0.25000000000000044,2028,1352,676,169,strongnative_8node_large128c0c31_20260704060009_c27,6.367679354967549,2023,72,4,3,synthetic,"0,1,2",,1,21,1,,4,ladder,13,tfim,auto,4,4,data/raw/perlmutter/practical_suite_sweep/practical_strongnative_8node_large128c0c31_20260704060009_c27_qaoa_ladder_4n_grid13_r2_seed2023.json,ok
practical_strongnative_8node_large128c0c31_20260704060009_c27_qaoa_ring_6n_grid13_r1_seed1031.json,optimization,optimization_qaoa,approximation_ratio,2.2663967683911324e-05,greedy_assignment_numpy,,4,6.349917870014906,280176.79686873977,6,4.499999999999997,0.25000000000000044,3042,2028,1014,169,strongnative_8node_large128c0c31_20260704060009_c27,6.375975169998128,1031,72,4,3,synthetic,"0,1,2",,1,21,1,,6,ring,13,tfim,auto,4,4,data/raw/perlmutter/practical_suite_sweep/practical_strongnative_8node_large128c0c31_20260704060009_c27_qaoa_ring_6n_grid13_r1_seed1031.json,ok
practical_strongnative_8node_large128c0c31_20260704060009_c27_qaoa_ring_6n_grid13_r3_seed3031.json,optimization,optimization_qaoa,approximation_ratio,2.3264961782842875e-05,greedy_assignment_numpy,,4,6.438870927027892,276762.58345613716,6,4.499999999999997,0.25000000000000044,3042,2028,1014,169,strongnative_8node_large128c0c31_20260704060009_c27,6.46366092399694,3031,72,4,3,synthetic,"0,1,2",,1,21,1,,6,ring,13,tfim,auto,4,4,data/raw/perlmutter/practical_suite_sweep/practical_strongnative_8node_large128c0c31_20260704060009_c27_qaoa_ring_6n_grid13_r3_seed3031.json,ok
practical_strongnative_8node_large128c0c31_20260704060009_c27_sim_heisenberg_6q_10steps_r0_seed23.json,simulation,hamiltonian_simulation,absolute_observable_error,0.002555496001150459,exact_dense_eigendecomposition_numpy,,0,6.742786309972871,2638.5430878926577,0.028435823107617414,-0.06462350891281432,0.09305933202043173,613,300,6,1,strongnative_8node_large128c0c31_20260704060009_c27,6.75858538702596,23,72,4,3,synthetic,"0,1,2",,1,21,1,,4,chordal,7,heisenberg,auto,6,10,data/raw/perlmutter/practical_suite_sweep/practical_strongnative_8node_large128c0c31_20260704060009_c27_sim_heisenberg_6q_10steps_r0_seed23.json,ok
practical_strongnative_8node_large128c0c31_20260704060009_c27_sim_heisenberg_6q_10steps_r1_seed1023.json,simulation,hamiltonian_simulation,absolute_observable_error,0.0025157289928756654,exact_dense_eigendecomposition_numpy,,0,7.155256387020927,2844.2079442118034,0.028435823107617414,-0.06462350891281432,0.09305933202043173,613,300,6,1,strongnative_8node_large128c0c31_20260704060009_c27,7.167656867008191,1023,72,4,3,synthetic,"0,1,2",,1,21,1,,4,chordal,7,heisenberg,auto,6,10,data/raw/perlmutter/practical_suite_sweep/practical_strongnative_8node_large128c0c31_20260704060009_c27_sim_heisenberg_6q_10steps_r1_seed1023.json,ok
practical_strongnative_8node_large128c0c31_20260704060009_c27_sim_heisenberg_6q_10steps_r2_seed2023.json,simulation,hamiltonian_simulation,absolute_observable_error,0.002597617043647915,exact_dense_eigendecomposition_numpy,,0,6.649571874993853,2559.8738240705607,0.028435823107617414,-0.06462350891281432,0.09305933202043173,613,300,6,1,strongnative_8node_large128c0c31_20260704060009_c27,6.662865932972636,2023,72,4,3,synthetic,"0,1,2",,1,21,1,,4,chordal,7,heisenberg,auto,6,10,data/raw/perlmutter/practical_suite_sweep/practical_strongnative_8node_large128c0c31_20260704060009_c27_sim_heisenberg_6q_10steps_r2_seed2023.json,ok
practical_strongnative_8node_large128c0c31_20260704060009_c27_sim_heisenberg_6q_10steps_r3_seed3023.json,simulation,hamiltonian_simulation,absolute_observable_error,0.0025672089541330934,exact_dense_eigendecomposition_numpy,,0,6.586310765997041,2565.5530514543316,0.028435823107617414,-0.06462350891281432,0.09305933202043173,613,300,6,1,strongnative_8node_large128c0c31_20260704060009_c27,6.598553073999938,3023,72,4,3,synthetic,"0,1,2",,1,21,1,,4,chordal,7,heisenberg,auto,6,10,data/raw/perlmutter/practical_suite_sweep/practical_strongnative_8node_large128c0c31_20260704060009_c27_sim_heisenberg_6q_10steps_r3_seed3023.json,ok
practical_strongnative_8node_large128c0c31_20260704060009_c28_chem_h2_l1_grid17_r0_seed31.json,chemistry,chemistry_vqe,absolute_energy_error,0.00017772300634533167,exact_diagonalization_numpy,,0,6.856601352978032,38580.26877879301,-1.85727503020238,-1.8456249981377126,0.011650032064667304,1304,326,652,326,strongnative_8node_large128c0c31_20260704060009_c28,6.8668482770444825,31,72,4,3,synthetic,"0,1,2",,1,17,1,,4,chordal,7,tfim,auto,4,4,data/raw/perlmutter/practical_suite_sweep/practical_strongnative_8node_large128c0c31_20260704060009_c28_chem_h2_l1_grid17_r0_seed31.json,ok
practical_strongnative_8node_large128c0c31_20260704060009_c28_chem_h2_l1_grid25_r2_seed2043.json,chemistry,chemistry_vqe,absolute_energy_error,0.00015548098599538207,exact_diagonalization_numpy,,0,7.121774422994349,45804.79328324991,-1.85727503020238,-1.8566776536800178,0.0005973765223621363,2712,678,1356,678,strongnative_8node_large128c0c31_20260704060009_c28,7.129183010023553,2043,72,4,3,synthetic,"0,1,2",,1,25,1,,4,chordal,7,tfim,auto,4,4,data/raw/perlmutter/practical_suite_sweep/practical_strongnative_8node_large128c0c31_20260704060009_c28_chem_h2_l1_grid25_r2_seed2043.json,ok
practical_strongnative_8node_large128c0c31_20260704060009_c28_ml_digits_c0v1v2_320s_8q_d1_r0_seed17.json,ml,multiclass_ml,test_accuracy,0.0003877989947795868,linear_ridge_numpy,linear_ridge_numpy,6,18.525800226954743,47771.65613202336,1.0,0.6375,0.36250000000000004,5120,2240,2560,320,strongnative_8node_large128c0c31_20260704060009_c28,18.8204267519759,17,320,8,3,digits,"0,1,2",sklearn_digits,1,21,1,,4,chordal,7,tfim,auto,4,4,data/raw/perlmutter/practical_suite_sweep/practical_strongnative_8node_large128c0c31_20260704060009_c28_ml_digits_c0v1v2_320s_8q_d1_r0_seed17.json,ok
practical_strongnative_8node_large128c0c31_20260704060009_c28_ml_digits_c0v1v2_320s_8q_d1_r0_seed23.json,ml,multiclass_ml,test_accuracy,0.00259990495396778,knn_numpy,knn_numpy,6,7.07457419502316,2721.0895476107603,1.0,0.7375,0.26249999999999996,5120,2240,2560,320,strongnative_8node_large128c0c31_20260704060009_c28,7.228968643001281,23,320,8,3,digits,"0,1,2",sklearn_digits,1,21,1,,4,chordal,7,tfim,auto,4,4,data/raw/perlmutter/practical_suite_sweep/practical_strongnative_8node_large128c0c31_20260704060009_c28_ml_digits_c0v1v2_320s_8q_d1_r0_seed23.json,ok
practical_strongnative_8node_large128c0c31_20260704060009_c28_ml_digits_c0v1v2_320s_8q_d1_r0_seed31.json,ml,multiclass_ml,test_accuracy,0.0027603130438365042,knn_numpy,knn_numpy,6,7.080329253978562,2565.0457544256474,1.0,0.825,0.17500000000000004,5120,2240,2560,320,strongnative_8node_large128c0c31_20260704060009_c28,7.224119252990931,31,320,8,3,digits,"0,1,2",sklearn_digits,1,21,1,,4,chordal,7,tfim,auto,4,4,data/raw/perlmutter/practical_suite_sweep/practical_strongnative_8node_large128c0c31_20260704060009_c28_ml_digits_c0v1v2_320s_8q_d1_r0_seed31.json,ok
practical_strongnative_8node_large128c0c31_20260704060009_c28_ml_digits_c0v1v2_320s_8q_d1_r0_seed43.json,ml,multiclass_ml,test_accuracy,0.002724414982367307,knn_numpy,knn_numpy,6,6.555688987020403,2406.2740182569446,1.0,0.7,0.30000000000000004,5120,2240,2560,320,strongnative_8node_large128c0c31_20260704060009_c28,6.701513921027072,43,320,8,3,digits,"0,1,2",sklearn_digits,1,21,1,,4,chordal,7,tfim,auto,4,4,data/raw/perlmutter/practical_suite_sweep/practical_strongnative_8node_large128c0c31_20260704060009_c28_ml_digits_c0v1v2_320s_8q_d1_r0_seed43.json,ok
practical_strongnative_8node_large128c0c31_20260704060009_c28_ml_digits_c0v1v2_320s_8q_d1_r1_seed1017.json,ml,multiclass_ml,test_accuracy,0.0026177290128543973,knn_numpy,knn_numpy,6,6.785511523019522,2592.136729852161,1.0,0.8625,0.13749999999999996,5120,2240,2560,320,strongnative_8node_large128c0c31_20260704060009_c28,6.931374944979325,1017,320,8,3,digits,"0,1,2",sklearn_digits,1,21,1,,4,chordal,7,tfim,auto,4,4,data/raw/perlmutter/practical_suite_sweep/practical_strongnative_8node_large128c0c31_20260704060009_c28_ml_digits_c0v1v2_320s_8q_d1_r1_seed1017.json,ok
practical_strongnative_8node_large128c0c31_20260704060009_c28_ml_digits_c0v1v2_320s_8q_d1_r1_seed1023.json,ml,multiclass_ml,test_accuracy,0.016119053994771093,rbf_kernel_ridge_numpy,rbf_kernel_ridge_numpy,6,7.110608285001945,441.1306201535509,1.0,0.7125,0.2875,5120,2240,2560,320,strongnative_8node_large128c0c31_20260704060009_c28,7.255394813022576,1023,320,8,3,digits,"0,1,2",sklearn_digits,1,21,1,,4,chordal,7,tfim,auto,4,4,data/raw/perlmutter/practical_suite_sweep/practical_strongnative_8node_large128c0c31_20260704060009_c28_ml_digits_c0v1v2_320s_8q_d1_r1_seed1023.json,ok
practical_strongnative_8node_large128c0c31_20260704060009_c28_ml_digits_c0v1v2_320s_8q_d1_r1_seed1031.json,ml,multiclass_ml,test_accuracy,0.0026603349833749235,knn_numpy,knn_numpy,6,6.978488633991219,2623.161623480307,1.0,0.7375,0.26249999999999996,5120,2240,2560,320,strongnative_8node_large128c0c31_20260704060009_c28,7.121527321985923,1031,320,8,3,digits,"0,1,2",sklearn_digits,1,21,1,,4,chordal,7,tfim,auto,4,4,data/raw/perlmutter/practical_suite_sweep/practical_strongnative_8node_large128c0c31_20260704060009_c28_ml_digits_c0v1v2_320s_8q_d1_r1_seed1031.json,ok
practical_strongnative_8node_large128c0c31_20260704060009_c28_ml_digits_c0v1v2_320s_8q_d1_r1_seed1043.json,ml,multiclass_ml,test_accuracy,0.00016518996562808752,linear_ridge_numpy,linear_ridge_numpy,6,6.753479022998363,40883.10689647639,1.0,0.6875,0.3125,5120,2240,2560,320,strongnative_8node_large128c0c31_20260704060009_c28,6.920141299022362,1043,320,8,3,digits,"0,1,2",sklearn_digits,1,21,1,,4,chordal,7,tfim,auto,4,4,data/raw/perlmutter/practical_suite_sweep/practical_strongnative_8node_large128c0c31_20260704060009_c28_ml_digits_c0v1v2_320s_8q_d1_r1_seed1043.json,ok
practical_strongnative_8node_large128c0c31_20260704060009_c28_ml_digits_c0v1v2_320s_8q_d1_r2_seed2017.json,ml,multiclass_ml,test_accuracy,0.0001587269944138825,linear_ridge_numpy,linear_ridge_numpy,6,7.087236293009482,44650.47876185087,1.0,0.75,0.25,5120,2240,2560,320,strongnative_8node_large128c0c31_20260704060009_c28,7.231634480005596,2017,320,8,3,digits,"0,1,2",sklearn_digits,1,21,1,,4,chordal,7,tfim,auto,4,4,data/raw/perlmutter/practical_suite_sweep/practical_strongnative_8node_large128c0c31_20260704060009_c28_ml_digits_c0v1v2_320s_8q_d1_r2_seed2017.json,ok
practical_strongnative_8node_large128c0c31_20260704060009_c28_ml_digits_c0v1v2_320s_8q_d1_r2_seed2023.json,ml,multiclass_ml,test_accuracy,0.0026197860133834183,knn_numpy,knn_numpy,6,7.116379414976109,2716.3972090168545,1.0,0.7875,0.21250000000000002,5120,2240,2560,320,strongnative_8node_large128c0c31_20260704060009_c28,7.261013641953468,2023,320,8,3,digits,"0,1,2",sklearn_digits,1,21,1,,4,chordal,7,tfim,auto,4,4,data/raw/perlmutter/practical_suite_sweep/practical_strongnative_8node_large128c0c31_20260704060009_c28_ml_digits_c0v1v2_320s_8q_d1_r2_seed2023.json,ok
practical_strongnative_8node_large128c0c31_20260704060009_c28_ml_digits_c0v1v2_320s_8q_d1_r2_seed2031.json,ml,multiclass_ml,test_accuracy,0.00018620002083480358,nearest_centroid_numpy,nearest_centroid_numpy,6,6.914739050029311,37136.08096834779,1.0,0.7125,0.2875,5120,2240,2560,320,strongnative_8node_large128c0c31_20260704060009_c28,7.059029475029092,2031,320,8,3,digits,"0,1,2",sklearn_digits,1,21,1,,4,chordal,7,tfim,auto,4,4,data/raw/perlmutter/practical_suite_sweep/practical_strongnative_8node_large128c0c31_20260704060009_c28_ml_digits_c0v1v2_320s_8q_d1_r2_seed2031.json,ok
practical_strongnative_8node_large128c0c31_20260704060009_c28_ml_digits_c0v1v2_320s_8q_d1_r2_seed2043.json,ml,multiclass_ml,test_accuracy,0.0026071469765156507,knn_numpy,knn_numpy,6,6.737840402987786,2584.3730574762776,1.0,0.775,0.22499999999999998,5120,2240,2560,320,strongnative_8node_large128c0c31_20260704060009_c28,6.882112124993,2043,320,8,3,digits,"0,1,2",sklearn_digits,1,21,1,,4,chordal,7,tfim,auto,4,4,data/raw/perlmutter/practical_suite_sweep/practical_strongnative_8node_large128c0c31_20260704060009_c28_ml_digits_c0v1v2_320s_8q_d1_r2_seed2043.json,ok
practical_strongnative_8node_large128c0c31_20260704060009_c28_ml_digits_c0v1v2_320s_8q_d1_r3_seed3017.json,ml,multiclass_ml,test_accuracy,0.00016116199549287558,linear_ridge_numpy,linear_ridge_numpy,6,6.773478748975322,42029.00769663623,0.9875,0.7625,0.2250000000000001,5120,2240,2560,320,strongnative_8node_large128c0c31_20260704060009_c28,6.916314553993288,3017,320,8,3,digits,"0,1,2",sklearn_digits,1,21,1,,4,chordal,7,tfim,auto,4,4,data/raw/perlmutter/practical_suite_sweep/practical_strongnative_8node_large128c0c31_20260704060009_c28_ml_digits_c0v1v2_320s_8q_d1_r3_seed3017.json,ok
practical_strongnative_8node_large128c0c31_20260704060009_c28_ml_digits_c0v1v2_320s_8q_d1_r3_seed3023.json,ml,multiclass_ml,test_accuracy,0.00016328500350937247,linear_ridge_numpy,linear_ridge_numpy,6,6.802703551016748,41661.5329320569,1.0,0.7375,0.26249999999999996,5120,2240,2560,320,strongnative_8node_large128c0c31_20260704060009_c28,6.945800099987537,3023,320,8,3,digits,"0,1,2",sklearn_digits,1,21,1,,4,chordal,7,tfim,auto,4,4,data/raw/perlmutter/practical_suite_sweep/practical_strongnative_8node_large128c0c31_20260704060009_c28_ml_digits_c0v1v2_320s_8q_d1_r3_seed3023.json,ok
practical_strongnative_8node_large128c0c31_20260704060009_c28_ml_digits_c0v1v2_320s_8q_d1_r3_seed3031.json,ml,multiclass_ml,test_accuracy,0.00016211403999477625,linear_ridge_numpy,linear_ridge_numpy,6,6.996111036976799,43155.491265298384,1.0,0.7125,0.2875,5120,2240,2560,320,strongnative_8node_large128c0c31_20260704060009_c28,7.140824449015781,3031,320,8,3,digits,"0,1,2",sklearn_digits,1,21,1,,4,chordal,7,tfim,auto,4,4,data/raw/perlmutter/practical_suite_sweep/practical_strongnative_8node_large128c0c31_20260704060009_c28_ml_digits_c0v1v2_320s_8q_d1_r3_seed3031.json,ok
practical_strongnative_8node_large128c0c31_20260704060009_c28_ml_digits_c0v1v2_320s_8q_d1_r3_seed3043.json,ml,multiclass_ml,test_accuracy,0.00016176298959180713,linear_ridge_numpy,linear_ridge_numpy,6,6.944346760981716,42929.14453735732,1.0,0.725,0.275,5120,2240,2560,320,strongnative_8node_large128c0c31_20260704060009_c28,7.087847140035592,3043,320,8,3,digits,"0,1,2",sklearn_digits,1,21,1,,4,chordal,7,tfim,auto,4,4,data/raw/perlmutter/practical_suite_sweep/practical_strongnative_8node_large128c0c31_20260704060009_c28_ml_digits_c0v1v2_320s_8q_d1_r3_seed3043.json,ok
practical_strongnative_8node_large128c0c31_20260704060009_c28_qaoa_chordal_6n_grid7_r1_seed1031.json,optimization,optimization_qaoa,approximation_ratio,2.649205271154642e-05,greedy_assignment_numpy,,4,6.823117490974255,257553.37139278886,7,5.278966079257489,0.24586198867750153,980,784,294,49,strongnative_8node_large128c0c31_20260704060009_c28,6.84794890001649,1031,72,4,3,synthetic,"0,1,2",,1,21,1,,6,chordal,7,tfim,auto,4,4,data/raw/perlmutter/practical_suite_sweep/practical_strongnative_8node_large128c0c31_20260704060009_c28_qaoa_chordal_6n_grid7_r1_seed1031.json,ok
practical_strongnative_8node_large128c0c31_20260704060009_c28_qaoa_chordal_6n_grid7_r3_seed3031.json,optimization,optimization_qaoa,approximation_ratio,2.6191002689301968e-05,greedy_assignment_numpy,,4,7.184095676988363,274296.3208477236,7,5.278966079257489,0.24586198867750153,980,784,294,49,strongnative_8node_large128c0c31_20260704060009_c28,7.2108091049594805,3031,72,4,3,synthetic,"0,1,2",,1,21,1,,6,chordal,7,tfim,auto,4,4,data/raw/perlmutter/practical_suite_sweep/practical_strongnative_8node_large128c0c31_20260704060009_c28_qaoa_chordal_6n_grid7_r3_seed3031.json,ok
practical_strongnative_8node_large128c0c31_20260704060009_c28_qaoa_ladder_7n_grid7_r0_seed43.json,optimization,optimization_qaoa,approximation_ratio,3.0188006348907948e-05,greedy_assignment_numpy,,4,7.07813557802001,234468.46725193106,8,5.401462109916174,0.3248172362604782,1078,784,343,49,strongnative_8node_large128c0c31_20260704060009_c28,7.103675805963576,43,72,4,3,synthetic,"0,1,2",,1,21,1,,7,ladder,7,tfim,auto,4,4,data/raw/perlmutter/practical_suite_sweep/practical_strongnative_8node_large128c0c31_20260704060009_c28_qaoa_ladder_7n_grid7_r0_seed43.json,ok
practical_strongnative_8node_large128c0c31_20260704060009_c28_qaoa_ladder_7n_grid7_r2_seed2043.json,optimization,optimization_qaoa,approximation_ratio,2.969801425933838e-05,greedy_assignment_numpy,,4,6.902515736990608,232423.4770956159,8,5.401462109916174,0.3248172362604782,1078,784,343,49,strongnative_8node_large128c0c31_20260704060009_c28,6.930599056999199,2043,72,4,3,synthetic,"0,1,2",,1,21,1,,7,ladder,7,tfim,auto,4,4,data/raw/perlmutter/practical_suite_sweep/practical_strongnative_8node_large128c0c31_20260704060009_c28_qaoa_ladder_7n_grid7_r2_seed2043.json,ok
practical_strongnative_8node_large128c0c31_20260704060009_c28_qaoa_ring_5n_grid7_r0_seed23.json,optimization,optimization_qaoa,approximation_ratio,1.944700488820672e-05,greedy_assignment_numpy,,4,6.55408203904517,337022.69715681375,4,3.4375,0.140625,735,490,245,49,strongnative_8node_large128c0c31_20260704060009_c28,6.576514294021763,23,72,4,3,synthetic,"0,1,2",,1,21,1,,5,ring,7,tfim,auto,4,4,data/raw/perlmutter/practical_suite_sweep/practical_strongnative_8node_large128c0c31_20260704060009_c28_qaoa_ring_5n_grid7_r0_seed23.json,ok
practical_strongnative_8node_large128c0c31_20260704060009_c28_qaoa_ring_5n_grid7_r2_seed2023.json,optimization,optimization_qaoa,approximation_ratio,1.947704004123807e-05,greedy_assignment_numpy,,4,6.905053410038818,354522.7301180767,4,3.4375,0.140625,735,490,245,49,strongnative_8node_large128c0c31_20260704060009_c28,6.930113951966632,2023,72,4,3,synthetic,"0,1,2",,1,21,1,,5,ring,7,tfim,auto,4,4,data/raw/perlmutter/practical_suite_sweep/practical_strongnative_8node_large128c0c31_20260704060009_c28_qaoa_ring_5n_grid7_r2_seed2023.json,ok
practical_strongnative_8node_large128c0c31_20260704060009_c28_sim_heisenberg_7q_4steps_r0_seed23.json,simulation,hamiltonian_simulation,absolute_observable_error,0.008744694001507014,exact_dense_eigendecomposition_numpy,,0,7.015219637018163,802.225856709131,-0.02818565466473985,-0.13003518922488988,0.10184953456015003,295,144,7,1,strongnative_8node_large128c0c31_20260704060009_c28,7.043315096991137,23,72,4,3,synthetic,"0,1,2",,1,21,1,,4,chordal,7,heisenberg,auto,7,4,data/raw/perlmutter/practical_suite_sweep/practical_strongnative_8node_large128c0c31_20260704060009_c28_sim_heisenberg_7q_4steps_r0_seed23.json,ok
practical_strongnative_8node_large128c0c31_20260704060009_c28_sim_heisenberg_7q_4steps_r1_seed1023.json,simulation,hamiltonian_simulation,absolute_observable_error,0.008556750020943582,exact_dense_eigendecomposition_numpy,,0,6.62297522102017,774.0059257089097,-0.02818565466473985,-0.13003518922488988,0.10184953456015003,295,144,7,1,strongnative_8node_large128c0c31_20260704060009_c28,6.646599627973046,1023,72,4,3,synthetic,"0,1,2",,1,21,1,,4,chordal,7,heisenberg,auto,7,4,data/raw/perlmutter/practical_suite_sweep/practical_strongnative_8node_large128c0c31_20260704060009_c28_sim_heisenberg_7q_4steps_r1_seed1023.json,ok
practical_strongnative_8node_large128c0c31_20260704060009_c28_sim_heisenberg_7q_4steps_r2_seed2023.json,simulation,hamiltonian_simulation,absolute_observable_error,0.008484681020490825,exact_dense_eigendecomposition_numpy,,0,6.592185380985029,776.9514687782195,-0.02818565466473985,-0.13003518922488988,0.10184953456015003,295,144,7,1,strongnative_8node_large128c0c31_20260704060009_c28,6.617500785039738,2023,72,4,3,synthetic,"0,1,2",,1,21,1,,4,chordal,7,heisenberg,auto,7,4,data/raw/perlmutter/practical_suite_sweep/practical_strongnative_8node_large128c0c31_20260704060009_c28_sim_heisenberg_7q_4steps_r2_seed2023.json,ok
practical_strongnative_8node_large128c0c31_20260704060009_c28_sim_heisenberg_7q_4steps_r3_seed3023.json,simulation,hamiltonian_simulation,absolute_observable_error,0.008806281024590135,exact_dense_eigendecomposition_numpy,,0,6.732757745019626,764.5404145313412,-0.02818565466473985,-0.13003518922488988,0.10184953456015003,295,144,7,1,strongnative_8node_large128c0c31_20260704060009_c28,6.76011195697356,3023,72,4,3,synthetic,"0,1,2",,1,21,1,,4,chordal,7,heisenberg,auto,7,4,data/raw/perlmutter/practical_suite_sweep/practical_strongnative_8node_large128c0c31_20260704060009_c28_sim_heisenberg_7q_4steps_r3_seed3023.json,ok
practical_strongnative_8node_large128c0c31_20260704060009_c29_chem_h2_l1_grid21_r0_seed31.json,chemistry,chemistry_vqe,absolute_energy_error,0.0001494690077379346,exact_diagonalization_numpy,,0,6.474858580040745,43319.0711441209,-1.85727503020238,-1.8539259190122395,0.0033491111901404746,1944,486,972,486,strongnative_8node_large128c0c31_20260704060009_c29,6.482090333011001,31,72,4,3,synthetic,"0,1,2",,1,21,1,,4,chordal,7,tfim,auto,4,4,data/raw/perlmutter/practical_suite_sweep/practical_strongnative_8node_large128c0c31_20260704060009_c29_chem_h2_l1_grid21_r0_seed31.json,ok
practical_strongnative_8node_large128c0c31_20260704060009_c29_chem_h2_l1_grid33_r2_seed2043.json,chemistry,chemistry_vqe,absolute_energy_error,0.00016081100329756737,exact_diagonalization_numpy,,0,6.97808084503049,43393.05583535309,-1.85727503020238,-1.8569734051608102,0.0003016250415697197,4632,1158,2316,1158,strongnative_8node_large128c0c31_20260704060009_c29,6.985372604976874,2043,72,4,3,synthetic,"0,1,2",,1,33,1,,4,chordal,7,tfim,auto,4,4,data/raw/perlmutter/practical_suite_sweep/practical_strongnative_8node_large128c0c31_20260704060009_c29_chem_h2_l1_grid33_r2_seed2043.json,ok
practical_strongnative_8node_large128c0c31_20260704060009_c29_ml_digits_c0v1v2_320s_8q_d2_r0_seed17.json,ml,multiclass_ml,test_accuracy,0.00016032898565754294,linear_ridge_numpy,linear_ridge_numpy,6,18.586132775992155,115924.96952292506,1.0,0.575,0.42500000000000004,10240,4480,2560,320,strongnative_8node_large128c0c31_20260704060009_c29,18.85680314898491,17,320,8,3,digits,"0,1,2",sklearn_digits,2,21,1,,4,chordal,7,tfim,auto,4,4,data/raw/perlmutter/practical_suite_sweep/practical_strongnative_8node_large128c0c31_20260704060009_c29_ml_digits_c0v1v2_320s_8q_d2_r0_seed17.json,ok
practical_strongnative_8node_large128c0c31_20260704060009_c29_ml_digits_c0v1v2_320s_8q_d2_r0_seed23.json,ml,multiclass_ml,test_accuracy,0.0021039770217612386,knn_numpy,knn_numpy,6,6.982661692018155,3318.79180228545,1.0,0.6125,0.38749999999999996,10240,4480,2560,320,strongnative_8node_large128c0c31_20260704060009_c29,7.130712163983844,23,320,8,3,digits,"0,1,2",sklearn_digits,2,21,1,,4,chordal,7,tfim,auto,4,4,data/raw/perlmutter/practical_suite_sweep/practical_strongnative_8node_large128c0c31_20260704060009_c29_ml_digits_c0v1v2_320s_8q_d2_r0_seed23.json,ok
practical_strongnative_8node_large128c0c31_20260704060009_c29_ml_digits_c0v1v2_320s_8q_d2_r0_seed31.json,ml,multiclass_ml,test_accuracy,0.0018675419851206243,knn_numpy,knn_numpy,6,6.803918904974125,3643.2481621207894,1.0,0.725,0.275,10240,4480,2560,320,strongnative_8node_large128c0c31_20260704060009_c29,7.089776945009362,31,320,8,3,digits,"0,1,2",sklearn_digits,2,21,1,,4,chordal,7,tfim,auto,4,4,data/raw/perlmutter/practical_suite_sweep/practical_strongnative_8node_large128c0c31_20260704060009_c29_ml_digits_c0v1v2_320s_8q_d2_r0_seed31.json,ok
practical_strongnative_8node_large128c0c31_20260704060009_c29_ml_digits_c0v1v2_320s_8q_d2_r0_seed43.json,ml,multiclass_ml,test_accuracy,0.002618430007714778,knn_numpy,knn_numpy,6,6.3503836140153,2425.2638395164,1.0,0.6,0.4,10240,4480,2560,320,strongnative_8node_large128c0c31_20260704060009_c29,6.503583393001463,43,320,8,3,digits,"0,1,2",sklearn_digits,2,21,1,,4,chordal,7,tfim,auto,4,4,data/raw/perlmutter/practical_suite_sweep/practical_strongnative_8node_large128c0c31_20260704060009_c29_ml_digits_c0v1v2_320s_8q_d2_r0_seed43.json,ok
practical_strongnative_8node_large128c0c31_20260704060009_c29_ml_digits_c0v1v2_320s_8q_d2_r1_seed1017.json,ml,multiclass_ml,test_accuracy,0.0026142820133827627,knn_numpy,knn_numpy,6,6.6011119480244815,2525.019073777332,1.0,0.7125,0.2875,10240,4480,2560,320,strongnative_8node_large128c0c31_20260704060009_c29,6.741122991021257,1017,320,8,3,digits,"0,1,2",sklearn_digits,2,21,1,,4,chordal,7,tfim,auto,4,4,data/raw/perlmutter/practical_suite_sweep/practical_strongnative_8node_large128c0c31_20260704060009_c29_ml_digits_c0v1v2_320s_8q_d2_r1_seed1017.json,ok
practical_strongnative_8node_large128c0c31_20260704060009_c29_ml_digits_c0v1v2_320s_8q_d2_r1_seed1023.json,ml,multiclass_ml,test_accuracy,0.013368043990340084,rbf_kernel_ridge_numpy,rbf_kernel_ridge_numpy,6,6.958197820989881,520.5097938051342,1.0,0.6,0.4,10240,4480,2560,320,strongnative_8node_large128c0c31_20260704060009_c29,7.133610139950179,1023,320,8,3,digits,"0,1,2",sklearn_digits,2,21,1,,4,chordal,7,tfim,auto,4,4,data/raw/perlmutter/practical_suite_sweep/practical_strongnative_8node_large128c0c31_20260704060009_c29_ml_digits_c0v1v2_320s_8q_d2_r1_seed1023.json,ok
practical_strongnative_8node_large128c0c31_20260704060009_c29_ml_digits_c0v1v2_320s_8q_d2_r1_seed1031.json,ml,multiclass_ml,test_accuracy,0.002606761991046369,knn_numpy,knn_numpy,6,6.614798282040283,2537.5536028070846,1.0,0.65,0.35,10240,4480,2560,320,strongnative_8node_large128c0c31_20260704060009_c29,6.807845217001159,1031,320,8,3,digits,"0,1,2",sklearn_digits,2,21,1,,4,chordal,7,tfim,auto,4,4,data/raw/perlmutter/practical_suite_sweep/practical_strongnative_8node_large128c0c31_20260704060009_c29_ml_digits_c0v1v2_320s_8q_d2_r1_seed1031.json,ok
practical_strongnative_8node_large128c0c31_20260704060009_c29_ml_digits_c0v1v2_320s_8q_d2_r1_seed1043.json,ml,multiclass_ml,test_accuracy,0.00015811598859727383,linear_ridge_numpy,linear_ridge_numpy,6,6.476945572998375,40963.25507912644,1.0,0.6375,0.36250000000000004,10240,4480,2560,320,strongnative_8node_large128c0c31_20260704060009_c29,6.616189872962423,1043,320,8,3,digits,"0,1,2",sklearn_digits,2,21,1,,4,chordal,7,tfim,auto,4,4,data/raw/perlmutter/practical_suite_sweep/practical_strongnative_8node_large128c0c31_20260704060009_c29_ml_digits_c0v1v2_320s_8q_d2_r1_seed1043.json,ok
practical_strongnative_8node_large128c0c31_20260704060009_c29_ml_digits_c0v1v2_320s_8q_d2_r2_seed2017.json,ml,multiclass_ml,test_accuracy,0.00014384795213118196,nearest_centroid_numpy,nearest_centroid_numpy,6,6.996885483036749,48640.84180118149,1.0,0.7125,0.2875,10240,4480,2560,320,strongnative_8node_large128c0c31_20260704060009_c29,7.139353767968714,2017,320,8,3,digits,"0,1,2",sklearn_digits,2,21,1,,4,chordal,7,tfim,auto,4,4,data/raw/perlmutter/practical_suite_sweep/practical_strongnative_8node_large128c0c31_20260704060009_c29_ml_digits_c0v1v2_320s_8q_d2_r2_seed2017.json,ok
practical_strongnative_8node_large128c0c31_20260704060009_c29_ml_digits_c0v1v2_320s_8q_d2_r2_seed2023.json,ml,multiclass_ml,test_accuracy,0.002643292013090104,knn_numpy,knn_numpy,6,6.764909351011738,2559.2743130575705,1.0,0.6,0.4,10240,4480,2560,320,strongnative_8node_large128c0c31_20260704060009_c29,6.904898872016929,2023,320,8,3,digits,"0,1,2",sklearn_digits,2,21,1,,4,chordal,7,tfim,auto,4,4,data/raw/perlmutter/practical_suite_sweep/practical_strongnative_8node_large128c0c31_20260704060009_c29_ml_digits_c0v1v2_320s_8q_d2_r2_seed2023.json,ok
practical_strongnative_8node_large128c0c31_20260704060009_c29_ml_digits_c0v1v2_320s_8q_d2_r2_seed2031.json,ml,multiclass_ml,test_accuracy,0.00018467602785676718,nearest_centroid_numpy,nearest_centroid_numpy,6,6.797352680994663,36806.90320167932,1.0,0.7,0.30000000000000004,10240,4480,2560,320,strongnative_8node_large128c0c31_20260704060009_c29,6.939869560010266,2031,320,8,3,digits,"0,1,2",sklearn_digits,2,21,1,,4,chordal,7,tfim,auto,4,4,data/raw/perlmutter/practical_suite_sweep/practical_strongnative_8node_large128c0c31_20260704060009_c29_ml_digits_c0v1v2_320s_8q_d2_r2_seed2031.json,ok
practical_strongnative_8node_large128c0c31_20260704060009_c29_ml_digits_c0v1v2_320s_8q_d2_r2_seed2043.json,ml,multiclass_ml,test_accuracy,0.0026178380358032882,knn_numpy,knn_numpy,6,6.447392213973217,2462.8690261942897,1.0,0.7,0.30000000000000004,10240,4480,2560,320,strongnative_8node_large128c0c31_20260704060009_c29,6.589899173995946,2043,320,8,3,digits,"0,1,2",sklearn_digits,2,21,1,,4,chordal,7,tfim,auto,4,4,data/raw/perlmutter/practical_suite_sweep/practical_strongnative_8node_large128c0c31_20260704060009_c29_ml_digits_c0v1v2_320s_8q_d2_r2_seed2043.json,ok
practical_strongnative_8node_large128c0c31_20260704060009_c29_ml_digits_c0v1v2_320s_8q_d2_r3_seed3017.json,ml,multiclass_ml,test_accuracy,0.00016822502948343754,linear_ridge_numpy,linear_ridge_numpy,6,6.562535448989365,39010.458010563016,0.9875,0.7625,0.2250000000000001,10240,4480,2560,320,strongnative_8node_large128c0c31_20260704060009_c29,6.7034324670094065,3017,320,8,3,digits,"0,1,2",sklearn_digits,2,21,1,,4,chordal,7,tfim,auto,4,4,data/raw/perlmutter/practical_suite_sweep/practical_strongnative_8node_large128c0c31_20260704060009_c29_ml_digits_c0v1v2_320s_8q_d2_r3_seed3017.json,ok
practical_strongnative_8node_large128c0c31_20260704060009_c29_ml_digits_c0v1v2_320s_8q_d2_r3_seed3023.json,ml,multiclass_ml,test_accuracy,0.0001593070337548852,linear_ridge_numpy,linear_ridge_numpy,6,6.465261842997279,40583.655916567586,1.0,0.725,0.275,10240,4480,2560,320,strongnative_8node_large128c0c31_20260704060009_c29,6.605608569981996,3023,320,8,3,digits,"0,1,2",sklearn_digits,2,21,1,,4,chordal,7,tfim,auto,4,4,data/raw/perlmutter/practical_suite_sweep/practical_strongnative_8node_large128c0c31_20260704060009_c29_ml_digits_c0v1v2_320s_8q_d2_r3_seed3023.json,ok
practical_strongnative_8node_large128c0c31_20260704060009_c29_ml_digits_c0v1v2_320s_8q_d2_r3_seed3031.json,ml,multiclass_ml,test_accuracy,0.0001725530019029975,linear_ridge_numpy,linear_ridge_numpy,6,6.887529461993836,39915.44271055762,1.0,0.7,0.30000000000000004,10240,4480,2560,320,strongnative_8node_large128c0c31_20260704060009_c29,7.0312263399828225,3031,320,8,3,digits,"0,1,2",sklearn_digits,2,21,1,,4,chordal,7,tfim,auto,4,4,data/raw/perlmutter/practical_suite_sweep/practical_strongnative_8node_large128c0c31_20260704060009_c29_ml_digits_c0v1v2_320s_8q_d2_r3_seed3031.json,ok
practical_strongnative_8node_large128c0c31_20260704060009_c29_ml_digits_c0v1v2_320s_8q_d2_r3_seed3043.json,ml,multiclass_ml,test_accuracy,0.00015611201524734497,linear_ridge_numpy,linear_ridge_numpy,6,6.690237509959843,42855.365740809786,1.0,0.6375,0.36250000000000004,10240,4480,2560,320,strongnative_8node_large128c0c31_20260704060009_c29,6.82846814597724,3043,320,8,3,digits,"0,1,2",sklearn_digits,2,21,1,,4,chordal,7,tfim,auto,4,4,data/raw/perlmutter/practical_suite_sweep/practical_strongnative_8node_large128c0c31_20260704060009_c29_ml_digits_c0v1v2_320s_8q_d2_r3_seed3043.json,ok
practical_strongnative_8node_large128c0c31_20260704060009_c29_qaoa_chordal_6n_grid9_r1_seed1031.json,optimization,optimization_qaoa,approximation_ratio,2.6902009267359972e-05,greedy_assignment_numpy,,4,6.4587720690178685,240085.1179861221,7,5.373160171779813,0.23240568974574105,1620,1296,486,81,strongnative_8node_large128c0c31_20260704060009_c29,6.479748573969118,1031,72,4,3,synthetic,"0,1,2",,1,21,1,,6,chordal,9,tfim,auto,4,4,data/raw/perlmutter/practical_suite_sweep/practical_strongnative_8node_large128c0c31_20260704060009_c29_qaoa_chordal_6n_grid9_r1_seed1031.json,ok
practical_strongnative_8node_large128c0c31_20260704060009_c29_qaoa_chordal_6n_grid9_r3_seed3031.json,optimization,optimization_qaoa,approximation_ratio,2.576899714767933e-05,greedy_assignment_numpy,,4,7.028511650976725,272750.6860549166,7,5.373160171779813,0.23240568974574105,1620,1296,486,81,strongnative_8node_large128c0c31_20260704060009_c29,7.050341147987638,3031,72,4,3,synthetic,"0,1,2",,1,21,1,,6,chordal,9,tfim,auto,4,4,data/raw/perlmutter/practical_suite_sweep/practical_strongnative_8node_large128c0c31_20260704060009_c29_qaoa_chordal_6n_grid9_r3_seed3031.json,ok
practical_strongnative_8node_large128c0c31_20260704060009_c29_qaoa_ladder_7n_grid9_r0_seed43.json,optimization,optimization_qaoa,approximation_ratio,3.0588998924940825e-05,greedy_assignment_numpy,,4,6.775417544005904,221498.50541468844,8,5.722271824131493,0.2847160219835634,1782,1296,567,81,strongnative_8node_large128c0c31_20260704060009_c29,6.798036168969702,43,72,4,3,synthetic,"0,1,2",,1,21,1,,7,ladder,9,tfim,auto,4,4,data/raw/perlmutter/practical_suite_sweep/practical_strongnative_8node_large128c0c31_20260704060009_c29_qaoa_ladder_7n_grid9_r0_seed43.json,ok
practical_strongnative_8node_large128c0c31_20260704060009_c29_qaoa_ladder_7n_grid9_r2_seed2043.json,optimization,optimization_qaoa,approximation_ratio,3.011903027072549e-05,greedy_assignment_numpy,,4,6.798461617028806,225719.80425401157,8,5.722271824131493,0.2847160219835634,1782,1296,567,81,strongnative_8node_large128c0c31_20260704060009_c29,6.8210363470134325,2043,72,4,3,synthetic,"0,1,2",,1,21,1,,7,ladder,9,tfim,auto,4,4,data/raw/perlmutter/practical_suite_sweep/practical_strongnative_8node_large128c0c31_20260704060009_c29_qaoa_ladder_7n_grid9_r2_seed2043.json,ok
practical_strongnative_8node_large128c0c31_20260704060009_c29_qaoa_ring_5n_grid9_r0_seed23.json,optimization,optimization_qaoa,approximation_ratio,1.94780295714736e-05,greedy_assignment_numpy,,4,6.650957872974686,341459.481235992,4,3.749999999999998,0.06250000000000056,1215,810,405,81,strongnative_8node_large128c0c31_20260704060009_c29,6.675282193988096,23,72,4,3,synthetic,"0,1,2",,1,21,1,,5,ring,9,tfim,auto,4,4,data/raw/perlmutter/practical_suite_sweep/practical_strongnative_8node_large128c0c31_20260704060009_c29_qaoa_ring_5n_grid9_r0_seed23.json,ok
practical_strongnative_8node_large128c0c31_20260704060009_c29_qaoa_ring_5n_grid9_r2_seed2023.json,optimization,optimization_qaoa,approximation_ratio,2.0189036149531603e-05,greedy_assignment_numpy,,4,6.676647169981152,330706.58354019804,4,3.749999999999998,0.06250000000000056,1215,810,405,81,strongnative_8node_large128c0c31_20260704060009_c29,6.6981544779846445,2023,72,4,3,synthetic,"0,1,2",,1,21,1,,5,ring,9,tfim,auto,4,4,data/raw/perlmutter/practical_suite_sweep/practical_strongnative_8node_large128c0c31_20260704060009_c29_qaoa_ring_5n_grid9_r2_seed2023.json,ok
practical_strongnative_8node_large128c0c31_20260704060009_c29_sim_heisenberg_7q_6steps_r0_seed23.json,simulation,hamiltonian_simulation,absolute_observable_error,0.008591215999331325,exact_dense_eigendecomposition_numpy,,0,6.8471237840130925,796.9912273822496,-0.02818565466473985,-0.09191023542340215,0.0637245807586623,441,216,7,1,strongnative_8node_large128c0c31_20260704060009_c29,6.871282834967133,23,72,4,3,synthetic,"0,1,2",,1,21,1,,4,chordal,7,heisenberg,auto,7,6,data/raw/perlmutter/practical_suite_sweep/practical_strongnative_8node_large128c0c31_20260704060009_c29_sim_heisenberg_7q_6steps_r0_seed23.json,ok
practical_strongnative_8node_large128c0c31_20260704060009_c29_sim_heisenberg_7q_6steps_r1_seed1023.json,simulation,hamiltonian_simulation,absolute_observable_error,0.021002938970923424,exact_dense_eigendecomposition_numpy,,0,6.953731930989306,331.0837564502801,-0.02818565466473985,-0.09191023542340215,0.0637245807586623,441,216,7,1,strongnative_8node_large128c0c31_20260704060009_c29,6.995099323976319,1023,72,4,3,synthetic,"0,1,2",,1,21,1,,4,chordal,7,heisenberg,auto,7,6,data/raw/perlmutter/practical_suite_sweep/practical_strongnative_8node_large128c0c31_20260704060009_c29_sim_heisenberg_7q_6steps_r1_seed1023.json,ok
practical_strongnative_8node_large128c0c31_20260704060009_c29_sim_heisenberg_7q_6steps_r2_seed2023.json,simulation,hamiltonian_simulation,absolute_observable_error,0.00866741401841864,exact_dense_eigendecomposition_numpy,,0,6.833106544974726,788.367387372297,-0.02818565466473985,-0.09191023542340215,0.0637245807586623,441,216,7,1,strongnative_8node_large128c0c31_20260704060009_c29,6.857323615986388,2023,72,4,3,synthetic,"0,1,2",,1,21,1,,4,chordal,7,heisenberg,auto,7,6,data/raw/perlmutter/practical_suite_sweep/practical_strongnative_8node_large128c0c31_20260704060009_c29_sim_heisenberg_7q_6steps_r2_seed2023.json,ok
practical_strongnative_8node_large128c0c31_20260704060009_c29_sim_heisenberg_7q_6steps_r3_seed3023.json,simulation,hamiltonian_simulation,absolute_observable_error,0.008672341995406896,exact_dense_eigendecomposition_numpy,,0,7.033271400025114,811.0002354323807,-0.02818565466473985,-0.09191023542340215,0.0637245807586623,441,216,7,1,strongnative_8node_large128c0c31_20260704060009_c29,7.060092541971244,3023,72,4,3,synthetic,"0,1,2",,1,21,1,,4,chordal,7,heisenberg,auto,7,6,data/raw/perlmutter/practical_suite_sweep/practical_strongnative_8node_large128c0c31_20260704060009_c29_sim_heisenberg_7q_6steps_r3_seed3023.json,ok
practical_strongnative_8node_large128c0c31_20260704060009_c2_chem_4q_l1_grid9_r2_seed2023.json,chemistry,chemistry_vqe,absolute_energy_error,0.00018457602709531784,exact_diagonalization_numpy,,0,6.546083302993793,35465.511995299894,-1.705732892552902,-0.9022888650985728,0.8034440274543293,168,63,84,21,strongnative_8node_large128c0c31_20260704060009_c2,6.556990646000486,2023,72,4,3,synthetic,"0,1,2",,1,9,1,benchmarks/workloads/hamiltonians/molecular_chain_4q.json,4,chordal,7,tfim,auto,4,4,data/raw/perlmutter/practical_suite_sweep/practical_strongnative_8node_large128c0c31_20260704060009_c2_chem_4q_l1_grid9_r2_seed2023.json,ok
practical_strongnative_8node_large128c0c31_20260704060009_c2_chem_h2_l1_grid25_r0_seed17.json,chemistry,chemistry_vqe,absolute_energy_error,0.00017097004456445575,exact_diagonalization_numpy,,0,7.096867991029285,41509.42353152259,-1.85727503020238,-1.8566776536800178,0.0005973765223621363,2712,678,1356,678,strongnative_8node_large128c0c31_20260704060009_c2,7.1033769600326195,17,72,4,3,synthetic,"0,1,2",,1,25,1,,4,chordal,7,tfim,auto,4,4,data/raw/perlmutter/practical_suite_sweep/practical_strongnative_8node_large128c0c31_20260704060009_c2_chem_h2_l1_grid25_r0_seed17.json,ok
practical_strongnative_8node_large128c0c31_20260704060009_c2_ml_digits_c0v1v2_128s_6q_d1_r0_seed17.json,ml,multiclass_ml,test_accuracy,0.00016451795818284154,linear_ridge_numpy,linear_ridge_numpy,6,18.638198949978687,113289.7536283827,1.0,0.625,0.375,1536,640,768,128,strongnative_8node_large128c0c31_20260704060009_c2,18.908691589022055,17,128,6,3,digits,"0,1,2",sklearn_digits,1,21,1,,4,chordal,7,tfim,auto,4,4,data/raw/perlmutter/practical_suite_sweep/practical_strongnative_8node_large128c0c31_20260704060009_c2_ml_digits_c0v1v2_128s_6q_d1_r0_seed17.json,ok
practical_strongnative_8node_large128c0c31_20260704060009_c2_ml_digits_c0v1v2_128s_6q_d1_r0_seed23.json,ml,multiclass_ml,test_accuracy,0.0008373669697903097,knn_numpy,knn_numpy,6,7.0345148560008965,8400.755116675373,1.0,0.75,0.25,1536,640,768,128,strongnative_8node_large128c0c31_20260704060009_c2,7.135698033962399,23,128,6,3,digits,"0,1,2",sklearn_digits,1,21,1,,4,chordal,7,tfim,auto,4,4,data/raw/perlmutter/practical_suite_sweep/practical_strongnative_8node_large128c0c31_20260704060009_c2_ml_digits_c0v1v2_128s_6q_d1_r0_seed23.json,ok
practical_strongnative_8node_large128c0c31_20260704060009_c2_ml_digits_c0v1v2_128s_6q_d1_r0_seed31.json,ml,multiclass_ml,test_accuracy,0.00015952799003571272,nearest_centroid_numpy,nearest_centroid_numpy,6,7.42899527301779,46568.60072865394,1.0,0.6875,0.3125,1536,640,768,128,strongnative_8node_large128c0c31_20260704060009_c2,7.523101337021217,31,128,6,3,digits,"0,1,2",sklearn_digits,1,21,1,,4,chordal,7,tfim,auto,4,4,data/raw/perlmutter/practical_suite_sweep/practical_strongnative_8node_large128c0c31_20260704060009_c2_ml_digits_c0v1v2_128s_6q_d1_r0_seed31.json,ok
practical_strongnative_8node_large128c0c31_20260704060009_c2_ml_digits_c0v1v2_128s_6q_d1_r0_seed43.json,ml,multiclass_ml,test_accuracy,0.0001615710207261145,linear_ridge_numpy,linear_ridge_numpy,6,6.867578166013118,42505.01194551852,1.0,0.8125,0.1875,1536,640,768,128,strongnative_8node_large128c0c31_20260704060009_c2,6.960550290998071,43,128,6,3,digits,"0,1,2",sklearn_digits,1,21,1,,4,chordal,7,tfim,auto,4,4,data/raw/perlmutter/practical_suite_sweep/practical_strongnative_8node_large128c0c31_20260704060009_c2_ml_digits_c0v1v2_128s_6q_d1_r0_seed43.json,ok
practical_strongnative_8node_large128c0c31_20260704060009_c2_ml_digits_c0v1v2_128s_6q_d1_r1_seed1017.json,ml,multiclass_ml,test_accuracy,0.0008166969637386501,knn_numpy,knn_numpy,6,6.733232777041849,8244.468971965642,1.0,0.75,0.25,1536,640,768,128,strongnative_8node_large128c0c31_20260704060009_c2,6.849250129016582,1017,128,6,3,digits,"0,1,2",sklearn_digits,1,21,1,,4,chordal,7,tfim,auto,4,4,data/raw/perlmutter/practical_suite_sweep/practical_strongnative_8node_large128c0c31_20260704060009_c2_ml_digits_c0v1v2_128s_6q_d1_r1_seed1017.json,ok
practical_strongnative_8node_large128c0c31_20260704060009_c2_ml_digits_c0v1v2_128s_6q_d1_r1_seed1023.json,ml,multiclass_ml,test_accuracy,0.012344746035523713,rbf_kernel_ridge_numpy,rbf_kernel_ridge_numpy,6,7.082561113988049,573.7308077142293,0.96875,0.75,0.21875,1536,640,768,128,strongnative_8node_large128c0c31_20260704060009_c2,7.178234376013279,1023,128,6,3,digits,"0,1,2",sklearn_digits,1,21,1,,4,chordal,7,tfim,auto,4,4,data/raw/perlmutter/practical_suite_sweep/practical_strongnative_8node_large128c0c31_20260704060009_c2_ml_digits_c0v1v2_128s_6q_d1_r1_seed1023.json,ok
practical_strongnative_8node_large128c0c31_20260704060009_c2_ml_digits_c0v1v2_128s_6q_d1_r1_seed1031.json,ml,multiclass_ml,test_accuracy,0.00013913901057094336,nearest_centroid_numpy,nearest_centroid_numpy,6,6.988617260998581,50227.5906111555,0.96875,0.6875,0.28125,1536,640,768,128,strongnative_8node_large128c0c31_20260704060009_c2,7.085772294958588,1031,128,6,3,digits,"0,1,2",sklearn_digits,1,21,1,,4,chordal,7,tfim,auto,4,4,data/raw/perlmutter/practical_suite_sweep/practical_strongnative_8node_large128c0c31_20260704060009_c2_ml_digits_c0v1v2_128s_6q_d1_r1_seed1031.json,ok
practical_strongnative_8node_large128c0c31_20260704060009_c2_ml_digits_c0v1v2_128s_6q_d1_r1_seed1043.json,ml,multiclass_ml,test_accuracy,0.0001583060366101563,nearest_centroid_numpy,nearest_centroid_numpy,6,6.705732498958241,42359.29748826791,1.0,0.875,0.125,1536,640,768,128,strongnative_8node_large128c0c31_20260704060009_c2,6.803797569999006,1043,128,6,3,digits,"0,1,2",sklearn_digits,1,21,1,,4,chordal,7,tfim,auto,4,4,data/raw/perlmutter/practical_suite_sweep/practical_strongnative_8node_large128c0c31_20260704060009_c2_ml_digits_c0v1v2_128s_6q_d1_r1_seed1043.json,ok
practical_strongnative_8node_large128c0c31_20260704060009_c2_ml_digits_c0v1v2_128s_6q_d1_r2_seed2017.json,ml,multiclass_ml,test_accuracy,0.0001581149990670383,nearest_centroid_numpy,nearest_centroid_numpy,6,7.107159048959147,44949.30329756902,1.0,0.75,0.25,1536,640,768,128,strongnative_8node_large128c0c31_20260704060009_c2,7.2000050420174375,2017,128,6,3,digits,"0,1,2",sklearn_digits,1,21,1,,4,chordal,7,tfim,auto,4,4,data/raw/perlmutter/practical_suite_sweep/practical_strongnative_8node_large128c0c31_20260704060009_c2_ml_digits_c0v1v2_128s_6q_d1_r2_seed2017.json,ok
practical_strongnative_8node_large128c0c31_20260704060009_c2_ml_digits_c0v1v2_128s_6q_d1_r2_seed2023.json,ml,multiclass_ml,test_accuracy,0.0001706590410321951,linear_ridge_numpy,linear_ridge_numpy,6,6.720243476971518,39378.186097411235,1.0,0.5625,0.4375,1536,640,768,128,strongnative_8node_large128c0c31_20260704060009_c2,6.813554988999385,2023,128,6,3,digits,"0,1,2",sklearn_digits,1,21,1,,4,chordal,7,tfim,auto,4,4,data/raw/perlmutter/practical_suite_sweep/practical_strongnative_8node_large128c0c31_20260704060009_c2_ml_digits_c0v1v2_128s_6q_d1_r2_seed2023.json,ok
practical_strongnative_8node_large128c0c31_20260704060009_c2_ml_digits_c0v1v2_128s_6q_d1_r2_seed2031.json,ml,multiclass_ml,test_accuracy,0.00016790401423349977,linear_ridge_numpy,linear_ridge_numpy,6,6.852642151992768,40812.854792518396,1.0,0.78125,0.21875,1536,640,768,128,strongnative_8node_large128c0c31_20260704060009_c2,6.945588016998954,2031,128,6,3,digits,"0,1,2",sklearn_digits,1,21,1,,4,chordal,7,tfim,auto,4,4,data/raw/perlmutter/practical_suite_sweep/practical_strongnative_8node_large128c0c31_20260704060009_c2_ml_digits_c0v1v2_128s_6q_d1_r2_seed2031.json,ok
practical_strongnative_8node_large128c0c31_20260704060009_c2_ml_digits_c0v1v2_128s_6q_d1_r2_seed2043.json,ml,multiclass_ml,test_accuracy,0.00015585101209580898,nearest_centroid_numpy,nearest_centroid_numpy,6,6.729668115032837,43180.137392343604,1.0,0.78125,0.21875,1536,640,768,128,strongnative_8node_large128c0c31_20260704060009_c2,6.822243154980242,2043,128,6,3,digits,"0,1,2",sklearn_digits,1,21,1,,4,chordal,7,tfim,auto,4,4,data/raw/perlmutter/practical_suite_sweep/practical_strongnative_8node_large128c0c31_20260704060009_c2_ml_digits_c0v1v2_128s_6q_d1_r2_seed2043.json,ok
practical_strongnative_8node_large128c0c31_20260704060009_c2_ml_digits_c0v1v2_128s_6q_d1_r3_seed3017.json,ml,multiclass_ml,test_accuracy,0.009776626946404576,softmax_regression_numpy,softmax_regression_numpy,6,6.839063922001515,699.5320532831242,1.0,0.875,0.125,1536,640,768,128,strongnative_8node_large128c0c31_20260704060009_c2,6.935597205010708,3017,128,6,3,digits,"0,1,2",sklearn_digits,1,21,1,,4,chordal,7,tfim,auto,4,4,data/raw/perlmutter/practical_suite_sweep/practical_strongnative_8node_large128c0c31_20260704060009_c2_ml_digits_c0v1v2_128s_6q_d1_r3_seed3017.json,ok
practical_strongnative_8node_large128c0c31_20260704060009_c2_ml_digits_c0v1v2_128s_6q_d1_r3_seed3023.json,ml,multiclass_ml,test_accuracy,0.00015844596782699227,nearest_centroid_numpy,nearest_centroid_numpy,6,6.864674267009832,43325.01710933657,1.0,0.6875,0.3125,1536,640,768,128,strongnative_8node_large128c0c31_20260704060009_c2,6.957510570005979,3023,128,6,3,digits,"0,1,2",sklearn_digits,1,21,1,,4,chordal,7,tfim,auto,4,4,data/raw/perlmutter/practical_suite_sweep/practical_strongnative_8node_large128c0c31_20260704060009_c2_ml_digits_c0v1v2_128s_6q_d1_r3_seed3023.json,ok
practical_strongnative_8node_large128c0c31_20260704060009_c2_ml_digits_c0v1v2_128s_6q_d1_r3_seed3031.json,ml,multiclass_ml,test_accuracy,0.0001581059768795967,nearest_centroid_numpy,nearest_centroid_numpy,6,7.175996064033825,45387.25357295379,1.0,0.6875,0.3125,1536,640,768,128,strongnative_8node_large128c0c31_20260704060009_c2,7.283051461970899,3031,128,6,3,digits,"0,1,2",sklearn_digits,1,21,1,,4,chordal,7,tfim,auto,4,4,data/raw/perlmutter/practical_suite_sweep/practical_strongnative_8node_large128c0c31_20260704060009_c2_ml_digits_c0v1v2_128s_6q_d1_r3_seed3031.json,ok
practical_strongnative_8node_large128c0c31_20260704060009_c2_ml_digits_c0v1v2_128s_6q_d1_r3_seed3043.json,ml,multiclass_ml,test_accuracy,0.00016261398559436202,linear_ridge_numpy,linear_ridge_numpy,6,7.012191204994451,43121.698169837924,1.0,0.65625,0.34375,1536,640,768,128,strongnative_8node_large128c0c31_20260704060009_c2,7.112562166992575,3043,128,6,3,digits,"0,1,2",sklearn_digits,1,21,1,,4,chordal,7,tfim,auto,4,4,data/raw/perlmutter/practical_suite_sweep/practical_strongnative_8node_large128c0c31_20260704060009_c2_ml_digits_c0v1v2_128s_6q_d1_r3_seed3043.json,ok
practical_strongnative_8node_large128c0c31_20260704060009_c2_qaoa_chordal_5n_grid11_r0_seed43.json,optimization,optimization_qaoa,approximation_ratio,6.039696745574474e-05,exact_enumeration_numpy,,4,6.699099461024161,110917.81165888598,6,4.589396242968677,0.2351006261718872,2057,1694,605,121,strongnative_8node_large128c0c31_20260704060009_c2,6.721199493971653,43,72,4,3,synthetic,"0,1,2",,1,21,1,,5,chordal,11,tfim,auto,4,4,data/raw/perlmutter/practical_suite_sweep/practical_strongnative_8node_large128c0c31_20260704060009_c2_qaoa_chordal_5n_grid11_r0_seed43.json,ok
practical_strongnative_8node_large128c0c31_20260704060009_c2_qaoa_chordal_5n_grid11_r2_seed2043.json,optimization,optimization_qaoa,approximation_ratio,4.705099854618311e-05,exact_enumeration_numpy,,4,7.2849092240212485,154830.06629223214,6,4.589396242968677,0.2351006261718872,2057,1694,605,121,strongnative_8node_large128c0c31_20260704060009_c2,7.303734243963845,2043,72,4,3,synthetic,"0,1,2",,1,21,1,,5,chordal,11,tfim,auto,4,4,data/raw/perlmutter/practical_suite_sweep/practical_strongnative_8node_large128c0c31_20260704060009_c2_qaoa_chordal_5n_grid11_r2_seed2043.json,ok
practical_strongnative_8node_large128c0c31_20260704060009_c2_qaoa_ladder_6n_grid11_r0_seed17.json,optimization,optimization_qaoa,approximation_ratio,2.4847977329045534e-05,greedy_assignment_numpy,,4,6.966795518004801,280376.76571207703,7,4.9533305565233725,0.29238134906808966,2299,1694,726,121,strongnative_8node_large128c0c31_20260704060009_c2,6.989654950040858,17,72,4,3,synthetic,"0,1,2",,1,21,1,,6,ladder,11,tfim,auto,4,4,data/raw/perlmutter/practical_suite_sweep/practical_strongnative_8node_large128c0c31_20260704060009_c2_qaoa_ladder_6n_grid11_r0_seed17.json,ok
practical_strongnative_8node_large128c0c31_20260704060009_c2_qaoa_ladder_6n_grid11_r2_seed2017.json,optimization,optimization_qaoa,approximation_ratio,2.4627021048218012e-05,greedy_assignment_numpy,,4,6.69662399898516,271921.80434140336,7,4.9533305565233725,0.29238134906808966,2299,1694,726,121,strongnative_8node_large128c0c31_20260704060009_c2,6.718577959982213,2017,72,4,3,synthetic,"0,1,2",,1,21,1,,6,ladder,11,tfim,auto,4,4,data/raw/perlmutter/practical_suite_sweep/practical_strongnative_8node_large128c0c31_20260704060009_c2_qaoa_ladder_6n_grid11_r2_seed2017.json,ok
practical_strongnative_8node_large128c0c31_20260704060009_c2_qaoa_ring_4n_grid11_r1_seed1031.json,optimization,optimization_qaoa,approximation_ratio,1.5420024283230305e-05,greedy_assignment_numpy,,4,6.664133021025918,432173.9641015575,4,2.904508497187473,0.2738728757031318,1452,968,484,121,strongnative_8node_large128c0c31_20260704060009_c2,6.68646722700214,1031,72,4,3,synthetic,"0,1,2",,1,21,1,,4,ring,11,tfim,auto,4,4,data/raw/perlmutter/practical_suite_sweep/practical_strongnative_8node_large128c0c31_20260704060009_c2_qaoa_ring_4n_grid11_r1_seed1031.json,ok
practical_strongnative_8node_large128c0c31_20260704060009_c2_qaoa_ring_4n_grid11_r3_seed3031.json,optimization,optimization_qaoa,approximation_ratio,1.5911005903035402e-05,greedy_assignment_numpy,,4,6.856474287982564,430926.51274012343,4,2.904508497187473,0.2738728757031318,1452,968,484,121,strongnative_8node_large128c0c31_20260704060009_c2,6.878652562038042,3031,72,4,3,synthetic,"0,1,2",,1,21,1,,4,ring,11,tfim,auto,4,4,data/raw/perlmutter/practical_suite_sweep/practical_strongnative_8node_large128c0c31_20260704060009_c2_qaoa_ring_4n_grid11_r3_seed3031.json,ok
practical_strongnative_8node_large128c0c31_20260704060009_c2_sim_tfim_4q_8steps_r0_seed23.json,simulation,hamiltonian_simulation,absolute_observable_error,0.00046449695946648717,exact_dense_eigendecomposition_numpy,,0,6.856615139986388,14761.377873951582,0.8218024506329117,0.8215212314654879,0.00028121916742374076,56,48,4,1,strongnative_8node_large128c0c31_20260704060009_c2,6.876231356989592,23,72,4,3,synthetic,"0,1,2",,1,21,1,,4,chordal,7,tfim,auto,4,8,data/raw/perlmutter/practical_suite_sweep/practical_strongnative_8node_large128c0c31_20260704060009_c2_sim_tfim_4q_8steps_r0_seed23.json,ok
practical_strongnative_8node_large128c0c31_20260704060009_c2_sim_tfim_4q_8steps_r1_seed1023.json,simulation,hamiltonian_simulation,absolute_observable_error,0.0005024099955335259,exact_dense_eigendecomposition_numpy,,0,6.9764217270421796,13885.913475176154,0.8218024506329117,0.8215212314654879,0.00028121916742374076,56,48,4,1,strongnative_8node_large128c0c31_20260704060009_c2,6.989124795014504,1023,72,4,3,synthetic,"0,1,2",,1,21,1,,4,chordal,7,tfim,auto,4,8,data/raw/perlmutter/practical_suite_sweep/practical_strongnative_8node_large128c0c31_20260704060009_c2_sim_tfim_4q_8steps_r1_seed1023.json,ok
practical_strongnative_8node_large128c0c31_20260704060009_c2_sim_tfim_4q_8steps_r2_seed2023.json,simulation,hamiltonian_simulation,absolute_observable_error,0.0004578540101647377,exact_dense_eigendecomposition_numpy,,0,6.600089748040773,14415.271246976814,0.8218024506329117,0.8215212314654879,0.00028121916742374076,56,48,4,1,strongnative_8node_large128c0c31_20260704060009_c2,6.610131096967962,2023,72,4,3,synthetic,"0,1,2",,1,21,1,,4,chordal,7,tfim,auto,4,8,data/raw/perlmutter/practical_suite_sweep/practical_strongnative_8node_large128c0c31_20260704060009_c2_sim_tfim_4q_8steps_r2_seed2023.json,ok
practical_strongnative_8node_large128c0c31_20260704060009_c2_sim_tfim_4q_8steps_r3_seed3023.json,simulation,hamiltonian_simulation,absolute_observable_error,0.0004576530191116035,exact_dense_eigendecomposition_numpy,,0,7.004278817039449,15304.780094395885,0.8218024506329117,0.8215212314654879,0.00028121916742374076,56,48,4,1,strongnative_8node_large128c0c31_20260704060009_c2,7.018790747970343,3023,72,4,3,synthetic,"0,1,2",,1,21,1,,4,chordal,7,tfim,auto,4,8,data/raw/perlmutter/practical_suite_sweep/practical_strongnative_8node_large128c0c31_20260704060009_c2_sim_tfim_4q_8steps_r3_seed3023.json,ok
practical_strongnative_8node_large128c0c31_20260704060009_c30_chem_4q_l1_grid9_r2_seed2043.json,chemistry,chemistry_vqe,absolute_energy_error,0.00020857300842180848,exact_diagonalization_numpy,,0,6.716757327958476,32203.38709587395,-1.705732892552902,-1.304112701073927,0.401620191478975,168,63,84,21,strongnative_8node_large128c0c31_20260704060009_c30,6.729144931014162,2043,72,4,3,synthetic,"0,1,2",,1,9,1,benchmarks/workloads/hamiltonians/molecular_chain_4q.json,4,chordal,7,tfim,auto,4,4,data/raw/perlmutter/practical_suite_sweep/practical_strongnative_8node_large128c0c31_20260704060009_c30_chem_4q_l1_grid9_r2_seed2043.json,ok
practical_strongnative_8node_large128c0c31_20260704060009_c30_chem_h2_l1_grid25_r0_seed31.json,chemistry,chemistry_vqe,absolute_energy_error,0.0001523540122434497,exact_diagonalization_numpy,,0,6.668557711003814,43770.1483066162,-1.85727503020238,-1.8566776536800178,0.0005973765223621363,2712,678,1356,678,strongnative_8node_large128c0c31_20260704060009_c30,6.675252234970685,31,72,4,3,synthetic,"0,1,2",,1,25,1,,4,chordal,7,tfim,auto,4,4,data/raw/perlmutter/practical_suite_sweep/practical_strongnative_8node_large128c0c31_20260704060009_c30_chem_h2_l1_grid25_r0_seed31.json,ok
practical_strongnative_8node_large128c0c31_20260704060009_c30_ml_digits_c0v1v2_320s_10q_d1_r0_seed17.json,ml,multiclass_ml,test_accuracy,0.00018939602887257934,linear_ridge_numpy,linear_ridge_numpy,6,18.54789161501685,97931.78730001453,1.0,0.65,0.35,6400,2880,3200,320,strongnative_8node_large128c0c31_20260704060009_c30,18.82050909998361,17,320,10,3,digits,"0,1,2",sklearn_digits,1,21,1,,4,chordal,7,tfim,auto,4,4,data/raw/perlmutter/practical_suite_sweep/practical_strongnative_8node_large128c0c31_20260704060009_c30_ml_digits_c0v1v2_320s_10q_d1_r0_seed17.json,ok
practical_strongnative_8node_large128c0c31_20260704060009_c30_ml_digits_c0v1v2_320s_10q_d1_r0_seed23.json,ml,multiclass_ml,test_accuracy,0.0020647100172936916,knn_numpy,knn_numpy,6,6.990912108041812,3385.905066322638,0.9875,0.725,0.26250000000000007,6400,2880,3200,320,strongnative_8node_large128c0c31_20260704060009_c30,7.134217988001183,23,320,10,3,digits,"0,1,2",sklearn_digits,1,21,1,,4,chordal,7,tfim,auto,4,4,data/raw/perlmutter/practical_suite_sweep/practical_strongnative_8node_large128c0c31_20260704060009_c30_ml_digits_c0v1v2_320s_10q_d1_r0_seed23.json,ok
practical_strongnative_8node_large128c0c31_20260704060009_c30_ml_digits_c0v1v2_320s_10q_d1_r0_seed31.json,ml,multiclass_ml,test_accuracy,0.00014587200712412596,nearest_centroid_numpy,nearest_centroid_numpy,6,7.223309341003187,49518.13225450926,1.0,0.85,0.15000000000000002,6400,2880,3200,320,strongnative_8node_large128c0c31_20260704060009_c30,7.367278306977823,31,320,10,3,digits,"0,1,2",sklearn_digits,1,21,1,,4,chordal,7,tfim,auto,4,4,data/raw/perlmutter/practical_suite_sweep/practical_strongnative_8node_large128c0c31_20260704060009_c30_ml_digits_c0v1v2_320s_10q_d1_r0_seed31.json,ok
practical_strongnative_8node_large128c0c31_20260704060009_c30_ml_digits_c0v1v2_320s_10q_d1_r0_seed43.json,ml,multiclass_ml,test_accuracy,0.0026393900043331087,knn_numpy,knn_numpy,6,6.463995021011215,2449.048837193147,1.0,0.7375,0.26249999999999996,6400,2880,3200,320,strongnative_8node_large128c0c31_20260704060009_c30,6.607359601999633,43,320,10,3,digits,"0,1,2",sklearn_digits,1,21,1,,4,chordal,7,tfim,auto,4,4,data/raw/perlmutter/practical_suite_sweep/practical_strongnative_8node_large128c0c31_20260704060009_c30_ml_digits_c0v1v2_320s_10q_d1_r0_seed43.json,ok
practical_strongnative_8node_large128c0c31_20260704060009_c30_ml_digits_c0v1v2_320s_10q_d1_r1_seed1017.json,ml,multiclass_ml,test_accuracy,0.014754656993318349,rbf_kernel_ridge_numpy,rbf_kernel_ridge_numpy,6,6.44587177503854,436.8703235837712,1.0,0.8,0.19999999999999996,6400,2880,3200,320,strongnative_8node_large128c0c31_20260704060009_c30,6.588025326956995,1017,320,10,3,digits,"0,1,2",sklearn_digits,1,21,1,,4,chordal,7,tfim,auto,4,4,data/raw/perlmutter/practical_suite_sweep/practical_strongnative_8node_large128c0c31_20260704060009_c30_ml_digits_c0v1v2_320s_10q_d1_r1_seed1017.json,ok
practical_strongnative_8node_large128c0c31_20260704060009_c30_ml_digits_c0v1v2_320s_10q_d1_r1_seed1023.json,ml,multiclass_ml,test_accuracy,0.00015460903523489833,nearest_centroid_numpy,nearest_centroid_numpy,6,6.836359263048507,44217.07471792959,1.0,0.7375,0.26249999999999996,6400,2880,3200,320,strongnative_8node_large128c0c31_20260704060009_c30,6.97886163397925,1023,320,10,3,digits,"0,1,2",sklearn_digits,1,21,1,,4,chordal,7,tfim,auto,4,4,data/raw/perlmutter/practical_suite_sweep/practical_strongnative_8node_large128c0c31_20260704060009_c30_ml_digits_c0v1v2_320s_10q_d1_r1_seed1023.json,ok
practical_strongnative_8node_large128c0c31_20260704060009_c30_ml_digits_c0v1v2_320s_10q_d1_r1_seed1031.json,ml,multiclass_ml,test_accuracy,0.0026237249840050936,knn_numpy,knn_numpy,6,6.742058363975957,2569.651318288803,1.0,0.7625,0.23750000000000004,6400,2880,3200,320,strongnative_8node_large128c0c31_20260704060009_c30,6.975705941033084,1031,320,10,3,digits,"0,1,2",sklearn_digits,1,21,1,,4,chordal,7,tfim,auto,4,4,data/raw/perlmutter/practical_suite_sweep/practical_strongnative_8node_large128c0c31_20260704060009_c30_ml_digits_c0v1v2_320s_10q_d1_r1_seed1031.json,ok
practical_strongnative_8node_large128c0c31_20260704060009_c30_ml_digits_c0v1v2_320s_10q_d1_r1_seed1043.json,ml,multiclass_ml,test_accuracy,0.00020144000882282853,linear_ridge_numpy,linear_ridge_numpy,6,6.312927660997957,31338.996150215287,1.0,0.6125,0.38749999999999996,6400,2880,3200,320,strongnative_8node_large128c0c31_20260704060009_c30,6.45696041098563,1043,320,10,3,digits,"0,1,2",sklearn_digits,1,21,1,,4,chordal,7,tfim,auto,4,4,data/raw/perlmutter/practical_suite_sweep/practical_strongnative_8node_large128c0c31_20260704060009_c30_ml_digits_c0v1v2_320s_10q_d1_r1_seed1043.json,ok
practical_strongnative_8node_large128c0c31_20260704060009_c30_ml_digits_c0v1v2_320s_10q_d1_r2_seed2017.json,ml,multiclass_ml,test_accuracy,0.0001888659899123013,nearest_centroid_numpy,nearest_centroid_numpy,6,7.2329790509538725,38296.88476105443,1.0,0.75,0.25,6400,2880,3200,320,strongnative_8node_large128c0c31_20260704060009_c30,7.374043139978312,2017,320,10,3,digits,"0,1,2",sklearn_digits,1,21,1,,4,chordal,7,tfim,auto,4,4,data/raw/perlmutter/practical_suite_sweep/practical_strongnative_8node_large128c0c31_20260704060009_c30_ml_digits_c0v1v2_320s_10q_d1_r2_seed2017.json,ok
practical_strongnative_8node_large128c0c31_20260704060009_c30_ml_digits_c0v1v2_320s_10q_d1_r2_seed2023.json,ml,multiclass_ml,test_accuracy,0.014751098991837353,rbf_kernel_ridge_numpy,rbf_kernel_ridge_numpy,6,6.913335837016348,468.665815397341,1.0,0.725,0.275,6400,2880,3200,320,strongnative_8node_large128c0c31_20260704060009_c30,7.054466925968882,2023,320,10,3,digits,"0,1,2",sklearn_digits,1,21,1,,4,chordal,7,tfim,auto,4,4,data/raw/perlmutter/practical_suite_sweep/practical_strongnative_8node_large128c0c31_20260704060009_c30_ml_digits_c0v1v2_320s_10q_d1_r2_seed2023.json,ok
practical_strongnative_8node_large128c0c31_20260704060009_c30_ml_digits_c0v1v2_320s_10q_d1_r2_seed2031.json,ml,multiclass_ml,test_accuracy,0.0001467529800720513,nearest_centroid_numpy,nearest_centroid_numpy,6,6.839833028032444,46607.79648000533,1.0,0.7375,0.26249999999999996,6400,2880,3200,320,strongnative_8node_large128c0c31_20260704060009_c30,6.984642705996521,2031,320,10,3,digits,"0,1,2",sklearn_digits,1,21,1,,4,chordal,7,tfim,auto,4,4,data/raw/perlmutter/practical_suite_sweep/practical_strongnative_8node_large128c0c31_20260704060009_c30_ml_digits_c0v1v2_320s_10q_d1_r2_seed2031.json,ok
practical_strongnative_8node_large128c0c31_20260704060009_c30_ml_digits_c0v1v2_320s_10q_d1_r2_seed2043.json,ml,multiclass_ml,test_accuracy,0.0026177679537795484,knn_numpy,knn_numpy,6,6.603760428028181,2522.6683742130904,1.0,0.775,0.22499999999999998,6400,2880,3200,320,strongnative_8node_large128c0c31_20260704060009_c30,6.745317312015686,2043,320,10,3,digits,"0,1,2",sklearn_digits,1,21,1,,4,chordal,7,tfim,auto,4,4,data/raw/perlmutter/practical_suite_sweep/practical_strongnative_8node_large128c0c31_20260704060009_c30_ml_digits_c0v1v2_320s_10q_d1_r2_seed2043.json,ok
practical_strongnative_8node_large128c0c31_20260704060009_c30_ml_digits_c0v1v2_320s_10q_d1_r3_seed3017.json,ml,multiclass_ml,test_accuracy,0.0026142520364373922,knn_numpy,knn_numpy,6,6.603548157028854,2525.9799227422345,1.0,0.7625,0.23750000000000004,6400,2880,3200,320,strongnative_8node_large128c0c31_20260704060009_c30,6.743669938005041,3017,320,10,3,digits,"0,1,2",sklearn_digits,1,21,1,,4,chordal,7,tfim,auto,4,4,data/raw/perlmutter/practical_suite_sweep/practical_strongnative_8node_large128c0c31_20260704060009_c30_ml_digits_c0v1v2_320s_10q_d1_r3_seed3017.json,ok
practical_strongnative_8node_large128c0c31_20260704060009_c30_ml_digits_c0v1v2_320s_10q_d1_r3_seed3023.json,ml,multiclass_ml,test_accuracy,0.00014357699546962976,nearest_centroid_numpy,nearest_centroid_numpy,6,6.565475028997753,45727.90374615772,1.0,0.775,0.22499999999999998,6400,2880,3200,320,strongnative_8node_large128c0c31_20260704060009_c30,6.731834648991935,3023,320,10,3,digits,"0,1,2",sklearn_digits,1,21,1,,4,chordal,7,tfim,auto,4,4,data/raw/perlmutter/practical_suite_sweep/practical_strongnative_8node_large128c0c31_20260704060009_c30_ml_digits_c0v1v2_320s_10q_d1_r3_seed3023.json,ok
practical_strongnative_8node_large128c0c31_20260704060009_c30_ml_digits_c0v1v2_320s_10q_d1_r3_seed3031.json,ml,multiclass_ml,test_accuracy,0.00018491799710318446,linear_ridge_numpy,linear_ridge_numpy,6,6.591567627969198,35645.895646874735,1.0,0.7125,0.2875,6400,2880,3200,320,strongnative_8node_large128c0c31_20260704060009_c30,6.7315682750195265,3031,320,10,3,digits,"0,1,2",sklearn_digits,1,21,1,,4,chordal,7,tfim,auto,4,4,data/raw/perlmutter/practical_suite_sweep/practical_strongnative_8node_large128c0c31_20260704060009_c30_ml_digits_c0v1v2_320s_10q_d1_r3_seed3031.json,ok
practical_strongnative_8node_large128c0c31_20260704060009_c30_ml_digits_c0v1v2_320s_10q_d1_r3_seed3043.json,ml,multiclass_ml,test_accuracy,0.0026690979721024632,knn_numpy,knn_numpy,6,6.758933162025642,2532.2911457991904,1.0,0.7125,0.2875,6400,2880,3200,320,strongnative_8node_large128c0c31_20260704060009_c30,6.90642878098879,3043,320,10,3,digits,"0,1,2",sklearn_digits,1,21,1,,4,chordal,7,tfim,auto,4,4,data/raw/perlmutter/practical_suite_sweep/practical_strongnative_8node_large128c0c31_20260704060009_c30_ml_digits_c0v1v2_320s_10q_d1_r3_seed3043.json,ok
practical_strongnative_8node_large128c0c31_20260704060009_c30_qaoa_chordal_6n_grid11_r1_seed1031.json,optimization,optimization_qaoa,approximation_ratio,2.5919987820088863e-05,greedy_assignment_numpy,,4,6.595845339994412,254469.46139698452,7,5.43271086726554,0.2238984475334942,2420,1936,726,121,strongnative_8node_large128c0c31_20260704060009_c30,6.6180420410237275,1031,72,4,3,synthetic,"0,1,2",,1,21,1,,6,chordal,11,tfim,auto,4,4,data/raw/perlmutter/practical_suite_sweep/practical_strongnative_8node_large128c0c31_20260704060009_c30_qaoa_chordal_6n_grid11_r1_seed1031.json,ok
practical_strongnative_8node_large128c0c31_20260704060009_c30_qaoa_chordal_6n_grid11_r3_seed3031.json,optimization,optimization_qaoa,approximation_ratio,2.5720044504851103e-05,greedy_assignment_numpy,,4,6.958977099973708,270566.29309724417,7,5.43271086726554,0.2238984475334942,2420,1936,726,121,strongnative_8node_large128c0c31_20260704060009_c30,6.9814046720275655,3031,72,4,3,synthetic,"0,1,2",,1,21,1,,6,chordal,11,tfim,auto,4,4,data/raw/perlmutter/practical_suite_sweep/practical_strongnative_8node_large128c0c31_20260704060009_c30_qaoa_chordal_6n_grid11_r3_seed3031.json,ok
practical_strongnative_8node_large128c0c31_20260704060009_c30_qaoa_ladder_7n_grid11_r0_seed43.json,optimization,optimization_qaoa,approximation_ratio,2.960703568533063e-05,greedy_assignment_numpy,,4,6.8762053530081175,232249.0311454944,8,5.641368710488195,0.2948289111889756,2662,1936,847,121,strongnative_8node_large128c0c31_20260704060009_c30,6.8990245559834875,43,72,4,3,synthetic,"0,1,2",,1,21,1,,7,ladder,11,tfim,auto,4,4,data/raw/perlmutter/practical_suite_sweep/practical_strongnative_8node_large128c0c31_20260704060009_c30_qaoa_ladder_7n_grid11_r0_seed43.json,ok
practical_strongnative_8node_large128c0c31_20260704060009_c30_qaoa_ladder_7n_grid11_r2_seed2043.json,optimization,optimization_qaoa,approximation_ratio,2.9827002435922623e-05,greedy_assignment_numpy,,4,6.651960926013999,223018.08370802304,8,5.641368710488195,0.2948289111889756,2662,1936,847,121,strongnative_8node_large128c0c31_20260704060009_c30,6.67511720902985,2043,72,4,3,synthetic,"0,1,2",,1,21,1,,7,ladder,11,tfim,auto,4,4,data/raw/perlmutter/practical_suite_sweep/practical_strongnative_8node_large128c0c31_20260704060009_c30_qaoa_ladder_7n_grid11_r2_seed2043.json,ok
practical_strongnative_8node_large128c0c31_20260704060009_c30_qaoa_ring_5n_grid11_r0_seed23.json,optimization,optimization_qaoa,approximation_ratio,1.9697996322065592e-05,greedy_assignment_numpy,,4,6.882738782034721,349413.14179882925,4,3.63063562148434,0.09234109462891504,1815,1210,605,121,strongnative_8node_large128c0c31_20260704060009_c30,6.906663921021391,23,72,4,3,synthetic,"0,1,2",,1,21,1,,5,ring,11,tfim,auto,4,4,data/raw/perlmutter/practical_suite_sweep/practical_strongnative_8node_large128c0c31_20260704060009_c30_qaoa_ring_5n_grid11_r0_seed23.json,ok
practical_strongnative_8node_large128c0c31_20260704060009_c30_qaoa_ring_5n_grid11_r2_seed2023.json,optimization,optimization_qaoa,approximation_ratio,1.9107013940811157e-05,greedy_assignment_numpy,,4,6.772156775987241,354433.0263727091,4,3.63063562148434,0.09234109462891504,1815,1210,605,121,strongnative_8node_large128c0c31_20260704060009_c30,6.793990976002533,2023,72,4,3,synthetic,"0,1,2",,1,21,1,,5,ring,11,tfim,auto,4,4,data/raw/perlmutter/practical_suite_sweep/practical_strongnative_8node_large128c0c31_20260704060009_c30_qaoa_ring_5n_grid11_r2_seed2023.json,ok
practical_strongnative_8node_large128c0c31_20260704060009_c30_sim_heisenberg_7q_8steps_r0_seed23.json,simulation,hamiltonian_simulation,absolute_observable_error,0.008816633024252951,exact_dense_eigendecomposition_numpy,,0,6.780827613023575,769.0949134857665,-0.02818565466473985,-0.0745381904255929,0.04635253576085305,587,288,7,1,strongnative_8node_large128c0c31_20260704060009_c30,6.80840341799194,23,72,4,3,synthetic,"0,1,2",,1,21,1,,4,chordal,7,heisenberg,auto,7,8,data/raw/perlmutter/practical_suite_sweep/practical_strongnative_8node_large128c0c31_20260704060009_c30_sim_heisenberg_7q_8steps_r0_seed23.json,ok
practical_strongnative_8node_large128c0c31_20260704060009_c30_sim_heisenberg_7q_8steps_r1_seed1023.json,simulation,hamiltonian_simulation,absolute_observable_error,0.012043179012835026,exact_dense_eigendecomposition_numpy,,0,6.711046846001409,557.2487828046985,-0.02818565466473985,-0.0745381904255929,0.04635253576085305,587,288,7,1,strongnative_8node_large128c0c31_20260704060009_c30,6.739636029000394,1023,72,4,3,synthetic,"0,1,2",,1,21,1,,4,chordal,7,heisenberg,auto,7,8,data/raw/perlmutter/practical_suite_sweep/practical_strongnative_8node_large128c0c31_20260704060009_c30_sim_heisenberg_7q_8steps_r1_seed1023.json,ok
practical_strongnative_8node_large128c0c31_20260704060009_c30_sim_heisenberg_7q_8steps_r2_seed2023.json,simulation,hamiltonian_simulation,absolute_observable_error,0.01090738398488611,exact_dense_eigendecomposition_numpy,,0,6.7078022779896855,614.9780999077686,-0.02818565466473985,-0.0745381904255929,0.04635253576085305,587,288,7,1,strongnative_8node_large128c0c31_20260704060009_c30,6.733783279021736,2023,72,4,3,synthetic,"0,1,2",,1,21,1,,4,chordal,7,heisenberg,auto,7,8,data/raw/perlmutter/practical_suite_sweep/practical_strongnative_8node_large128c0c31_20260704060009_c30_sim_heisenberg_7q_8steps_r2_seed2023.json,ok
practical_strongnative_8node_large128c0c31_20260704060009_c30_sim_heisenberg_7q_8steps_r3_seed3023.json,simulation,hamiltonian_simulation,absolute_observable_error,0.013370865024626255,exact_dense_eigendecomposition_numpy,,0,6.872222221980337,513.9699046638481,-0.02818565466473985,-0.0745381904255929,0.04635253576085305,587,288,7,1,strongnative_8node_large128c0c31_20260704060009_c30,6.902091345982626,3023,72,4,3,synthetic,"0,1,2",,1,21,1,,4,chordal,7,heisenberg,auto,7,8,data/raw/perlmutter/practical_suite_sweep/practical_strongnative_8node_large128c0c31_20260704060009_c30_sim_heisenberg_7q_8steps_r3_seed3023.json,ok
practical_strongnative_8node_large128c0c31_20260704060009_c31_chem_4q_l1_grid13_r2_seed2043.json,chemistry,chemistry_vqe,absolute_energy_error,0.00018090999219566584,exact_diagonalization_numpy,,0,6.654822735989001,36785.26904578814,-1.705732892552902,-1.304112701073927,0.401620191478975,232,87,116,29,strongnative_8node_large128c0c31_20260704060009_c31,6.662443100998644,2043,72,4,3,synthetic,"0,1,2",,1,13,1,benchmarks/workloads/hamiltonians/molecular_chain_4q.json,4,chordal,7,tfim,auto,4,4,data/raw/perlmutter/practical_suite_sweep/practical_strongnative_8node_large128c0c31_20260704060009_c31_chem_4q_l1_grid13_r2_seed2043.json,ok
practical_strongnative_8node_large128c0c31_20260704060009_c31_chem_h2_l1_grid33_r0_seed31.json,chemistry,chemistry_vqe,absolute_energy_error,0.00015374697977676988,exact_diagonalization_numpy,,0,6.634256511053536,43150.48348062527,-1.85727503020238,-1.8569734051608102,0.0003016250415697197,4632,1158,2316,1158,strongnative_8node_large128c0c31_20260704060009_c31,6.644001034030225,31,72,4,3,synthetic,"0,1,2",,1,33,1,,4,chordal,7,tfim,auto,4,4,data/raw/perlmutter/practical_suite_sweep/practical_strongnative_8node_large128c0c31_20260704060009_c31_chem_h2_l1_grid33_r0_seed31.json,ok
practical_strongnative_8node_large128c0c31_20260704060009_c31_ml_digits_c0v1v2_320s_10q_d2_r0_seed17.json,ml,multiclass_ml,test_accuracy,0.00018395599909126759,linear_ridge_numpy,linear_ridge_numpy,6,18.624736358004157,101245.60465551175,1.0,0.575,0.42500000000000004,12800,5760,3200,320,strongnative_8node_large128c0c31_20260704060009_c31,18.894985536986496,17,320,10,3,digits,"0,1,2",sklearn_digits,2,21,1,,4,chordal,7,tfim,auto,4,4,data/raw/perlmutter/practical_suite_sweep/practical_strongnative_8node_large128c0c31_20260704060009_c31_ml_digits_c0v1v2_320s_10q_d2_r0_seed17.json,ok
practical_strongnative_8node_large128c0c31_20260704060009_c31_ml_digits_c0v1v2_320s_10q_d2_r0_seed23.json,ml,multiclass_ml,test_accuracy,0.002205974014941603,knn_numpy,knn_numpy,6,7.299836406018585,3309.121665339212,0.9875,0.6375,0.3500000000000001,12800,5760,3200,320,strongnative_8node_large128c0c31_20260704060009_c31,7.452898401010316,23,320,10,3,digits,"0,1,2",sklearn_digits,2,21,1,,4,chordal,7,tfim,auto,4,4,data/raw/perlmutter/practical_suite_sweep/practical_strongnative_8node_large128c0c31_20260704060009_c31_ml_digits_c0v1v2_320s_10q_d2_r0_seed23.json,ok
practical_strongnative_8node_large128c0c31_20260704060009_c31_ml_digits_c0v1v2_320s_10q_d2_r0_seed31.json,ml,multiclass_ml,test_accuracy,0.00019707996398210526,nearest_centroid_numpy,nearest_centroid_numpy,6,6.928493886021897,35155.74970701233,1.0,0.7375,0.26249999999999996,12800,5760,3200,320,strongnative_8node_large128c0c31_20260704060009_c31,7.070654675015248,31,320,10,3,digits,"0,1,2",sklearn_digits,2,21,1,,4,chordal,7,tfim,auto,4,4,data/raw/perlmutter/practical_suite_sweep/practical_strongnative_8node_large128c0c31_20260704060009_c31_ml_digits_c0v1v2_320s_10q_d2_r0_seed31.json,ok
practical_strongnative_8node_large128c0c31_20260704060009_c31_ml_digits_c0v1v2_320s_10q_d2_r0_seed43.json,ml,multiclass_ml,test_accuracy,0.0024665670352987945,knn_numpy,knn_numpy,6,6.304304694989696,2555.9024363698295,1.0,0.6,0.4,12800,5760,3200,320,strongnative_8node_large128c0c31_20260704060009_c31,6.447139804018661,43,320,10,3,digits,"0,1,2",sklearn_digits,2,21,1,,4,chordal,7,tfim,auto,4,4,data/raw/perlmutter/practical_suite_sweep/practical_strongnative_8node_large128c0c31_20260704060009_c31_ml_digits_c0v1v2_320s_10q_d2_r0_seed43.json,ok
practical_strongnative_8node_large128c0c31_20260704060009_c31_ml_digits_c0v1v2_320s_10q_d2_r1_seed1017.json,ml,multiclass_ml,test_accuracy,0.016332759987562895,rbf_kernel_ridge_numpy,rbf_kernel_ridge_numpy,6,6.3943535090074874,391.5047740783966,1.0,0.725,0.275,12800,5760,3200,320,strongnative_8node_large128c0c31_20260704060009_c31,6.538851161021739,1017,320,10,3,digits,"0,1,2",sklearn_digits,2,21,1,,4,chordal,7,tfim,auto,4,4,data/raw/perlmutter/practical_suite_sweep/practical_strongnative_8node_large128c0c31_20260704060009_c31_ml_digits_c0v1v2_320s_10q_d2_r1_seed1017.json,ok
practical_strongnative_8node_large128c0c31_20260704060009_c31_ml_digits_c0v1v2_320s_10q_d2_r1_seed1023.json,ml,multiclass_ml,test_accuracy,0.00018834398360922933,linear_ridge_numpy,linear_ridge_numpy,6,6.81711510499008,36195.02452031616,1.0,0.6125,0.38749999999999996,12800,5760,3200,320,strongnative_8node_large128c0c31_20260704060009_c31,6.958183913957328,1023,320,10,3,digits,"0,1,2",sklearn_digits,2,21,1,,4,chordal,7,tfim,auto,4,4,data/raw/perlmutter/practical_suite_sweep/practical_strongnative_8node_large128c0c31_20260704060009_c31_ml_digits_c0v1v2_320s_10q_d2_r1_seed1023.json,ok
practical_strongnative_8node_large128c0c31_20260704060009_c31_ml_digits_c0v1v2_320s_10q_d2_r1_seed1031.json,ml,multiclass_ml,test_accuracy,0.002606341033242643,knn_numpy,knn_numpy,6,6.72926405997714,2581.8816394894493,1.0,0.6625,0.3375,12800,5760,3200,320,strongnative_8node_large128c0c31_20260704060009_c31,6.884193866048008,1031,320,10,3,digits,"0,1,2",sklearn_digits,2,21,1,,4,chordal,7,tfim,auto,4,4,data/raw/perlmutter/practical_suite_sweep/practical_strongnative_8node_large128c0c31_20260704060009_c31_ml_digits_c0v1v2_320s_10q_d2_r1_seed1031.json,ok
practical_strongnative_8node_large128c0c31_20260704060009_c31_ml_digits_c0v1v2_320s_10q_d2_r1_seed1043.json,ml,multiclass_ml,test_accuracy,0.00018175196601077914,linear_ridge_numpy,linear_ridge_numpy,6,6.627749039034825,36465.90011929639,1.0,0.65,0.35,12800,5760,3200,320,strongnative_8node_large128c0c31_20260704060009_c31,6.769708810956217,1043,320,10,3,digits,"0,1,2",sklearn_digits,2,21,1,,4,chordal,7,tfim,auto,4,4,data/raw/perlmutter/practical_suite_sweep/practical_strongnative_8node_large128c0c31_20260704060009_c31_ml_digits_c0v1v2_320s_10q_d2_r1_seed1043.json,ok
practical_strongnative_8node_large128c0c31_20260704060009_c31_ml_digits_c0v1v2_320s_10q_d2_r2_seed2017.json,ml,multiclass_ml,test_accuracy,0.00014596199616789818,nearest_centroid_numpy,nearest_centroid_numpy,6,6.9347712229937315,47510.800105917675,1.0,0.7125,0.2875,12800,5760,3200,320,strongnative_8node_large128c0c31_20260704060009_c31,7.077472780016251,2017,320,10,3,digits,"0,1,2",sklearn_digits,2,21,1,,4,chordal,7,tfim,auto,4,4,data/raw/perlmutter/practical_suite_sweep/practical_strongnative_8node_large128c0c31_20260704060009_c31_ml_digits_c0v1v2_320s_10q_d2_r2_seed2017.json,ok
practical_strongnative_8node_large128c0c31_20260704060009_c31_ml_digits_c0v1v2_320s_10q_d2_r2_seed2023.json,ml,multiclass_ml,test_accuracy,0.01509526401059702,rbf_kernel_ridge_numpy,rbf_kernel_ridge_numpy,6,6.894439115014393,456.7286209883067,1.0,0.6,0.4,12800,5760,3200,320,strongnative_8node_large128c0c31_20260704060009_c31,7.038815759995487,2023,320,10,3,digits,"0,1,2",sklearn_digits,2,21,1,,4,chordal,7,tfim,auto,4,4,data/raw/perlmutter/practical_suite_sweep/practical_strongnative_8node_large128c0c31_20260704060009_c31_ml_digits_c0v1v2_320s_10q_d2_r2_seed2023.json,ok
practical_strongnative_8node_large128c0c31_20260704060009_c31_ml_digits_c0v1v2_320s_10q_d2_r2_seed2031.json,ml,multiclass_ml,test_accuracy,0.00018543796613812447,linear_ridge_numpy,linear_ridge_numpy,6,6.715859560004901,36216.205882039045,1.0,0.6875,0.3125,12800,5760,3200,320,strongnative_8node_large128c0c31_20260704060009_c31,6.858534895000048,2031,320,10,3,digits,"0,1,2",sklearn_digits,2,21,1,,4,chordal,7,tfim,auto,4,4,data/raw/perlmutter/practical_suite_sweep/practical_strongnative_8node_large128c0c31_20260704060009_c31_ml_digits_c0v1v2_320s_10q_d2_r2_seed2031.json,ok
practical_strongnative_8node_large128c0c31_20260704060009_c31_ml_digits_c0v1v2_320s_10q_d2_r2_seed2043.json,ml,multiclass_ml,test_accuracy,0.0025759069831110537,knn_numpy,knn_numpy,6,6.59385491797002,2559.8187206303105,1.0,0.6875,0.3125,12800,5760,3200,320,strongnative_8node_large128c0c31_20260704060009_c31,6.739299412991386,2043,320,10,3,digits,"0,1,2",sklearn_digits,2,21,1,,4,chordal,7,tfim,auto,4,4,data/raw/perlmutter/practical_suite_sweep/practical_strongnative_8node_large128c0c31_20260704060009_c31_ml_digits_c0v1v2_320s_10q_d2_r2_seed2043.json,ok
practical_strongnative_8node_large128c0c31_20260704060009_c31_ml_digits_c0v1v2_320s_10q_d2_r3_seed3017.json,ml,multiclass_ml,test_accuracy,0.0026305229985155165,knn_numpy,knn_numpy,6,6.434725809027441,2446.1773619385767,1.0,0.7625,0.23750000000000004,12800,5760,3200,320,strongnative_8node_large128c0c31_20260704060009_c31,6.576591318997089,3017,320,10,3,digits,"0,1,2",sklearn_digits,2,21,1,,4,chordal,7,tfim,auto,4,4,data/raw/perlmutter/practical_suite_sweep/practical_strongnative_8node_large128c0c31_20260704060009_c31_ml_digits_c0v1v2_320s_10q_d2_r3_seed3017.json,ok
practical_strongnative_8node_large128c0c31_20260704060009_c31_ml_digits_c0v1v2_320s_10q_d2_r3_seed3023.json,ml,multiclass_ml,test_accuracy,0.00018394499784335494,linear_ridge_numpy,linear_ridge_numpy,6,6.5633176999981515,35680.870787187065,1.0,0.725,0.275,12800,5760,3200,320,strongnative_8node_large128c0c31_20260704060009_c31,6.705796163994819,3023,320,10,3,digits,"0,1,2",sklearn_digits,2,21,1,,4,chordal,7,tfim,auto,4,4,data/raw/perlmutter/practical_suite_sweep/practical_strongnative_8node_large128c0c31_20260704060009_c31_ml_digits_c0v1v2_320s_10q_d2_r3_seed3023.json,ok
practical_strongnative_8node_large128c0c31_20260704060009_c31_ml_digits_c0v1v2_320s_10q_d2_r3_seed3031.json,ml,multiclass_ml,test_accuracy,0.000189665996003896,nearest_centroid_numpy,nearest_centroid_numpy,6,6.775069973024074,35721.05762640186,1.0,0.6875,0.3125,12800,5760,3200,320,strongnative_8node_large128c0c31_20260704060009_c31,6.917286712967325,3031,320,10,3,digits,"0,1,2",sklearn_digits,2,21,1,,4,chordal,7,tfim,auto,4,4,data/raw/perlmutter/practical_suite_sweep/practical_strongnative_8node_large128c0c31_20260704060009_c31_ml_digits_c0v1v2_320s_10q_d2_r3_seed3031.json,ok
practical_strongnative_8node_large128c0c31_20260704060009_c31_ml_digits_c0v1v2_320s_10q_d2_r3_seed3043.json,ml,multiclass_ml,test_accuracy,0.0026427360135130584,knn_numpy,knn_numpy,6,6.67775969899958,2526.8356978730762,1.0,0.6375,0.36250000000000004,12800,5760,3200,320,strongnative_8node_large128c0c31_20260704060009_c31,6.81862886401359,3043,320,10,3,digits,"0,1,2",sklearn_digits,2,21,1,,4,chordal,7,tfim,auto,4,4,data/raw/perlmutter/practical_suite_sweep/practical_strongnative_8node_large128c0c31_20260704060009_c31_ml_digits_c0v1v2_320s_10q_d2_r3_seed3043.json,ok
practical_strongnative_8node_large128c0c31_20260704060009_c31_qaoa_chordal_6n_grid13_r1_seed1031.json,optimization,optimization_qaoa,approximation_ratio,2.722296630963683e-05,greedy_assignment_numpy,,4,6.445356597949285,236761.7299540077,7,5.417387701892214,0.22608747115825512,3380,2704,1014,169,strongnative_8node_large128c0c31_20260704060009_c31,6.467874119000044,1031,72,4,3,synthetic,"0,1,2",,1,21,1,,6,chordal,13,tfim,auto,4,4,data/raw/perlmutter/practical_suite_sweep/practical_strongnative_8node_large128c0c31_20260704060009_c31_qaoa_chordal_6n_grid13_r1_seed1031.json,ok
practical_strongnative_8node_large128c0c31_20260704060009_c31_qaoa_chordal_6n_grid13_r3_seed3031.json,optimization,optimization_qaoa,approximation_ratio,2.67720315605402e-05,greedy_assignment_numpy,,4,6.886557210993487,257229.5343153455,7,5.417387701892214,0.22608747115825512,3380,2704,1014,169,strongnative_8node_large128c0c31_20260704060009_c31,6.9094119190122,3031,72,4,3,synthetic,"0,1,2",,1,21,1,,6,chordal,13,tfim,auto,4,4,data/raw/perlmutter/practical_suite_sweep/practical_strongnative_8node_large128c0c31_20260704060009_c31_qaoa_chordal_6n_grid13_r3_seed3031.json,ok
practical_strongnative_8node_large128c0c31_20260704060009_c31_qaoa_ladder_7n_grid13_r0_seed43.json,optimization,optimization_qaoa,approximation_ratio,2.936698729172349e-05,greedy_assignment_numpy,,4,7.011107721948065,238741.12970124139,8,5.722271824131493,0.2847160219835634,3718,2704,1183,169,strongnative_8node_large128c0c31_20260704060009_c31,7.0362400420126505,43,72,4,3,synthetic,"0,1,2",,1,21,1,,7,ladder,13,tfim,auto,4,4,data/raw/perlmutter/practical_suite_sweep/practical_strongnative_8node_large128c0c31_20260704060009_c31_qaoa_ladder_7n_grid13_r0_seed43.json,ok
practical_strongnative_8node_large128c0c31_20260704060009_c31_qaoa_ladder_7n_grid13_r2_seed2043.json,optimization,optimization_qaoa,approximation_ratio,2.9236020054668188e-05,greedy_assignment_numpy,,4,6.742833308991976,230634.44669909272,8,5.722271824131493,0.2847160219835634,3718,2704,1183,169,strongnative_8node_large128c0c31_20260704060009_c31,6.765520857996307,2043,72,4,3,synthetic,"0,1,2",,1,21,1,,7,ladder,13,tfim,auto,4,4,data/raw/perlmutter/practical_suite_sweep/practical_strongnative_8node_large128c0c31_20260704060009_c31_qaoa_ladder_7n_grid13_r2_seed2043.json,ok
practical_strongnative_8node_large128c0c31_20260704060009_c31_qaoa_ring_5n_grid13_r0_seed23.json,optimization,optimization_qaoa,approximation_ratio,2.016901271417737e-05,greedy_assignment_numpy,,4,6.769704570004251,335648.7829097174,4,3.749999999999998,0.06250000000000056,2535,1690,845,169,strongnative_8node_large128c0c31_20260704060009_c31,6.791502699954435,23,72,4,3,synthetic,"0,1,2",,1,21,1,,5,ring,13,tfim,auto,4,4,data/raw/perlmutter/practical_suite_sweep/practical_strongnative_8node_large128c0c31_20260704060009_c31_qaoa_ring_5n_grid13_r0_seed23.json,ok
practical_strongnative_8node_large128c0c31_20260704060009_c31_qaoa_ring_5n_grid13_r2_seed2023.json,optimization,optimization_qaoa,approximation_ratio,1.944799441844225e-05,greedy_assignment_numpy,,4,6.590555103030056,338880.9643415122,4,3.749999999999998,0.06250000000000056,2535,1690,845,169,strongnative_8node_large128c0c31_20260704060009_c31,6.612474778026808,2023,72,4,3,synthetic,"0,1,2",,1,21,1,,5,ring,13,tfim,auto,4,4,data/raw/perlmutter/practical_suite_sweep/practical_strongnative_8node_large128c0c31_20260704060009_c31_qaoa_ring_5n_grid13_r2_seed2023.json,ok
practical_strongnative_8node_large128c0c31_20260704060009_c31_sim_heisenberg_7q_10steps_r0_seed23.json,simulation,hamiltonian_simulation,absolute_observable_error,0.00877260701963678,exact_dense_eigendecomposition_numpy,,0,6.7000897050020285,763.7512645903793,-0.02818565466473985,-0.06460185083992837,0.036416196175188514,733,360,7,1,strongnative_8node_large128c0c31_20260704060009_c31,6.726412347983569,23,72,4,3,synthetic,"0,1,2",,1,21,1,,4,chordal,7,heisenberg,auto,7,10,data/raw/perlmutter/practical_suite_sweep/practical_strongnative_8node_large128c0c31_20260704060009_c31_sim_heisenberg_7q_10steps_r0_seed23.json,ok
practical_strongnative_8node_large128c0c31_20260704060009_c31_sim_heisenberg_7q_10steps_r1_seed1023.json,simulation,hamiltonian_simulation,absolute_observable_error,0.008502696000505239,exact_dense_eigendecomposition_numpy,,0,6.803688202984631,800.18010788347,-0.02818565466473985,-0.06460185083992837,0.036416196175188514,733,360,7,1,strongnative_8node_large128c0c31_20260704060009_c31,6.826974646945018,1023,72,4,3,synthetic,"0,1,2",,1,21,1,,4,chordal,7,heisenberg,auto,7,10,data/raw/perlmutter/practical_suite_sweep/practical_strongnative_8node_large128c0c31_20260704060009_c31_sim_heisenberg_7q_10steps_r1_seed1023.json,ok
practical_strongnative_8node_large128c0c31_20260704060009_c31_sim_heisenberg_7q_10steps_r2_seed2023.json,simulation,hamiltonian_simulation,absolute_observable_error,0.012060302018653601,exact_dense_eigendecomposition_numpy,,0,6.545176931016613,542.7042308636404,-0.02818565466473985,-0.06460185083992837,0.036416196175188514,733,360,7,1,strongnative_8node_large128c0c31_20260704060009_c31,6.572216647968162,2023,72,4,3,synthetic,"0,1,2",,1,21,1,,4,chordal,7,heisenberg,auto,7,10,data/raw/perlmutter/practical_suite_sweep/practical_strongnative_8node_large128c0c31_20260704060009_c31_sim_heisenberg_7q_10steps_r2_seed2023.json,ok
practical_strongnative_8node_large128c0c31_20260704060009_c31_sim_heisenberg_7q_10steps_r3_seed3023.json,simulation,hamiltonian_simulation,absolute_observable_error,0.009424315008800477,exact_dense_eigendecomposition_numpy,,0,6.801879197999369,721.7372500439276,-0.02818565466473985,-0.06460185083992837,0.036416196175188514,733,360,7,1,strongnative_8node_large128c0c31_20260704060009_c31,6.826279720989987,3023,72,4,3,synthetic,"0,1,2",,1,21,1,,4,chordal,7,heisenberg,auto,7,10,data/raw/perlmutter/practical_suite_sweep/practical_strongnative_8node_large128c0c31_20260704060009_c31_sim_heisenberg_7q_10steps_r3_seed3023.json,ok
practical_strongnative_8node_large128c0c31_20260704060009_c3_chem_4q_l1_grid13_r2_seed2023.json,chemistry,chemistry_vqe,absolute_energy_error,0.0002048150054179132,exact_diagonalization_numpy,,0,6.246574126009364,30498.615632500117,-1.705732892552902,-1.1901014927052382,0.5156313998476638,232,87,116,29,strongnative_8node_large128c0c31_20260704060009_c3,6.260214495006949,2023,72,4,3,synthetic,"0,1,2",,1,13,1,benchmarks/workloads/hamiltonians/molecular_chain_4q.json,4,chordal,7,tfim,auto,4,4,data/raw/perlmutter/practical_suite_sweep/practical_strongnative_8node_large128c0c31_20260704060009_c3_chem_4q_l1_grid13_r2_seed2023.json,ok
practical_strongnative_8node_large128c0c31_20260704060009_c3_chem_h2_l1_grid33_r0_seed17.json,chemistry,chemistry_vqe,absolute_energy_error,0.00015332497423514724,exact_diagonalization_numpy,,0,6.788067382993177,44272.418220547945,-1.85727503020238,-1.8569734051608102,0.0003016250415697197,4632,1158,2316,1158,strongnative_8node_large128c0c31_20260704060009_c3,6.8017104269820265,17,72,4,3,synthetic,"0,1,2",,1,33,1,,4,chordal,7,tfim,auto,4,4,data/raw/perlmutter/practical_suite_sweep/practical_strongnative_8node_large128c0c31_20260704060009_c3_chem_h2_l1_grid33_r0_seed17.json,ok
practical_strongnative_8node_large128c0c31_20260704060009_c3_ml_digits_c0v1v2_128s_6q_d2_r0_seed17.json,ml,multiclass_ml,test_accuracy,0.00017378595657646656,linear_ridge_numpy,linear_ridge_numpy,6,18.657048243039753,107356.47811007428,1.0,0.65625,0.34375,3072,1280,768,128,strongnative_8node_large128c0c31_20260704060009_c3,18.913842154026497,17,128,6,3,digits,"0,1,2",sklearn_digits,2,21,1,,4,chordal,7,tfim,auto,4,4,data/raw/perlmutter/practical_suite_sweep/practical_strongnative_8node_large128c0c31_20260704060009_c3_ml_digits_c0v1v2_128s_6q_d2_r0_seed17.json,ok
practical_strongnative_8node_large128c0c31_20260704060009_c3_ml_digits_c0v1v2_128s_6q_d2_r0_seed23.json,ml,multiclass_ml,test_accuracy,0.0008373360033147037,knn_numpy,knn_numpy,6,7.2756889699958265,8689.091286167159,1.0,0.59375,0.40625,3072,1280,768,128,strongnative_8node_large128c0c31_20260704060009_c3,7.37773130700225,23,128,6,3,digits,"0,1,2",sklearn_digits,2,21,1,,4,chordal,7,tfim,auto,4,4,data/raw/perlmutter/practical_suite_sweep/practical_strongnative_8node_large128c0c31_20260704060009_c3_ml_digits_c0v1v2_128s_6q_d2_r0_seed23.json,ok
practical_strongnative_8node_large128c0c31_20260704060009_c3_ml_digits_c0v1v2_128s_6q_d2_r0_seed31.json,ml,multiclass_ml,test_accuracy,0.00015812600031495094,nearest_centroid_numpy,nearest_centroid_numpy,6,7.1865030149929225,45447.95290261593,1.0,0.75,0.25,3072,1280,768,128,strongnative_8node_large128c0c31_20260704060009_c3,7.279377861996181,31,128,6,3,digits,"0,1,2",sklearn_digits,2,21,1,,4,chordal,7,tfim,auto,4,4,data/raw/perlmutter/practical_suite_sweep/practical_strongnative_8node_large128c0c31_20260704060009_c3_ml_digits_c0v1v2_128s_6q_d2_r0_seed31.json,ok
practical_strongnative_8node_large128c0c31_20260704060009_c3_ml_digits_c0v1v2_128s_6q_d2_r0_seed43.json,ml,multiclass_ml,test_accuracy,0.00015606102533638477,nearest_centroid_numpy,nearest_centroid_numpy,6,6.719037874019705,43053.91342609101,1.0,0.84375,0.15625,3072,1280,768,128,strongnative_8node_large128c0c31_20260704060009_c3,6.813660154992249,43,128,6,3,digits,"0,1,2",sklearn_digits,2,21,1,,4,chordal,7,tfim,auto,4,4,data/raw/perlmutter/practical_suite_sweep/practical_strongnative_8node_large128c0c31_20260704060009_c3_ml_digits_c0v1v2_128s_6q_d2_r0_seed43.json,ok
practical_strongnative_8node_large128c0c31_20260704060009_c3_ml_digits_c0v1v2_128s_6q_d2_r1_seed1017.json,ml,multiclass_ml,test_accuracy,0.0008697090088389814,knn_numpy,knn_numpy,6,6.553744464996271,7535.560053293223,1.0,0.65625,0.34375,3072,1280,768,128,strongnative_8node_large128c0c31_20260704060009_c3,6.653673802036792,1017,128,6,3,digits,"0,1,2",sklearn_digits,2,21,1,,4,chordal,7,tfim,auto,4,4,data/raw/perlmutter/practical_suite_sweep/practical_strongnative_8node_large128c0c31_20260704060009_c3_ml_digits_c0v1v2_128s_6q_d2_r1_seed1017.json,ok
practical_strongnative_8node_large128c0c31_20260704060009_c3_ml_digits_c0v1v2_128s_6q_d2_r1_seed1023.json,ml,multiclass_ml,test_accuracy,0.012005851021967828,rbf_kernel_ridge_numpy,rbf_kernel_ridge_numpy,6,7.285673175007105,606.843543341998,0.96875,0.59375,0.375,3072,1280,768,128,strongnative_8node_large128c0c31_20260704060009_c3,7.37822326796595,1023,128,6,3,digits,"0,1,2",sklearn_digits,2,21,1,,4,chordal,7,tfim,auto,4,4,data/raw/perlmutter/practical_suite_sweep/practical_strongnative_8node_large128c0c31_20260704060009_c3_ml_digits_c0v1v2_128s_6q_d2_r1_seed1023.json,ok
practical_strongnative_8node_large128c0c31_20260704060009_c3_ml_digits_c0v1v2_128s_6q_d2_r1_seed1031.json,ml,multiclass_ml,test_accuracy,0.00013991998275741935,nearest_centroid_numpy,nearest_centroid_numpy,6,7.156799628981389,51149.23178191926,0.96875,0.78125,0.1875,3072,1280,768,128,strongnative_8node_large128c0c31_20260704060009_c3,7.249164181994274,1031,128,6,3,digits,"0,1,2",sklearn_digits,2,21,1,,4,chordal,7,tfim,auto,4,4,data/raw/perlmutter/practical_suite_sweep/practical_strongnative_8node_large128c0c31_20260704060009_c3_ml_digits_c0v1v2_128s_6q_d2_r1_seed1031.json,ok
practical_strongnative_8node_large128c0c31_20260704060009_c3_ml_digits_c0v1v2_128s_6q_d2_r1_seed1043.json,ml,multiclass_ml,test_accuracy,0.00015818496467545629,nearest_centroid_numpy,nearest_centroid_numpy,6,6.522053059015889,41230.549770624566,1.0,0.8125,0.1875,3072,1280,768,128,strongnative_8node_large128c0c31_20260704060009_c3,6.614856900996529,1043,128,6,3,digits,"0,1,2",sklearn_digits,2,21,1,,4,chordal,7,tfim,auto,4,4,data/raw/perlmutter/practical_suite_sweep/practical_strongnative_8node_large128c0c31_20260704060009_c3_ml_digits_c0v1v2_128s_6q_d2_r1_seed1043.json,ok
practical_strongnative_8node_large128c0c31_20260704060009_c3_ml_digits_c0v1v2_128s_6q_d2_r2_seed2017.json,ml,multiclass_ml,test_accuracy,0.00015847600298002362,nearest_centroid_numpy,nearest_centroid_numpy,6,6.836445026972797,43138.67650886268,1.0,0.6875,0.3125,3072,1280,768,128,strongnative_8node_large128c0c31_20260704060009_c3,6.9314538660109974,2017,128,6,3,digits,"0,1,2",sklearn_digits,2,21,1,,4,chordal,7,tfim,auto,4,4,data/raw/perlmutter/practical_suite_sweep/practical_strongnative_8node_large128c0c31_20260704060009_c3_ml_digits_c0v1v2_128s_6q_d2_r2_seed2017.json,ok
practical_strongnative_8node_large128c0c31_20260704060009_c3_ml_digits_c0v1v2_128s_6q_d2_r2_seed2023.json,ml,multiclass_ml,test_accuracy,0.00016337598208338022,linear_ridge_numpy,linear_ridge_numpy,6,6.64704064297257,40685.543604446095,1.0,0.59375,0.40625,3072,1280,768,128,strongnative_8node_large128c0c31_20260704060009_c3,6.739695477008354,2023,128,6,3,digits,"0,1,2",sklearn_digits,2,21,1,,4,chordal,7,tfim,auto,4,4,data/raw/perlmutter/practical_suite_sweep/practical_strongnative_8node_large128c0c31_20260704060009_c3_ml_digits_c0v1v2_128s_6q_d2_r2_seed2023.json,ok
practical_strongnative_8node_large128c0c31_20260704060009_c3_ml_digits_c0v1v2_128s_6q_d2_r2_seed2031.json,ml,multiclass_ml,test_accuracy,0.00018339400412514806,linear_ridge_numpy,linear_ridge_numpy,6,6.571566301980056,35833.04881382937,1.0,0.625,0.375,3072,1280,768,128,strongnative_8node_large128c0c31_20260704060009_c3,6.666090946993791,2031,128,6,3,digits,"0,1,2",sklearn_digits,2,21,1,,4,chordal,7,tfim,auto,4,4,data/raw/perlmutter/practical_suite_sweep/practical_strongnative_8node_large128c0c31_20260704060009_c3_ml_digits_c0v1v2_128s_6q_d2_r2_seed2031.json,ok
practical_strongnative_8node_large128c0c31_20260704060009_c3_ml_digits_c0v1v2_128s_6q_d2_r2_seed2043.json,ml,multiclass_ml,test_accuracy,0.00015694298781454563,nearest_centroid_numpy,nearest_centroid_numpy,6,7.119246739021037,45361.99315533369,1.0,0.75,0.25,3072,1280,768,128,strongnative_8node_large128c0c31_20260704060009_c3,7.211140853003599,2043,128,6,3,digits,"0,1,2",sklearn_digits,2,21,1,,4,chordal,7,tfim,auto,4,4,data/raw/perlmutter/practical_suite_sweep/practical_strongnative_8node_large128c0c31_20260704060009_c3_ml_digits_c0v1v2_128s_6q_d2_r2_seed2043.json,ok
practical_strongnative_8node_large128c0c31_20260704060009_c3_ml_digits_c0v1v2_128s_6q_d2_r3_seed3017.json,ml,multiclass_ml,test_accuracy,0.01021694700466469,softmax_regression_numpy,softmax_regression_numpy,6,6.647453991987277,650.6301724920653,1.0,0.59375,0.40625,3072,1280,768,128,strongnative_8node_large128c0c31_20260704060009_c3,6.743491808010731,3017,128,6,3,digits,"0,1,2",sklearn_digits,2,21,1,,4,chordal,7,tfim,auto,4,4,data/raw/perlmutter/practical_suite_sweep/practical_strongnative_8node_large128c0c31_20260704060009_c3_ml_digits_c0v1v2_128s_6q_d2_r3_seed3017.json,ok
practical_strongnative_8node_large128c0c31_20260704060009_c3_ml_digits_c0v1v2_128s_6q_d2_r3_seed3023.json,ml,multiclass_ml,test_accuracy,0.0001615320215933025,nearest_centroid_numpy,nearest_centroid_numpy,6,6.698927188001107,41471.202563584215,1.0,0.5625,0.4375,3072,1280,768,128,strongnative_8node_large128c0c31_20260704060009_c3,6.80534084700048,3023,128,6,3,digits,"0,1,2",sklearn_digits,2,21,1,,4,chordal,7,tfim,auto,4,4,data/raw/perlmutter/practical_suite_sweep/practical_strongnative_8node_large128c0c31_20260704060009_c3_ml_digits_c0v1v2_128s_6q_d2_r3_seed3023.json,ok
practical_strongnative_8node_large128c0c31_20260704060009_c3_ml_digits_c0v1v2_128s_6q_d2_r3_seed3031.json,ml,multiclass_ml,test_accuracy,0.00015667302068322897,nearest_centroid_numpy,nearest_centroid_numpy,6,6.95999959600158,44423.72761851404,1.0,0.6875,0.3125,3072,1280,768,128,strongnative_8node_large128c0c31_20260704060009_c3,7.052422470005695,3031,128,6,3,digits,"0,1,2",sklearn_digits,2,21,1,,4,chordal,7,tfim,auto,4,4,data/raw/perlmutter/practical_suite_sweep/practical_strongnative_8node_large128c0c31_20260704060009_c3_ml_digits_c0v1v2_128s_6q_d2_r3_seed3031.json,ok
practical_strongnative_8node_large128c0c31_20260704060009_c3_ml_digits_c0v1v2_128s_6q_d2_r3_seed3043.json,ml,multiclass_ml,test_accuracy,0.00016871601110324264,linear_ridge_numpy,linear_ridge_numpy,6,6.842108243028633,40553.99483598348,1.0,0.625,0.375,3072,1280,768,128,strongnative_8node_large128c0c31_20260704060009_c3,6.937748720985837,3043,128,6,3,digits,"0,1,2",sklearn_digits,2,21,1,,4,chordal,7,tfim,auto,4,4,data/raw/perlmutter/practical_suite_sweep/practical_strongnative_8node_large128c0c31_20260704060009_c3_ml_digits_c0v1v2_128s_6q_d2_r3_seed3043.json,ok
practical_strongnative_8node_large128c0c31_20260704060009_c3_qaoa_chordal_5n_grid13_r0_seed43.json,optimization,optimization_qaoa,approximation_ratio,6.172899156808853e-05,exact_enumeration_numpy,,4,6.619730202015489,107238.5929829061,6,4.560256350946107,0.23995727484231555,2873,2366,845,169,strongnative_8node_large128c0c31_20260704060009_c3,6.6421527190250345,43,72,4,3,synthetic,"0,1,2",,1,21,1,,5,chordal,13,tfim,auto,4,4,data/raw/perlmutter/practical_suite_sweep/practical_strongnative_8node_large128c0c31_20260704060009_c3_qaoa_chordal_5n_grid13_r0_seed43.json,ok
practical_strongnative_8node_large128c0c31_20260704060009_c3_qaoa_chordal_5n_grid13_r2_seed2043.json,optimization,optimization_qaoa,approximation_ratio,6.157899042591453e-05,exact_enumeration_numpy,,4,7.052866074955091,114533.64250004018,6,4.560256350946107,0.23995727484231555,2873,2366,845,169,strongnative_8node_large128c0c31_20260704060009_c3,7.080163134960458,2043,72,4,3,synthetic,"0,1,2",,1,21,1,,5,chordal,13,tfim,auto,4,4,data/raw/perlmutter/practical_suite_sweep/practical_strongnative_8node_large128c0c31_20260704060009_c3_qaoa_chordal_5n_grid13_r2_seed2043.json,ok
practical_strongnative_8node_large128c0c31_20260704060009_c3_qaoa_ladder_6n_grid13_r0_seed17.json,optimization,optimization_qaoa,approximation_ratio,2.5188957806676626e-05,greedy_assignment_numpy,,4,6.7553692139917985,268187.72201052355,7,5.030330085889901,0.28138141630144275,3211,2366,1014,169,strongnative_8node_large128c0c31_20260704060009_c3,6.777726544998586,17,72,4,3,synthetic,"0,1,2",,1,21,1,,6,ladder,13,tfim,auto,4,4,data/raw/perlmutter/practical_suite_sweep/practical_strongnative_8node_large128c0c31_20260704060009_c3_qaoa_ladder_6n_grid13_r0_seed17.json,ok
practical_strongnative_8node_large128c0c31_20260704060009_c3_qaoa_ladder_6n_grid13_r2_seed2017.json,optimization,optimization_qaoa,approximation_ratio,2.428703010082245e-05,greedy_assignment_numpy,,4,6.863533129973803,282600.7585728392,7,5.030330085889901,0.28138141630144275,3211,2366,1014,169,strongnative_8node_large128c0c31_20260704060009_c3,6.887938525003847,2017,72,4,3,synthetic,"0,1,2",,1,21,1,,6,ladder,13,tfim,auto,4,4,data/raw/perlmutter/practical_suite_sweep/practical_strongnative_8node_large128c0c31_20260704060009_c3_qaoa_ladder_6n_grid13_r2_seed2017.json,ok
practical_strongnative_8node_large128c0c31_20260704060009_c3_qaoa_ring_4n_grid13_r1_seed1031.json,optimization,optimization_qaoa,approximation_ratio,1.56499445438385e-05,greedy_assignment_numpy,,4,6.844054529967252,437321.3279315937,4,2.999999999999998,0.25000000000000056,2028,1352,676,169,strongnative_8node_large128c0c31_20260704060009_c3,6.868823927943595,1031,72,4,3,synthetic,"0,1,2",,1,21,1,,4,ring,13,tfim,auto,4,4,data/raw/perlmutter/practical_suite_sweep/practical_strongnative_8node_large128c0c31_20260704060009_c3_qaoa_ring_4n_grid13_r1_seed1031.json,ok
practical_strongnative_8node_large128c0c31_20260704060009_c3_qaoa_ring_4n_grid13_r3_seed3031.json,optimization,optimization_qaoa,approximation_ratio,1.7312995623797178e-05,greedy_assignment_numpy,,4,6.76897816802375,390976.71570595255,4,2.999999999999998,0.25000000000000056,2028,1352,676,169,strongnative_8node_large128c0c31_20260704060009_c3,6.790946708002593,3031,72,4,3,synthetic,"0,1,2",,1,21,1,,4,ring,13,tfim,auto,4,4,data/raw/perlmutter/practical_suite_sweep/practical_strongnative_8node_large128c0c31_20260704060009_c3_qaoa_ring_4n_grid13_r3_seed3031.json,ok
practical_strongnative_8node_large128c0c31_20260704060009_c3_sim_tfim_4q_10steps_r0_seed23.json,simulation,hamiltonian_simulation,absolute_observable_error,0.00046307401498779655,exact_dense_eigendecomposition_numpy,,0,6.958945101010613,15027.716684111509,0.8218024506329117,0.8216225570780517,0.00017989355486003333,70,60,4,1,strongnative_8node_large128c0c31_20260704060009_c3,6.972785035031848,23,72,4,3,synthetic,"0,1,2",,1,21,1,,4,chordal,7,tfim,auto,4,10,data/raw/perlmutter/practical_suite_sweep/practical_strongnative_8node_large128c0c31_20260704060009_c3_sim_tfim_4q_10steps_r0_seed23.json,ok
practical_strongnative_8node_large128c0c31_20260704060009_c3_sim_tfim_4q_10steps_r1_seed1023.json,simulation,hamiltonian_simulation,absolute_observable_error,0.0004722310113720596,exact_dense_eigendecomposition_numpy,,0,7.200066327990498,15246.915502374191,0.8218024506329117,0.8216225570780517,0.00017989355486003333,70,60,4,1,strongnative_8node_large128c0c31_20260704060009_c3,7.209616770036519,1023,72,4,3,synthetic,"0,1,2",,1,21,1,,4,chordal,7,tfim,auto,4,10,data/raw/perlmutter/practical_suite_sweep/practical_strongnative_8node_large128c0c31_20260704060009_c3_sim_tfim_4q_10steps_r1_seed1023.json,ok
practical_strongnative_8node_large128c0c31_20260704060009_c3_sim_tfim_4q_10steps_r2_seed2023.json,simulation,hamiltonian_simulation,absolute_observable_error,0.00047247199108824134,exact_dense_eigendecomposition_numpy,,0,6.941457092994824,14691.785383947556,0.8218024506329117,0.8216225570780517,0.00017989355486003333,70,60,4,1,strongnative_8node_large128c0c31_20260704060009_c3,6.948798578989226,2023,72,4,3,synthetic,"0,1,2",,1,21,1,,4,chordal,7,tfim,auto,4,10,data/raw/perlmutter/practical_suite_sweep/practical_strongnative_8node_large128c0c31_20260704060009_c3_sim_tfim_4q_10steps_r2_seed2023.json,ok
practical_strongnative_8node_large128c0c31_20260704060009_c3_sim_tfim_4q_10steps_r3_seed3023.json,simulation,hamiltonian_simulation,absolute_observable_error,0.00045389600563794374,exact_dense_eigendecomposition_numpy,,0,6.821620678005274,15029.038795830762,0.8218024506329117,0.8216225570780517,0.00017989355486003333,70,60,4,1,strongnative_8node_large128c0c31_20260704060009_c3,6.8361093839630485,3023,72,4,3,synthetic,"0,1,2",,1,21,1,,4,chordal,7,tfim,auto,4,10,data/raw/perlmutter/practical_suite_sweep/practical_strongnative_8node_large128c0c31_20260704060009_c3_sim_tfim_4q_10steps_r3_seed3023.json,ok
practical_strongnative_8node_large128c0c31_20260704060009_c4_chem_4q_l1_grid17_r2_seed2023.json,chemistry,chemistry_vqe,absolute_energy_error,0.00023050600429996848,exact_diagonalization_numpy,,0,7.2095860239933245,31277.21573192144,-1.705732892552902,-1.1901014927052382,0.5156313998476638,296,111,148,37,strongnative_8node_large128c0c31_20260704060009_c4,7.219900869007688,2023,72,4,3,synthetic,"0,1,2",,1,17,1,benchmarks/workloads/hamiltonians/molecular_chain_4q.json,4,chordal,7,tfim,auto,4,4,data/raw/perlmutter/practical_suite_sweep/practical_strongnative_8node_large128c0c31_20260704060009_c4_chem_4q_l1_grid17_r2_seed2023.json,ok
practical_strongnative_8node_large128c0c31_20260704060009_c4_chem_4q_l1_grid9_r0_seed17.json,chemistry,chemistry_vqe,absolute_energy_error,0.00019864400383085012,exact_diagonalization_numpy,,0,6.869127755984664,34580.09113546605,-1.705732892552902,-0.9019600519043551,0.8037728406485469,168,63,84,21,strongnative_8node_large128c0c31_20260704060009_c4,6.880290293949656,17,72,4,3,synthetic,"0,1,2",,1,9,1,benchmarks/workloads/hamiltonians/molecular_chain_4q.json,4,chordal,7,tfim,auto,4,4,data/raw/perlmutter/practical_suite_sweep/practical_strongnative_8node_large128c0c31_20260704060009_c4_chem_4q_l1_grid9_r0_seed17.json,ok
practical_strongnative_8node_large128c0c31_20260704060009_c4_ml_digits_c0v1v2_128s_8q_d1_r0_seed17.json,ml,multiclass_ml,test_accuracy,0.00018758303485810757,linear_ridge_numpy,linear_ridge_numpy,6,18.54416658397531,98858.44206541694,1.0,0.6875,0.3125,2048,896,1024,128,strongnative_8node_large128c0c31_20260704060009_c4,18.771942856023088,17,128,8,3,digits,"0,1,2",sklearn_digits,1,21,1,,4,chordal,7,tfim,auto,4,4,data/raw/perlmutter/practical_suite_sweep/practical_strongnative_8node_large128c0c31_20260704060009_c4_ml_digits_c0v1v2_128s_8q_d1_r0_seed17.json,ok
practical_strongnative_8node_large128c0c31_20260704060009_c4_ml_digits_c0v1v2_128s_8q_d1_r0_seed23.json,ml,multiclass_ml,test_accuracy,0.0008129639900289476,knn_numpy,knn_numpy,6,7.2081543350359425,8866.511215065355,1.0,0.78125,0.21875,2048,896,1024,128,strongnative_8node_large128c0c31_20260704060009_c4,7.307166623009834,23,128,8,3,digits,"0,1,2",sklearn_digits,1,21,1,,4,chordal,7,tfim,auto,4,4,data/raw/perlmutter/practical_suite_sweep/practical_strongnative_8node_large128c0c31_20260704060009_c4_ml_digits_c0v1v2_128s_8q_d1_r0_seed23.json,ok
practical_strongnative_8node_large128c0c31_20260704060009_c4_ml_digits_c0v1v2_128s_8q_d1_r0_seed31.json,ml,multiclass_ml,test_accuracy,0.0001580960233695805,nearest_centroid_numpy,nearest_centroid_numpy,6,6.969191102951299,44082.01392048582,1.0,0.65625,0.34375,2048,896,1024,128,strongnative_8node_large128c0c31_20260704060009_c4,7.064928552950732,31,128,8,3,digits,"0,1,2",sklearn_digits,1,21,1,,4,chordal,7,tfim,auto,4,4,data/raw/perlmutter/practical_suite_sweep/practical_strongnative_8node_large128c0c31_20260704060009_c4_ml_digits_c0v1v2_128s_8q_d1_r0_seed31.json,ok
practical_strongnative_8node_large128c0c31_20260704060009_c4_ml_digits_c0v1v2_128s_8q_d1_r0_seed43.json,ml,multiclass_ml,test_accuracy,0.0001623739954084158,nearest_centroid_numpy,nearest_centroid_numpy,6,6.864256008993834,42274.355519357145,1.0,0.75,0.25,2048,896,1024,128,strongnative_8node_large128c0c31_20260704060009_c4,6.959589507023338,43,128,8,3,digits,"0,1,2",sklearn_digits,1,21,1,,4,chordal,7,tfim,auto,4,4,data/raw/perlmutter/practical_suite_sweep/practical_strongnative_8node_large128c0c31_20260704060009_c4_ml_digits_c0v1v2_128s_8q_d1_r0_seed43.json,ok
practical_strongnative_8node_large128c0c31_20260704060009_c4_ml_digits_c0v1v2_128s_8q_d1_r1_seed1017.json,ml,multiclass_ml,test_accuracy,0.000968925014603883,knn_numpy,knn_numpy,6,6.753077552013565,6969.6596230146515,1.0,0.71875,0.28125,2048,896,1024,128,strongnative_8node_large128c0c31_20260704060009_c4,6.850065267004538,1017,128,8,3,digits,"0,1,2",sklearn_digits,1,21,1,,4,chordal,7,tfim,auto,4,4,data/raw/perlmutter/practical_suite_sweep/practical_strongnative_8node_large128c0c31_20260704060009_c4_ml_digits_c0v1v2_128s_8q_d1_r1_seed1017.json,ok
practical_strongnative_8node_large128c0c31_20260704060009_c4_ml_digits_c0v1v2_128s_8q_d1_r1_seed1023.json,ml,multiclass_ml,test_accuracy,0.00015832699136808515,nearest_centroid_numpy,nearest_centroid_numpy,6,7.3285914229927585,46287.69459753673,0.9375,0.78125,0.15625,2048,896,1024,128,strongnative_8node_large128c0c31_20260704060009_c4,7.424229175026994,1023,128,8,3,digits,"0,1,2",sklearn_digits,1,21,1,,4,chordal,7,tfim,auto,4,4,data/raw/perlmutter/practical_suite_sweep/practical_strongnative_8node_large128c0c31_20260704060009_c4_ml_digits_c0v1v2_128s_8q_d1_r1_seed1023.json,ok
practical_strongnative_8node_large128c0c31_20260704060009_c4_ml_digits_c0v1v2_128s_8q_d1_r1_seed1031.json,ml,multiclass_ml,test_accuracy,0.00013618398224934936,nearest_centroid_numpy,nearest_centroid_numpy,6,6.885769803950097,50562.259160129644,0.96875,0.71875,0.25,2048,896,1024,128,strongnative_8node_large128c0c31_20260704060009_c4,6.979778313951101,1031,128,8,3,digits,"0,1,2",sklearn_digits,1,21,1,,4,chordal,7,tfim,auto,4,4,data/raw/perlmutter/practical_suite_sweep/practical_strongnative_8node_large128c0c31_20260704060009_c4_ml_digits_c0v1v2_128s_8q_d1_r1_seed1031.json,ok
practical_strongnative_8node_large128c0c31_20260704060009_c4_ml_digits_c0v1v2_128s_8q_d1_r1_seed1043.json,ml,multiclass_ml,test_accuracy,0.00015969900414347649,nearest_centroid_numpy,nearest_centroid_numpy,6,6.854730324994307,42922.811959653125,1.0,0.875,0.125,2048,896,1024,128,strongnative_8node_large128c0c31_20260704060009_c4,6.9627836139989085,1043,128,8,3,digits,"0,1,2",sklearn_digits,1,21,1,,4,chordal,7,tfim,auto,4,4,data/raw/perlmutter/practical_suite_sweep/practical_strongnative_8node_large128c0c31_20260704060009_c4_ml_digits_c0v1v2_128s_8q_d1_r1_seed1043.json,ok
practical_strongnative_8node_large128c0c31_20260704060009_c4_ml_digits_c0v1v2_128s_8q_d1_r2_seed2017.json,ml,multiclass_ml,test_accuracy,0.00015789602184668183,nearest_centroid_numpy,nearest_centroid_numpy,6,6.606898110010661,41843.34749374501,1.0,0.78125,0.21875,2048,896,1024,128,strongnative_8node_large128c0c31_20260704060009_c4,6.7030956849921495,2017,128,8,3,digits,"0,1,2",sklearn_digits,1,21,1,,4,chordal,7,tfim,auto,4,4,data/raw/perlmutter/practical_suite_sweep/practical_strongnative_8node_large128c0c31_20260704060009_c4_ml_digits_c0v1v2_128s_8q_d1_r2_seed2017.json,ok
practical_strongnative_8node_large128c0c31_20260704060009_c4_ml_digits_c0v1v2_128s_8q_d1_r2_seed2023.json,ml,multiclass_ml,test_accuracy,0.0001653900253586471,linear_ridge_numpy,linear_ridge_numpy,6,6.827951259969268,41283.93622990808,1.0,0.625,0.375,2048,896,1024,128,strongnative_8node_large128c0c31_20260704060009_c4,6.923596868000459,2023,128,8,3,digits,"0,1,2",sklearn_digits,1,21,1,,4,chordal,7,tfim,auto,4,4,data/raw/perlmutter/practical_suite_sweep/practical_strongnative_8node_large128c0c31_20260704060009_c4_ml_digits_c0v1v2_128s_8q_d1_r2_seed2023.json,ok
practical_strongnative_8node_large128c0c31_20260704060009_c4_ml_digits_c0v1v2_128s_8q_d1_r2_seed2031.json,ml,multiclass_ml,test_accuracy,0.0001578950323164463,nearest_centroid_numpy,nearest_centroid_numpy,6,7.169297450047452,45405.46554801712,1.0,0.75,0.25,2048,896,1024,128,strongnative_8node_large128c0c31_20260704060009_c4,7.26428796997061,2031,128,8,3,digits,"0,1,2",sklearn_digits,1,21,1,,4,chordal,7,tfim,auto,4,4,data/raw/perlmutter/practical_suite_sweep/practical_strongnative_8node_large128c0c31_20260704060009_c4_ml_digits_c0v1v2_128s_8q_d1_r2_seed2031.json,ok
practical_strongnative_8node_large128c0c31_20260704060009_c4_ml_digits_c0v1v2_128s_8q_d1_r2_seed2043.json,ml,multiclass_ml,test_accuracy,0.0001618129899725318,nearest_centroid_numpy,nearest_centroid_numpy,6,6.867587208980694,42441.50738544839,1.0,0.8125,0.1875,2048,896,1024,128,strongnative_8node_large128c0c31_20260704060009_c4,6.963623633957468,2043,128,8,3,digits,"0,1,2",sklearn_digits,1,21,1,,4,chordal,7,tfim,auto,4,4,data/raw/perlmutter/practical_suite_sweep/practical_strongnative_8node_large128c0c31_20260704060009_c4_ml_digits_c0v1v2_128s_8q_d1_r2_seed2043.json,ok
practical_strongnative_8node_large128c0c31_20260704060009_c4_ml_digits_c0v1v2_128s_8q_d1_r3_seed3017.json,ml,multiclass_ml,test_accuracy,0.00015847600298002362,nearest_centroid_numpy,nearest_centroid_numpy,6,6.979928715038113,44044.07344825547,1.0,0.875,0.125,2048,896,1024,128,strongnative_8node_large128c0c31_20260704060009_c4,7.0762633210397325,3017,128,8,3,digits,"0,1,2",sklearn_digits,1,21,1,,4,chordal,7,tfim,auto,4,4,data/raw/perlmutter/practical_suite_sweep/practical_strongnative_8node_large128c0c31_20260704060009_c4_ml_digits_c0v1v2_128s_8q_d1_r3_seed3017.json,ok
practical_strongnative_8node_large128c0c31_20260704060009_c4_ml_digits_c0v1v2_128s_8q_d1_r3_seed3023.json,ml,multiclass_ml,test_accuracy,0.013151546008884907,rbf_kernel_ridge_numpy,rbf_kernel_ridge_numpy,6,6.656007852987386,506.10079214190694,1.0,0.71875,0.28125,2048,896,1024,128,strongnative_8node_large128c0c31_20260704060009_c4,6.753115689032711,3023,128,8,3,digits,"0,1,2",sklearn_digits,1,21,1,,4,chordal,7,tfim,auto,4,4,data/raw/perlmutter/practical_suite_sweep/practical_strongnative_8node_large128c0c31_20260704060009_c4_ml_digits_c0v1v2_128s_8q_d1_r3_seed3023.json,ok
practical_strongnative_8node_large128c0c31_20260704060009_c4_ml_digits_c0v1v2_128s_8q_d1_r3_seed3031.json,ml,multiclass_ml,test_accuracy,0.00016767199849709868,linear_ridge_numpy,linear_ridge_numpy,6,6.676951069035567,39821.503464402864,1.0,0.6875,0.3125,2048,896,1024,128,strongnative_8node_large128c0c31_20260704060009_c4,6.77303787402343,3031,128,8,3,digits,"0,1,2",sklearn_digits,1,21,1,,4,chordal,7,tfim,auto,4,4,data/raw/perlmutter/practical_suite_sweep/practical_strongnative_8node_large128c0c31_20260704060009_c4_ml_digits_c0v1v2_128s_8q_d1_r3_seed3031.json,ok
practical_strongnative_8node_large128c0c31_20260704060009_c4_ml_digits_c0v1v2_128s_8q_d1_r3_seed3043.json,ml,multiclass_ml,test_accuracy,0.00013854802818968892,nearest_centroid_numpy,nearest_centroid_numpy,6,6.9169873089995235,49924.83400434494,1.0,0.65625,0.34375,2048,896,1024,128,strongnative_8node_large128c0c31_20260704060009_c4,7.012507701001596,3043,128,8,3,digits,"0,1,2",sklearn_digits,1,21,1,,4,chordal,7,tfim,auto,4,4,data/raw/perlmutter/practical_suite_sweep/practical_strongnative_8node_large128c0c31_20260704060009_c4_ml_digits_c0v1v2_128s_8q_d1_r3_seed3043.json,ok
practical_strongnative_8node_large128c0c31_20260704060009_c4_qaoa_chordal_4n_grid7_r1_seed1031.json,optimization,optimization_qaoa,approximation_ratio,1.7843965906649828e-05,greedy_assignment_numpy,,4,6.942826907034032,389085.41651307914,4,3.2070111141556907,0.19824722146107732,637,490,196,49,strongnative_8node_large128c0c31_20260704060009_c4,6.9675618629553355,1031,72,4,3,synthetic,"0,1,2",,1,21,1,,4,chordal,7,tfim,auto,4,4,data/raw/perlmutter/practical_suite_sweep/practical_strongnative_8node_large128c0c31_20260704060009_c4_qaoa_chordal_4n_grid7_r1_seed1031.json,ok
practical_strongnative_8node_large128c0c31_20260704060009_c4_qaoa_chordal_4n_grid7_r3_seed3031.json,optimization,optimization_qaoa,approximation_ratio,1.745403278619051e-05,greedy_assignment_numpy,,4,6.8170675649889745,390572.6343302496,4,3.2070111141556907,0.19824722146107732,637,490,196,49,strongnative_8node_large128c0c31_20260704060009_c4,6.841846026014537,3031,72,4,3,synthetic,"0,1,2",,1,21,1,,4,chordal,7,tfim,auto,4,4,data/raw/perlmutter/practical_suite_sweep/practical_strongnative_8node_large128c0c31_20260704060009_c4_qaoa_chordal_4n_grid7_r3_seed3031.json,ok
practical_strongnative_8node_large128c0c31_20260704060009_c4_qaoa_ladder_5n_grid7_r0_seed43.json,optimization,optimization_qaoa,approximation_ratio,2.057995880022645e-05,greedy_assignment_numpy,,4,6.377555149025284,309891.5411315162,5,3.414322820287427,0.3171354359425146,735,490,245,49,strongnative_8node_large128c0c31_20260704060009_c4,6.408779065008275,43,72,4,3,synthetic,"0,1,2",,1,21,1,,5,ladder,7,tfim,auto,4,4,data/raw/perlmutter/practical_suite_sweep/practical_strongnative_8node_large128c0c31_20260704060009_c4_qaoa_ladder_5n_grid7_r0_seed43.json,ok
practical_strongnative_8node_large128c0c31_20260704060009_c4_qaoa_ladder_5n_grid7_r2_seed2043.json,optimization,optimization_qaoa,approximation_ratio,2.0670995581895113e-05,greedy_assignment_numpy,,4,6.884691896033473,333060.4889714889,5,3.414322820287427,0.3171354359425146,735,490,245,49,strongnative_8node_large128c0c31_20260704060009_c4,6.909859558974858,2043,72,4,3,synthetic,"0,1,2",,1,21,1,,5,ladder,7,tfim,auto,4,4,data/raw/perlmutter/practical_suite_sweep/practical_strongnative_8node_large128c0c31_20260704060009_c4_qaoa_ladder_5n_grid7_r2_seed2043.json,ok
practical_strongnative_8node_large128c0c31_20260704060009_c4_qaoa_ring_7n_grid7_r0_seed17.json,optimization,optimization_qaoa,approximation_ratio,2.7522968593984842e-05,greedy_assignment_numpy,,4,6.63909077597782,241220.01059975763,6,4.8125,0.19791666666666663,1029,686,343,49,strongnative_8node_large128c0c31_20260704060009_c4,6.671957356971689,17,72,4,3,synthetic,"0,1,2",,1,21,1,,7,ring,7,tfim,auto,4,4,data/raw/perlmutter/practical_suite_sweep/practical_strongnative_8node_large128c0c31_20260704060009_c4_qaoa_ring_7n_grid7_r0_seed17.json,ok
practical_strongnative_8node_large128c0c31_20260704060009_c4_qaoa_ring_7n_grid7_r2_seed2017.json,optimization,optimization_qaoa,approximation_ratio,2.7723959647119045e-05,greedy_assignment_numpy,,4,6.798470841953531,245220.05256417254,6,4.8125,0.19791666666666663,1029,686,343,49,strongnative_8node_large128c0c31_20260704060009_c4,6.82490200700704,2017,72,4,3,synthetic,"0,1,2",,1,21,1,,7,ring,7,tfim,auto,4,4,data/raw/perlmutter/practical_suite_sweep/practical_strongnative_8node_large128c0c31_20260704060009_c4_qaoa_ring_7n_grid7_r2_seed2017.json,ok
practical_strongnative_8node_large128c0c31_20260704060009_c4_sim_tfim_5q_4steps_r0_seed23.json,simulation,hamiltonian_simulation,absolute_observable_error,0.0007398800225928426,exact_dense_eigendecomposition_numpy,,0,6.892018666956574,9315.049003220978,0.8218024506329158,0.8206730318635854,0.0011294187693303703,36,32,5,1,strongnative_8node_large128c0c31_20260704060009_c4,6.899798918981105,23,72,4,3,synthetic,"0,1,2",,1,21,1,,4,chordal,7,tfim,auto,5,4,data/raw/perlmutter/practical_suite_sweep/practical_strongnative_8node_large128c0c31_20260704060009_c4_sim_tfim_5q_4steps_r0_seed23.json,ok
practical_strongnative_8node_large128c0c31_20260704060009_c4_sim_tfim_5q_4steps_r1_seed1023.json,simulation,hamiltonian_simulation,absolute_observable_error,0.000734340981580317,exact_dense_eigendecomposition_numpy,,0,6.731187457975466,9166.2968931542,0.8218024506329158,0.8206730318635854,0.0011294187693303703,36,32,5,1,strongnative_8node_large128c0c31_20260704060009_c4,6.7391244469909,1023,72,4,3,synthetic,"0,1,2",,1,21,1,,4,chordal,7,tfim,auto,5,4,data/raw/perlmutter/practical_suite_sweep/practical_strongnative_8node_large128c0c31_20260704060009_c4_sim_tfim_5q_4steps_r1_seed1023.json,ok
practical_strongnative_8node_large128c0c31_20260704060009_c4_sim_tfim_5q_4steps_r2_seed2023.json,simulation,hamiltonian_simulation,absolute_observable_error,0.0007092729792930186,exact_dense_eigendecomposition_numpy,,0,6.604697756003588,9311.926365201374,0.8218024506329158,0.8206730318635854,0.0011294187693303703,36,32,5,1,strongnative_8node_large128c0c31_20260704060009_c4,6.61686531297164,2023,72,4,3,synthetic,"0,1,2",,1,21,1,,4,chordal,7,tfim,auto,5,4,data/raw/perlmutter/practical_suite_sweep/practical_strongnative_8node_large128c0c31_20260704060009_c4_sim_tfim_5q_4steps_r2_seed2023.json,ok
practical_strongnative_8node_large128c0c31_20260704060009_c4_sim_tfim_5q_4steps_r3_seed3023.json,simulation,hamiltonian_simulation,absolute_observable_error,0.0007740680011920631,exact_dense_eigendecomposition_numpy,,0,6.768579108000267,8744.166013291688,0.8218024506329158,0.8206730318635854,0.0011294187693303703,36,32,5,1,strongnative_8node_large128c0c31_20260704060009_c4,6.776638122973964,3023,72,4,3,synthetic,"0,1,2",,1,21,1,,4,chordal,7,tfim,auto,5,4,data/raw/perlmutter/practical_suite_sweep/practical_strongnative_8node_large128c0c31_20260704060009_c4_sim_tfim_5q_4steps_r3_seed3023.json,ok
practical_strongnative_8node_large128c0c31_20260704060009_c5_chem_4q_l1_grid13_r0_seed17.json,chemistry,chemistry_vqe,absolute_energy_error,0.00020080897957086563,exact_diagonalization_numpy,,0,6.750581853033509,33616.932208209466,-1.705732892552902,-0.9019600519043551,0.8037728406485469,232,87,116,29,strongnative_8node_large128c0c31_20260704060009_c5,6.762390742020216,17,72,4,3,synthetic,"0,1,2",,1,13,1,benchmarks/workloads/hamiltonians/molecular_chain_4q.json,4,chordal,7,tfim,auto,4,4,data/raw/perlmutter/practical_suite_sweep/practical_strongnative_8node_large128c0c31_20260704060009_c5_chem_4q_l1_grid13_r0_seed17.json,ok
practical_strongnative_8node_large128c0c31_20260704060009_c5_chem_h2_l2_grid17_r2_seed2023.json,chemistry,chemistry_vqe,absolute_energy_error,0.00015260500367730856,exact_diagonalization_numpy,,0,7.056359255977441,46239.37017752373,-1.85727503020238,-1.8369679912029844,0.020307038999395566,296,74,74,37,strongnative_8node_large128c0c31_20260704060009_c5,7.062795505975373,2023,72,4,3,synthetic,"0,1,2",,1,17,2,,4,chordal,7,tfim,auto,4,4,data/raw/perlmutter/practical_suite_sweep/practical_strongnative_8node_large128c0c31_20260704060009_c5_chem_h2_l2_grid17_r2_seed2023.json,ok
practical_strongnative_8node_large128c0c31_20260704060009_c5_ml_digits_c0v1v2_128s_8q_d2_r0_seed17.json,ml,multiclass_ml,test_accuracy,0.0001574649941176176,nearest_centroid_numpy,nearest_centroid_numpy,6,18.56446505698841,117895.8228844297,1.0,0.6875,0.3125,4096,1792,1024,128,strongnative_8node_large128c0c31_20260704060009_c5,18.786076479009353,17,128,8,3,digits,"0,1,2",sklearn_digits,2,21,1,,4,chordal,7,tfim,auto,4,4,data/raw/perlmutter/practical_suite_sweep/practical_strongnative_8node_large128c0c31_20260704060009_c5_ml_digits_c0v1v2_128s_8q_d2_r0_seed17.json,ok
practical_strongnative_8node_large128c0c31_20260704060009_c5_ml_digits_c0v1v2_128s_8q_d2_r0_seed23.json,ml,multiclass_ml,test_accuracy,0.0008276519947685301,knn_numpy,knn_numpy,6,7.385762758960482,8923.75395171501,1.0,0.625,0.375,4096,1792,1024,128,strongnative_8node_large128c0c31_20260704060009_c5,7.550147650006693,23,128,8,3,digits,"0,1,2",sklearn_digits,2,21,1,,4,chordal,7,tfim,auto,4,4,data/raw/perlmutter/practical_suite_sweep/practical_strongnative_8node_large128c0c31_20260704060009_c5_ml_digits_c0v1v2_128s_8q_d2_r0_seed23.json,ok
practical_strongnative_8node_large128c0c31_20260704060009_c5_ml_digits_c0v1v2_128s_8q_d2_r0_seed31.json,ml,multiclass_ml,test_accuracy,0.00015621300553902984,nearest_centroid_numpy,nearest_centroid_numpy,6,6.90356205299031,44193.2605365912,1.0,0.75,0.25,4096,1792,1024,128,strongnative_8node_large128c0c31_20260704060009_c5,6.996076303999871,31,128,8,3,digits,"0,1,2",sklearn_digits,2,21,1,,4,chordal,7,tfim,auto,4,4,data/raw/perlmutter/practical_suite_sweep/practical_strongnative_8node_large128c0c31_20260704060009_c5_ml_digits_c0v1v2_128s_8q_d2_r0_seed31.json,ok
practical_strongnative_8node_large128c0c31_20260704060009_c5_ml_digits_c0v1v2_128s_8q_d2_r0_seed43.json,ml,multiclass_ml,test_accuracy,0.00015979900490492582,nearest_centroid_numpy,nearest_centroid_numpy,6,6.642916593991686,41570.45031628302,1.0,0.8125,0.1875,4096,1792,1024,128,strongnative_8node_large128c0c31_20260704060009_c5,6.736847335996572,43,128,8,3,digits,"0,1,2",sklearn_digits,2,21,1,,4,chordal,7,tfim,auto,4,4,data/raw/perlmutter/practical_suite_sweep/practical_strongnative_8node_large128c0c31_20260704060009_c5_ml_digits_c0v1v2_128s_8q_d2_r0_seed43.json,ok
practical_strongnative_8node_large128c0c31_20260704060009_c5_ml_digits_c0v1v2_128s_8q_d2_r1_seed1017.json,ml,multiclass_ml,test_accuracy,0.0008196969865821302,knn_numpy,knn_numpy,6,6.4661390950204805,7888.450489469502,1.0,0.71875,0.28125,4096,1792,1024,128,strongnative_8node_large128c0c31_20260704060009_c5,6.558852739981376,1017,128,8,3,digits,"0,1,2",sklearn_digits,2,21,1,,4,chordal,7,tfim,auto,4,4,data/raw/perlmutter/practical_suite_sweep/practical_strongnative_8node_large128c0c31_20260704060009_c5_ml_digits_c0v1v2_128s_8q_d2_r1_seed1017.json,ok
practical_strongnative_8node_large128c0c31_20260704060009_c5_ml_digits_c0v1v2_128s_8q_d2_r1_seed1023.json,ml,multiclass_ml,test_accuracy,0.00015517999418079853,nearest_centroid_numpy,nearest_centroid_numpy,6,7.071600170980673,45570.30826242736,0.9375,0.59375,0.34375,4096,1792,1024,128,strongnative_8node_large128c0c31_20260704060009_c5,7.172079693991691,1023,128,8,3,digits,"0,1,2",sklearn_digits,2,21,1,,4,chordal,7,tfim,auto,4,4,data/raw/perlmutter/practical_suite_sweep/practical_strongnative_8node_large128c0c31_20260704060009_c5_ml_digits_c0v1v2_128s_8q_d2_r1_seed1023.json,ok
practical_strongnative_8node_large128c0c31_20260704060009_c5_ml_digits_c0v1v2_128s_8q_d2_r1_seed1031.json,ml,multiclass_ml,test_accuracy,0.0001373960403725505,nearest_centroid_numpy,nearest_centroid_numpy,6,6.708300026017241,48824.55133224823,0.96875,0.84375,0.125,4096,1792,1024,128,strongnative_8node_large128c0c31_20260704060009_c5,6.800714540993795,1031,128,8,3,digits,"0,1,2",sklearn_digits,2,21,1,,4,chordal,7,tfim,auto,4,4,data/raw/perlmutter/practical_suite_sweep/practical_strongnative_8node_large128c0c31_20260704060009_c5_ml_digits_c0v1v2_128s_8q_d2_r1_seed1031.json,ok
practical_strongnative_8node_large128c0c31_20260704060009_c5_ml_digits_c0v1v2_128s_8q_d2_r1_seed1043.json,ml,multiclass_ml,test_accuracy,0.00016318599227815866,linear_ridge_numpy,linear_ridge_numpy,6,6.729182319017127,41236.27417448245,1.0,0.78125,0.21875,4096,1792,1024,128,strongnative_8node_large128c0c31_20260704060009_c5,6.817068772041239,1043,128,8,3,digits,"0,1,2",sklearn_digits,2,21,1,,4,chordal,7,tfim,auto,4,4,data/raw/perlmutter/practical_suite_sweep/practical_strongnative_8node_large128c0c31_20260704060009_c5_ml_digits_c0v1v2_128s_8q_d2_r1_seed1043.json,ok
practical_strongnative_8node_large128c0c31_20260704060009_c5_ml_digits_c0v1v2_128s_8q_d2_r2_seed2017.json,ml,multiclass_ml,test_accuracy,0.00015705300029367208,nearest_centroid_numpy,nearest_centroid_numpy,6,6.730360449000727,42854.07115060319,1.0,0.65625,0.34375,4096,1792,1024,128,strongnative_8node_large128c0c31_20260704060009_c5,6.826719778007828,2017,128,8,3,digits,"0,1,2",sklearn_digits,2,21,1,,4,chordal,7,tfim,auto,4,4,data/raw/perlmutter/practical_suite_sweep/practical_strongnative_8node_large128c0c31_20260704060009_c5_ml_digits_c0v1v2_128s_8q_d2_r2_seed2017.json,ok
practical_strongnative_8node_large128c0c31_20260704060009_c5_ml_digits_c0v1v2_128s_8q_d2_r2_seed2023.json,ml,multiclass_ml,test_accuracy,0.00016795494593679905,linear_ridge_numpy,linear_ridge_numpy,6,6.700222384999506,39892.97455712189,1.0,0.59375,0.40625,4096,1792,1024,128,strongnative_8node_large128c0c31_20260704060009_c5,6.792968490975909,2023,128,8,3,digits,"0,1,2",sklearn_digits,2,21,1,,4,chordal,7,tfim,auto,4,4,data/raw/perlmutter/practical_suite_sweep/practical_strongnative_8node_large128c0c31_20260704060009_c5_ml_digits_c0v1v2_128s_8q_d2_r2_seed2023.json,ok
practical_strongnative_8node_large128c0c31_20260704060009_c5_ml_digits_c0v1v2_128s_8q_d2_r2_seed2031.json,ml,multiclass_ml,test_accuracy,0.00015748501755297184,nearest_centroid_numpy,nearest_centroid_numpy,6,6.93454595899675,44033.05194834955,1.0,0.65625,0.34375,4096,1792,1024,128,strongnative_8node_large128c0c31_20260704060009_c5,7.058016594033688,2031,128,8,3,digits,"0,1,2",sklearn_digits,2,21,1,,4,chordal,7,tfim,auto,4,4,data/raw/perlmutter/practical_suite_sweep/practical_strongnative_8node_large128c0c31_20260704060009_c5_ml_digits_c0v1v2_128s_8q_d2_r2_seed2031.json,ok
practical_strongnative_8node_large128c0c31_20260704060009_c5_ml_digits_c0v1v2_128s_8q_d2_r2_seed2043.json,ml,multiclass_ml,test_accuracy,0.00016082101501524448,nearest_centroid_numpy,nearest_centroid_numpy,6,6.5598905779770575,40790.00855301924,1.0,0.71875,0.28125,4096,1792,1024,128,strongnative_8node_large128c0c31_20260704060009_c5,6.652214821020607,2043,128,8,3,digits,"0,1,2",sklearn_digits,2,21,1,,4,chordal,7,tfim,auto,4,4,data/raw/perlmutter/practical_suite_sweep/practical_strongnative_8node_large128c0c31_20260704060009_c5_ml_digits_c0v1v2_128s_8q_d2_r2_seed2043.json,ok
practical_strongnative_8node_large128c0c31_20260704060009_c5_ml_digits_c0v1v2_128s_8q_d2_r3_seed3017.json,ml,multiclass_ml,test_accuracy,0.0001594669884070754,nearest_centroid_numpy,nearest_centroid_numpy,6,6.852835925004911,42973.38272615711,1.0,0.59375,0.40625,4096,1792,1024,128,strongnative_8node_large128c0c31_20260704060009_c5,6.942018307978287,3017,128,8,3,digits,"0,1,2",sklearn_digits,2,21,1,,4,chordal,7,tfim,auto,4,4,data/raw/perlmutter/practical_suite_sweep/practical_strongnative_8node_large128c0c31_20260704060009_c5_ml_digits_c0v1v2_128s_8q_d2_r3_seed3017.json,ok
practical_strongnative_8node_large128c0c31_20260704060009_c5_ml_digits_c0v1v2_128s_8q_d2_r3_seed3023.json,ml,multiclass_ml,test_accuracy,0.01218883303226903,rbf_kernel_ridge_numpy,rbf_kernel_ridge_numpy,6,6.57141632103594,539.1341651525296,1.0,0.5625,0.4375,4096,1792,1024,128,strongnative_8node_large128c0c31_20260704060009_c5,6.662322603981011,3023,128,8,3,digits,"0,1,2",sklearn_digits,2,21,1,,4,chordal,7,tfim,auto,4,4,data/raw/perlmutter/practical_suite_sweep/practical_strongnative_8node_large128c0c31_20260704060009_c5_ml_digits_c0v1v2_128s_8q_d2_r3_seed3023.json,ok
practical_strongnative_8node_large128c0c31_20260704060009_c5_ml_digits_c0v1v2_128s_8q_d2_r3_seed3031.json,ml,multiclass_ml,test_accuracy,0.00016306398902088404,linear_ridge_numpy,linear_ridge_numpy,6,6.615249679016415,40568.427883664626,1.0,0.71875,0.28125,4096,1792,1024,128,strongnative_8node_large128c0c31_20260704060009_c5,6.707311425008811,3031,128,8,3,digits,"0,1,2",sklearn_digits,2,21,1,,4,chordal,7,tfim,auto,4,4,data/raw/perlmutter/practical_suite_sweep/practical_strongnative_8node_large128c0c31_20260704060009_c5_ml_digits_c0v1v2_128s_8q_d2_r3_seed3031.json,ok
practical_strongnative_8node_large128c0c31_20260704060009_c5_ml_digits_c0v1v2_128s_8q_d2_r3_seed3043.json,ml,multiclass_ml,test_accuracy,0.00013701600255444646,nearest_centroid_numpy,nearest_centroid_numpy,6,6.616811649990268,48292.25438365074,1.0,0.625,0.375,4096,1792,1024,128,strongnative_8node_large128c0c31_20260704060009_c5,6.70925689896103,3043,128,8,3,digits,"0,1,2",sklearn_digits,2,21,1,,4,chordal,7,tfim,auto,4,4,data/raw/perlmutter/practical_suite_sweep/practical_strongnative_8node_large128c0c31_20260704060009_c5_ml_digits_c0v1v2_128s_8q_d2_r3_seed3043.json,ok
practical_strongnative_8node_large128c0c31_20260704060009_c5_qaoa_chordal_4n_grid9_r1_seed1031.json,optimization,optimization_qaoa,approximation_ratio,1.4658027794212103e-05,greedy_assignment_numpy,,4,6.779133206990082,462486.0385151475,4,3.1457154773853633,0.21357113065365918,1053,810,324,81,strongnative_8node_large128c0c31_20260704060009_c5,6.797802851011511,1031,72,4,3,synthetic,"0,1,2",,1,21,1,,4,chordal,9,tfim,auto,4,4,data/raw/perlmutter/practical_suite_sweep/practical_strongnative_8node_large128c0c31_20260704060009_c5_qaoa_chordal_4n_grid9_r1_seed1031.json,ok
practical_strongnative_8node_large128c0c31_20260704060009_c5_qaoa_chordal_4n_grid9_r3_seed3031.json,optimization,optimization_qaoa,approximation_ratio,1.8485996406525373e-05,greedy_assignment_numpy,,4,6.514075789018534,352378.938401131,4,3.1457154773853633,0.21357113065365918,1053,810,324,81,strongnative_8node_large128c0c31_20260704060009_c5,6.532878188998438,3031,72,4,3,synthetic,"0,1,2",,1,21,1,,4,chordal,9,tfim,auto,4,4,data/raw/perlmutter/practical_suite_sweep/practical_strongnative_8node_large128c0c31_20260704060009_c5_qaoa_chordal_4n_grid9_r3_seed3031.json,ok
practical_strongnative_8node_large128c0c31_20260704060009_c5_qaoa_ladder_5n_grid9_r0_seed43.json,optimization,optimization_qaoa,approximation_ratio,2.0319013856351376e-05,greedy_assignment_numpy,,4,6.655094432993792,327530.3850887194,5,3.6919417382415882,0.2616116523516824,1215,810,405,81,strongnative_8node_large128c0c31_20260704060009_c5,6.679500972037204,43,72,4,3,synthetic,"0,1,2",,1,21,1,,5,ladder,9,tfim,auto,4,4,data/raw/perlmutter/practical_suite_sweep/practical_strongnative_8node_large128c0c31_20260704060009_c5_qaoa_ladder_5n_grid9_r0_seed43.json,ok
practical_strongnative_8node_large128c0c31_20260704060009_c5_qaoa_ladder_5n_grid9_r2_seed2043.json,optimization,optimization_qaoa,approximation_ratio,1.935800537467003e-05,greedy_assignment_numpy,,4,7.114077762002125,367500.5572273941,5,3.6919417382415882,0.2616116523516824,1215,810,405,81,strongnative_8node_large128c0c31_20260704060009_c5,7.135482190002222,2043,72,4,3,synthetic,"0,1,2",,1,21,1,,5,ladder,9,tfim,auto,4,4,data/raw/perlmutter/practical_suite_sweep/practical_strongnative_8node_large128c0c31_20260704060009_c5_qaoa_ladder_5n_grid9_r2_seed2043.json,ok
practical_strongnative_8node_large128c0c31_20260704060009_c5_qaoa_ring_7n_grid9_r0_seed17.json,optimization,optimization_qaoa,approximation_ratio,2.7292990125715733e-05,greedy_assignment_numpy,,4,6.291581390949432,230520.04789396233,6,5.249999999999997,0.12500000000000044,1701,1134,567,81,strongnative_8node_large128c0c31_20260704060009_c5,6.317265558987856,17,72,4,3,synthetic,"0,1,2",,1,21,1,,7,ring,9,tfim,auto,4,4,data/raw/perlmutter/practical_suite_sweep/practical_strongnative_8node_large128c0c31_20260704060009_c5_qaoa_ring_7n_grid9_r0_seed17.json,ok
practical_strongnative_8node_large128c0c31_20260704060009_c5_qaoa_ring_7n_grid9_r2_seed2017.json,optimization,optimization_qaoa,approximation_ratio,2.7311965823173523e-05,greedy_assignment_numpy,,4,6.671523414959665,244271.0809669747,6,5.249999999999997,0.12500000000000044,1701,1134,567,81,strongnative_8node_large128c0c31_20260704060009_c5,6.69156467000721,2017,72,4,3,synthetic,"0,1,2",,1,21,1,,7,ring,9,tfim,auto,4,4,data/raw/perlmutter/practical_suite_sweep/practical_strongnative_8node_large128c0c31_20260704060009_c5_qaoa_ring_7n_grid9_r2_seed2017.json,ok
practical_strongnative_8node_large128c0c31_20260704060009_c5_sim_tfim_5q_6steps_r0_seed23.json,simulation,hamiltonian_simulation,absolute_observable_error,0.0008585290051996708,exact_dense_eigendecomposition_numpy,,0,7.189490479999222,8374.196371300395,0.8218024506329158,0.8213019840508522,0.0005004665820635967,54,48,5,1,strongnative_8node_large128c0c31_20260704060009_c5,7.20103638904402,23,72,4,3,synthetic,"0,1,2",,1,21,1,,4,chordal,7,tfim,auto,5,6,data/raw/perlmutter/practical_suite_sweep/practical_strongnative_8node_large128c0c31_20260704060009_c5_sim_tfim_5q_6steps_r0_seed23.json,ok
practical_strongnative_8node_large128c0c31_20260704060009_c5_sim_tfim_5q_6steps_r1_seed1023.json,simulation,hamiltonian_simulation,absolute_observable_error,0.0007803700282238424,exact_dense_eigendecomposition_numpy,,0,6.881127528962679,8817.775260570217,0.8218024506329158,0.8213019840508522,0.0005004665820635967,54,48,5,1,strongnative_8node_large128c0c31_20260704060009_c5,6.8913463040371425,1023,72,4,3,synthetic,"0,1,2",,1,21,1,,4,chordal,7,tfim,auto,5,6,data/raw/perlmutter/practical_suite_sweep/practical_strongnative_8node_large128c0c31_20260704060009_c5_sim_tfim_5q_6steps_r1_seed1023.json,ok
practical_strongnative_8node_large128c0c31_20260704060009_c5_sim_tfim_5q_6steps_r2_seed2023.json,simulation,hamiltonian_simulation,absolute_observable_error,0.0009959470480680466,exact_dense_eigendecomposition_numpy,,0,6.983420885982923,7011.839534571111,0.8218024506329158,0.8213019840508522,0.0005004665820635967,54,48,5,1,strongnative_8node_large128c0c31_20260704060009_c5,6.994502220011782,2023,72,4,3,synthetic,"0,1,2",,1,21,1,,4,chordal,7,tfim,auto,5,6,data/raw/perlmutter/practical_suite_sweep/practical_strongnative_8node_large128c0c31_20260704060009_c5_sim_tfim_5q_6steps_r2_seed2023.json,ok
practical_strongnative_8node_large128c0c31_20260704060009_c5_sim_tfim_5q_6steps_r3_seed3023.json,simulation,hamiltonian_simulation,absolute_observable_error,0.0007416660082526505,exact_dense_eigendecomposition_numpy,,0,6.617536782985553,8922.529426117735,0.8218024506329158,0.8213019840508522,0.0005004665820635967,54,48,5,1,strongnative_8node_large128c0c31_20260704060009_c5,6.628392610989977,3023,72,4,3,synthetic,"0,1,2",,1,21,1,,4,chordal,7,tfim,auto,5,6,data/raw/perlmutter/practical_suite_sweep/practical_strongnative_8node_large128c0c31_20260704060009_c5_sim_tfim_5q_6steps_r3_seed3023.json,ok
practical_strongnative_8node_large128c0c31_20260704060009_c6_chem_4q_l1_grid17_r0_seed17.json,chemistry,chemistry_vqe,absolute_energy_error,0.00018308399012312293,exact_diagonalization_numpy,,0,6.5989130639936775,36043.09180478285,-1.705732892552902,-1.3483747830949033,0.35735810945799873,296,111,148,37,strongnative_8node_large128c0c31_20260704060009_c6,6.6071548869949766,17,72,4,3,synthetic,"0,1,2",,1,17,1,benchmarks/workloads/hamiltonians/molecular_chain_4q.json,4,chordal,7,tfim,auto,4,4,data/raw/perlmutter/practical_suite_sweep/practical_strongnative_8node_large128c0c31_20260704060009_c6_chem_4q_l1_grid17_r0_seed17.json,ok
practical_strongnative_8node_large128c0c31_20260704060009_c6_chem_h2_l2_grid21_r2_seed2023.json,chemistry,chemistry_vqe,absolute_energy_error,0.00016882701311260462,exact_diagonalization_numpy,,0,7.144770968006924,42320.06973458382,-1.85727503020238,-1.8369679912029844,0.020307038999395566,360,90,90,45,strongnative_8node_large128c0c31_20260704060009_c6,7.151411172002554,2023,72,4,3,synthetic,"0,1,2",,1,21,2,,4,chordal,7,tfim,auto,4,4,data/raw/perlmutter/practical_suite_sweep/practical_strongnative_8node_large128c0c31_20260704060009_c6_chem_h2_l2_grid21_r2_seed2023.json,ok
practical_strongnative_8node_large128c0c31_20260704060009_c6_ml_digits_c0v1v2_128s_10q_d1_r0_seed17.json,ml,multiclass_ml,test_accuracy,0.0001688170013949275,linear_ridge_numpy,linear_ridge_numpy,6,18.554764834989328,109910.52252837166,1.0,0.625,0.375,2560,1152,1280,128,strongnative_8node_large128c0c31_20260704060009_c6,18.775066079979297,17,128,10,3,digits,"0,1,2",sklearn_digits,1,21,1,,4,chordal,7,tfim,auto,4,4,data/raw/perlmutter/practical_suite_sweep/practical_strongnative_8node_large128c0c31_20260704060009_c6_ml_digits_c0v1v2_128s_10q_d1_r0_seed17.json,ok
practical_strongnative_8node_large128c0c31_20260704060009_c6_ml_digits_c0v1v2_128s_10q_d1_r0_seed23.json,ml,multiclass_ml,test_accuracy,0.038680397963617,one_hidden_layer_mlp_numpy,one_hidden_layer_mlp_numpy,6,7.174356536997948,185.4778367002891,1.0,0.75,0.25,2560,1152,1280,128,strongnative_8node_large128c0c31_20260704060009_c6,7.268597279035021,23,128,10,3,digits,"0,1,2",sklearn_digits,1,21,1,,4,chordal,7,tfim,auto,4,4,data/raw/perlmutter/practical_suite_sweep/practical_strongnative_8node_large128c0c31_20260704060009_c6_ml_digits_c0v1v2_128s_10q_d1_r0_seed23.json,ok
practical_strongnative_8node_large128c0c31_20260704060009_c6_ml_digits_c0v1v2_128s_10q_d1_r0_seed31.json,ml,multiclass_ml,test_accuracy,0.00016153196338564157,nearest_centroid_numpy,nearest_centroid_numpy,6,7.107435135054402,44000.17795912072,1.0,0.71875,0.28125,2560,1152,1280,128,strongnative_8node_large128c0c31_20260704060009_c6,7.2020246220054105,31,128,10,3,digits,"0,1,2",sklearn_digits,1,21,1,,4,chordal,7,tfim,auto,4,4,data/raw/perlmutter/practical_suite_sweep/practical_strongnative_8node_large128c0c31_20260704060009_c6_ml_digits_c0v1v2_128s_10q_d1_r0_seed31.json,ok
practical_strongnative_8node_large128c0c31_20260704060009_c6_ml_digits_c0v1v2_128s_10q_d1_r0_seed43.json,ml,multiclass_ml,test_accuracy,0.0001644780277274549,linear_ridge_numpy,linear_ridge_numpy,6,6.713524870981928,40817.153292392606,1.0,0.75,0.25,2560,1152,1280,128,strongnative_8node_large128c0c31_20260704060009_c6,6.806654223008081,43,128,10,3,digits,"0,1,2",sklearn_digits,1,21,1,,4,chordal,7,tfim,auto,4,4,data/raw/perlmutter/practical_suite_sweep/practical_strongnative_8node_large128c0c31_20260704060009_c6_ml_digits_c0v1v2_128s_10q_d1_r0_seed43.json,ok
practical_strongnative_8node_large128c0c31_20260704060009_c6_ml_digits_c0v1v2_128s_10q_d1_r1_seed1017.json,ml,multiclass_ml,test_accuracy,0.00016722403233870864,linear_ridge_numpy,linear_ridge_numpy,6,6.62019726599101,39588.79099734866,1.0,0.71875,0.28125,2560,1152,1280,128,strongnative_8node_large128c0c31_20260704060009_c6,6.713208376022521,1017,128,10,3,digits,"0,1,2",sklearn_digits,1,21,1,,4,chordal,7,tfim,auto,4,4,data/raw/perlmutter/practical_suite_sweep/practical_strongnative_8node_large128c0c31_20260704060009_c6_ml_digits_c0v1v2_128s_10q_d1_r1_seed1017.json,ok
practical_strongnative_8node_large128c0c31_20260704060009_c6_ml_digits_c0v1v2_128s_10q_d1_r1_seed1023.json,ml,multiclass_ml,test_accuracy,0.00016569095896556973,linear_ridge_numpy,linear_ridge_numpy,6,7.166063921991736,43249.57720524045,0.96875,0.75,0.21875,2560,1152,1280,128,strongnative_8node_large128c0c31_20260704060009_c6,7.264189770037774,1023,128,10,3,digits,"0,1,2",sklearn_digits,1,21,1,,4,chordal,7,tfim,auto,4,4,data/raw/perlmutter/practical_suite_sweep/practical_strongnative_8node_large128c0c31_20260704060009_c6_ml_digits_c0v1v2_128s_10q_d1_r1_seed1023.json,ok
practical_strongnative_8node_large128c0c31_20260704060009_c6_ml_digits_c0v1v2_128s_10q_d1_r1_seed1031.json,ml,multiclass_ml,test_accuracy,0.00016842596232891083,linear_ridge_numpy,linear_ridge_numpy,6,6.606342184008099,39224.01328547493,1.0,0.71875,0.28125,2560,1152,1280,128,strongnative_8node_large128c0c31_20260704060009_c6,6.700110868958291,1031,128,10,3,digits,"0,1,2",sklearn_digits,1,21,1,,4,chordal,7,tfim,auto,4,4,data/raw/perlmutter/practical_suite_sweep/practical_strongnative_8node_large128c0c31_20260704060009_c6_ml_digits_c0v1v2_128s_10q_d1_r1_seed1031.json,ok
practical_strongnative_8node_large128c0c31_20260704060009_c6_ml_digits_c0v1v2_128s_10q_d1_r1_seed1043.json,ml,multiclass_ml,test_accuracy,0.00016088102711364627,nearest_centroid_numpy,nearest_centroid_numpy,6,6.599046212970279,41018.17555098474,1.0,0.84375,0.15625,2560,1152,1280,128,strongnative_8node_large128c0c31_20260704060009_c6,6.694044719042722,1043,128,10,3,digits,"0,1,2",sklearn_digits,1,21,1,,4,chordal,7,tfim,auto,4,4,data/raw/perlmutter/practical_suite_sweep/practical_strongnative_8node_large128c0c31_20260704060009_c6_ml_digits_c0v1v2_128s_10q_d1_r1_seed1043.json,ok
practical_strongnative_8node_large128c0c31_20260704060009_c6_ml_digits_c0v1v2_128s_10q_d1_r2_seed2017.json,ml,multiclass_ml,test_accuracy,0.010058446030598134,softmax_regression_numpy,softmax_regression_numpy,6,6.842029204999562,680.2272621621548,1.0,0.71875,0.28125,2560,1152,1280,128,strongnative_8node_large128c0c31_20260704060009_c6,6.935818300989922,2017,128,10,3,digits,"0,1,2",sklearn_digits,1,21,1,,4,chordal,7,tfim,auto,4,4,data/raw/perlmutter/practical_suite_sweep/practical_strongnative_8node_large128c0c31_20260704060009_c6_ml_digits_c0v1v2_128s_10q_d1_r2_seed2017.json,ok
practical_strongnative_8node_large128c0c31_20260704060009_c6_ml_digits_c0v1v2_128s_10q_d1_r2_seed2023.json,ml,multiclass_ml,test_accuracy,0.011971195985097438,rbf_kernel_ridge_numpy,rbf_kernel_ridge_numpy,6,7.024404496012721,586.7754988521765,1.0,0.625,0.375,2560,1152,1280,128,strongnative_8node_large128c0c31_20260704060009_c6,7.117535738041624,2023,128,10,3,digits,"0,1,2",sklearn_digits,1,21,1,,4,chordal,7,tfim,auto,4,4,data/raw/perlmutter/practical_suite_sweep/practical_strongnative_8node_large128c0c31_20260704060009_c6_ml_digits_c0v1v2_128s_10q_d1_r2_seed2023.json,ok
practical_strongnative_8node_large128c0c31_20260704060009_c6_ml_digits_c0v1v2_128s_10q_d1_r2_seed2031.json,ml,multiclass_ml,test_accuracy,0.00016226497245952487,nearest_centroid_numpy,nearest_centroid_numpy,6,6.911447356978897,42593.5878348784,1.0,0.75,0.25,2560,1152,1280,128,strongnative_8node_large128c0c31_20260704060009_c6,7.0068839300074615,2031,128,10,3,digits,"0,1,2",sklearn_digits,1,21,1,,4,chordal,7,tfim,auto,4,4,data/raw/perlmutter/practical_suite_sweep/practical_strongnative_8node_large128c0c31_20260704060009_c6_ml_digits_c0v1v2_128s_10q_d1_r2_seed2031.json,ok
practical_strongnative_8node_large128c0c31_20260704060009_c6_ml_digits_c0v1v2_128s_10q_d1_r2_seed2043.json,ml,multiclass_ml,test_accuracy,0.00016079097986221313,nearest_centroid_numpy,nearest_centroid_numpy,6,6.717733952973504,41779.29606953165,1.0,0.78125,0.21875,2560,1152,1280,128,strongnative_8node_large128c0c31_20260704060009_c6,6.811501966032665,2043,128,10,3,digits,"0,1,2",sklearn_digits,1,21,1,,4,chordal,7,tfim,auto,4,4,data/raw/perlmutter/practical_suite_sweep/practical_strongnative_8node_large128c0c31_20260704060009_c6_ml_digits_c0v1v2_128s_10q_d1_r2_seed2043.json,ok
practical_strongnative_8node_large128c0c31_20260704060009_c6_ml_digits_c0v1v2_128s_10q_d1_r3_seed3017.json,ml,multiclass_ml,test_accuracy,0.00015912699745967984,nearest_centroid_numpy,nearest_centroid_numpy,6,6.753970955964178,42443.903698211376,0.96875,0.75,0.21875,2560,1152,1280,128,strongnative_8node_large128c0c31_20260704060009_c6,6.8482306659570895,3017,128,10,3,digits,"0,1,2",sklearn_digits,1,21,1,,4,chordal,7,tfim,auto,4,4,data/raw/perlmutter/practical_suite_sweep/practical_strongnative_8node_large128c0c31_20260704060009_c6_ml_digits_c0v1v2_128s_10q_d1_r3_seed3017.json,ok
practical_strongnative_8node_large128c0c31_20260704060009_c6_ml_digits_c0v1v2_128s_10q_d1_r3_seed3023.json,ml,multiclass_ml,test_accuracy,0.009975349996238947,softmax_regression_numpy,softmax_regression_numpy,6,6.858664328989107,687.5612716922275,1.0,0.71875,0.28125,2560,1152,1280,128,strongnative_8node_large128c0c31_20260704060009_c6,6.953815727028996,3023,128,10,3,digits,"0,1,2",sklearn_digits,1,21,1,,4,chordal,7,tfim,auto,4,4,data/raw/perlmutter/practical_suite_sweep/practical_strongnative_8node_large128c0c31_20260704060009_c6_ml_digits_c0v1v2_128s_10q_d1_r3_seed3023.json,ok
practical_strongnative_8node_large128c0c31_20260704060009_c6_ml_digits_c0v1v2_128s_10q_d1_r3_seed3031.json,ml,multiclass_ml,test_accuracy,0.00016292399959638715,nearest_centroid_numpy,nearest_centroid_numpy,6,6.928428772022016,42525.52594575302,1.0,0.75,0.25,2560,1152,1280,128,strongnative_8node_large128c0c31_20260704060009_c6,7.022109389014076,3031,128,10,3,digits,"0,1,2",sklearn_digits,1,21,1,,4,chordal,7,tfim,auto,4,4,data/raw/perlmutter/practical_suite_sweep/practical_strongnative_8node_large128c0c31_20260704060009_c6_ml_digits_c0v1v2_128s_10q_d1_r3_seed3031.json,ok
practical_strongnative_8node_large128c0c31_20260704060009_c6_ml_digits_c0v1v2_128s_10q_d1_r3_seed3043.json,ml,multiclass_ml,test_accuracy,0.0008178030257113278,knn_numpy,knn_numpy,6,6.7865025760256685,8298.456184021508,1.0,0.6875,0.3125,2560,1152,1280,128,strongnative_8node_large128c0c31_20260704060009_c6,6.879026627982967,3043,128,10,3,digits,"0,1,2",sklearn_digits,1,21,1,,4,chordal,7,tfim,auto,4,4,data/raw/perlmutter/practical_suite_sweep/practical_strongnative_8node_large128c0c31_20260704060009_c6_ml_digits_c0v1v2_128s_10q_d1_r3_seed3043.json,ok
practical_strongnative_8node_large128c0c31_20260704060009_c6_qaoa_chordal_4n_grid11_r1_seed1031.json,optimization,optimization_qaoa,approximation_ratio,1.7323996871709824e-05,greedy_assignment_numpy,,4,6.702930286002811,386915.9256746768,4,3.229815686445298,0.19254607838867555,1573,1210,484,121,strongnative_8node_large128c0c31_20260704060009_c6,6.724964043009095,1031,72,4,3,synthetic,"0,1,2",,1,21,1,,4,chordal,11,tfim,auto,4,4,data/raw/perlmutter/practical_suite_sweep/practical_strongnative_8node_large128c0c31_20260704060009_c6_qaoa_chordal_4n_grid11_r1_seed1031.json,ok
practical_strongnative_8node_large128c0c31_20260704060009_c6_qaoa_chordal_4n_grid11_r3_seed3031.json,optimization,optimization_qaoa,approximation_ratio,1.7753976862877607e-05,greedy_assignment_numpy,,4,6.4675526499631815,364287.54525902343,4,3.229815686445298,0.19254607838867555,1573,1210,484,121,strongnative_8node_large128c0c31_20260704060009_c6,6.491804533987306,3031,72,4,3,synthetic,"0,1,2",,1,21,1,,4,chordal,11,tfim,auto,4,4,data/raw/perlmutter/practical_suite_sweep/practical_strongnative_8node_large128c0c31_20260704060009_c6_qaoa_chordal_4n_grid11_r3_seed3031.json,ok
practical_strongnative_8node_large128c0c31_20260704060009_c6_qaoa_ladder_5n_grid11_r0_seed43.json,optimization,optimization_qaoa,approximation_ratio,2.0078965462744236e-05,greedy_assignment_numpy,,4,6.547055689035915,326065.38923450664,5,3.5925466511522917,0.2814906697695416,1815,1210,605,121,strongnative_8node_large128c0c31_20260704060009_c6,6.56890472403029,43,72,4,3,synthetic,"0,1,2",,1,21,1,,5,ladder,11,tfim,auto,4,4,data/raw/perlmutter/practical_suite_sweep/practical_strongnative_8node_large128c0c31_20260704060009_c6_qaoa_ladder_5n_grid11_r0_seed43.json,ok
practical_strongnative_8node_large128c0c31_20260704060009_c6_qaoa_ladder_5n_grid11_r2_seed2043.json,optimization,optimization_qaoa,approximation_ratio,2.0448991563171148e-05,greedy_assignment_numpy,,4,7.005405004019849,342579.48527088534,5,3.5925466511522917,0.2814906697695416,1815,1210,605,121,strongnative_8node_large128c0c31_20260704060009_c6,7.027611525030807,2043,72,4,3,synthetic,"0,1,2",,1,21,1,,5,ladder,11,tfim,auto,4,4,data/raw/perlmutter/practical_suite_sweep/practical_strongnative_8node_large128c0c31_20260704060009_c6_qaoa_ladder_5n_grid11_r2_seed2043.json,ok
practical_strongnative_8node_large128c0c31_20260704060009_c6_qaoa_ring_7n_grid11_r0_seed17.json,optimization,optimization_qaoa,approximation_ratio,2.6780995540320873e-05,greedy_assignment_numpy,,4,6.374446747009642,238021.2765956522,6,5.082889870078074,0.15285168832032092,2541,1694,847,121,strongnative_8node_large128c0c31_20260704060009_c6,6.399994701030664,17,72,4,3,synthetic,"0,1,2",,1,21,1,,7,ring,11,tfim,auto,4,4,data/raw/perlmutter/practical_suite_sweep/practical_strongnative_8node_large128c0c31_20260704060009_c6_qaoa_ring_7n_grid11_r0_seed17.json,ok
practical_strongnative_8node_large128c0c31_20260704060009_c6_qaoa_ring_7n_grid11_r2_seed2017.json,optimization,optimization_qaoa,approximation_ratio,3.638002090156078e-05,greedy_assignment_numpy,,4,6.6421438319957815,182576.6909251781,6,5.082889870078074,0.15285168832032092,2541,1694,847,121,strongnative_8node_large128c0c31_20260704060009_c6,6.664353698026389,2017,72,4,3,synthetic,"0,1,2",,1,21,1,,7,ring,11,tfim,auto,4,4,data/raw/perlmutter/practical_suite_sweep/practical_strongnative_8node_large128c0c31_20260704060009_c6_qaoa_ring_7n_grid11_r2_seed2017.json,ok
practical_strongnative_8node_large128c0c31_20260704060009_c6_sim_tfim_5q_8steps_r0_seed23.json,simulation,hamiltonian_simulation,absolute_observable_error,0.0006897430284880102,exact_dense_eigendecomposition_numpy,,0,6.951738477044273,10078.736848247992,0.8218024506329158,0.8215212314654874,0.0002812191674284037,72,64,5,1,strongnative_8node_large128c0c31_20260704060009_c6,6.963260049000382,23,72,4,3,synthetic,"0,1,2",,1,21,1,,4,chordal,7,tfim,auto,5,8,data/raw/perlmutter/practical_suite_sweep/practical_strongnative_8node_large128c0c31_20260704060009_c6_sim_tfim_5q_8steps_r0_seed23.json,ok
practical_strongnative_8node_large128c0c31_20260704060009_c6_sim_tfim_5q_8steps_r1_seed1023.json,simulation,hamiltonian_simulation,absolute_observable_error,0.0007713229861110449,exact_dense_eigendecomposition_numpy,,0,6.4836631920188665,8405.899096446004,0.8218024506329158,0.8215212314654874,0.0002812191674284037,72,64,5,1,strongnative_8node_large128c0c31_20260704060009_c6,6.494147140008863,1023,72,4,3,synthetic,"0,1,2",,1,21,1,,4,chordal,7,tfim,auto,5,8,data/raw/perlmutter/practical_suite_sweep/practical_strongnative_8node_large128c0c31_20260704060009_c6_sim_tfim_5q_8steps_r1_seed1023.json,ok
practical_strongnative_8node_large128c0c31_20260704060009_c6_sim_tfim_5q_8steps_r2_seed2023.json,simulation,hamiltonian_simulation,absolute_observable_error,0.0007332999957725406,exact_dense_eigendecomposition_numpy,,0,6.798265123972669,9270.782985360054,0.8218024506329158,0.8215212314654874,0.0002812191674284037,72,64,5,1,strongnative_8node_large128c0c31_20260704060009_c6,6.80909553298261,2023,72,4,3,synthetic,"0,1,2",,1,21,1,,4,chordal,7,tfim,auto,5,8,data/raw/perlmutter/practical_suite_sweep/practical_strongnative_8node_large128c0c31_20260704060009_c6_sim_tfim_5q_8steps_r2_seed2023.json,ok
practical_strongnative_8node_large128c0c31_20260704060009_c6_sim_tfim_5q_8steps_r3_seed3023.json,simulation,hamiltonian_simulation,absolute_observable_error,0.0007107559940777719,exact_dense_eigendecomposition_numpy,,0,6.542727574007586,9205.307628107983,0.8218024506329158,0.8215212314654874,0.0002812191674284037,72,64,5,1,strongnative_8node_large128c0c31_20260704060009_c6,6.553568130999338,3023,72,4,3,synthetic,"0,1,2",,1,21,1,,4,chordal,7,tfim,auto,5,8,data/raw/perlmutter/practical_suite_sweep/practical_strongnative_8node_large128c0c31_20260704060009_c6_sim_tfim_5q_8steps_r3_seed3023.json,ok
practical_strongnative_8node_large128c0c31_20260704060009_c7_chem_h2_l2_grid17_r0_seed17.json,chemistry,chemistry_vqe,absolute_energy_error,0.00015028100460767746,exact_diagonalization_numpy,,0,6.688517493021209,44506.739294711304,-1.85727503020238,-1.8369679912029844,0.020307038999395566,296,74,74,37,strongnative_8node_large128c0c31_20260704060009_c7,6.695242231013253,17,72,4,3,synthetic,"0,1,2",,1,17,2,,4,chordal,7,tfim,auto,4,4,data/raw/perlmutter/practical_suite_sweep/practical_strongnative_8node_large128c0c31_20260704060009_c7_chem_h2_l2_grid17_r0_seed17.json,ok
practical_strongnative_8node_large128c0c31_20260704060009_c7_chem_h2_l2_grid25_r2_seed2023.json,chemistry,chemistry_vqe,absolute_energy_error,0.00015439902199432254,exact_diagonalization_numpy,,0,7.361578098963946,47678.91663999427,-1.85727503020238,-1.8369679912029844,0.020307038999395566,424,106,106,53,strongnative_8node_large128c0c31_20260704060009_c7,7.367996422981378,2023,72,4,3,synthetic,"0,1,2",,1,25,2,,4,chordal,7,tfim,auto,4,4,data/raw/perlmutter/practical_suite_sweep/practical_strongnative_8node_large128c0c31_20260704060009_c7_chem_h2_l2_grid25_r2_seed2023.json,ok
practical_strongnative_8node_large128c0c31_20260704060009_c7_ml_digits_c0v1v2_128s_10q_d2_r0_seed17.json,ml,multiclass_ml,test_accuracy,0.00016887596575543284,linear_ridge_numpy,linear_ridge_numpy,6,18.580141394981183,110022.41385780764,1.0,0.625,0.375,5120,2304,1280,128,strongnative_8node_large128c0c31_20260704060009_c7,18.797333383990917,17,128,10,3,digits,"0,1,2",sklearn_digits,2,21,1,,4,chordal,7,tfim,auto,4,4,data/raw/perlmutter/practical_suite_sweep/practical_strongnative_8node_large128c0c31_20260704060009_c7_ml_digits_c0v1v2_128s_10q_d2_r0_seed17.json,ok
practical_strongnative_8node_large128c0c31_20260704060009_c7_ml_digits_c0v1v2_128s_10q_d2_r0_seed23.json,ml,multiclass_ml,test_accuracy,0.03881064004963264,one_hidden_layer_mlp_numpy,one_hidden_layer_mlp_numpy,6,7.334064437018242,188.97045829801155,1.0,0.59375,0.40625,5120,2304,1280,128,strongnative_8node_large128c0c31_20260704060009_c7,7.428487383003812,23,128,10,3,digits,"0,1,2",sklearn_digits,2,21,1,,4,chordal,7,tfim,auto,4,4,data/raw/perlmutter/practical_suite_sweep/practical_strongnative_8node_large128c0c31_20260704060009_c7_ml_digits_c0v1v2_128s_10q_d2_r0_seed23.json,ok
practical_strongnative_8node_large128c0c31_20260704060009_c7_ml_digits_c0v1v2_128s_10q_d2_r0_seed31.json,ml,multiclass_ml,test_accuracy,0.00016018998576328158,nearest_centroid_numpy,nearest_centroid_numpy,6,6.777819946000818,42311.13395575578,1.0,0.78125,0.21875,5120,2304,1280,128,strongnative_8node_large128c0c31_20260704060009_c7,6.87164790002862,31,128,10,3,digits,"0,1,2",sklearn_digits,2,21,1,,4,chordal,7,tfim,auto,4,4,data/raw/perlmutter/practical_suite_sweep/practical_strongnative_8node_large128c0c31_20260704060009_c7_ml_digits_c0v1v2_128s_10q_d2_r0_seed31.json,ok
practical_strongnative_8node_large128c0c31_20260704060009_c7_ml_digits_c0v1v2_128s_10q_d2_r0_seed43.json,ml,multiclass_ml,test_accuracy,0.0001639170222915709,nearest_centroid_numpy,nearest_centroid_numpy,6,6.507412164006382,39699.42885145378,1.0,0.84375,0.15625,5120,2304,1280,128,strongnative_8node_large128c0c31_20260704060009_c7,6.604657599993516,43,128,10,3,digits,"0,1,2",sklearn_digits,2,21,1,,4,chordal,7,tfim,auto,4,4,data/raw/perlmutter/practical_suite_sweep/practical_strongnative_8node_large128c0c31_20260704060009_c7_ml_digits_c0v1v2_128s_10q_d2_r0_seed43.json,ok
practical_strongnative_8node_large128c0c31_20260704060009_c7_ml_digits_c0v1v2_128s_10q_d2_r1_seed1017.json,ml,multiclass_ml,test_accuracy,0.00017679203301668167,linear_ridge_numpy,linear_ridge_numpy,6,6.566382180026267,37141.84439186057,1.0,0.71875,0.28125,5120,2304,1280,128,strongnative_8node_large128c0c31_20260704060009_c7,6.6600334189715795,1017,128,10,3,digits,"0,1,2",sklearn_digits,2,21,1,,4,chordal,7,tfim,auto,4,4,data/raw/perlmutter/practical_suite_sweep/practical_strongnative_8node_large128c0c31_20260704060009_c7_ml_digits_c0v1v2_128s_10q_d2_r1_seed1017.json,ok
practical_strongnative_8node_large128c0c31_20260704060009_c7_ml_digits_c0v1v2_128s_10q_d2_r1_seed1023.json,ml,multiclass_ml,test_accuracy,0.0001767519861459732,linear_ridge_numpy,linear_ridge_numpy,6,6.987264972005505,39531.46510181204,0.96875,0.59375,0.375,5120,2304,1280,128,strongnative_8node_large128c0c31_20260704060009_c7,7.0865695209940895,1023,128,10,3,digits,"0,1,2",sklearn_digits,2,21,1,,4,chordal,7,tfim,auto,4,4,data/raw/perlmutter/practical_suite_sweep/practical_strongnative_8node_large128c0c31_20260704060009_c7_ml_digits_c0v1v2_128s_10q_d2_r1_seed1023.json,ok
practical_strongnative_8node_large128c0c31_20260704060009_c7_ml_digits_c0v1v2_128s_10q_d2_r1_seed1031.json,ml,multiclass_ml,test_accuracy,0.00017415703041478992,linear_ridge_numpy,linear_ridge_numpy,6,6.667102779028937,38282.134020945894,1.0,0.84375,0.15625,5120,2304,1280,128,strongnative_8node_large128c0c31_20260704060009_c7,6.7623246280127205,1031,128,10,3,digits,"0,1,2",sklearn_digits,2,21,1,,4,chordal,7,tfim,auto,4,4,data/raw/perlmutter/practical_suite_sweep/practical_strongnative_8node_large128c0c31_20260704060009_c7_ml_digits_c0v1v2_128s_10q_d2_r1_seed1031.json,ok
practical_strongnative_8node_large128c0c31_20260704060009_c7_ml_digits_c0v1v2_128s_10q_d2_r1_seed1043.json,ml,multiclass_ml,test_accuracy,0.00016164296539500356,nearest_centroid_numpy,nearest_centroid_numpy,6,6.682306142000016,41339.913095943295,1.0,0.8125,0.1875,5120,2304,1280,128,strongnative_8node_large128c0c31_20260704060009_c7,6.775414248986635,1043,128,10,3,digits,"0,1,2",sklearn_digits,2,21,1,,4,chordal,7,tfim,auto,4,4,data/raw/perlmutter/practical_suite_sweep/practical_strongnative_8node_large128c0c31_20260704060009_c7_ml_digits_c0v1v2_128s_10q_d2_r1_seed1043.json,ok
practical_strongnative_8node_large128c0c31_20260704060009_c7_ml_digits_c0v1v2_128s_10q_d2_r2_seed2017.json,ml,multiclass_ml,test_accuracy,0.009970785991754383,softmax_regression_numpy,softmax_regression_numpy,6,6.51268084498588,653.1762742046336,1.0,0.65625,0.34375,5120,2304,1280,128,strongnative_8node_large128c0c31_20260704060009_c7,6.607224069011863,2017,128,10,3,digits,"0,1,2",sklearn_digits,2,21,1,,4,chordal,7,tfim,auto,4,4,data/raw/perlmutter/practical_suite_sweep/practical_strongnative_8node_large128c0c31_20260704060009_c7_ml_digits_c0v1v2_128s_10q_d2_r2_seed2017.json,ok
practical_strongnative_8node_large128c0c31_20260704060009_c7_ml_digits_c0v1v2_128s_10q_d2_r2_seed2023.json,ml,multiclass_ml,test_accuracy,0.011975486006122082,rbf_kernel_ridge_numpy,rbf_kernel_ridge_numpy,6,6.76797213696409,565.1521895231795,1.0,0.65625,0.34375,5120,2304,1280,128,strongnative_8node_large128c0c31_20260704060009_c7,6.860797756991815,2023,128,10,3,digits,"0,1,2",sklearn_digits,2,21,1,,4,chordal,7,tfim,auto,4,4,data/raw/perlmutter/practical_suite_sweep/practical_strongnative_8node_large128c0c31_20260704060009_c7_ml_digits_c0v1v2_128s_10q_d2_r2_seed2023.json,ok
practical_strongnative_8node_large128c0c31_20260704060009_c7_ml_digits_c0v1v2_128s_10q_d2_r2_seed2031.json,ml,multiclass_ml,test_accuracy,0.0001585870049893856,nearest_centroid_numpy,nearest_centroid_numpy,6,6.853934365033638,43218.764144592926,1.0,0.625,0.375,5120,2304,1280,128,strongnative_8node_large128c0c31_20260704060009_c7,6.947200237016659,2031,128,10,3,digits,"0,1,2",sklearn_digits,2,21,1,,4,chordal,7,tfim,auto,4,4,data/raw/perlmutter/practical_suite_sweep/practical_strongnative_8node_large128c0c31_20260704060009_c7_ml_digits_c0v1v2_128s_10q_d2_r2_seed2031.json,ok
practical_strongnative_8node_large128c0c31_20260704060009_c7_ml_digits_c0v1v2_128s_10q_d2_r2_seed2043.json,ml,multiclass_ml,test_accuracy,0.00015841698041185737,nearest_centroid_numpy,nearest_centroid_numpy,6,6.662011671985965,42053.64636206208,1.0,0.75,0.25,5120,2304,1280,128,strongnative_8node_large128c0c31_20260704060009_c7,6.755583151010796,2043,128,10,3,digits,"0,1,2",sklearn_digits,2,21,1,,4,chordal,7,tfim,auto,4,4,data/raw/perlmutter/practical_suite_sweep/practical_strongnative_8node_large128c0c31_20260704060009_c7_ml_digits_c0v1v2_128s_10q_d2_r2_seed2043.json,ok
practical_strongnative_8node_large128c0c31_20260704060009_c7_ml_digits_c0v1v2_128s_10q_d2_r3_seed3017.json,ml,multiclass_ml,test_accuracy,0.000166391022503376,nearest_centroid_numpy,nearest_centroid_numpy,6,6.732811948982999,40463.79334465832,0.96875,0.59375,0.375,5120,2304,1280,128,strongnative_8node_large128c0c31_20260704060009_c7,6.827774351986591,3017,128,10,3,digits,"0,1,2",sklearn_digits,2,21,1,,4,chordal,7,tfim,auto,4,4,data/raw/perlmutter/practical_suite_sweep/practical_strongnative_8node_large128c0c31_20260704060009_c7_ml_digits_c0v1v2_128s_10q_d2_r3_seed3017.json,ok
practical_strongnative_8node_large128c0c31_20260704060009_c7_ml_digits_c0v1v2_128s_10q_d2_r3_seed3023.json,ml,multiclass_ml,test_accuracy,0.01003004499943927,softmax_regression_numpy,softmax_regression_numpy,6,6.519944188999943,650.0413696413567,1.0,0.5625,0.4375,5120,2304,1280,128,strongnative_8node_large128c0c31_20260704060009_c7,6.613268498971593,3023,128,10,3,digits,"0,1,2",sklearn_digits,2,21,1,,4,chordal,7,tfim,auto,4,4,data/raw/perlmutter/practical_suite_sweep/practical_strongnative_8node_large128c0c31_20260704060009_c7_ml_digits_c0v1v2_128s_10q_d2_r3_seed3023.json,ok
practical_strongnative_8node_large128c0c31_20260704060009_c7_ml_digits_c0v1v2_128s_10q_d2_r3_seed3031.json,ml,multiclass_ml,test_accuracy,0.0001648769830353558,nearest_centroid_numpy,nearest_centroid_numpy,6,6.797837003017776,41229.751284083504,1.0,0.6875,0.3125,5120,2304,1280,128,strongnative_8node_large128c0c31_20260704060009_c7,6.891550361004192,3031,128,10,3,digits,"0,1,2",sklearn_digits,2,21,1,,4,chordal,7,tfim,auto,4,4,data/raw/perlmutter/practical_suite_sweep/practical_strongnative_8node_large128c0c31_20260704060009_c7_ml_digits_c0v1v2_128s_10q_d2_r3_seed3031.json,ok
practical_strongnative_8node_large128c0c31_20260704060009_c7_ml_digits_c0v1v2_128s_10q_d2_r3_seed3043.json,ml,multiclass_ml,test_accuracy,0.0008185540209524333,knn_numpy,knn_numpy,6,6.724459446966648,8215.046624708242,1.0,0.5625,0.4375,5120,2304,1280,128,strongnative_8node_large128c0c31_20260704060009_c7,6.818895730946679,3043,128,10,3,digits,"0,1,2",sklearn_digits,2,21,1,,4,chordal,7,tfim,auto,4,4,data/raw/perlmutter/practical_suite_sweep/practical_strongnative_8node_large128c0c31_20260704060009_c7_ml_digits_c0v1v2_128s_10q_d2_r3_seed3043.json,ok
practical_strongnative_8node_large128c0c31_20260704060009_c7_qaoa_chordal_4n_grid13_r1_seed1031.json,optimization,optimization_qaoa,approximation_ratio,1.7573998775333166e-05,greedy_assignment_numpy,,4,6.6483170529827476,378304.1718606646,4,3.2070111141556907,0.19824722146107732,2197,1690,676,169,strongnative_8node_large128c0c31_20260704060009_c7,6.670197542000096,1031,72,4,3,synthetic,"0,1,2",,1,21,1,,4,chordal,13,tfim,auto,4,4,data/raw/perlmutter/practical_suite_sweep/practical_strongnative_8node_large128c0c31_20260704060009_c7_qaoa_chordal_4n_grid13_r1_seed1031.json,ok
practical_strongnative_8node_large128c0c31_20260704060009_c7_qaoa_chordal_4n_grid13_r3_seed3031.json,optimization,optimization_qaoa,approximation_ratio,1.7924990970641375e-05,greedy_assignment_numpy,,4,6.653970679966733,371211.94040571654,4,3.2070111141556907,0.19824722146107732,2197,1690,676,169,strongnative_8node_large128c0c31_20260704060009_c7,6.678763128002174,3031,72,4,3,synthetic,"0,1,2",,1,21,1,,4,chordal,13,tfim,auto,4,4,data/raw/perlmutter/practical_suite_sweep/practical_strongnative_8node_large128c0c31_20260704060009_c7_qaoa_chordal_4n_grid13_r3_seed3031.json,ok
practical_strongnative_8node_large128c0c31_20260704060009_c7_qaoa_ladder_5n_grid13_r0_seed43.json,optimization,optimization_qaoa,approximation_ratio,1.9617960788309574e-05,greedy_assignment_numpy,,4,6.347838655987289,323572.80782057595,5,3.6919417382415882,0.2616116523516824,2535,1690,845,169,strongnative_8node_large128c0c31_20260704060009_c7,6.372397380997427,43,72,4,3,synthetic,"0,1,2",,1,21,1,,5,ladder,13,tfim,auto,4,4,data/raw/perlmutter/practical_suite_sweep/practical_strongnative_8node_large128c0c31_20260704060009_c7_qaoa_ladder_5n_grid13_r0_seed43.json,ok
practical_strongnative_8node_large128c0c31_20260704060009_c7_qaoa_ladder_5n_grid13_r2_seed2043.json,optimization,optimization_qaoa,approximation_ratio,1.9027036614716053e-05,greedy_assignment_numpy,,4,6.824488148035016,358673.2020453864,5,3.6919417382415882,0.2616116523516824,2535,1690,845,169,strongnative_8node_large128c0c31_20260704060009_c7,6.846296237024944,2043,72,4,3,synthetic,"0,1,2",,1,21,1,,5,ladder,13,tfim,auto,4,4,data/raw/perlmutter/practical_suite_sweep/practical_strongnative_8node_large128c0c31_20260704060009_c7_qaoa_ladder_5n_grid13_r2_seed2043.json,ok
practical_strongnative_8node_large128c0c31_20260704060009_c7_qaoa_ring_7n_grid13_r0_seed17.json,optimization,optimization_qaoa,approximation_ratio,2.835504710674286e-05,greedy_assignment_numpy,,4,6.56967011699453,231693.1476877094,6,5.249999999999997,0.12500000000000044,3549,2366,1183,169,strongnative_8node_large128c0c31_20260704060009_c7,6.593212007021066,17,72,4,3,synthetic,"0,1,2",,1,21,1,,7,ring,13,tfim,auto,4,4,data/raw/perlmutter/practical_suite_sweep/practical_strongnative_8node_large128c0c31_20260704060009_c7_qaoa_ring_7n_grid13_r0_seed17.json,ok
practical_strongnative_8node_large128c0c31_20260704060009_c7_qaoa_ring_7n_grid13_r2_seed2017.json,optimization,optimization_qaoa,approximation_ratio,2.7684029191732407e-05,greedy_assignment_numpy,,4,6.564652701024897,237127.7914627172,6,5.249999999999997,0.12500000000000044,3549,2366,1183,169,strongnative_8node_large128c0c31_20260704060009_c7,6.587086298968643,2017,72,4,3,synthetic,"0,1,2",,1,21,1,,7,ring,13,tfim,auto,4,4,data/raw/perlmutter/practical_suite_sweep/practical_strongnative_8node_large128c0c31_20260704060009_c7_qaoa_ring_7n_grid13_r2_seed2017.json,ok
practical_strongnative_8node_large128c0c31_20260704060009_c7_sim_tfim_5q_10steps_r0_seed23.json,simulation,hamiltonian_simulation,absolute_observable_error,0.0007868509856052697,exact_dense_eigendecomposition_numpy,,0,7.0458228279603645,8954.456379743242,0.8218024506329158,0.8216225570780523,0.00017989355486347502,90,80,5,1,strongnative_8node_large128c0c31_20260704060009_c7,7.056996496976353,23,72,4,3,synthetic,"0,1,2",,1,21,1,,4,chordal,7,tfim,auto,5,10,data/raw/perlmutter/practical_suite_sweep/practical_strongnative_8node_large128c0c31_20260704060009_c7_sim_tfim_5q_10steps_r0_seed23.json,ok
practical_strongnative_8node_large128c0c31_20260704060009_c7_sim_tfim_5q_10steps_r1_seed1023.json,simulation,hamiltonian_simulation,absolute_observable_error,0.0009928109939210117,exact_dense_eigendecomposition_numpy,,0,6.613610003958456,6661.499564825162,0.8218024506329158,0.8216225570780523,0.00017989355486347502,90,80,5,1,strongnative_8node_large128c0c31_20260704060009_c7,6.621836844016798,1023,72,4,3,synthetic,"0,1,2",,1,21,1,,4,chordal,7,tfim,auto,5,10,data/raw/perlmutter/practical_suite_sweep/practical_strongnative_8node_large128c0c31_20260704060009_c7_sim_tfim_5q_10steps_r1_seed1023.json,ok
practical_strongnative_8node_large128c0c31_20260704060009_c7_sim_tfim_5q_10steps_r2_seed2023.json,simulation,hamiltonian_simulation,absolute_observable_error,0.0007521350053139031,exact_dense_eigendecomposition_numpy,,0,6.663629040005617,8859.618277206171,0.8218024506329158,0.8216225570780523,0.00017989355486347502,90,80,5,1,strongnative_8node_large128c0c31_20260704060009_c7,6.677047767036129,2023,72,4,3,synthetic,"0,1,2",,1,21,1,,4,chordal,7,tfim,auto,5,10,data/raw/perlmutter/practical_suite_sweep/practical_strongnative_8node_large128c0c31_20260704060009_c7_sim_tfim_5q_10steps_r2_seed2023.json,ok
practical_strongnative_8node_large128c0c31_20260704060009_c7_sim_tfim_5q_10steps_r3_seed3023.json,simulation,hamiltonian_simulation,absolute_observable_error,0.0007033919682726264,exact_dense_eigendecomposition_numpy,,0,6.816984872042667,9691.58759202733,0.8218024506329158,0.8216225570780523,0.00017989355486347502,90,80,5,1,strongnative_8node_large128c0c31_20260704060009_c7,6.885895626037382,3023,72,4,3,synthetic,"0,1,2",,1,21,1,,4,chordal,7,tfim,auto,5,10,data/raw/perlmutter/practical_suite_sweep/practical_strongnative_8node_large128c0c31_20260704060009_c7_sim_tfim_5q_10steps_r3_seed3023.json,ok
practical_strongnative_8node_large128c0c31_20260704060009_c8_chem_h2_l2_grid21_r0_seed17.json,chemistry,chemistry_vqe,absolute_energy_error,0.00015135196736082435,exact_diagonalization_numpy,,0,7.05391553795198,46606.037971976846,-1.85727503020238,-1.8369679912029844,0.020307038999395566,360,90,90,45,strongnative_8node_large128c0c31_20260704060009_c8,7.06063451297814,17,72,4,3,synthetic,"0,1,2",,1,21,2,,4,chordal,7,tfim,auto,4,4,data/raw/perlmutter/practical_suite_sweep/practical_strongnative_8node_large128c0c31_20260704060009_c8_chem_h2_l2_grid21_r0_seed17.json,ok
practical_strongnative_8node_large128c0c31_20260704060009_c8_chem_h2_l2_grid33_r2_seed2023.json,chemistry,chemistry_vqe,absolute_energy_error,0.00015391700435429811,exact_diagonalization_numpy,,0,6.311172907997388,41003.740518947736,-1.85727503020238,-1.8369679912029844,0.020307038999395566,552,138,138,69,strongnative_8node_large128c0c31_20260704060009_c8,6.324864729016554,2023,72,4,3,synthetic,"0,1,2",,1,33,2,,4,chordal,7,tfim,auto,4,4,data/raw/perlmutter/practical_suite_sweep/practical_strongnative_8node_large128c0c31_20260704060009_c8_chem_h2_l2_grid33_r2_seed2023.json,ok
practical_strongnative_8node_large128c0c31_20260704060009_c8_ml_digits_c0v1v2_192s_4q_d1_r0_seed17.json,ml,multiclass_ml,test_accuracy,0.01240935898385942,softmax_regression_numpy,softmax_regression_numpy,6,18.568080878991168,1496.2965374071507,1.0,0.8541666666666666,0.14583333333333337,1536,576,768,192,strongnative_8node_large128c0c31_20260704060009_c8,18.805461432028096,17,192,4,3,digits,"0,1,2",sklearn_digits,1,21,1,,4,chordal,7,tfim,auto,4,4,data/raw/perlmutter/practical_suite_sweep/practical_strongnative_8node_large128c0c31_20260704060009_c8_ml_digits_c0v1v2_192s_4q_d1_r0_seed17.json,ok
practical_strongnative_8node_large128c0c31_20260704060009_c8_ml_digits_c0v1v2_192s_4q_d1_r0_seed23.json,ml,multiclass_ml,test_accuracy,0.0015666619874536991,knn_numpy,knn_numpy,6,7.30930892098695,4665.530267231922,1.0,0.75,0.25,1536,576,768,192,strongnative_8node_large128c0c31_20260704060009_c8,7.4228643189999275,23,192,4,3,digits,"0,1,2",sklearn_digits,1,21,1,,4,chordal,7,tfim,auto,4,4,data/raw/perlmutter/practical_suite_sweep/practical_strongnative_8node_large128c0c31_20260704060009_c8_ml_digits_c0v1v2_192s_4q_d1_r0_seed23.json,ok
practical_strongnative_8node_large128c0c31_20260704060009_c8_ml_digits_c0v1v2_192s_4q_d1_r0_seed31.json,ml,multiclass_ml,test_accuracy,0.0015783850103616714,knn_numpy,knn_numpy,6,6.7436830070219,4272.520939283788,1.0,0.7708333333333334,0.22916666666666663,1536,576,768,192,strongnative_8node_large128c0c31_20260704060009_c8,6.853271654050332,31,192,4,3,digits,"0,1,2",sklearn_digits,1,21,1,,4,chordal,7,tfim,auto,4,4,data/raw/perlmutter/practical_suite_sweep/practical_strongnative_8node_large128c0c31_20260704060009_c8_ml_digits_c0v1v2_192s_4q_d1_r0_seed31.json,ok
practical_strongnative_8node_large128c0c31_20260704060009_c8_ml_digits_c0v1v2_192s_4q_d1_r0_seed43.json,ml,multiclass_ml,test_accuracy,0.0016031929990276694,knn_numpy,knn_numpy,6,7.105764229025226,4432.257521917103,1.0,0.7708333333333334,0.22916666666666663,1536,576,768,192,strongnative_8node_large128c0c31_20260704060009_c8,7.218267568037845,43,192,4,3,digits,"0,1,2",sklearn_digits,1,21,1,,4,chordal,7,tfim,auto,4,4,data/raw/perlmutter/practical_suite_sweep/practical_strongnative_8node_large128c0c31_20260704060009_c8_ml_digits_c0v1v2_192s_4q_d1_r0_seed43.json,ok
practical_strongnative_8node_large128c0c31_20260704060009_c8_ml_digits_c0v1v2_192s_4q_d1_r1_seed1017.json,ml,multiclass_ml,test_accuracy,0.0015891360235400498,knn_numpy,knn_numpy,6,7.259213423007168,4568.025213371056,0.9791666666666666,0.75,0.22916666666666663,1536,576,768,192,strongnative_8node_large128c0c31_20260704060009_c8,7.369421584007796,1017,192,4,3,digits,"0,1,2",sklearn_digits,1,21,1,,4,chordal,7,tfim,auto,4,4,data/raw/perlmutter/practical_suite_sweep/practical_strongnative_8node_large128c0c31_20260704060009_c8_ml_digits_c0v1v2_192s_4q_d1_r1_seed1017.json,ok
practical_strongnative_8node_large128c0c31_20260704060009_c8_ml_digits_c0v1v2_192s_4q_d1_r1_seed1023.json,ml,multiclass_ml,test_accuracy,0.001552864967379719,knn_numpy,knn_numpy,6,6.842059874034021,4406.088113108257,1.0,0.8125,0.1875,1536,576,768,192,strongnative_8node_large128c0c31_20260704060009_c8,6.954916192975361,1023,192,4,3,digits,"0,1,2",sklearn_digits,1,21,1,,4,chordal,7,tfim,auto,4,4,data/raw/perlmutter/practical_suite_sweep/practical_strongnative_8node_large128c0c31_20260704060009_c8_ml_digits_c0v1v2_192s_4q_d1_r1_seed1023.json,ok
practical_strongnative_8node_large128c0c31_20260704060009_c8_ml_digits_c0v1v2_192s_4q_d1_r1_seed1031.json,ml,multiclass_ml,test_accuracy,0.00014978903345763683,linear_ridge_numpy,linear_ridge_numpy,6,7.165269660996273,47835.742681541145,1.0,0.7083333333333334,0.29166666666666663,1536,576,768,192,strongnative_8node_large128c0c31_20260704060009_c8,7.275694369978737,1031,192,4,3,digits,"0,1,2",sklearn_digits,1,21,1,,4,chordal,7,tfim,auto,4,4,data/raw/perlmutter/practical_suite_sweep/practical_strongnative_8node_large128c0c31_20260704060009_c8_ml_digits_c0v1v2_192s_4q_d1_r1_seed1031.json,ok
practical_strongnative_8node_large128c0c31_20260704060009_c8_ml_digits_c0v1v2_192s_4q_d1_r1_seed1043.json,ml,multiclass_ml,test_accuracy,0.013072831032332033,rbf_kernel_ridge_numpy,rbf_kernel_ridge_numpy,6,6.515902898041531,498.4308970204118,1.0,0.9166666666666666,0.08333333333333337,1536,576,768,192,strongnative_8node_large128c0c31_20260704060009_c8,6.626648765988648,1043,192,4,3,digits,"0,1,2",sklearn_digits,1,21,1,,4,chordal,7,tfim,auto,4,4,data/raw/perlmutter/practical_suite_sweep/practical_strongnative_8node_large128c0c31_20260704060009_c8_ml_digits_c0v1v2_192s_4q_d1_r1_seed1043.json,ok
practical_strongnative_8node_large128c0c31_20260704060009_c8_ml_digits_c0v1v2_192s_4q_d1_r2_seed2017.json,ml,multiclass_ml,test_accuracy,0.0015754920314066112,knn_numpy,knn_numpy,6,6.8418616079725325,4342.682458294675,1.0,0.875,0.125,1536,576,768,192,strongnative_8node_large128c0c31_20260704060009_c8,6.9543680810020305,2017,192,4,3,digits,"0,1,2",sklearn_digits,1,21,1,,4,chordal,7,tfim,auto,4,4,data/raw/perlmutter/practical_suite_sweep/practical_strongnative_8node_large128c0c31_20260704060009_c8_ml_digits_c0v1v2_192s_4q_d1_r2_seed2017.json,ok
practical_strongnative_8node_large128c0c31_20260704060009_c8_ml_digits_c0v1v2_192s_4q_d1_r2_seed2023.json,ml,multiclass_ml,test_accuracy,0.0015938339638523757,knn_numpy,knn_numpy,6,6.939510967000388,4353.973578419201,1.0,0.7291666666666666,0.27083333333333337,1536,576,768,192,strongnative_8node_large128c0c31_20260704060009_c8,7.049009896989446,2023,192,4,3,digits,"0,1,2",sklearn_digits,1,21,1,,4,chordal,7,tfim,auto,4,4,data/raw/perlmutter/practical_suite_sweep/practical_strongnative_8node_large128c0c31_20260704060009_c8_ml_digits_c0v1v2_192s_4q_d1_r2_seed2023.json,ok
practical_strongnative_8node_large128c0c31_20260704060009_c8_ml_digits_c0v1v2_192s_4q_d1_r2_seed2031.json,ml,multiclass_ml,test_accuracy,0.01256233500316739,rbf_kernel_ridge_numpy,rbf_kernel_ridge_numpy,6,6.864759730990045,546.455712991192,1.0,0.8125,0.1875,1536,576,768,192,strongnative_8node_large128c0c31_20260704060009_c8,6.975636849005241,2031,192,4,3,digits,"0,1,2",sklearn_digits,1,21,1,,4,chordal,7,tfim,auto,4,4,data/raw/perlmutter/practical_suite_sweep/practical_strongnative_8node_large128c0c31_20260704060009_c8_ml_digits_c0v1v2_192s_4q_d1_r2_seed2031.json,ok
practical_strongnative_8node_large128c0c31_20260704060009_c8_ml_digits_c0v1v2_192s_4q_d1_r2_seed2043.json,ml,multiclass_ml,test_accuracy,0.000164777971804142,nearest_centroid_numpy,nearest_centroid_numpy,6,6.917038822022732,41977.93398163953,1.0,0.7708333333333334,0.22916666666666663,1536,576,768,192,strongnative_8node_large128c0c31_20260704060009_c8,7.030651455977932,2043,192,4,3,digits,"0,1,2",sklearn_digits,1,21,1,,4,chordal,7,tfim,auto,4,4,data/raw/perlmutter/practical_suite_sweep/practical_strongnative_8node_large128c0c31_20260704060009_c8_ml_digits_c0v1v2_192s_4q_d1_r2_seed2043.json,ok
practical_strongnative_8node_large128c0c31_20260704060009_c8_ml_digits_c0v1v2_192s_4q_d1_r3_seed3017.json,ml,multiclass_ml,test_accuracy,0.00014443800318986177,linear_ridge_numpy,linear_ridge_numpy,6,6.660925377975218,46116.15524218736,1.0,0.7708333333333334,0.22916666666666663,1536,576,768,192,strongnative_8node_large128c0c31_20260704060009_c8,6.770752210984938,3017,192,4,3,digits,"0,1,2",sklearn_digits,1,21,1,,4,chordal,7,tfim,auto,4,4,data/raw/perlmutter/practical_suite_sweep/practical_strongnative_8node_large128c0c31_20260704060009_c8_ml_digits_c0v1v2_192s_4q_d1_r3_seed3017.json,ok
practical_strongnative_8node_large128c0c31_20260704060009_c8_ml_digits_c0v1v2_192s_4q_d1_r3_seed3023.json,ml,multiclass_ml,test_accuracy,0.0001507609849795699,linear_ridge_numpy,linear_ridge_numpy,6,6.9041556069860235,45795.37343777389,1.0,0.8541666666666666,0.14583333333333337,1536,576,768,192,strongnative_8node_large128c0c31_20260704060009_c8,7.015653458016459,3023,192,4,3,digits,"0,1,2",sklearn_digits,1,21,1,,4,chordal,7,tfim,auto,4,4,data/raw/perlmutter/practical_suite_sweep/practical_strongnative_8node_large128c0c31_20260704060009_c8_ml_digits_c0v1v2_192s_4q_d1_r3_seed3023.json,ok
practical_strongnative_8node_large128c0c31_20260704060009_c8_ml_digits_c0v1v2_192s_4q_d1_r3_seed3031.json,ml,multiclass_ml,test_accuracy,0.00014516001101583242,nearest_centroid_numpy,nearest_centroid_numpy,6,6.904838020040188,47567.08112461555,1.0,0.875,0.125,1536,576,768,192,strongnative_8node_large128c0c31_20260704060009_c8,7.0148092589806765,3031,192,4,3,digits,"0,1,2",sklearn_digits,1,21,1,,4,chordal,7,tfim,auto,4,4,data/raw/perlmutter/practical_suite_sweep/practical_strongnative_8node_large128c0c31_20260704060009_c8_ml_digits_c0v1v2_192s_4q_d1_r3_seed3031.json,ok
practical_strongnative_8node_large128c0c31_20260704060009_c8_ml_digits_c0v1v2_192s_4q_d1_r3_seed3043.json,ml,multiclass_ml,test_accuracy,0.00015242397785186768,linear_ridge_numpy,linear_ridge_numpy,6,7.178243597969413,47093.92642242643,1.0,0.7291666666666666,0.27083333333333337,1536,576,768,192,strongnative_8node_large128c0c31_20260704060009_c8,7.288970994995907,3043,192,4,3,digits,"0,1,2",sklearn_digits,1,21,1,,4,chordal,7,tfim,auto,4,4,data/raw/perlmutter/practical_suite_sweep/practical_strongnative_8node_large128c0c31_20260704060009_c8_ml_digits_c0v1v2_192s_4q_d1_r3_seed3043.json,ok
practical_strongnative_8node_large128c0c31_20260704060009_c8_qaoa_chordal_7n_grid7_r0_seed17.json,optimization,optimization_qaoa,approximation_ratio,3.108999226242304e-05,greedy_assignment_numpy,,4,6.475898545992095,208295.2768637128,8,5.966466079257492,0.25419174009281353,1127,882,343,49,strongnative_8node_large128c0c31_20260704060009_c8,6.5018415890517645,17,72,4,3,synthetic,"0,1,2",,1,21,1,,7,chordal,7,tfim,auto,4,4,data/raw/perlmutter/practical_suite_sweep/practical_strongnative_8node_large128c0c31_20260704060009_c8_qaoa_chordal_7n_grid7_r0_seed17.json,ok
practical_strongnative_8node_large128c0c31_20260704060009_c8_qaoa_chordal_7n_grid7_r2_seed2017.json,optimization,optimization_qaoa,approximation_ratio,3.1431030947715044e-05,greedy_assignment_numpy,,4,6.620682291977573,210641.58865774906,8,5.966466079257492,0.25419174009281353,1127,882,343,49,strongnative_8node_large128c0c31_20260704060009_c8,6.645716150989756,2017,72,4,3,synthetic,"0,1,2",,1,21,1,,7,chordal,7,tfim,auto,4,4,data/raw/perlmutter/practical_suite_sweep/practical_strongnative_8node_large128c0c31_20260704060009_c8_qaoa_chordal_7n_grid7_r2_seed2017.json,ok
practical_strongnative_8node_large128c0c31_20260704060009_c8_qaoa_ladder_4n_grid7_r1_seed1031.json,optimization,optimization_qaoa,approximation_ratio,1.5489989891648293e-05,greedy_assignment_numpy,,4,6.771682753053028,437165.08534999774,4,2.749999999999999,0.3125000000000002,588,392,196,49,strongnative_8node_large128c0c31_20260704060009_c8,6.79610540298745,1031,72,4,3,synthetic,"0,1,2",,1,21,1,,4,ladder,7,tfim,auto,4,4,data/raw/perlmutter/practical_suite_sweep/practical_strongnative_8node_large128c0c31_20260704060009_c8_qaoa_ladder_4n_grid7_r1_seed1031.json,ok
practical_strongnative_8node_large128c0c31_20260704060009_c8_qaoa_ladder_4n_grid7_r3_seed3031.json,optimization,optimization_qaoa,approximation_ratio,1.593999331817031e-05,greedy_assignment_numpy,,4,7.161814718972892,449298.47685751534,4,2.749999999999999,0.3125000000000002,588,392,196,49,strongnative_8node_large128c0c31_20260704060009_c8,7.190863455005456,3031,72,4,3,synthetic,"0,1,2",,1,21,1,,4,ladder,7,tfim,auto,4,4,data/raw/perlmutter/practical_suite_sweep/practical_strongnative_8node_large128c0c31_20260704060009_c8_qaoa_ladder_4n_grid7_r3_seed3031.json,ok
practical_strongnative_8node_large128c0c31_20260704060009_c8_qaoa_ring_6n_grid7_r0_seed43.json,optimization,optimization_qaoa,approximation_ratio,2.274400321766734e-05,greedy_assignment_numpy,,4,6.9365543240564875,304983.87894476874,6,4.125,0.3125,882,588,294,49,strongnative_8node_large128c0c31_20260704060009_c8,6.96460963296704,43,72,4,3,synthetic,"0,1,2",,1,21,1,,6,ring,7,tfim,auto,4,4,data/raw/perlmutter/practical_suite_sweep/practical_strongnative_8node_large128c0c31_20260704060009_c8_qaoa_ring_6n_grid7_r0_seed43.json,ok
practical_strongnative_8node_large128c0c31_20260704060009_c8_qaoa_ring_6n_grid7_r2_seed2043.json,optimization,optimization_qaoa,approximation_ratio,1.854600850492716e-05,greedy_assignment_numpy,,4,7.142524463008158,385124.6191928893,6,4.125,0.3125,882,588,294,49,strongnative_8node_large128c0c31_20260704060009_c8,7.168802413973026,2043,72,4,3,synthetic,"0,1,2",,1,21,1,,6,ring,7,tfim,auto,4,4,data/raw/perlmutter/practical_suite_sweep/practical_strongnative_8node_large128c0c31_20260704060009_c8_qaoa_ring_6n_grid7_r2_seed2043.json,ok
practical_strongnative_8node_large128c0c31_20260704060009_c8_sim_tfim_6q_4steps_r0_seed23.json,simulation,hamiltonian_simulation,absolute_observable_error,0.002647968998644501,exact_dense_eigendecomposition_numpy,,0,7.157204040966462,2702.9032608124357,0.821802450632914,0.8206730318635869,0.0011294187693271507,44,40,6,1,strongnative_8node_large128c0c31_20260704060009_c8,7.170895650982857,23,72,4,3,synthetic,"0,1,2",,1,21,1,,4,chordal,7,tfim,auto,6,4,data/raw/perlmutter/practical_suite_sweep/practical_strongnative_8node_large128c0c31_20260704060009_c8_sim_tfim_6q_4steps_r0_seed23.json,ok
practical_strongnative_8node_large128c0c31_20260704060009_c8_sim_tfim_6q_4steps_r1_seed1023.json,simulation,hamiltonian_simulation,absolute_observable_error,0.0026716459542512894,exact_dense_eigendecomposition_numpy,,0,6.772561311954632,2534.9770994834516,0.821802450632914,0.8206730318635869,0.0011294187693271507,44,40,6,1,strongnative_8node_large128c0c31_20260704060009_c8,6.786612437979784,1023,72,4,3,synthetic,"0,1,2",,1,21,1,,4,chordal,7,tfim,auto,6,4,data/raw/perlmutter/practical_suite_sweep/practical_strongnative_8node_large128c0c31_20260704060009_c8_sim_tfim_6q_4steps_r1_seed1023.json,ok
practical_strongnative_8node_large128c0c31_20260704060009_c8_sim_tfim_6q_4steps_r2_seed2023.json,simulation,hamiltonian_simulation,absolute_observable_error,0.0026046669809147716,exact_dense_eigendecomposition_numpy,,0,7.067623408976942,2713.446079964802,0.821802450632914,0.8206730318635869,0.0011294187693271507,44,40,6,1,strongnative_8node_large128c0c31_20260704060009_c8,7.0806457590078935,2023,72,4,3,synthetic,"0,1,2",,1,21,1,,4,chordal,7,tfim,auto,6,4,data/raw/perlmutter/practical_suite_sweep/practical_strongnative_8node_large128c0c31_20260704060009_c8_sim_tfim_6q_4steps_r2_seed2023.json,ok
practical_strongnative_8node_large128c0c31_20260704060009_c8_sim_tfim_6q_4steps_r3_seed3023.json,simulation,hamiltonian_simulation,absolute_observable_error,0.0026199459680356085,exact_dense_eigendecomposition_numpy,,0,6.96380271401722,2657.9947827086535,0.821802450632914,0.8206730318635869,0.0011294187693271507,44,40,6,1,strongnative_8node_large128c0c31_20260704060009_c8,6.977571353956591,3023,72,4,3,synthetic,"0,1,2",,1,21,1,,4,chordal,7,tfim,auto,6,4,data/raw/perlmutter/practical_suite_sweep/practical_strongnative_8node_large128c0c31_20260704060009_c8_sim_tfim_6q_4steps_r3_seed3023.json,ok
practical_strongnative_8node_large128c0c31_20260704060009_c9_chem_4q_l2_grid9_r2_seed2023.json,chemistry,chemistry_vqe,absolute_energy_error,0.00018054799875244498,exact_diagonalization_numpy,,0,6.208127627032809,34384.91520221704,-1.705732892552902,-0.9598637992425669,0.7458690933103351,336,126,84,21,strongnative_8node_large128c0c31_20260704060009_c9,6.2233751300373115,2023,72,4,3,synthetic,"0,1,2",,1,9,2,benchmarks/workloads/hamiltonians/molecular_chain_4q.json,4,chordal,7,tfim,auto,4,4,data/raw/perlmutter/practical_suite_sweep/practical_strongnative_8node_large128c0c31_20260704060009_c9_chem_4q_l2_grid9_r2_seed2023.json,ok
practical_strongnative_8node_large128c0c31_20260704060009_c9_chem_h2_l2_grid25_r0_seed17.json,chemistry,chemistry_vqe,absolute_energy_error,0.00015274499310180545,exact_diagonalization_numpy,,0,6.8748859809711576,45008.91218338663,-1.85727503020238,-1.8369679912029844,0.020307038999395566,424,106,106,53,strongnative_8node_large128c0c31_20260704060009_c9,6.8847734309965745,17,72,4,3,synthetic,"0,1,2",,1,25,2,,4,chordal,7,tfim,auto,4,4,data/raw/perlmutter/practical_suite_sweep/practical_strongnative_8node_large128c0c31_20260704060009_c9_chem_h2_l2_grid25_r0_seed17.json,ok
practical_strongnative_8node_large128c0c31_20260704060009_c9_ml_digits_c0v1v2_192s_4q_d2_r0_seed17.json,ml,multiclass_ml,test_accuracy,0.011404008022509515,softmax_regression_numpy,softmax_regression_numpy,6,18.586156422039494,1629.7915947931353,1.0,0.7083333333333334,0.29166666666666663,3072,1152,768,192,strongnative_8node_large128c0c31_20260704060009_c9,18.815406970039476,17,192,4,3,digits,"0,1,2",sklearn_digits,2,21,1,,4,chordal,7,tfim,auto,4,4,data/raw/perlmutter/practical_suite_sweep/practical_strongnative_8node_large128c0c31_20260704060009_c9_ml_digits_c0v1v2_192s_4q_d2_r0_seed17.json,ok
practical_strongnative_8node_large128c0c31_20260704060009_c9_ml_digits_c0v1v2_192s_4q_d2_r0_seed23.json,ml,multiclass_ml,test_accuracy,0.0016461149789392948,knn_numpy,knn_numpy,6,7.215166134992614,4383.14833854549,1.0,0.6875,0.3125,3072,1152,768,192,strongnative_8node_large128c0c31_20260704060009_c9,7.3239787929924205,23,192,4,3,digits,"0,1,2",sklearn_digits,2,21,1,,4,chordal,7,tfim,auto,4,4,data/raw/perlmutter/practical_suite_sweep/practical_strongnative_8node_large128c0c31_20260704060009_c9_ml_digits_c0v1v2_192s_4q_d2_r0_seed23.json,ok
practical_strongnative_8node_large128c0c31_20260704060009_c9_ml_digits_c0v1v2_192s_4q_d2_r0_seed31.json,ml,multiclass_ml,test_accuracy,0.0015793070197105408,knn_numpy,knn_numpy,6,6.944945936964359,4397.464109440383,1.0,0.7708333333333334,0.22916666666666663,3072,1152,768,192,strongnative_8node_large128c0c31_20260704060009_c9,7.05208566901274,31,192,4,3,digits,"0,1,2",sklearn_digits,2,21,1,,4,chordal,7,tfim,auto,4,4,data/raw/perlmutter/practical_suite_sweep/practical_strongnative_8node_large128c0c31_20260704060009_c9_ml_digits_c0v1v2_192s_4q_d2_r0_seed31.json,ok
practical_strongnative_8node_large128c0c31_20260704060009_c9_ml_digits_c0v1v2_192s_4q_d2_r0_seed43.json,ml,multiclass_ml,test_accuracy,0.0015858900151215494,knn_numpy,knn_numpy,6,7.341522700036876,4629.276072133029,1.0,0.6041666666666666,0.39583333333333337,3072,1152,768,192,strongnative_8node_large128c0c31_20260704060009_c9,7.448521780024748,43,192,4,3,digits,"0,1,2",sklearn_digits,2,21,1,,4,chordal,7,tfim,auto,4,4,data/raw/perlmutter/practical_suite_sweep/practical_strongnative_8node_large128c0c31_20260704060009_c9_ml_digits_c0v1v2_192s_4q_d2_r0_seed43.json,ok
practical_strongnative_8node_large128c0c31_20260704060009_c9_ml_digits_c0v1v2_192s_4q_d2_r1_seed1017.json,ml,multiclass_ml,test_accuracy,0.0015821530250832438,knn_numpy,knn_numpy,6,7.057101737009361,4460.441957969304,0.9791666666666666,0.6666666666666666,0.3125,3072,1152,768,192,strongnative_8node_large128c0c31_20260704060009_c9,7.163897674006876,1017,192,4,3,digits,"0,1,2",sklearn_digits,2,21,1,,4,chordal,7,tfim,auto,4,4,data/raw/perlmutter/practical_suite_sweep/practical_strongnative_8node_large128c0c31_20260704060009_c9_ml_digits_c0v1v2_192s_4q_d2_r1_seed1017.json,ok
practical_strongnative_8node_large128c0c31_20260704060009_c9_ml_digits_c0v1v2_192s_4q_d2_r1_seed1023.json,ml,multiclass_ml,test_accuracy,0.0015582260093651712,knn_numpy,knn_numpy,6,6.678558365034405,4286.001083857715,1.0,0.6666666666666666,0.33333333333333337,3072,1152,768,192,strongnative_8node_large128c0c31_20260704060009_c9,6.790914390003309,1023,192,4,3,digits,"0,1,2",sklearn_digits,2,21,1,,4,chordal,7,tfim,auto,4,4,data/raw/perlmutter/practical_suite_sweep/practical_strongnative_8node_large128c0c31_20260704060009_c9_ml_digits_c0v1v2_192s_4q_d2_r1_seed1023.json,ok
practical_strongnative_8node_large128c0c31_20260704060009_c9_ml_digits_c0v1v2_192s_4q_d2_r1_seed1031.json,ml,multiclass_ml,test_accuracy,0.00014855695189908147,linear_ridge_numpy,linear_ridge_numpy,6,6.847487294988241,46093.34808942441,1.0,0.7708333333333334,0.22916666666666663,3072,1152,768,192,strongnative_8node_large128c0c31_20260704060009_c9,6.953815068991389,1031,192,4,3,digits,"0,1,2",sklearn_digits,2,21,1,,4,chordal,7,tfim,auto,4,4,data/raw/perlmutter/practical_suite_sweep/practical_strongnative_8node_large128c0c31_20260704060009_c9_ml_digits_c0v1v2_192s_4q_d2_r1_seed1031.json,ok
practical_strongnative_8node_large128c0c31_20260704060009_c9_ml_digits_c0v1v2_192s_4q_d2_r1_seed1043.json,ml,multiclass_ml,test_accuracy,0.013008758018258959,rbf_kernel_ridge_numpy,rbf_kernel_ridge_numpy,6,6.846790167037398,526.321587151311,1.0,0.6666666666666666,0.33333333333333337,3072,1152,768,192,strongnative_8node_large128c0c31_20260704060009_c9,6.954913501976989,1043,192,4,3,digits,"0,1,2",sklearn_digits,2,21,1,,4,chordal,7,tfim,auto,4,4,data/raw/perlmutter/practical_suite_sweep/practical_strongnative_8node_large128c0c31_20260704060009_c9_ml_digits_c0v1v2_192s_4q_d2_r1_seed1043.json,ok
practical_strongnative_8node_large128c0c31_20260704060009_c9_ml_digits_c0v1v2_192s_4q_d2_r2_seed2017.json,ml,multiclass_ml,test_accuracy,0.0015798700042068958,knn_numpy,knn_numpy,6,6.728908439981751,4259.153235433256,1.0,0.6875,0.3125,3072,1152,768,192,strongnative_8node_large128c0c31_20260704060009_c9,6.836074188991915,2017,192,4,3,digits,"0,1,2",sklearn_digits,2,21,1,,4,chordal,7,tfim,auto,4,4,data/raw/perlmutter/practical_suite_sweep/practical_strongnative_8node_large128c0c31_20260704060009_c9_ml_digits_c0v1v2_192s_4q_d2_r2_seed2017.json,ok
practical_strongnative_8node_large128c0c31_20260704060009_c9_ml_digits_c0v1v2_192s_4q_d2_r2_seed2023.json,ml,multiclass_ml,test_accuracy,0.0015767510049045086,knn_numpy,knn_numpy,6,7.190006337012164,4560.013797135716,1.0,0.5833333333333334,0.41666666666666663,3072,1152,768,192,strongnative_8node_large128c0c31_20260704060009_c9,7.297751846956089,2023,192,4,3,digits,"0,1,2",sklearn_digits,2,21,1,,4,chordal,7,tfim,auto,4,4,data/raw/perlmutter/practical_suite_sweep/practical_strongnative_8node_large128c0c31_20260704060009_c9_ml_digits_c0v1v2_192s_4q_d2_r2_seed2023.json,ok
practical_strongnative_8node_large128c0c31_20260704060009_c9_ml_digits_c0v1v2_192s_4q_d2_r2_seed2031.json,ml,multiclass_ml,test_accuracy,0.0128092709928751,rbf_kernel_ridge_numpy,rbf_kernel_ridge_numpy,6,6.649774325022008,519.1376096829251,1.0,0.5833333333333334,0.41666666666666663,3072,1152,768,192,strongnative_8node_large128c0c31_20260704060009_c9,6.75774765398819,2031,192,4,3,digits,"0,1,2",sklearn_digits,2,21,1,,4,chordal,7,tfim,auto,4,4,data/raw/perlmutter/practical_suite_sweep/practical_strongnative_8node_large128c0c31_20260704060009_c9_ml_digits_c0v1v2_192s_4q_d2_r2_seed2031.json,ok
practical_strongnative_8node_large128c0c31_20260704060009_c9_ml_digits_c0v1v2_192s_4q_d2_r2_seed2043.json,ml,multiclass_ml,test_accuracy,0.00016724300803616643,nearest_centroid_numpy,nearest_centroid_numpy,6,7.065365115995519,42246.10163952342,1.0,0.7083333333333334,0.29166666666666663,3072,1152,768,192,strongnative_8node_large128c0c31_20260704060009_c9,7.1720952890464105,2043,192,4,3,digits,"0,1,2",sklearn_digits,2,21,1,,4,chordal,7,tfim,auto,4,4,data/raw/perlmutter/practical_suite_sweep/practical_strongnative_8node_large128c0c31_20260704060009_c9_ml_digits_c0v1v2_192s_4q_d2_r2_seed2043.json,ok
practical_strongnative_8node_large128c0c31_20260704060009_c9_ml_digits_c0v1v2_192s_4q_d2_r3_seed3017.json,ml,multiclass_ml,test_accuracy,0.00015080999583005905,linear_ridge_numpy,linear_ridge_numpy,6,6.858609439979773,45478.48040330449,1.0,0.6458333333333334,0.35416666666666663,3072,1152,768,192,strongnative_8node_large128c0c31_20260704060009_c9,6.965112985984888,3017,192,4,3,digits,"0,1,2",sklearn_digits,2,21,1,,4,chordal,7,tfim,auto,4,4,data/raw/perlmutter/practical_suite_sweep/practical_strongnative_8node_large128c0c31_20260704060009_c9_ml_digits_c0v1v2_192s_4q_d2_r3_seed3017.json,ok
practical_strongnative_8node_large128c0c31_20260704060009_c9_ml_digits_c0v1v2_192s_4q_d2_r3_seed3023.json,ml,multiclass_ml,test_accuracy,0.0001462619984522462,linear_ridge_numpy,linear_ridge_numpy,6,6.709263248019852,45871.540926677495,1.0,0.7708333333333334,0.22916666666666663,3072,1152,768,192,strongnative_8node_large128c0c31_20260704060009_c9,6.816693640954327,3023,192,4,3,digits,"0,1,2",sklearn_digits,2,21,1,,4,chordal,7,tfim,auto,4,4,data/raw/perlmutter/practical_suite_sweep/practical_strongnative_8node_large128c0c31_20260704060009_c9_ml_digits_c0v1v2_192s_4q_d2_r3_seed3023.json,ok
practical_strongnative_8node_large128c0c31_20260704060009_c9_ml_digits_c0v1v2_192s_4q_d2_r3_seed3031.json,ml,multiclass_ml,test_accuracy,0.00014391803415492177,nearest_centroid_numpy,nearest_centroid_numpy,6,6.6635480530094355,46300.994118891336,1.0,0.7291666666666666,0.27083333333333337,3072,1152,768,192,strongnative_8node_large128c0c31_20260704060009_c9,6.770453655975871,3031,192,4,3,digits,"0,1,2",sklearn_digits,2,21,1,,4,chordal,7,tfim,auto,4,4,data/raw/perlmutter/practical_suite_sweep/practical_strongnative_8node_large128c0c31_20260704060009_c9_ml_digits_c0v1v2_192s_4q_d2_r3_seed3031.json,ok
practical_strongnative_8node_large128c0c31_20260704060009_c9_ml_digits_c0v1v2_192s_4q_d2_r3_seed3043.json,ml,multiclass_ml,test_accuracy,0.00014613202074542642,linear_ridge_numpy,linear_ridge_numpy,6,6.865899740951136,46984.22499003198,1.0,0.75,0.25,3072,1152,768,192,strongnative_8node_large128c0c31_20260704060009_c9,6.972515032044612,3043,192,4,3,digits,"0,1,2",sklearn_digits,2,21,1,,4,chordal,7,tfim,auto,4,4,data/raw/perlmutter/practical_suite_sweep/practical_strongnative_8node_large128c0c31_20260704060009_c9_ml_digits_c0v1v2_192s_4q_d2_r3_seed3043.json,ok
practical_strongnative_8node_large128c0c31_20260704060009_c9_qaoa_chordal_7n_grid9_r0_seed17.json,optimization,optimization_qaoa,approximation_ratio,3.1050003599375486e-05,greedy_assignment_numpy,,4,6.587914519011974,212171.13543730727,8,6.123160171779813,0.23460497852752338,1863,1458,567,81,strongnative_8node_large128c0c31_20260704060009_c9,6.610394498973619,17,72,4,3,synthetic,"0,1,2",,1,21,1,,7,chordal,9,tfim,auto,4,4,data/raw/perlmutter/practical_suite_sweep/practical_strongnative_8node_large128c0c31_20260704060009_c9_qaoa_chordal_7n_grid9_r0_seed17.json,ok
practical_strongnative_8node_large128c0c31_20260704060009_c9_qaoa_chordal_7n_grid9_r2_seed2017.json,optimization,optimization_qaoa,approximation_ratio,3.1189993023872375e-05,greedy_assignment_numpy,,4,6.948814382019918,222789.86650306062,8,6.123160171779813,0.23460497852752338,1863,1458,567,81,strongnative_8node_large128c0c31_20260704060009_c9,6.980410314979963,2017,72,4,3,synthetic,"0,1,2",,1,21,1,,7,chordal,9,tfim,auto,4,4,data/raw/perlmutter/practical_suite_sweep/practical_strongnative_8node_large128c0c31_20260704060009_c9_qaoa_chordal_7n_grid9_r2_seed2017.json,ok
practical_strongnative_8node_large128c0c31_20260704060009_c9_qaoa_ladder_4n_grid9_r1_seed1031.json,optimization,optimization_qaoa,approximation_ratio,1.6121019143611193e-05,greedy_assignment_numpy,,4,7.015297597041354,435164.6465119134,4,2.9999999999999982,0.25000000000000044,972,648,324,81,strongnative_8node_large128c0c31_20260704060009_c9,7.0369299420272,1031,72,4,3,synthetic,"0,1,2",,1,21,1,,4,ladder,9,tfim,auto,4,4,data/raw/perlmutter/practical_suite_sweep/practical_strongnative_8node_large128c0c31_20260704060009_c9_qaoa_ladder_4n_grid9_r1_seed1031.json,ok
practical_strongnative_8node_large128c0c31_20260704060009_c9_qaoa_ladder_4n_grid9_r3_seed3031.json,optimization,optimization_qaoa,approximation_ratio,1.601100666448474e-05,greedy_assignment_numpy,,4,7.0321489259949885,439207.17000221764,4,2.9999999999999982,0.25000000000000044,972,648,324,81,strongnative_8node_large128c0c31_20260704060009_c9,7.053909450012725,3031,72,4,3,synthetic,"0,1,2",,1,21,1,,4,ladder,9,tfim,auto,4,4,data/raw/perlmutter/practical_suite_sweep/practical_strongnative_8node_large128c0c31_20260704060009_c9_qaoa_ladder_4n_grid9_r3_seed3031.json,ok
practical_strongnative_8node_large128c0c31_20260704060009_c9_qaoa_ring_6n_grid9_r0_seed43.json,optimization,optimization_qaoa,approximation_ratio,2.2272986825555563e-05,greedy_assignment_numpy,,4,6.702949716011062,300945.2557265574,6,4.499999999999997,0.25000000000000044,1458,972,486,81,strongnative_8node_large128c0c31_20260704060009_c9,6.724294807005208,43,72,4,3,synthetic,"0,1,2",,1,21,1,,6,ring,9,tfim,auto,4,4,data/raw/perlmutter/practical_suite_sweep/practical_strongnative_8node_large128c0c31_20260704060009_c9_qaoa_ring_6n_grid9_r0_seed43.json,ok
practical_strongnative_8node_large128c0c31_20260704060009_c9_qaoa_ring_6n_grid9_r2_seed2043.json,optimization,optimization_qaoa,approximation_ratio,1.8937047570943832e-05,greedy_assignment_numpy,,4,6.970284825016279,368076.6391330809,6,4.499999999999997,0.25000000000000044,1458,972,486,81,strongnative_8node_large128c0c31_20260704060009_c9,6.9900742240133695,2043,72,4,3,synthetic,"0,1,2",,1,21,1,,6,ring,9,tfim,auto,4,4,data/raw/perlmutter/practical_suite_sweep/practical_strongnative_8node_large128c0c31_20260704060009_c9_qaoa_ring_6n_grid9_r2_seed2043.json,ok
practical_strongnative_8node_large128c0c31_20260704060009_c9_sim_tfim_6q_6steps_r0_seed23.json,simulation,hamiltonian_simulation,absolute_observable_error,0.002632189018186182,exact_dense_eigendecomposition_numpy,,0,6.996283775952179,2657.9716455063917,0.821802450632914,0.8213019840508512,0.0005004665820628196,66,60,6,1,strongnative_8node_large128c0c31_20260704060009_c9,7.009883119026199,23,72,4,3,synthetic,"0,1,2",,1,21,1,,4,chordal,7,tfim,auto,6,6,data/raw/perlmutter/practical_suite_sweep/practical_strongnative_8node_large128c0c31_20260704060009_c9_sim_tfim_6q_6steps_r0_seed23.json,ok
practical_strongnative_8node_large128c0c31_20260704060009_c9_sim_tfim_6q_6steps_r1_seed1023.json,simulation,hamiltonian_simulation,absolute_observable_error,0.0025947370450012386,exact_dense_eigendecomposition_numpy,,0,6.994637046998832,2695.701693731934,0.821802450632914,0.8213019840508512,0.0005004665820628196,66,60,6,1,strongnative_8node_large128c0c31_20260704060009_c9,7.008287829987239,1023,72,4,3,synthetic,"0,1,2",,1,21,1,,4,chordal,7,tfim,auto,6,6,data/raw/perlmutter/practical_suite_sweep/practical_strongnative_8node_large128c0c31_20260704060009_c9_sim_tfim_6q_6steps_r1_seed1023.json,ok
practical_strongnative_8node_large128c0c31_20260704060009_c9_sim_tfim_6q_6steps_r2_seed2023.json,simulation,hamiltonian_simulation,absolute_observable_error,0.0026534100179560483,exact_dense_eigendecomposition_numpy,,0,6.948527907952666,2618.7162409619586,0.821802450632914,0.8213019840508512,0.0005004665820628196,66,60,6,1,strongnative_8node_large128c0c31_20260704060009_c9,6.961838133982383,2023,72,4,3,synthetic,"0,1,2",,1,21,1,,4,chordal,7,tfim,auto,6,6,data/raw/perlmutter/practical_suite_sweep/practical_strongnative_8node_large128c0c31_20260704060009_c9_sim_tfim_6q_6steps_r2_seed2023.json,ok
practical_strongnative_8node_large128c0c31_20260704060009_c9_sim_tfim_6q_6steps_r3_seed3023.json,simulation,hamiltonian_simulation,absolute_observable_error,0.003365203971043229,exact_dense_eigendecomposition_numpy,,0,6.998292730015237,2079.604324205565,0.821802450632914,0.8213019840508512,0.0005004665820628196,66,60,6,1,strongnative_8node_large128c0c31_20260704060009_c9,7.012130903953221,3023,72,4,3,synthetic,"0,1,2",,1,21,1,,4,chordal,7,tfim,auto,6,6,data/raw/perlmutter/practical_suite_sweep/practical_strongnative_8node_large128c0c31_20260704060009_c9_sim_tfim_6q_6steps_r3_seed3023.json,ok
