file,workload,family,quality_metric,native_runtime_sec,native_selected_model,native_best_quality_model,native_model_count,quantum_runtime_sec,speedup_required,native_quality,quantum_quality,quality_gap,one_qubit_gates,two_qubit_gates,measurement_ops,circuit_evaluations,slurm_job_id,total_runtime_sec,seed,ml_samples,ml_features,ml_classes,ml_dataset,digits_classes,dataset_name,problem_name,problem_qubits,ml_depth,chem_grid,chem_layers,chem_hamiltonian_json,chem_native_baselines,opt_nodes,opt_graph,opt_grid,sim_model,sim_initial_state,sim_qubits,sim_steps,sim_native_baselines,path,status
practical_55730074_scale_8n_32g_c0_chem_h2_l1_grid17_r0_seed17.json,chemistry,chemistry_vqe,absolute_energy_error,0.0001477039186283946,exact_dense_diagonalization_numpy,sparse_lanczos_eigsh_scipy,2,19.219100331072696,130119.09575280568,-1.8572750302023806,-1.8456249981377126,0.01165003206466797,1304,326,652,326,55730074_scale_8n_32g_c0,19.232584199984558,17,72,4,3,synthetic,"0,1,2",,H2_minimal_2qubit,2,1,17,1,,"dense_exact,sparse_lanczos",4,chordal,7,tfim,auto,4,4,"dense_exact,sparse_krylov",data/raw/perlmutter/practical_suite_sweep/practical_55730074_scale_8n_32g_c0_chem_h2_l1_grid17_r0_seed17.json,ok
practical_55730074_scale_8n_32g_c0_chem_molecular_chain_4q_l1_grid9_r0_seed31.json,chemistry,chemistry_vqe,absolute_energy_error,0.00016080995555967093,exact_dense_diagonalization_numpy,sparse_lanczos_eigsh_scipy,2,20.076557100983337,124846.48124620388,-1.705732892552907,-0.9434356201924581,0.7622972723604489,168,63,84,21,55730074_scale_8n_32g_c0,20.085945877013728,31,72,4,3,synthetic,"0,1,2",,molecular_chain_4q_surrogate,4,1,9,1,benchmarks/workloads/hamiltonians/molecular_chain_4q.json,"dense_exact,sparse_lanczos",4,chordal,7,tfim,auto,4,4,"dense_exact,sparse_krylov",data/raw/perlmutter/practical_suite_sweep/practical_55730074_scale_8n_32g_c0_chem_molecular_chain_4q_l1_grid9_r0_seed31.json,ok
practical_55730074_scale_8n_32g_c0_ml_digits_c0v1v2_128s_4q_d1_r0_seed17.json,ml,multiclass_ml,test_accuracy,0.000370922964066267,linear_ridge_numpy,linear_ridge_numpy,6,40.56032705807593,109349.73292952994,1.0,0.6875,0.3125,1024,384,512,128,55730074_scale_8n_32g_c0,40.654901736998,17,128,4,3,digits,"0,1,2",sklearn_digits,,,1,21,1,,"dense_exact,sparse_lanczos",4,chordal,7,tfim,auto,4,4,"dense_exact,sparse_krylov",data/raw/perlmutter/practical_suite_sweep/practical_55730074_scale_8n_32g_c0_ml_digits_c0v1v2_128s_4q_d1_r0_seed17.json,ok
practical_55730074_scale_8n_32g_c0_ml_digits_c0v1v2_128s_4q_d1_r0_seed23.json,ml,multiclass_ml,test_accuracy,0.00013076199684292078,nearest_centroid_numpy,nearest_centroid_numpy,6,16.28220701799728,124517.88295613481,1.0,0.75,0.25,1024,384,512,128,55730074_scale_8n_32g_c0,16.348231927026063,23,128,4,3,digits,"0,1,2",sklearn_digits,,,1,21,1,,"dense_exact,sparse_lanczos",4,chordal,7,tfim,auto,4,4,"dense_exact,sparse_krylov",data/raw/perlmutter/practical_suite_sweep/practical_55730074_scale_8n_32g_c0_ml_digits_c0v1v2_128s_4q_d1_r0_seed23.json,ok
practical_55730074_scale_8n_32g_c0_ml_digits_c0v1v2_128s_4q_d1_r0_seed31.json,ml,multiclass_ml,test_accuracy,0.0001457809703424573,linear_ridge_numpy,linear_ridge_numpy,6,19.348490023054183,132723.0157516596,1.0,0.8125,0.1875,1024,384,512,128,55730074_scale_8n_32g_c0,19.41523308493197,31,128,4,3,digits,"0,1,2",sklearn_digits,,,1,21,1,,"dense_exact,sparse_lanczos",4,chordal,7,tfim,auto,4,4,"dense_exact,sparse_krylov",data/raw/perlmutter/practical_suite_sweep/practical_55730074_scale_8n_32g_c0_ml_digits_c0v1v2_128s_4q_d1_r0_seed31.json,ok
practical_55730074_scale_8n_32g_c0_ml_digits_c0v1v2_128s_4q_d1_r0_seed43.json,ml,multiclass_ml,test_accuracy,0.00014067103620618582,linear_ridge_numpy,linear_ridge_numpy,6,23.29949147894513,165631.05033785602,1.0,0.84375,0.15625,1024,384,512,128,55730074_scale_8n_32g_c0,23.380915713962168,43,128,4,3,digits,"0,1,2",sklearn_digits,,,1,21,1,,"dense_exact,sparse_lanczos",4,chordal,7,tfim,auto,4,4,"dense_exact,sparse_krylov",data/raw/perlmutter/practical_suite_sweep/practical_55730074_scale_8n_32g_c0_ml_digits_c0v1v2_128s_4q_d1_r0_seed43.json,ok
practical_55730074_scale_8n_32g_c0_ml_digits_c0v1v2v3_128s_4q_d1_r0_seed17.json,ml,multiclass_ml,test_accuracy,0.0007813950069248676,rbf_kernel_ridge_numpy,rbf_kernel_ridge_numpy,6,19.648230496095493,25145.067887520687,0.9375,0.875,0.0625,1024,384,512,128,55730074_scale_8n_32g_c0,19.71308960497845,17,128,4,4,digits,"0,1,2,3",sklearn_digits,,,1,21,1,,"dense_exact,sparse_lanczos",4,chordal,7,tfim,auto,4,4,"dense_exact,sparse_krylov",data/raw/perlmutter/practical_suite_sweep/practical_55730074_scale_8n_32g_c0_ml_digits_c0v1v2v3_128s_4q_d1_r0_seed17.json,ok
practical_55730074_scale_8n_32g_c0_ml_digits_c0v1v2v3_128s_4q_d1_r0_seed23.json,ml,multiclass_ml,test_accuracy,0.009797909995540977,softmax_regression_numpy,softmax_regression_numpy,6,19.888463709969074,2029.8679737842358,0.9375,0.78125,0.15625,1024,384,512,128,55730074_scale_8n_32g_c0,19.9618734610267,23,128,4,4,digits,"0,1,2,3",sklearn_digits,,,1,21,1,,"dense_exact,sparse_lanczos",4,chordal,7,tfim,auto,4,4,"dense_exact,sparse_krylov",data/raw/perlmutter/practical_suite_sweep/practical_55730074_scale_8n_32g_c0_ml_digits_c0v1v2v3_128s_4q_d1_r0_seed23.json,ok
practical_55730074_scale_8n_32g_c0_ml_digits_c0v1v2v3_128s_4q_d1_r0_seed31.json,ml,multiclass_ml,test_accuracy,0.000764804077334702,rbf_kernel_ridge_numpy,rbf_kernel_ridge_numpy,6,20.1320740749361,26323.17827736381,0.9375,0.71875,0.21875,1024,384,512,128,55730074_scale_8n_32g_c0,20.22091937798541,31,128,4,4,digits,"0,1,2,3",sklearn_digits,,,1,21,1,,"dense_exact,sparse_lanczos",4,chordal,7,tfim,auto,4,4,"dense_exact,sparse_krylov",data/raw/perlmutter/practical_suite_sweep/practical_55730074_scale_8n_32g_c0_ml_digits_c0v1v2v3_128s_4q_d1_r0_seed31.json,ok
practical_55730074_scale_8n_32g_c0_ml_digits_c0v1v2v3_128s_4q_d1_r0_seed43.json,ml,multiclass_ml,test_accuracy,0.0008094289805740118,rbf_kernel_ridge_numpy,rbf_kernel_ridge_numpy,6,20.81917369796429,25720.815782009977,1.0,0.8125,0.1875,1024,384,512,128,55730074_scale_8n_32g_c0,20.886455161031336,43,128,4,4,digits,"0,1,2,3",sklearn_digits,,,1,21,1,,"dense_exact,sparse_lanczos",4,chordal,7,tfim,auto,4,4,"dense_exact,sparse_krylov",data/raw/perlmutter/practical_suite_sweep/practical_55730074_scale_8n_32g_c0_ml_digits_c0v1v2v3_128s_4q_d1_r0_seed43.json,ok
practical_55730074_scale_8n_32g_c0_ml_digits_c2v4v6v8_128s_4q_d1_r0_seed17.json,ml,multiclass_ml,test_accuracy,0.000803167000412941,knn_numpy,knn_numpy,6,18.967214816017076,23615.53052636034,0.9375,0.5625,0.375,1024,384,512,128,55730074_scale_8n_32g_c0,19.035561496042646,17,128,4,4,digits,"2,4,6,8",sklearn_digits,,,1,21,1,,"dense_exact,sparse_lanczos",4,chordal,7,tfim,auto,4,4,"dense_exact,sparse_krylov",data/raw/perlmutter/practical_suite_sweep/practical_55730074_scale_8n_32g_c0_ml_digits_c2v4v6v8_128s_4q_d1_r0_seed17.json,ok
practical_55730074_scale_8n_32g_c0_ml_digits_c2v4v6v8_128s_4q_d1_r0_seed23.json,ml,multiclass_ml,test_accuracy,0.00014618202112615108,linear_ridge_numpy,linear_ridge_numpy,6,20.997439524973743,143639.0013164035,0.90625,0.875,0.03125,1024,384,512,128,55730074_scale_8n_32g_c0,21.06316322798375,23,128,4,4,digits,"2,4,6,8",sklearn_digits,,,1,21,1,,"dense_exact,sparse_lanczos",4,chordal,7,tfim,auto,4,4,"dense_exact,sparse_krylov",data/raw/perlmutter/practical_suite_sweep/practical_55730074_scale_8n_32g_c0_ml_digits_c2v4v6v8_128s_4q_d1_r0_seed23.json,ok
practical_55730074_scale_8n_32g_c0_ml_digits_c2v4v6v8_128s_4q_d1_r0_seed31.json,ml,multiclass_ml,test_accuracy,0.00014925794675946236,linear_ridge_numpy,linear_ridge_numpy,6,21.787366744014435,145971.2344772236,0.96875,0.71875,0.25,1024,384,512,128,55730074_scale_8n_32g_c0,21.854157118010335,31,128,4,4,digits,"2,4,6,8",sklearn_digits,,,1,21,1,,"dense_exact,sparse_lanczos",4,chordal,7,tfim,auto,4,4,"dense_exact,sparse_krylov",data/raw/perlmutter/practical_suite_sweep/practical_55730074_scale_8n_32g_c0_ml_digits_c2v4v6v8_128s_4q_d1_r0_seed31.json,ok
practical_55730074_scale_8n_32g_c0_ml_digits_c2v4v6v8_128s_4q_d1_r0_seed43.json,ml,multiclass_ml,test_accuracy,0.0007922259392216802,rbf_kernel_ridge_numpy,rbf_kernel_ridge_numpy,6,19.65432975697331,24808.995494748182,0.96875,0.78125,0.1875,1024,384,512,128,55730074_scale_8n_32g_c0,19.72008839098271,43,128,4,4,digits,"2,4,6,8",sklearn_digits,,,1,21,1,,"dense_exact,sparse_lanczos",4,chordal,7,tfim,auto,4,4,"dense_exact,sparse_krylov",data/raw/perlmutter/practical_suite_sweep/practical_55730074_scale_8n_32g_c0_ml_digits_c2v4v6v8_128s_4q_d1_r0_seed43.json,ok
practical_55730074_scale_8n_32g_c0_ml_digits_c3v5v8_128s_4q_d1_r0_seed17.json,ml,multiclass_ml,test_accuracy,0.009521654923446476,softmax_regression_numpy,softmax_regression_numpy,6,18.87020740704611,1981.820130929069,0.96875,0.625,0.34375,1024,384,512,128,55730074_scale_8n_32g_c0,18.951437700074166,17,128,4,3,digits,"3,5,8",sklearn_digits,,,1,21,1,,"dense_exact,sparse_lanczos",4,chordal,7,tfim,auto,4,4,"dense_exact,sparse_krylov",data/raw/perlmutter/practical_suite_sweep/practical_55730074_scale_8n_32g_c0_ml_digits_c3v5v8_128s_4q_d1_r0_seed17.json,ok
practical_55730074_scale_8n_32g_c0_ml_digits_c3v5v8_128s_4q_d1_r0_seed23.json,ml,multiclass_ml,test_accuracy,0.00013146409764885902,nearest_centroid_numpy,nearest_centroid_numpy,6,16.576112175011076,126088.50987808031,1.0,0.71875,0.28125,1024,384,512,128,55730074_scale_8n_32g_c0,16.648654224001803,23,128,4,3,digits,"3,5,8",sklearn_digits,,,1,21,1,,"dense_exact,sparse_lanczos",4,chordal,7,tfim,auto,4,4,"dense_exact,sparse_krylov",data/raw/perlmutter/practical_suite_sweep/practical_55730074_scale_8n_32g_c0_ml_digits_c3v5v8_128s_4q_d1_r0_seed23.json,ok
practical_55730074_scale_8n_32g_c0_ml_digits_c3v5v8_128s_4q_d1_r0_seed31.json,ml,multiclass_ml,test_accuracy,0.0008042400004342198,rbf_kernel_ridge_numpy,rbf_kernel_ridge_numpy,6,19.818826899048872,24642.926102094432,0.96875,0.5625,0.40625,1024,384,512,128,55730074_scale_8n_32g_c0,19.883673848002218,31,128,4,3,digits,"3,5,8",sklearn_digits,,,1,21,1,,"dense_exact,sparse_lanczos",4,chordal,7,tfim,auto,4,4,"dense_exact,sparse_krylov",data/raw/perlmutter/practical_suite_sweep/practical_55730074_scale_8n_32g_c0_ml_digits_c3v5v8_128s_4q_d1_r0_seed31.json,ok
practical_55730074_scale_8n_32g_c0_ml_digits_c3v5v8_128s_4q_d1_r0_seed43.json,ml,multiclass_ml,test_accuracy,0.000780442962422967,rbf_kernel_ridge_numpy,rbf_kernel_ridge_numpy,6,23.122846975922585,29627.84993811115,1.0,0.65625,0.34375,1024,384,512,128,55730074_scale_8n_32g_c0,23.188797533977777,43,128,4,3,digits,"3,5,8",sklearn_digits,,,1,21,1,,"dense_exact,sparse_lanczos",4,chordal,7,tfim,auto,4,4,"dense_exact,sparse_krylov",data/raw/perlmutter/practical_suite_sweep/practical_55730074_scale_8n_32g_c0_ml_digits_c3v5v8_128s_4q_d1_r0_seed43.json,ok
practical_55730074_scale_8n_32g_c0_qaoa_chordal_7n_grid7_r0_seed17.json,optimization,optimization_qaoa,approximation_ratio,2.4777022190392017e-05,greedy_assignment_numpy,,4,20.5389648739947,828952.1120080063,8,5.966466079257492,0.25419174009281353,1127,882,343,49,55730074_scale_8n_32g_c0,20.552427507936954,17,72,4,3,synthetic,"0,1,2",,small_maxcut,7,1,21,1,,"dense_exact,sparse_lanczos",7,chordal,7,tfim,auto,4,4,"dense_exact,sparse_krylov",data/raw/perlmutter/practical_suite_sweep/practical_55730074_scale_8n_32g_c0_qaoa_chordal_7n_grid7_r0_seed17.json,ok
practical_55730074_scale_8n_32g_c0_qaoa_chordal_7n_grid7_r0_seed31.json,optimization,optimization_qaoa,approximation_ratio,2.405606210231781e-05,greedy_assignment_numpy,,4,16.462735906010494,684348.7448606272,8,5.966466079257492,0.25419174009281353,1127,882,343,49,55730074_scale_8n_32g_c0,16.611747320974246,31,72,4,3,synthetic,"0,1,2",,small_maxcut,7,1,21,1,,"dense_exact,sparse_lanczos",7,chordal,7,tfim,auto,4,4,"dense_exact,sparse_krylov",data/raw/perlmutter/practical_suite_sweep/practical_55730074_scale_8n_32g_c0_qaoa_chordal_7n_grid7_r0_seed31.json,ok
practical_55730074_scale_8n_32g_c0_qaoa_ladder_4n_grid7_r0_seed17.json,optimization,optimization_qaoa,approximation_ratio,1.6661942936480045e-05,greedy_assignment_numpy,,4,18.868550998042338,1132434.018648035,4,2.749999999999999,0.3125000000000002,588,392,196,49,55730074_scale_8n_32g_c0,18.892518850043416,17,72,4,3,synthetic,"0,1,2",,small_maxcut,4,1,21,1,,"dense_exact,sparse_lanczos",4,ladder,7,tfim,auto,4,4,"dense_exact,sparse_krylov",data/raw/perlmutter/practical_suite_sweep/practical_55730074_scale_8n_32g_c0_qaoa_ladder_4n_grid7_r0_seed17.json,ok
practical_55730074_scale_8n_32g_c0_qaoa_ladder_4n_grid7_r0_seed31.json,optimization,optimization_qaoa,approximation_ratio,2.1931948140263557e-05,exact_enumeration_numpy,,4,17.800157450023107,811608.5874443984,4,2.749999999999999,0.3125000000000002,588,392,196,49,55730074_scale_8n_32g_c0,17.810111472965218,31,72,4,3,synthetic,"0,1,2",,small_maxcut,4,1,21,1,,"dense_exact,sparse_lanczos",4,ladder,7,tfim,auto,4,4,"dense_exact,sparse_krylov",data/raw/perlmutter/practical_suite_sweep/practical_55730074_scale_8n_32g_c0_qaoa_ladder_4n_grid7_r0_seed31.json,ok
practical_55730074_scale_8n_32g_c0_qaoa_ring_6n_grid7_r0_seed23.json,optimization,optimization_qaoa,approximation_ratio,1.784402411431074e-05,greedy_assignment_numpy,,4,18.59806634997949,1042257.4095864404,6,4.125,0.3125,882,588,294,49,55730074_scale_8n_32g_c0,18.612294299993664,23,72,4,3,synthetic,"0,1,2",,small_maxcut,6,1,21,1,,"dense_exact,sparse_lanczos",6,ring,7,tfim,auto,4,4,"dense_exact,sparse_krylov",data/raw/perlmutter/practical_suite_sweep/practical_55730074_scale_8n_32g_c0_qaoa_ring_6n_grid7_r0_seed23.json,ok
practical_55730074_scale_8n_32g_c0_qaoa_ring_6n_grid7_r0_seed43.json,optimization,optimization_qaoa,approximation_ratio,1.8034945242106915e-05,greedy_assignment_numpy,,4,12.65091558592394,701466.8143481432,6,4.125,0.3125,882,588,294,49,55730074_scale_8n_32g_c0,12.662370800971985,43,72,4,3,synthetic,"0,1,2",,small_maxcut,6,1,21,1,,"dense_exact,sparse_lanczos",6,ring,7,tfim,auto,4,4,"dense_exact,sparse_krylov",data/raw/perlmutter/practical_suite_sweep/practical_55730074_scale_8n_32g_c0_qaoa_ring_6n_grid7_r0_seed43.json,ok
practical_55730074_scale_8n_32g_c0_sim_tfim_6q_4steps_r0_seed17.json,simulation,hamiltonian_simulation,absolute_observable_error,0.00232730305287987,sparse_krylov_expm_multiply_scipy,exact_dense_eigendecomposition_numpy,2,13.351419040001929,5736.863114359133,0.821802450632914,0.8206730318635869,0.0011294187693271507,44,40,6,1,55730074_scale_8n_32g_c0,13.450681727961637,17,72,4,3,synthetic,"0,1,2",,tfim,6,1,21,1,,"dense_exact,sparse_lanczos",4,chordal,7,tfim,auto,6,4,"dense_exact,sparse_krylov",data/raw/perlmutter/practical_suite_sweep/practical_55730074_scale_8n_32g_c0_sim_tfim_6q_4steps_r0_seed17.json,ok
practical_55730074_scale_8n_32g_c0_sim_tfim_6q_4steps_r0_seed23.json,simulation,hamiltonian_simulation,absolute_observable_error,0.0022569469874724746,sparse_krylov_expm_multiply_scipy,exact_dense_eigendecomposition_numpy,2,13.757286409963854,6095.529264234274,0.821802450632914,0.8206730318635869,0.0011294187693271507,44,40,6,1,55730074_scale_8n_32g_c0,13.775566378957592,23,72,4,3,synthetic,"0,1,2",,tfim,6,1,21,1,,"dense_exact,sparse_lanczos",4,chordal,7,tfim,auto,6,4,"dense_exact,sparse_krylov",data/raw/perlmutter/practical_suite_sweep/practical_55730074_scale_8n_32g_c0_sim_tfim_6q_4steps_r0_seed23.json,ok
practical_55730074_scale_8n_32g_c0_sim_tfim_6q_4steps_r0_seed31.json,simulation,hamiltonian_simulation,absolute_observable_error,0.0022713450016453862,exact_dense_eigendecomposition_numpy,exact_dense_eigendecomposition_numpy,2,13.239076102036051,5828.7385194435565,0.821802450632914,0.8206730318635869,0.0011294187693271507,44,40,6,1,55730074_scale_8n_32g_c0,13.253806223976426,31,72,4,3,synthetic,"0,1,2",,tfim,6,1,21,1,,"dense_exact,sparse_lanczos",4,chordal,7,tfim,auto,6,4,"dense_exact,sparse_krylov",data/raw/perlmutter/practical_suite_sweep/practical_55730074_scale_8n_32g_c0_sim_tfim_6q_4steps_r0_seed31.json,ok
practical_55730074_scale_8n_32g_c0_sim_tfim_6q_4steps_r0_seed43.json,simulation,hamiltonian_simulation,absolute_observable_error,0.002249283017590642,sparse_krylov_expm_multiply_scipy,exact_dense_eigendecomposition_numpy,2,12.686072738957591,5640.051803061447,0.821802450632914,0.8206730318635869,0.0011294187693271507,44,40,6,1,55730074_scale_8n_32g_c0,12.698458094033413,43,72,4,3,synthetic,"0,1,2",,tfim,6,1,21,1,,"dense_exact,sparse_lanczos",4,chordal,7,tfim,auto,6,4,"dense_exact,sparse_krylov",data/raw/perlmutter/practical_suite_sweep/practical_55730074_scale_8n_32g_c0_sim_tfim_6q_4steps_r0_seed43.json,ok
practical_55730074_scale_8n_32g_c10_chem_h2_l1_grid17_r0_seed43.json,chemistry,chemistry_vqe,absolute_energy_error,0.00014302588533610106,exact_dense_diagonalization_numpy,sparse_lanczos_eigsh_scipy,2,22.916328485007398,160225.04199960444,-1.8572750302023815,-1.8456249981377126,0.011650032064668858,1304,326,652,326,55730074_scale_8n_32g_c10,22.925297880079597,43,72,4,3,synthetic,"0,1,2",,H2_minimal_2qubit,2,1,17,1,,"dense_exact,sparse_lanczos",4,chordal,7,tfim,auto,4,4,"dense_exact,sparse_krylov",data/raw/perlmutter/practical_suite_sweep/practical_55730074_scale_8n_32g_c10_chem_h2_l1_grid17_r0_seed43.json,ok
practical_55730074_scale_8n_32g_c10_chem_h2_l2_grid33_r0_seed17.json,chemistry,chemistry_vqe,absolute_energy_error,0.0001443590736016631,exact_dense_diagonalization_numpy,sparse_lanczos_eigsh_scipy,2,22.23508373799268,154026.2290636958,-1.857275030202382,-1.8369679912029844,0.020307038999397564,552,138,138,69,55730074_scale_8n_32g_c10,22.251301440992393,17,72,4,3,synthetic,"0,1,2",,H2_minimal_2qubit,2,1,33,2,,"dense_exact,sparse_lanczos",4,chordal,7,tfim,auto,4,4,"dense_exact,sparse_krylov",data/raw/perlmutter/practical_suite_sweep/practical_55730074_scale_8n_32g_c10_chem_h2_l2_grid33_r0_seed17.json,ok
practical_55730074_scale_8n_32g_c10_ml_digits_c0v1v2_192s_6q_d1_r0_seed17.json,ml,multiclass_ml,test_accuracy,0.00018933601677417755,nearest_centroid_numpy,nearest_centroid_numpy,6,40.74146328296047,215180.73516647975,1.0,0.7291666666666666,0.27083333333333337,2304,960,1152,192,55730074_scale_8n_32g_c10,40.859306387021206,17,192,6,3,digits,"0,1,2",sklearn_digits,,,1,21,1,,"dense_exact,sparse_lanczos",4,chordal,7,tfim,auto,4,4,"dense_exact,sparse_krylov",data/raw/perlmutter/practical_suite_sweep/practical_55730074_scale_8n_32g_c10_ml_digits_c0v1v2_192s_6q_d1_r0_seed17.json,ok
practical_55730074_scale_8n_32g_c10_ml_digits_c0v1v2_192s_6q_d1_r0_seed23.json,ml,multiclass_ml,test_accuracy,0.00016158202197402716,linear_ridge_numpy,linear_ridge_numpy,6,20.43291189998854,126455.35468836344,0.9791666666666666,0.75,0.22916666666666663,2304,960,1152,192,55730074_scale_8n_32g_c10,20.52515903103631,23,192,6,3,digits,"0,1,2",sklearn_digits,,,1,21,1,,"dense_exact,sparse_lanczos",4,chordal,7,tfim,auto,4,4,"dense_exact,sparse_krylov",data/raw/perlmutter/practical_suite_sweep/practical_55730074_scale_8n_32g_c10_ml_digits_c0v1v2_192s_6q_d1_r0_seed23.json,ok
practical_55730074_scale_8n_32g_c10_ml_digits_c0v1v2_192s_6q_d1_r0_seed31.json,ml,multiclass_ml,test_accuracy,0.0014685409842059016,rbf_kernel_ridge_numpy,rbf_kernel_ridge_numpy,6,20.196527371997945,13752.78428672456,1.0,0.7083333333333334,0.29166666666666663,2304,960,1152,192,55730074_scale_8n_32g_c10,20.317464923020452,31,192,6,3,digits,"0,1,2",sklearn_digits,,,1,21,1,,"dense_exact,sparse_lanczos",4,chordal,7,tfim,auto,4,4,"dense_exact,sparse_krylov",data/raw/perlmutter/practical_suite_sweep/practical_55730074_scale_8n_32g_c10_ml_digits_c0v1v2_192s_6q_d1_r0_seed31.json,ok
practical_55730074_scale_8n_32g_c10_ml_digits_c0v1v2_192s_6q_d1_r0_seed43.json,ml,multiclass_ml,test_accuracy,0.0013192910701036453,rbf_kernel_ridge_numpy,rbf_kernel_ridge_numpy,6,23.92567504302133,18135.251261225996,1.0,0.7083333333333334,0.29166666666666663,2304,960,1152,192,55730074_scale_8n_32g_c10,24.009645786951296,43,192,6,3,digits,"0,1,2",sklearn_digits,,,1,21,1,,"dense_exact,sparse_lanczos",4,chordal,7,tfim,auto,4,4,"dense_exact,sparse_krylov",data/raw/perlmutter/practical_suite_sweep/practical_55730074_scale_8n_32g_c10_ml_digits_c0v1v2_192s_6q_d1_r0_seed43.json,ok
practical_55730074_scale_8n_32g_c10_ml_digits_c0v1v2v3_192s_6q_d1_r0_seed17.json,ml,multiclass_ml,test_accuracy,0.0013200939865782857,rbf_kernel_ridge_numpy,rbf_kernel_ridge_numpy,6,23.464537112042308,17774.89887130153,1.0,0.7083333333333334,0.29166666666666663,2304,960,1152,192,55730074_scale_8n_32g_c10,23.55441832006909,17,192,6,4,digits,"0,1,2,3",sklearn_digits,,,1,21,1,,"dense_exact,sparse_lanczos",4,chordal,7,tfim,auto,4,4,"dense_exact,sparse_krylov",data/raw/perlmutter/practical_suite_sweep/practical_55730074_scale_8n_32g_c10_ml_digits_c0v1v2v3_192s_6q_d1_r0_seed17.json,ok
practical_55730074_scale_8n_32g_c10_ml_digits_c0v1v2v3_192s_6q_d1_r0_seed23.json,ml,multiclass_ml,test_accuracy,0.0015288969734683633,rbf_kernel_ridge_numpy,rbf_kernel_ridge_numpy,6,22.098521929932758,14453.89866905249,1.0,0.7083333333333334,0.29166666666666663,2304,960,1152,192,55730074_scale_8n_32g_c10,22.190417480072938,23,192,6,4,digits,"0,1,2,3",sklearn_digits,,,1,21,1,,"dense_exact,sparse_lanczos",4,chordal,7,tfim,auto,4,4,"dense_exact,sparse_krylov",data/raw/perlmutter/practical_suite_sweep/practical_55730074_scale_8n_32g_c10_ml_digits_c0v1v2v3_192s_6q_d1_r0_seed23.json,ok
practical_55730074_scale_8n_32g_c10_ml_digits_c0v1v2v3_192s_6q_d1_r0_seed31.json,ml,multiclass_ml,test_accuracy,0.0013347320491448045,rbf_kernel_ridge_numpy,rbf_kernel_ridge_numpy,6,24.126753321965225,18076.102493698138,1.0,0.6875,0.3125,2304,960,1152,192,55730074_scale_8n_32g_c10,24.219899912015535,31,192,6,4,digits,"0,1,2,3",sklearn_digits,,,1,21,1,,"dense_exact,sparse_lanczos",4,chordal,7,tfim,auto,4,4,"dense_exact,sparse_krylov",data/raw/perlmutter/practical_suite_sweep/practical_55730074_scale_8n_32g_c10_ml_digits_c0v1v2v3_192s_6q_d1_r0_seed31.json,ok
practical_55730074_scale_8n_32g_c10_ml_digits_c0v1v2v3_192s_6q_d1_r0_seed43.json,ml,multiclass_ml,test_accuracy,0.00017556000966578722,nearest_centroid_numpy,nearest_centroid_numpy,6,22.307373704970814,127064.09476416218,0.9791666666666666,0.6666666666666666,0.3125,2304,960,1152,192,55730074_scale_8n_32g_c10,22.391662852023728,43,192,6,4,digits,"0,1,2,3",sklearn_digits,,,1,21,1,,"dense_exact,sparse_lanczos",4,chordal,7,tfim,auto,4,4,"dense_exact,sparse_krylov",data/raw/perlmutter/practical_suite_sweep/practical_55730074_scale_8n_32g_c10_ml_digits_c0v1v2v3_192s_6q_d1_r0_seed43.json,ok
practical_55730074_scale_8n_32g_c10_ml_digits_c2v4v6v8_192s_6q_d1_r0_seed17.json,ml,multiclass_ml,test_accuracy,0.0013108530547469854,rbf_kernel_ridge_numpy,rbf_kernel_ridge_numpy,6,21.390272428048775,16317.826281586857,1.0,0.75,0.25,2304,960,1152,192,55730074_scale_8n_32g_c10,21.482746699941345,17,192,6,4,digits,"2,4,6,8",sklearn_digits,,,1,21,1,,"dense_exact,sparse_lanczos",4,chordal,7,tfim,auto,4,4,"dense_exact,sparse_krylov",data/raw/perlmutter/practical_suite_sweep/practical_55730074_scale_8n_32g_c10_ml_digits_c2v4v6v8_192s_6q_d1_r0_seed17.json,ok
practical_55730074_scale_8n_32g_c10_ml_digits_c2v4v6v8_192s_6q_d1_r0_seed23.json,ml,multiclass_ml,test_accuracy,0.0001785849453881383,nearest_centroid_numpy,nearest_centroid_numpy,6,22.133274979074486,123936.9585771623,0.9375,0.6666666666666666,0.27083333333333337,2304,960,1152,192,55730074_scale_8n_32g_c10,22.22972965298686,23,192,6,4,digits,"2,4,6,8",sklearn_digits,,,1,21,1,,"dense_exact,sparse_lanczos",4,chordal,7,tfim,auto,4,4,"dense_exact,sparse_krylov",data/raw/perlmutter/practical_suite_sweep/practical_55730074_scale_8n_32g_c10_ml_digits_c2v4v6v8_192s_6q_d1_r0_seed23.json,ok
practical_55730074_scale_8n_32g_c10_ml_digits_c2v4v6v8_192s_6q_d1_r0_seed31.json,ml,multiclass_ml,test_accuracy,0.0013996759662404656,rbf_kernel_ridge_numpy,rbf_kernel_ridge_numpy,6,23.125276350066997,16521.87856892447,1.0,0.6875,0.3125,2304,960,1152,192,55730074_scale_8n_32g_c10,23.21902289800346,31,192,6,4,digits,"2,4,6,8",sklearn_digits,,,1,21,1,,"dense_exact,sparse_lanczos",4,chordal,7,tfim,auto,4,4,"dense_exact,sparse_krylov",data/raw/perlmutter/practical_suite_sweep/practical_55730074_scale_8n_32g_c10_ml_digits_c2v4v6v8_192s_6q_d1_r0_seed31.json,ok
practical_55730074_scale_8n_32g_c10_ml_digits_c2v4v6v8_192s_6q_d1_r0_seed43.json,ml,multiclass_ml,test_accuracy,0.0012492460664361715,rbf_kernel_ridge_numpy,rbf_kernel_ridge_numpy,6,22.571879524970427,18068.40151945654,1.0,0.6666666666666666,0.33333333333333337,2304,960,1152,192,55730074_scale_8n_32g_c10,22.66200812300667,43,192,6,4,digits,"2,4,6,8",sklearn_digits,,,1,21,1,,"dense_exact,sparse_lanczos",4,chordal,7,tfim,auto,4,4,"dense_exact,sparse_krylov",data/raw/perlmutter/practical_suite_sweep/practical_55730074_scale_8n_32g_c10_ml_digits_c2v4v6v8_192s_6q_d1_r0_seed43.json,ok
practical_55730074_scale_8n_32g_c10_ml_digits_c3v5v8_192s_6q_d1_r0_seed17.json,ml,multiclass_ml,test_accuracy,0.0014775940217077732,rbf_kernel_ridge_numpy,rbf_kernel_ridge_numpy,6,27.58629176998511,18669.736994537536,1.0,0.5625,0.4375,2304,960,1152,192,55730074_scale_8n_32g_c10,27.684425489977002,17,192,6,3,digits,"3,5,8",sklearn_digits,,,1,21,1,,"dense_exact,sparse_lanczos",4,chordal,7,tfim,auto,4,4,"dense_exact,sparse_krylov",data/raw/perlmutter/practical_suite_sweep/practical_55730074_scale_8n_32g_c10_ml_digits_c3v5v8_192s_6q_d1_r0_seed17.json,ok
practical_55730074_scale_8n_32g_c10_ml_digits_c3v5v8_192s_6q_d1_r0_seed23.json,ml,multiclass_ml,test_accuracy,0.0015799569664523005,rbf_kernel_ridge_numpy,rbf_kernel_ridge_numpy,6,21.769156452966854,13778.322394342296,1.0,0.625,0.375,2304,960,1152,192,55730074_scale_8n_32g_c10,21.857592212036252,23,192,6,3,digits,"3,5,8",sklearn_digits,,,1,21,1,,"dense_exact,sparse_lanczos",4,chordal,7,tfim,auto,4,4,"dense_exact,sparse_krylov",data/raw/perlmutter/practical_suite_sweep/practical_55730074_scale_8n_32g_c10_ml_digits_c3v5v8_192s_6q_d1_r0_seed23.json,ok
practical_55730074_scale_8n_32g_c10_ml_digits_c3v5v8_192s_6q_d1_r0_seed31.json,ml,multiclass_ml,test_accuracy,0.0014657649444416165,rbf_kernel_ridge_numpy,rbf_kernel_ridge_numpy,6,22.9239490859909,15639.580666000838,0.9791666666666666,0.5625,0.41666666666666663,2304,960,1152,192,55730074_scale_8n_32g_c10,23.016775407013483,31,192,6,3,digits,"3,5,8",sklearn_digits,,,1,21,1,,"dense_exact,sparse_lanczos",4,chordal,7,tfim,auto,4,4,"dense_exact,sparse_krylov",data/raw/perlmutter/practical_suite_sweep/practical_55730074_scale_8n_32g_c10_ml_digits_c3v5v8_192s_6q_d1_r0_seed31.json,ok
practical_55730074_scale_8n_32g_c10_ml_digits_c3v5v8_192s_6q_d1_r0_seed43.json,ml,multiclass_ml,test_accuracy,0.0001635759836062789,nearest_centroid_numpy,nearest_centroid_numpy,6,24.26881039107684,148364.14158138845,0.9791666666666666,0.6875,0.29166666666666663,2304,960,1152,192,55730074_scale_8n_32g_c10,24.35005562705919,43,192,6,3,digits,"3,5,8",sklearn_digits,,,1,21,1,,"dense_exact,sparse_lanczos",4,chordal,7,tfim,auto,4,4,"dense_exact,sparse_krylov",data/raw/perlmutter/practical_suite_sweep/practical_55730074_scale_8n_32g_c10_ml_digits_c3v5v8_192s_6q_d1_r0_seed43.json,ok
practical_55730074_scale_8n_32g_c10_qaoa_chordal_5n_grid11_r0_seed17.json,optimization,optimization_qaoa,approximation_ratio,4.6779983676970005e-05,exact_enumeration_numpy,,4,20.581107295001857,439955.41847813915,6,4.589396242968677,0.2351006261718872,2057,1694,605,121,55730074_scale_8n_32g_c10,20.589127306011505,17,72,4,3,synthetic,"0,1,2",,small_maxcut,5,1,21,1,,"dense_exact,sparse_lanczos",5,chordal,11,tfim,auto,4,4,"dense_exact,sparse_krylov",data/raw/perlmutter/practical_suite_sweep/practical_55730074_scale_8n_32g_c10_qaoa_chordal_5n_grid11_r0_seed17.json,ok
practical_55730074_scale_8n_32g_c10_qaoa_chordal_5n_grid11_r0_seed31.json,optimization,optimization_qaoa,approximation_ratio,4.718208219856024e-05,exact_enumeration_numpy,,4,14.878593320026994,315344.14393608546,6,4.589396242968677,0.2351006261718872,2057,1694,605,121,55730074_scale_8n_32g_c10,14.887731301947497,31,72,4,3,synthetic,"0,1,2",,small_maxcut,5,1,21,1,,"dense_exact,sparse_lanczos",5,chordal,11,tfim,auto,4,4,"dense_exact,sparse_krylov",data/raw/perlmutter/practical_suite_sweep/practical_55730074_scale_8n_32g_c10_qaoa_chordal_5n_grid11_r0_seed31.json,ok
practical_55730074_scale_8n_32g_c10_qaoa_ladder_6n_grid11_r0_seed23.json,optimization,optimization_qaoa,approximation_ratio,2.0259059965610504e-05,greedy_assignment_numpy,,4,15.289637779002078,754706.1810842183,7,4.9533305565233725,0.29238134906808966,2299,1694,726,121,55730074_scale_8n_32g_c10,15.297168964054435,23,72,4,3,synthetic,"0,1,2",,small_maxcut,6,1,21,1,,"dense_exact,sparse_lanczos",6,ladder,11,tfim,auto,4,4,"dense_exact,sparse_krylov",data/raw/perlmutter/practical_suite_sweep/practical_55730074_scale_8n_32g_c10_qaoa_ladder_6n_grid11_r0_seed23.json,ok
practical_55730074_scale_8n_32g_c10_qaoa_ladder_6n_grid11_r0_seed43.json,optimization,optimization_qaoa,approximation_ratio,1.9888044334948063e-05,greedy_assignment_numpy,,4,15.149924266035669,761760.3828151982,7,4.9533305565233725,0.29238134906808966,2299,1694,726,121,55730074_scale_8n_32g_c10,15.160225188010372,43,72,4,3,synthetic,"0,1,2",,small_maxcut,6,1,21,1,,"dense_exact,sparse_lanczos",6,ladder,11,tfim,auto,4,4,"dense_exact,sparse_krylov",data/raw/perlmutter/practical_suite_sweep/practical_55730074_scale_8n_32g_c10_qaoa_ladder_6n_grid11_r0_seed43.json,ok
practical_55730074_scale_8n_32g_c10_qaoa_ring_4n_grid11_r0_seed23.json,optimization,optimization_qaoa,approximation_ratio,1.2704054825007915e-05,greedy_assignment_numpy,,4,19.118081856984645,1504880.3016302106,4,2.904508497187473,0.2738728757031318,1452,968,484,121,55730074_scale_8n_32g_c10,19.12625022395514,23,72,4,3,synthetic,"0,1,2",,small_maxcut,4,1,21,1,,"dense_exact,sparse_lanczos",4,ring,11,tfim,auto,4,4,"dense_exact,sparse_krylov",data/raw/perlmutter/practical_suite_sweep/practical_55730074_scale_8n_32g_c10_qaoa_ring_4n_grid11_r0_seed23.json,ok
practical_55730074_scale_8n_32g_c10_qaoa_ring_4n_grid11_r0_seed43.json,optimization,optimization_qaoa,approximation_ratio,1.326599158346653e-05,greedy_assignment_numpy,,4,16.926520843990147,1275933.3320462643,4,2.904508497187473,0.2738728757031318,1452,968,484,121,55730074_scale_8n_32g_c10,16.934282934991643,43,72,4,3,synthetic,"0,1,2",,small_maxcut,4,1,21,1,,"dense_exact,sparse_lanczos",4,ring,11,tfim,auto,4,4,"dense_exact,sparse_krylov",data/raw/perlmutter/practical_suite_sweep/practical_55730074_scale_8n_32g_c10_qaoa_ring_4n_grid11_r0_seed43.json,ok
practical_55730074_scale_8n_32g_c10_sim_heisenberg_4q_8steps_r0_seed17.json,simulation,hamiltonian_simulation,absolute_observable_error,0.00030875694938004017,exact_dense_eigendecomposition_numpy,exact_dense_eigendecomposition_numpy,2,13.407094741938636,43422.81127229374,0.05328055679997454,-0.08404486766654973,0.13732542446652427,298,144,4,1,55730074_scale_8n_32g_c10,13.424872111994773,17,72,4,3,synthetic,"0,1,2",,heisenberg,4,1,21,1,,"dense_exact,sparse_lanczos",4,chordal,7,heisenberg,auto,4,8,"dense_exact,sparse_krylov",data/raw/perlmutter/practical_suite_sweep/practical_55730074_scale_8n_32g_c10_sim_heisenberg_4q_8steps_r0_seed17.json,ok
practical_55730074_scale_8n_32g_c10_sim_heisenberg_4q_8steps_r0_seed23.json,simulation,hamiltonian_simulation,absolute_observable_error,0.00032528897281736135,exact_dense_eigendecomposition_numpy,exact_dense_eigendecomposition_numpy,2,27.77845074189827,85396.22631934381,0.05328055679997454,-0.08404486766654973,0.13732542446652427,298,144,4,1,55730074_scale_8n_32g_c10,27.809836375992745,23,72,4,3,synthetic,"0,1,2",,heisenberg,4,1,21,1,,"dense_exact,sparse_lanczos",4,chordal,7,heisenberg,auto,4,8,"dense_exact,sparse_krylov",data/raw/perlmutter/practical_suite_sweep/practical_55730074_scale_8n_32g_c10_sim_heisenberg_4q_8steps_r0_seed23.json,ok
practical_55730074_scale_8n_32g_c10_sim_heisenberg_4q_8steps_r0_seed31.json,simulation,hamiltonian_simulation,absolute_observable_error,0.0003066830104216933,exact_dense_eigendecomposition_numpy,exact_dense_eigendecomposition_numpy,2,19.712474446976557,64276.38237889877,0.05328055679997454,-0.08404486766654973,0.13732542446652427,298,144,4,1,55730074_scale_8n_32g_c10,19.727226022980176,31,72,4,3,synthetic,"0,1,2",,heisenberg,4,1,21,1,,"dense_exact,sparse_lanczos",4,chordal,7,heisenberg,auto,4,8,"dense_exact,sparse_krylov",data/raw/perlmutter/practical_suite_sweep/practical_55730074_scale_8n_32g_c10_sim_heisenberg_4q_8steps_r0_seed31.json,ok
practical_55730074_scale_8n_32g_c10_sim_heisenberg_4q_8steps_r0_seed43.json,simulation,hamiltonian_simulation,absolute_observable_error,0.0003238460049033165,exact_dense_eigendecomposition_numpy,exact_dense_eigendecomposition_numpy,2,34.34906182193663,106066.0354052892,0.05328055679997454,-0.08404486766654973,0.13732542446652427,298,144,4,1,55730074_scale_8n_32g_c10,34.37036917801015,43,72,4,3,synthetic,"0,1,2",,heisenberg,4,1,21,1,,"dense_exact,sparse_lanczos",4,chordal,7,heisenberg,auto,4,8,"dense_exact,sparse_krylov",data/raw/perlmutter/practical_suite_sweep/practical_55730074_scale_8n_32g_c10_sim_heisenberg_4q_8steps_r0_seed43.json,ok
practical_55730074_scale_8n_32g_c11_chem_h2_l1_grid21_r0_seed43.json,chemistry,chemistry_vqe,absolute_energy_error,0.00014577200636267662,exact_dense_diagonalization_numpy,exact_dense_diagonalization_numpy,2,21.339030762086622,146386.34189472374,-1.85727503020238,-1.8539259190122395,0.0033491111901404746,1944,486,972,486,55730074_scale_8n_32g_c11,21.349479226977564,43,72,4,3,synthetic,"0,1,2",,H2_minimal_2qubit,2,1,21,1,,"dense_exact,sparse_lanczos",4,chordal,7,tfim,auto,4,4,"dense_exact,sparse_krylov",data/raw/perlmutter/practical_suite_sweep/practical_55730074_scale_8n_32g_c11_chem_h2_l1_grid21_r0_seed43.json,ok
practical_55730074_scale_8n_32g_c11_chem_molecular_chain_4q_l2_grid9_r0_seed17.json,chemistry,chemistry_vqe,absolute_energy_error,0.0001835350412875414,exact_dense_diagonalization_numpy,exact_dense_diagonalization_numpy,2,21.092085329000838,114921.29884862808,-1.705732892552902,-0.9059288256492263,0.7998040669036758,336,126,84,21,55730074_scale_8n_32g_c11,21.117898068972863,17,72,4,3,synthetic,"0,1,2",,molecular_chain_4q_surrogate,4,1,9,2,benchmarks/workloads/hamiltonians/molecular_chain_4q.json,"dense_exact,sparse_lanczos",4,chordal,7,tfim,auto,4,4,"dense_exact,sparse_krylov",data/raw/perlmutter/practical_suite_sweep/practical_55730074_scale_8n_32g_c11_chem_molecular_chain_4q_l2_grid9_r0_seed17.json,ok
practical_55730074_scale_8n_32g_c11_ml_digits_c0v1v2_192s_6q_d2_r0_seed17.json,ml,multiclass_ml,test_accuracy,0.00019207200966775417,nearest_centroid_numpy,nearest_centroid_numpy,6,40.78760901198257,212355.81947904278,1.0,0.7708333333333334,0.22916666666666663,4608,1920,1152,192,55730074_scale_8n_32g_c11,40.94069107901305,17,192,6,3,digits,"0,1,2",sklearn_digits,,,2,21,1,,"dense_exact,sparse_lanczos",4,chordal,7,tfim,auto,4,4,"dense_exact,sparse_krylov",data/raw/perlmutter/practical_suite_sweep/practical_55730074_scale_8n_32g_c11_ml_digits_c0v1v2_192s_6q_d2_r0_seed17.json,ok
practical_55730074_scale_8n_32g_c11_ml_digits_c0v1v2_192s_6q_d2_r0_seed23.json,ml,multiclass_ml,test_accuracy,0.00015069101937115192,linear_ridge_numpy,linear_ridge_numpy,6,19.111173999030143,126823.57634040108,0.9791666666666666,0.7083333333333334,0.27083333333333326,4608,1920,1152,192,55730074_scale_8n_32g_c11,19.20008117100224,23,192,6,3,digits,"0,1,2",sklearn_digits,,,2,21,1,,"dense_exact,sparse_lanczos",4,chordal,7,tfim,auto,4,4,"dense_exact,sparse_krylov",data/raw/perlmutter/practical_suite_sweep/practical_55730074_scale_8n_32g_c11_ml_digits_c0v1v2_192s_6q_d2_r0_seed23.json,ok
practical_55730074_scale_8n_32g_c11_ml_digits_c0v1v2_192s_6q_d2_r0_seed31.json,ml,multiclass_ml,test_accuracy,0.001427802024409175,rbf_kernel_ridge_numpy,rbf_kernel_ridge_numpy,6,21.984024873003364,15397.110031483786,1.0,0.7916666666666666,0.20833333333333337,4608,1920,1152,192,55730074_scale_8n_32g_c11,22.063383188913576,31,192,6,3,digits,"0,1,2",sklearn_digits,,,2,21,1,,"dense_exact,sparse_lanczos",4,chordal,7,tfim,auto,4,4,"dense_exact,sparse_krylov",data/raw/perlmutter/practical_suite_sweep/practical_55730074_scale_8n_32g_c11_ml_digits_c0v1v2_192s_6q_d2_r0_seed31.json,ok
practical_55730074_scale_8n_32g_c11_ml_digits_c0v1v2_192s_6q_d2_r0_seed43.json,ml,multiclass_ml,test_accuracy,0.0014926559524610639,rbf_kernel_ridge_numpy,rbf_kernel_ridge_numpy,6,23.1407910840353,15503.09771376397,1.0,0.6458333333333334,0.35416666666666663,4608,1920,1152,192,55730074_scale_8n_32g_c11,23.222567494027317,43,192,6,3,digits,"0,1,2",sklearn_digits,,,2,21,1,,"dense_exact,sparse_lanczos",4,chordal,7,tfim,auto,4,4,"dense_exact,sparse_krylov",data/raw/perlmutter/practical_suite_sweep/practical_55730074_scale_8n_32g_c11_ml_digits_c0v1v2_192s_6q_d2_r0_seed43.json,ok
practical_55730074_scale_8n_32g_c11_ml_digits_c0v1v2v3_192s_6q_d2_r0_seed17.json,ml,multiclass_ml,test_accuracy,0.0014777389587834477,rbf_kernel_ridge_numpy,rbf_kernel_ridge_numpy,6,20.912879201001488,14151.944141892332,1.0,0.6666666666666666,0.33333333333333337,4608,1920,1152,192,55730074_scale_8n_32g_c11,21.004233830957673,17,192,6,4,digits,"0,1,2,3",sklearn_digits,,,2,21,1,,"dense_exact,sparse_lanczos",4,chordal,7,tfim,auto,4,4,"dense_exact,sparse_krylov",data/raw/perlmutter/practical_suite_sweep/practical_55730074_scale_8n_32g_c11_ml_digits_c0v1v2v3_192s_6q_d2_r0_seed17.json,ok
practical_55730074_scale_8n_32g_c11_ml_digits_c0v1v2v3_192s_6q_d2_r0_seed23.json,ml,multiclass_ml,test_accuracy,0.0015432239742949605,rbf_kernel_ridge_numpy,rbf_kernel_ridge_numpy,6,22.321292057982646,14464.06511937477,1.0,0.7708333333333334,0.22916666666666663,4608,1920,1152,192,55730074_scale_8n_32g_c11,22.407245155074634,23,192,6,4,digits,"0,1,2,3",sklearn_digits,,,2,21,1,,"dense_exact,sparse_lanczos",4,chordal,7,tfim,auto,4,4,"dense_exact,sparse_krylov",data/raw/perlmutter/practical_suite_sweep/practical_55730074_scale_8n_32g_c11_ml_digits_c0v1v2v3_192s_6q_d2_r0_seed23.json,ok
practical_55730074_scale_8n_32g_c11_ml_digits_c0v1v2v3_192s_6q_d2_r0_seed31.json,ml,multiclass_ml,test_accuracy,0.0014519579708576202,rbf_kernel_ridge_numpy,rbf_kernel_ridge_numpy,6,22.46586561005097,15472.807106655557,1.0,0.6875,0.3125,4608,1920,1152,192,55730074_scale_8n_32g_c11,22.592409264063463,31,192,6,4,digits,"0,1,2,3",sklearn_digits,,,2,21,1,,"dense_exact,sparse_lanczos",4,chordal,7,tfim,auto,4,4,"dense_exact,sparse_krylov",data/raw/perlmutter/practical_suite_sweep/practical_55730074_scale_8n_32g_c11_ml_digits_c0v1v2v3_192s_6q_d2_r0_seed31.json,ok
practical_55730074_scale_8n_32g_c11_ml_digits_c0v1v2v3_192s_6q_d2_r0_seed43.json,ml,multiclass_ml,test_accuracy,0.0001739560393616557,nearest_centroid_numpy,nearest_centroid_numpy,6,21.824813697021455,125461.66133184677,0.9791666666666666,0.6875,0.29166666666666663,4608,1920,1152,192,55730074_scale_8n_32g_c11,21.94159427296836,43,192,6,4,digits,"0,1,2,3",sklearn_digits,,,2,21,1,,"dense_exact,sparse_lanczos",4,chordal,7,tfim,auto,4,4,"dense_exact,sparse_krylov",data/raw/perlmutter/practical_suite_sweep/practical_55730074_scale_8n_32g_c11_ml_digits_c0v1v2v3_192s_6q_d2_r0_seed43.json,ok
practical_55730074_scale_8n_32g_c11_ml_digits_c2v4v6v8_192s_6q_d2_r0_seed17.json,ml,multiclass_ml,test_accuracy,0.0013899090699851513,rbf_kernel_ridge_numpy,rbf_kernel_ridge_numpy,6,22.134006478008814,15924.787423860236,1.0,0.6875,0.3125,4608,1920,1152,192,55730074_scale_8n_32g_c11,22.328816280933097,17,192,6,4,digits,"2,4,6,8",sklearn_digits,,,2,21,1,,"dense_exact,sparse_lanczos",4,chordal,7,tfim,auto,4,4,"dense_exact,sparse_krylov",data/raw/perlmutter/practical_suite_sweep/practical_55730074_scale_8n_32g_c11_ml_digits_c2v4v6v8_192s_6q_d2_r0_seed17.json,ok
practical_55730074_scale_8n_32g_c11_ml_digits_c2v4v6v8_192s_6q_d2_r0_seed23.json,ml,multiclass_ml,test_accuracy,0.00017904606647789478,nearest_centroid_numpy,nearest_centroid_numpy,6,18.18706275697332,101577.56109776761,0.9375,0.8125,0.125,4608,1920,1152,192,55730074_scale_8n_32g_c11,18.323145155911334,23,192,6,4,digits,"2,4,6,8",sklearn_digits,,,2,21,1,,"dense_exact,sparse_lanczos",4,chordal,7,tfim,auto,4,4,"dense_exact,sparse_krylov",data/raw/perlmutter/practical_suite_sweep/practical_55730074_scale_8n_32g_c11_ml_digits_c2v4v6v8_192s_6q_d2_r0_seed23.json,ok
practical_55730074_scale_8n_32g_c11_ml_digits_c2v4v6v8_192s_6q_d2_r0_seed31.json,ml,multiclass_ml,test_accuracy,0.0013320259749889374,rbf_kernel_ridge_numpy,rbf_kernel_ridge_numpy,6,23.967183407046832,17993.030058776356,1.0,0.7083333333333334,0.29166666666666663,4608,1920,1152,192,55730074_scale_8n_32g_c11,24.04733303003013,31,192,6,4,digits,"2,4,6,8",sklearn_digits,,,2,21,1,,"dense_exact,sparse_lanczos",4,chordal,7,tfim,auto,4,4,"dense_exact,sparse_krylov",data/raw/perlmutter/practical_suite_sweep/practical_55730074_scale_8n_32g_c11_ml_digits_c2v4v6v8_192s_6q_d2_r0_seed31.json,ok
practical_55730074_scale_8n_32g_c11_ml_digits_c2v4v6v8_192s_6q_d2_r0_seed43.json,ml,multiclass_ml,test_accuracy,0.0012497069546952844,rbf_kernel_ridge_numpy,rbf_kernel_ridge_numpy,6,21.273556187050417,17022.835719304723,1.0,0.625,0.375,4608,1920,1152,192,55730074_scale_8n_32g_c11,21.35888412303757,43,192,6,4,digits,"2,4,6,8",sklearn_digits,,,2,21,1,,"dense_exact,sparse_lanczos",4,chordal,7,tfim,auto,4,4,"dense_exact,sparse_krylov",data/raw/perlmutter/practical_suite_sweep/practical_55730074_scale_8n_32g_c11_ml_digits_c2v4v6v8_192s_6q_d2_r0_seed43.json,ok
practical_55730074_scale_8n_32g_c11_ml_digits_c3v5v8_192s_6q_d2_r0_seed17.json,ml,multiclass_ml,test_accuracy,0.0014779240591451526,rbf_kernel_ridge_numpy,rbf_kernel_ridge_numpy,6,21.147405979107134,14308.858326143649,1.0,0.6666666666666666,0.33333333333333337,4608,1920,1152,192,55730074_scale_8n_32g_c11,21.254273234982975,17,192,6,3,digits,"3,5,8",sklearn_digits,,,2,21,1,,"dense_exact,sparse_lanczos",4,chordal,7,tfim,auto,4,4,"dense_exact,sparse_krylov",data/raw/perlmutter/practical_suite_sweep/practical_55730074_scale_8n_32g_c11_ml_digits_c3v5v8_192s_6q_d2_r0_seed17.json,ok
practical_55730074_scale_8n_32g_c11_ml_digits_c3v5v8_192s_6q_d2_r0_seed23.json,ml,multiclass_ml,test_accuracy,0.0014560059644281864,rbf_kernel_ridge_numpy,rbf_kernel_ridge_numpy,6,20.229848535964265,13894.06982540012,1.0,0.6666666666666666,0.33333333333333337,4608,1920,1152,192,55730074_scale_8n_32g_c11,20.321719759958796,23,192,6,3,digits,"3,5,8",sklearn_digits,,,2,21,1,,"dense_exact,sparse_lanczos",4,chordal,7,tfim,auto,4,4,"dense_exact,sparse_krylov",data/raw/perlmutter/practical_suite_sweep/practical_55730074_scale_8n_32g_c11_ml_digits_c3v5v8_192s_6q_d2_r0_seed23.json,ok
practical_55730074_scale_8n_32g_c11_ml_digits_c3v5v8_192s_6q_d2_r0_seed31.json,ml,multiclass_ml,test_accuracy,0.001418694038875401,rbf_kernel_ridge_numpy,rbf_kernel_ridge_numpy,6,21.228702354012057,14963.552233461172,0.9791666666666666,0.4791666666666667,0.49999999999999994,4608,1920,1152,192,55730074_scale_8n_32g_c11,21.428012021933682,31,192,6,3,digits,"3,5,8",sklearn_digits,,,2,21,1,,"dense_exact,sparse_lanczos",4,chordal,7,tfim,auto,4,4,"dense_exact,sparse_krylov",data/raw/perlmutter/practical_suite_sweep/practical_55730074_scale_8n_32g_c11_ml_digits_c3v5v8_192s_6q_d2_r0_seed31.json,ok
practical_55730074_scale_8n_32g_c11_ml_digits_c3v5v8_192s_6q_d2_r0_seed43.json,ml,multiclass_ml,test_accuracy,0.00016253499779850245,nearest_centroid_numpy,nearest_centroid_numpy,6,23.084330088924617,142026.82746237013,0.9791666666666666,0.7291666666666666,0.25,4608,1920,1152,192,55730074_scale_8n_32g_c11,23.163326453999616,43,192,6,3,digits,"3,5,8",sklearn_digits,,,2,21,1,,"dense_exact,sparse_lanczos",4,chordal,7,tfim,auto,4,4,"dense_exact,sparse_krylov",data/raw/perlmutter/practical_suite_sweep/practical_55730074_scale_8n_32g_c11_ml_digits_c3v5v8_192s_6q_d2_r0_seed43.json,ok
practical_55730074_scale_8n_32g_c11_qaoa_chordal_5n_grid13_r0_seed17.json,optimization,optimization_qaoa,approximation_ratio,4.7231907956302166e-05,exact_enumeration_numpy,,4,22.53175241104327,477045.1456648567,6,4.560256350946107,0.23995727484231555,2873,2366,845,169,55730074_scale_8n_32g_c11,22.55401572806295,17,72,4,3,synthetic,"0,1,2",,small_maxcut,5,1,21,1,,"dense_exact,sparse_lanczos",5,chordal,13,tfim,auto,4,4,"dense_exact,sparse_krylov",data/raw/perlmutter/practical_suite_sweep/practical_55730074_scale_8n_32g_c11_qaoa_chordal_5n_grid13_r0_seed17.json,ok
practical_55730074_scale_8n_32g_c11_qaoa_chordal_5n_grid13_r0_seed31.json,optimization,optimization_qaoa,approximation_ratio,4.717207048088312e-05,exact_enumeration_numpy,,4,14.081558755948208,298514.7485026098,6,4.560256350946107,0.23995727484231555,2873,2366,845,169,55730074_scale_8n_32g_c11,14.100730484933592,31,72,4,3,synthetic,"0,1,2",,small_maxcut,5,1,21,1,,"dense_exact,sparse_lanczos",5,chordal,13,tfim,auto,4,4,"dense_exact,sparse_krylov",data/raw/perlmutter/practical_suite_sweep/practical_55730074_scale_8n_32g_c11_qaoa_chordal_5n_grid13_r0_seed31.json,ok
practical_55730074_scale_8n_32g_c11_qaoa_ladder_6n_grid13_r0_seed23.json,optimization,optimization_qaoa,approximation_ratio,1.9277911633253098e-05,greedy_assignment_numpy,,4,19.450736201019026,1008964.9009215198,7,5.030330085889901,0.28138141630144275,3211,2366,1014,169,55730074_scale_8n_32g_c11,19.46280990203377,23,72,4,3,synthetic,"0,1,2",,small_maxcut,6,1,21,1,,"dense_exact,sparse_lanczos",6,ladder,13,tfim,auto,4,4,"dense_exact,sparse_krylov",data/raw/perlmutter/practical_suite_sweep/practical_55730074_scale_8n_32g_c11_qaoa_ladder_6n_grid13_r0_seed23.json,ok
practical_55730074_scale_8n_32g_c11_qaoa_ladder_6n_grid13_r0_seed43.json,optimization,optimization_qaoa,approximation_ratio,1.956801861524582e-05,greedy_assignment_numpy,,4,17.132309879991226,875526.0415913094,7,5.030330085889901,0.28138141630144275,3211,2366,1014,169,55730074_scale_8n_32g_c11,17.14216058002785,43,72,4,3,synthetic,"0,1,2",,small_maxcut,6,1,21,1,,"dense_exact,sparse_lanczos",6,ladder,13,tfim,auto,4,4,"dense_exact,sparse_krylov",data/raw/perlmutter/practical_suite_sweep/practical_55730074_scale_8n_32g_c11_qaoa_ladder_6n_grid13_r0_seed43.json,ok
practical_55730074_scale_8n_32g_c11_qaoa_ring_4n_grid13_r0_seed23.json,optimization,optimization_qaoa,approximation_ratio,1.2734904885292053e-05,greedy_assignment_numpy,,4,20.79168999590911,1632653.7326495538,4,2.999999999999998,0.25000000000000056,2028,1352,676,169,55730074_scale_8n_32g_c11,20.810786099988036,23,72,4,3,synthetic,"0,1,2",,small_maxcut,4,1,21,1,,"dense_exact,sparse_lanczos",4,ring,13,tfim,auto,4,4,"dense_exact,sparse_krylov",data/raw/perlmutter/practical_suite_sweep/practical_55730074_scale_8n_32g_c11_qaoa_ring_4n_grid13_r0_seed23.json,ok
practical_55730074_scale_8n_32g_c11_qaoa_ring_4n_grid13_r0_seed43.json,optimization,optimization_qaoa,approximation_ratio,1.3255979865789413e-05,greedy_assignment_numpy,,4,14.740343042998575,1111976.8732479713,4,2.999999999999998,0.25000000000000056,2028,1352,676,169,55730074_scale_8n_32g_c11,14.747426380985416,43,72,4,3,synthetic,"0,1,2",,small_maxcut,4,1,21,1,,"dense_exact,sparse_lanczos",4,ring,13,tfim,auto,4,4,"dense_exact,sparse_krylov",data/raw/perlmutter/practical_suite_sweep/practical_55730074_scale_8n_32g_c11_qaoa_ring_4n_grid13_r0_seed43.json,ok
practical_55730074_scale_8n_32g_c11_sim_heisenberg_4q_10steps_r0_seed17.json,simulation,hamiltonian_simulation,absolute_observable_error,0.00033726298715919256,exact_dense_eigendecomposition_numpy,exact_dense_eigendecomposition_numpy,2,14.777937370003201,43817.25221163335,0.05328055679997454,-0.07653059994319217,0.1298111567431667,372,180,4,1,55730074_scale_8n_32g_c11,14.941241685068235,17,72,4,3,synthetic,"0,1,2",,heisenberg,4,1,21,1,,"dense_exact,sparse_lanczos",4,chordal,7,heisenberg,auto,4,10,"dense_exact,sparse_krylov",data/raw/perlmutter/practical_suite_sweep/practical_55730074_scale_8n_32g_c11_sim_heisenberg_4q_10steps_r0_seed17.json,ok
practical_55730074_scale_8n_32g_c11_sim_heisenberg_4q_10steps_r0_seed23.json,simulation,hamiltonian_simulation,absolute_observable_error,0.0003171429270878434,exact_dense_eigendecomposition_numpy,exact_dense_eigendecomposition_numpy,2,13.89353652310092,43808.43883443328,0.05328055679997454,-0.07653059994319217,0.1298111567431667,372,180,4,1,55730074_scale_8n_32g_c11,13.909486688906327,23,72,4,3,synthetic,"0,1,2",,heisenberg,4,1,21,1,,"dense_exact,sparse_lanczos",4,chordal,7,heisenberg,auto,4,10,"dense_exact,sparse_krylov",data/raw/perlmutter/practical_suite_sweep/practical_55730074_scale_8n_32g_c11_sim_heisenberg_4q_10steps_r0_seed23.json,ok
practical_55730074_scale_8n_32g_c11_sim_heisenberg_4q_10steps_r0_seed31.json,simulation,hamiltonian_simulation,absolute_observable_error,0.0003178849583491683,exact_dense_eigendecomposition_numpy,exact_dense_eigendecomposition_numpy,2,28.161174188018776,88589.20011272203,0.05328055679997454,-0.07653059994319217,0.1298111567431667,372,180,4,1,55730074_scale_8n_32g_c11,28.1829900048906,31,72,4,3,synthetic,"0,1,2",,heisenberg,4,1,21,1,,"dense_exact,sparse_lanczos",4,chordal,7,heisenberg,auto,4,10,"dense_exact,sparse_krylov",data/raw/perlmutter/practical_suite_sweep/practical_55730074_scale_8n_32g_c11_sim_heisenberg_4q_10steps_r0_seed31.json,ok
practical_55730074_scale_8n_32g_c11_sim_heisenberg_4q_10steps_r0_seed43.json,simulation,hamiltonian_simulation,absolute_observable_error,0.00031321600545197725,exact_dense_eigendecomposition_numpy,exact_dense_eigendecomposition_numpy,2,19.70648891001474,62916.6088801173,0.05328055679997454,-0.07653059994319217,0.1298111567431667,372,180,4,1,55730074_scale_8n_32g_c11,19.727384128957056,43,72,4,3,synthetic,"0,1,2",,heisenberg,4,1,21,1,,"dense_exact,sparse_lanczos",4,chordal,7,heisenberg,auto,4,10,"dense_exact,sparse_krylov",data/raw/perlmutter/practical_suite_sweep/practical_55730074_scale_8n_32g_c11_sim_heisenberg_4q_10steps_r0_seed43.json,ok
practical_55730074_scale_8n_32g_c12_chem_h2_l1_grid25_r0_seed43.json,chemistry,chemistry_vqe,absolute_energy_error,0.00015288603026419878,exact_dense_diagonalization_numpy,exact_dense_diagonalization_numpy,2,26.330366575042717,172222.18753107675,-1.85727503020238,-1.8566776536800178,0.0005973765223621363,2712,678,1356,678,55730074_scale_8n_32g_c12,26.3413579959888,43,72,4,3,synthetic,"0,1,2",,H2_minimal_2qubit,2,1,25,1,,"dense_exact,sparse_lanczos",4,chordal,7,tfim,auto,4,4,"dense_exact,sparse_krylov",data/raw/perlmutter/practical_suite_sweep/practical_55730074_scale_8n_32g_c12_chem_h2_l1_grid25_r0_seed43.json,ok
practical_55730074_scale_8n_32g_c12_chem_molecular_chain_4q_l2_grid13_r0_seed17.json,chemistry,chemistry_vqe,absolute_energy_error,0.0001565529964864254,exact_dense_diagonalization_numpy,exact_dense_diagonalization_numpy,2,25.907163990079425,165484.94485268966,-1.705732892552902,-0.9059288256492263,0.7998040669036758,464,174,116,29,55730074_scale_8n_32g_c12,25.92272856098134,17,72,4,3,synthetic,"0,1,2",,molecular_chain_4q_surrogate,4,1,13,2,benchmarks/workloads/hamiltonians/molecular_chain_4q.json,"dense_exact,sparse_lanczos",4,chordal,7,tfim,auto,4,4,"dense_exact,sparse_krylov",data/raw/perlmutter/practical_suite_sweep/practical_55730074_scale_8n_32g_c12_chem_molecular_chain_4q_l2_grid13_r0_seed17.json,ok
practical_55730074_scale_8n_32g_c12_ml_digits_c0v1v2_192s_8q_d1_r0_seed17.json,ml,multiclass_ml,test_accuracy,0.0006321619730442762,nearest_centroid_numpy,nearest_centroid_numpy,6,40.69571723800618,64375.45909639187,1.0,0.6875,0.3125,3072,1344,1536,192,55730074_scale_8n_32g_c12,40.79615521593951,17,192,8,3,digits,"0,1,2",sklearn_digits,,,1,21,1,,"dense_exact,sparse_lanczos",4,chordal,7,tfim,auto,4,4,"dense_exact,sparse_krylov",data/raw/perlmutter/practical_suite_sweep/practical_55730074_scale_8n_32g_c12_ml_digits_c0v1v2_192s_8q_d1_r0_seed17.json,ok
practical_55730074_scale_8n_32g_c12_ml_digits_c0v1v2_192s_8q_d1_r0_seed23.json,ml,multiclass_ml,test_accuracy,0.0015710059087723494,knn_numpy,knn_numpy,6,21.968152147950605,13983.494285592758,1.0,0.75,0.25,3072,1344,1536,192,55730074_scale_8n_32g_c12,22.058710331912152,23,192,8,3,digits,"0,1,2",sklearn_digits,,,1,21,1,,"dense_exact,sparse_lanczos",4,chordal,7,tfim,auto,4,4,"dense_exact,sparse_krylov",data/raw/perlmutter/practical_suite_sweep/practical_55730074_scale_8n_32g_c12_ml_digits_c0v1v2_192s_8q_d1_r0_seed23.json,ok
practical_55730074_scale_8n_32g_c12_ml_digits_c0v1v2_192s_8q_d1_r0_seed31.json,ml,multiclass_ml,test_accuracy,0.0001610920298844576,nearest_centroid_numpy,nearest_centroid_numpy,6,20.543018001015298,127523.49086264336,1.0,0.7083333333333334,0.29166666666666663,3072,1344,1536,192,55730074_scale_8n_32g_c12,20.638346847030334,31,192,8,3,digits,"0,1,2",sklearn_digits,,,1,21,1,,"dense_exact,sparse_lanczos",4,chordal,7,tfim,auto,4,4,"dense_exact,sparse_krylov",data/raw/perlmutter/practical_suite_sweep/practical_55730074_scale_8n_32g_c12_ml_digits_c0v1v2_192s_8q_d1_r0_seed31.json,ok
practical_55730074_scale_8n_32g_c12_ml_digits_c0v1v2_192s_8q_d1_r0_seed43.json,ml,multiclass_ml,test_accuracy,0.00017060094978660345,linear_ridge_numpy,linear_ridge_numpy,6,21.486802291008644,125947.72958700087,1.0,0.7291666666666666,0.27083333333333337,3072,1344,1536,192,55730074_scale_8n_32g_c12,21.57252108398825,43,192,8,3,digits,"0,1,2",sklearn_digits,,,1,21,1,,"dense_exact,sparse_lanczos",4,chordal,7,tfim,auto,4,4,"dense_exact,sparse_krylov",data/raw/perlmutter/practical_suite_sweep/practical_55730074_scale_8n_32g_c12_ml_digits_c0v1v2_192s_8q_d1_r0_seed43.json,ok
practical_55730074_scale_8n_32g_c12_ml_digits_c0v1v2v3_192s_8q_d1_r0_seed17.json,ml,multiclass_ml,test_accuracy,0.0014739269390702248,rbf_kernel_ridge_numpy,rbf_kernel_ridge_numpy,6,26.507557768025436,17984.309171217672,1.0,0.6875,0.3125,3072,1344,1536,192,55730074_scale_8n_32g_c12,26.619968462968245,17,192,8,4,digits,"0,1,2,3",sklearn_digits,,,1,21,1,,"dense_exact,sparse_lanczos",4,chordal,7,tfim,auto,4,4,"dense_exact,sparse_krylov",data/raw/perlmutter/practical_suite_sweep/practical_55730074_scale_8n_32g_c12_ml_digits_c0v1v2v3_192s_8q_d1_r0_seed17.json,ok
practical_55730074_scale_8n_32g_c12_ml_digits_c0v1v2v3_192s_8q_d1_r0_seed23.json,ml,multiclass_ml,test_accuracy,0.001481979968957603,rbf_kernel_ridge_numpy,rbf_kernel_ridge_numpy,6,19.141823670011945,12916.384884389461,1.0,0.6875,0.3125,3072,1344,1536,192,55730074_scale_8n_32g_c12,19.23372403800022,23,192,8,4,digits,"0,1,2,3",sklearn_digits,,,1,21,1,,"dense_exact,sparse_lanczos",4,chordal,7,tfim,auto,4,4,"dense_exact,sparse_krylov",data/raw/perlmutter/practical_suite_sweep/practical_55730074_scale_8n_32g_c12_ml_digits_c0v1v2v3_192s_8q_d1_r0_seed23.json,ok
practical_55730074_scale_8n_32g_c12_ml_digits_c0v1v2v3_192s_8q_d1_r0_seed31.json,ml,multiclass_ml,test_accuracy,0.0015697909984737635,rbf_kernel_ridge_numpy,rbf_kernel_ridge_numpy,6,24.769243968999945,15778.689005786093,1.0,0.6666666666666666,0.33333333333333337,3072,1344,1536,192,55730074_scale_8n_32g_c12,24.85098615800962,31,192,8,4,digits,"0,1,2,3",sklearn_digits,,,1,21,1,,"dense_exact,sparse_lanczos",4,chordal,7,tfim,auto,4,4,"dense_exact,sparse_krylov",data/raw/perlmutter/practical_suite_sweep/practical_55730074_scale_8n_32g_c12_ml_digits_c0v1v2v3_192s_8q_d1_r0_seed31.json,ok
practical_55730074_scale_8n_32g_c12_ml_digits_c0v1v2v3_192s_8q_d1_r0_seed43.json,ml,multiclass_ml,test_accuracy,0.0013948720879852772,rbf_kernel_ridge_numpy,rbf_kernel_ridge_numpy,6,23.238276630057953,16659.7904067482,1.0,0.6666666666666666,0.33333333333333337,3072,1344,1536,192,55730074_scale_8n_32g_c12,23.320085350074805,43,192,8,4,digits,"0,1,2,3",sklearn_digits,,,1,21,1,,"dense_exact,sparse_lanczos",4,chordal,7,tfim,auto,4,4,"dense_exact,sparse_krylov",data/raw/perlmutter/practical_suite_sweep/practical_55730074_scale_8n_32g_c12_ml_digits_c0v1v2v3_192s_8q_d1_r0_seed43.json,ok
practical_55730074_scale_8n_32g_c12_ml_digits_c2v4v6v8_192s_8q_d1_r0_seed17.json,ml,multiclass_ml,test_accuracy,0.0014172979863360524,rbf_kernel_ridge_numpy,rbf_kernel_ridge_numpy,6,22.36458022100851,15779.730470671602,1.0,0.75,0.25,3072,1344,1536,192,55730074_scale_8n_32g_c12,22.455533594009466,17,192,8,4,digits,"2,4,6,8",sklearn_digits,,,1,21,1,,"dense_exact,sparse_lanczos",4,chordal,7,tfim,auto,4,4,"dense_exact,sparse_krylov",data/raw/perlmutter/practical_suite_sweep/practical_55730074_scale_8n_32g_c12_ml_digits_c2v4v6v8_192s_8q_d1_r0_seed17.json,ok
practical_55730074_scale_8n_32g_c12_ml_digits_c2v4v6v8_192s_8q_d1_r0_seed23.json,ml,multiclass_ml,test_accuracy,0.04997735400684178,one_hidden_layer_mlp_numpy,one_hidden_layer_mlp_numpy,6,21.679691849043593,433.7903092283696,0.9583333333333334,0.6666666666666666,0.29166666666666674,3072,1344,1536,192,55730074_scale_8n_32g_c12,21.76252392306924,23,192,8,4,digits,"2,4,6,8",sklearn_digits,,,1,21,1,,"dense_exact,sparse_lanczos",4,chordal,7,tfim,auto,4,4,"dense_exact,sparse_krylov",data/raw/perlmutter/practical_suite_sweep/practical_55730074_scale_8n_32g_c12_ml_digits_c2v4v6v8_192s_8q_d1_r0_seed23.json,ok
practical_55730074_scale_8n_32g_c12_ml_digits_c2v4v6v8_192s_8q_d1_r0_seed31.json,ml,multiclass_ml,test_accuracy,0.001494465977884829,rbf_kernel_ridge_numpy,rbf_kernel_ridge_numpy,6,23.604343023034744,15794.500090555966,1.0,0.6875,0.3125,3072,1344,1536,192,55730074_scale_8n_32g_c12,23.685396415065043,31,192,8,4,digits,"2,4,6,8",sklearn_digits,,,1,21,1,,"dense_exact,sparse_lanczos",4,chordal,7,tfim,auto,4,4,"dense_exact,sparse_krylov",data/raw/perlmutter/practical_suite_sweep/practical_55730074_scale_8n_32g_c12_ml_digits_c2v4v6v8_192s_8q_d1_r0_seed31.json,ok
practical_55730074_scale_8n_32g_c12_ml_digits_c2v4v6v8_192s_8q_d1_r0_seed43.json,ml,multiclass_ml,test_accuracy,0.0001694479724392295,linear_ridge_numpy,linear_ridge_numpy,6,25.52052060305141,150609.7726380529,1.0,0.5625,0.4375,3072,1344,1536,192,55730074_scale_8n_32g_c12,25.60675820102915,43,192,8,4,digits,"2,4,6,8",sklearn_digits,,,1,21,1,,"dense_exact,sparse_lanczos",4,chordal,7,tfim,auto,4,4,"dense_exact,sparse_krylov",data/raw/perlmutter/practical_suite_sweep/practical_55730074_scale_8n_32g_c12_ml_digits_c2v4v6v8_192s_8q_d1_r0_seed43.json,ok
practical_55730074_scale_8n_32g_c12_ml_digits_c3v5v8_192s_8q_d1_r0_seed17.json,ml,multiclass_ml,test_accuracy,0.0013542840024456382,rbf_kernel_ridge_numpy,rbf_kernel_ridge_numpy,6,27.80412590689957,20530.49866696306,1.0,0.5625,0.4375,3072,1344,1536,192,55730074_scale_8n_32g_c12,27.888476009014994,17,192,8,3,digits,"3,5,8",sklearn_digits,,,1,21,1,,"dense_exact,sparse_lanczos",4,chordal,7,tfim,auto,4,4,"dense_exact,sparse_krylov",data/raw/perlmutter/practical_suite_sweep/practical_55730074_scale_8n_32g_c12_ml_digits_c3v5v8_192s_8q_d1_r0_seed17.json,ok
practical_55730074_scale_8n_32g_c12_ml_digits_c3v5v8_192s_8q_d1_r0_seed23.json,ml,multiclass_ml,test_accuracy,0.011788944946601987,softmax_regression_numpy,softmax_regression_numpy,6,23.215971815981902,1969.3002148316598,1.0,0.7083333333333334,0.29166666666666663,3072,1344,1536,192,55730074_scale_8n_32g_c12,23.301346168969758,23,192,8,3,digits,"3,5,8",sklearn_digits,,,1,21,1,,"dense_exact,sparse_lanczos",4,chordal,7,tfim,auto,4,4,"dense_exact,sparse_krylov",data/raw/perlmutter/practical_suite_sweep/practical_55730074_scale_8n_32g_c12_ml_digits_c3v5v8_192s_8q_d1_r0_seed23.json,ok
practical_55730074_scale_8n_32g_c12_ml_digits_c3v5v8_192s_8q_d1_r0_seed31.json,ml,multiclass_ml,test_accuracy,0.00016399810556322336,linear_ridge_numpy,linear_ridge_numpy,6,21.482677111052908,130993.44676741441,0.9583333333333334,0.5833333333333334,0.375,3072,1344,1536,192,55730074_scale_8n_32g_c12,21.572531381971203,31,192,8,3,digits,"3,5,8",sklearn_digits,,,1,21,1,,"dense_exact,sparse_lanczos",4,chordal,7,tfim,auto,4,4,"dense_exact,sparse_krylov",data/raw/perlmutter/practical_suite_sweep/practical_55730074_scale_8n_32g_c12_ml_digits_c3v5v8_192s_8q_d1_r0_seed31.json,ok
practical_55730074_scale_8n_32g_c12_ml_digits_c3v5v8_192s_8q_d1_r0_seed43.json,ml,multiclass_ml,test_accuracy,0.049622803926467896,one_hidden_layer_mlp_numpy,one_hidden_layer_mlp_numpy,6,23.331418273039162,470.1753312370688,0.9791666666666666,0.6458333333333334,0.33333333333333326,3072,1344,1536,192,55730074_scale_8n_32g_c12,23.413449715008028,43,192,8,3,digits,"3,5,8",sklearn_digits,,,1,21,1,,"dense_exact,sparse_lanczos",4,chordal,7,tfim,auto,4,4,"dense_exact,sparse_krylov",data/raw/perlmutter/practical_suite_sweep/practical_55730074_scale_8n_32g_c12_ml_digits_c3v5v8_192s_8q_d1_r0_seed43.json,ok
practical_55730074_scale_8n_32g_c12_qaoa_chordal_4n_grid7_r0_seed23.json,optimization,optimization_qaoa,approximation_ratio,1.4118035323917866e-05,greedy_assignment_numpy,,4,18.558439862914383,1314520.0048815482,4,3.2070111141556907,0.19824722146107732,637,490,196,49,55730074_scale_8n_32g_c12,18.575639369897544,23,72,4,3,synthetic,"0,1,2",,small_maxcut,4,1,21,1,,"dense_exact,sparse_lanczos",4,chordal,7,tfim,auto,4,4,"dense_exact,sparse_krylov",data/raw/perlmutter/practical_suite_sweep/practical_55730074_scale_8n_32g_c12_qaoa_chordal_4n_grid7_r0_seed23.json,ok
practical_55730074_scale_8n_32g_c12_qaoa_chordal_4n_grid7_r0_seed43.json,optimization,optimization_qaoa,approximation_ratio,1.4749006368219852e-05,greedy_assignment_numpy,,4,15.290959461010061,1036745.0578879653,4,3.2070111141556907,0.19824722146107732,637,490,196,49,55730074_scale_8n_32g_c12,15.31297477602493,43,72,4,3,synthetic,"0,1,2",,small_maxcut,4,1,21,1,,"dense_exact,sparse_lanczos",4,chordal,7,tfim,auto,4,4,"dense_exact,sparse_krylov",data/raw/perlmutter/practical_suite_sweep/practical_55730074_scale_8n_32g_c12_qaoa_chordal_4n_grid7_r0_seed43.json,ok
practical_55730074_scale_8n_32g_c12_qaoa_ladder_5n_grid7_r0_seed17.json,optimization,optimization_qaoa,approximation_ratio,1.6001053154468536e-05,greedy_assignment_numpy,,4,22.31058437807951,1394319.7465004947,5,3.414322820287427,0.3171354359425146,735,490,245,49,55730074_scale_8n_32g_c12,22.326306564034894,17,72,4,3,synthetic,"0,1,2",,small_maxcut,5,1,21,1,,"dense_exact,sparse_lanczos",5,ladder,7,tfim,auto,4,4,"dense_exact,sparse_krylov",data/raw/perlmutter/practical_suite_sweep/practical_55730074_scale_8n_32g_c12_qaoa_ladder_5n_grid7_r0_seed17.json,ok
practical_55730074_scale_8n_32g_c12_qaoa_ladder_5n_grid7_r0_seed31.json,optimization,optimization_qaoa,approximation_ratio,1.7073005437850952e-05,greedy_assignment_numpy,,4,15.351326701929793,899157.8405929522,5,3.414322820287427,0.3171354359425146,735,490,245,49,55730074_scale_8n_32g_c12,15.372009746963158,31,72,4,3,synthetic,"0,1,2",,small_maxcut,5,1,21,1,,"dense_exact,sparse_lanczos",5,ladder,7,tfim,auto,4,4,"dense_exact,sparse_krylov",data/raw/perlmutter/practical_suite_sweep/practical_55730074_scale_8n_32g_c12_qaoa_ladder_5n_grid7_r0_seed31.json,ok
practical_55730074_scale_8n_32g_c12_qaoa_ring_7n_grid7_r0_seed23.json,optimization,optimization_qaoa,approximation_ratio,2.2042077034711838e-05,greedy_assignment_numpy,,4,15.076958767022006,684008.0788792648,6,4.8125,0.19791666666666663,1029,686,343,49,55730074_scale_8n_32g_c12,15.09319726191461,23,72,4,3,synthetic,"0,1,2",,small_maxcut,7,1,21,1,,"dense_exact,sparse_lanczos",7,ring,7,tfim,auto,4,4,"dense_exact,sparse_krylov",data/raw/perlmutter/practical_suite_sweep/practical_55730074_scale_8n_32g_c12_qaoa_ring_7n_grid7_r0_seed23.json,ok
practical_55730074_scale_8n_32g_c12_qaoa_ring_7n_grid7_r0_seed43.json,optimization,optimization_qaoa,approximation_ratio,2.2122985683381557e-05,greedy_assignment_numpy,,4,16.401145985000767,741362.2292998658,6,4.8125,0.19791666666666663,1029,686,343,49,55730074_scale_8n_32g_c12,16.40875149704516,43,72,4,3,synthetic,"0,1,2",,small_maxcut,7,1,21,1,,"dense_exact,sparse_lanczos",7,ring,7,tfim,auto,4,4,"dense_exact,sparse_krylov",data/raw/perlmutter/practical_suite_sweep/practical_55730074_scale_8n_32g_c12_qaoa_ring_7n_grid7_r0_seed43.json,ok
practical_55730074_scale_8n_32g_c12_sim_heisenberg_5q_4steps_r0_seed17.json,simulation,hamiltonian_simulation,absolute_observable_error,0.00042025407310575247,exact_dense_eigendecomposition_numpy,exact_dense_eigendecomposition_numpy,2,26.41949746897444,62865.53577870084,-0.025259172203497292,-0.13003518922489032,0.10477601702139303,198,96,5,1,55730074_scale_8n_32g_c12,26.44763575505931,17,72,4,3,synthetic,"0,1,2",,heisenberg,5,1,21,1,,"dense_exact,sparse_lanczos",4,chordal,7,heisenberg,auto,5,4,"dense_exact,sparse_krylov",data/raw/perlmutter/practical_suite_sweep/practical_55730074_scale_8n_32g_c12_sim_heisenberg_5q_4steps_r0_seed17.json,ok
practical_55730074_scale_8n_32g_c12_sim_heisenberg_5q_4steps_r0_seed23.json,simulation,hamiltonian_simulation,absolute_observable_error,0.0003998850006610155,exact_dense_eigendecomposition_numpy,exact_dense_eigendecomposition_numpy,2,22.52759936696384,56335.194692787685,-0.025259172203497292,-0.13003518922489032,0.10477601702139303,198,96,5,1,55730074_scale_8n_32g_c12,22.555005814996548,23,72,4,3,synthetic,"0,1,2",,heisenberg,5,1,21,1,,"dense_exact,sparse_lanczos",4,chordal,7,heisenberg,auto,5,4,"dense_exact,sparse_krylov",data/raw/perlmutter/practical_suite_sweep/practical_55730074_scale_8n_32g_c12_sim_heisenberg_5q_4steps_r0_seed23.json,ok
practical_55730074_scale_8n_32g_c12_sim_heisenberg_5q_4steps_r0_seed31.json,simulation,hamiltonian_simulation,absolute_observable_error,0.00039376295171678066,exact_dense_eigendecomposition_numpy,exact_dense_eigendecomposition_numpy,2,38.17131604091264,96939.83619964297,-0.025259172203497292,-0.13003518922489032,0.10477601702139303,198,96,5,1,55730074_scale_8n_32g_c12,38.20163995097391,31,72,4,3,synthetic,"0,1,2",,heisenberg,5,1,21,1,,"dense_exact,sparse_lanczos",4,chordal,7,heisenberg,auto,5,4,"dense_exact,sparse_krylov",data/raw/perlmutter/practical_suite_sweep/practical_55730074_scale_8n_32g_c12_sim_heisenberg_5q_4steps_r0_seed31.json,ok
practical_55730074_scale_8n_32g_c12_sim_heisenberg_5q_4steps_r0_seed43.json,simulation,hamiltonian_simulation,absolute_observable_error,0.00040457292925566435,exact_dense_eigendecomposition_numpy,exact_dense_eigendecomposition_numpy,2,24.07784493197687,59514.22646165533,-0.025259172203497292,-0.13003518922489032,0.10477601702139303,198,96,5,1,55730074_scale_8n_32g_c12,24.114535095053725,43,72,4,3,synthetic,"0,1,2",,heisenberg,5,1,21,1,,"dense_exact,sparse_lanczos",4,chordal,7,heisenberg,auto,5,4,"dense_exact,sparse_krylov",data/raw/perlmutter/practical_suite_sweep/practical_55730074_scale_8n_32g_c12_sim_heisenberg_5q_4steps_r0_seed43.json,ok
practical_55730074_scale_8n_32g_c13_chem_h2_l1_grid33_r0_seed43.json,chemistry,chemistry_vqe,absolute_energy_error,0.0001444800291210413,exact_dense_diagonalization_numpy,sparse_lanczos_eigsh_scipy,2,23.14277851197403,160179.77469111432,-1.8572750302023833,-1.8569734051608102,0.00030162504157305037,4632,1158,2316,1158,55730074_scale_8n_32g_c13,23.154689215007238,43,72,4,3,synthetic,"0,1,2",,H2_minimal_2qubit,2,1,33,1,,"dense_exact,sparse_lanczos",4,chordal,7,tfim,auto,4,4,"dense_exact,sparse_krylov",data/raw/perlmutter/practical_suite_sweep/practical_55730074_scale_8n_32g_c13_chem_h2_l1_grid33_r0_seed43.json,ok
practical_55730074_scale_8n_32g_c13_chem_molecular_chain_4q_l2_grid17_r0_seed17.json,chemistry,chemistry_vqe,absolute_energy_error,0.00015891797374933958,exact_dense_diagonalization_numpy,sparse_lanczos_eigsh_scipy,2,21.66190256504342,136308.7009856457,-1.7057328925529043,-0.9059288256492263,0.799804066903678,592,222,148,37,55730074_scale_8n_32g_c13,21.67970023001544,17,72,4,3,synthetic,"0,1,2",,molecular_chain_4q_surrogate,4,1,17,2,benchmarks/workloads/hamiltonians/molecular_chain_4q.json,"dense_exact,sparse_lanczos",4,chordal,7,tfim,auto,4,4,"dense_exact,sparse_krylov",data/raw/perlmutter/practical_suite_sweep/practical_55730074_scale_8n_32g_c13_chem_molecular_chain_4q_l2_grid17_r0_seed17.json,ok
practical_55730074_scale_8n_32g_c13_ml_digits_c0v1v2_192s_8q_d2_r0_seed17.json,ml,multiclass_ml,test_accuracy,0.00018136098515242338,nearest_centroid_numpy,nearest_centroid_numpy,6,40.70964419096708,224467.48487141813,1.0,0.6875,0.3125,6144,2688,1536,192,55730074_scale_8n_32g_c13,40.800438576960005,17,192,8,3,digits,"0,1,2",sklearn_digits,,,2,21,1,,"dense_exact,sparse_lanczos",4,chordal,7,tfim,auto,4,4,"dense_exact,sparse_krylov",data/raw/perlmutter/practical_suite_sweep/practical_55730074_scale_8n_32g_c13_ml_digits_c0v1v2_192s_8q_d2_r0_seed17.json,ok
practical_55730074_scale_8n_32g_c13_ml_digits_c0v1v2_192s_8q_d2_r0_seed23.json,ml,multiclass_ml,test_accuracy,0.0015924200415611267,knn_numpy,knn_numpy,6,19.875081842998043,12481.054824902565,1.0,0.6458333333333334,0.35416666666666663,6144,2688,1536,192,55730074_scale_8n_32g_c13,19.979788976954296,23,192,8,3,digits,"0,1,2",sklearn_digits,,,2,21,1,,"dense_exact,sparse_lanczos",4,chordal,7,tfim,auto,4,4,"dense_exact,sparse_krylov",data/raw/perlmutter/practical_suite_sweep/practical_55730074_scale_8n_32g_c13_ml_digits_c0v1v2_192s_8q_d2_r0_seed23.json,ok
practical_55730074_scale_8n_32g_c13_ml_digits_c0v1v2_192s_8q_d2_r0_seed31.json,ml,multiclass_ml,test_accuracy,0.00016410695388913155,nearest_centroid_numpy,nearest_centroid_numpy,6,20.72058485704474,126262.68641268724,1.0,0.7708333333333334,0.22916666666666663,6144,2688,1536,192,55730074_scale_8n_32g_c13,20.80493181303609,31,192,8,3,digits,"0,1,2",sklearn_digits,,,2,21,1,,"dense_exact,sparse_lanczos",4,chordal,7,tfim,auto,4,4,"dense_exact,sparse_krylov",data/raw/perlmutter/practical_suite_sweep/practical_55730074_scale_8n_32g_c13_ml_digits_c0v1v2_192s_8q_d2_r0_seed31.json,ok
practical_55730074_scale_8n_32g_c13_ml_digits_c0v1v2_192s_8q_d2_r0_seed43.json,ml,multiclass_ml,test_accuracy,0.00017403694801032543,linear_ridge_numpy,linear_ridge_numpy,6,23.097145139006898,132714.03229638666,1.0,0.625,0.375,6144,2688,1536,192,55730074_scale_8n_32g_c13,23.178441877942532,43,192,8,3,digits,"0,1,2",sklearn_digits,,,2,21,1,,"dense_exact,sparse_lanczos",4,chordal,7,tfim,auto,4,4,"dense_exact,sparse_krylov",data/raw/perlmutter/practical_suite_sweep/practical_55730074_scale_8n_32g_c13_ml_digits_c0v1v2_192s_8q_d2_r0_seed43.json,ok
practical_55730074_scale_8n_32g_c13_ml_digits_c0v1v2v3_192s_8q_d2_r0_seed17.json,ml,multiclass_ml,test_accuracy,0.0014223469188436866,rbf_kernel_ridge_numpy,rbf_kernel_ridge_numpy,6,23.194868913968094,16307.462410664644,1.0,0.625,0.375,6144,2688,1536,192,55730074_scale_8n_32g_c13,23.305046838941053,17,192,8,4,digits,"0,1,2,3",sklearn_digits,,,2,21,1,,"dense_exact,sparse_lanczos",4,chordal,7,tfim,auto,4,4,"dense_exact,sparse_krylov",data/raw/perlmutter/practical_suite_sweep/practical_55730074_scale_8n_32g_c13_ml_digits_c0v1v2v3_192s_8q_d2_r0_seed17.json,ok
practical_55730074_scale_8n_32g_c13_ml_digits_c0v1v2v3_192s_8q_d2_r0_seed23.json,ml,multiclass_ml,test_accuracy,0.0015800389228388667,rbf_kernel_ridge_numpy,rbf_kernel_ridge_numpy,6,23.011324238032103,14563.770490341782,1.0,0.7083333333333334,0.29166666666666663,6144,2688,1536,192,55730074_scale_8n_32g_c13,23.099430309957825,23,192,8,4,digits,"0,1,2,3",sklearn_digits,,,2,21,1,,"dense_exact,sparse_lanczos",4,chordal,7,tfim,auto,4,4,"dense_exact,sparse_krylov",data/raw/perlmutter/practical_suite_sweep/practical_55730074_scale_8n_32g_c13_ml_digits_c0v1v2v3_192s_8q_d2_r0_seed23.json,ok
practical_55730074_scale_8n_32g_c13_ml_digits_c0v1v2v3_192s_8q_d2_r0_seed31.json,ml,multiclass_ml,test_accuracy,0.0013757959241047502,rbf_kernel_ridge_numpy,rbf_kernel_ridge_numpy,6,24.658963900990784,17923.416888327185,1.0,0.5833333333333334,0.41666666666666663,6144,2688,1536,192,55730074_scale_8n_32g_c13,24.738585049984977,31,192,8,4,digits,"0,1,2,3",sklearn_digits,,,2,21,1,,"dense_exact,sparse_lanczos",4,chordal,7,tfim,auto,4,4,"dense_exact,sparse_krylov",data/raw/perlmutter/practical_suite_sweep/practical_55730074_scale_8n_32g_c13_ml_digits_c0v1v2v3_192s_8q_d2_r0_seed31.json,ok
practical_55730074_scale_8n_32g_c13_ml_digits_c0v1v2v3_192s_8q_d2_r0_seed43.json,ml,multiclass_ml,test_accuracy,0.0014075669459998608,rbf_kernel_ridge_numpy,rbf_kernel_ridge_numpy,6,22.257408962002955,15812.682320550284,1.0,0.75,0.25,6144,2688,1536,192,55730074_scale_8n_32g_c13,22.34293550311122,43,192,8,4,digits,"0,1,2,3",sklearn_digits,,,2,21,1,,"dense_exact,sparse_lanczos",4,chordal,7,tfim,auto,4,4,"dense_exact,sparse_krylov",data/raw/perlmutter/practical_suite_sweep/practical_55730074_scale_8n_32g_c13_ml_digits_c0v1v2v3_192s_8q_d2_r0_seed43.json,ok
practical_55730074_scale_8n_32g_c13_ml_digits_c2v4v6v8_192s_8q_d2_r0_seed17.json,ml,multiclass_ml,test_accuracy,0.0014338489854708314,rbf_kernel_ridge_numpy,rbf_kernel_ridge_numpy,6,21.264292243053205,14830.21744864622,1.0,0.7083333333333334,0.29166666666666663,6144,2688,1536,192,55730074_scale_8n_32g_c13,21.360354835051112,17,192,8,4,digits,"2,4,6,8",sklearn_digits,,,2,21,1,,"dense_exact,sparse_lanczos",4,chordal,7,tfim,auto,4,4,"dense_exact,sparse_krylov",data/raw/perlmutter/practical_suite_sweep/practical_55730074_scale_8n_32g_c13_ml_digits_c2v4v6v8_192s_8q_d2_r0_seed17.json,ok
practical_55730074_scale_8n_32g_c13_ml_digits_c2v4v6v8_192s_8q_d2_r0_seed23.json,ml,multiclass_ml,test_accuracy,0.04957314801868051,one_hidden_layer_mlp_numpy,one_hidden_layer_mlp_numpy,6,21.92103007202968,442.1956431689438,0.9583333333333334,0.8333333333333334,0.125,6144,2688,1536,192,55730074_scale_8n_32g_c13,22.00380781001877,23,192,8,4,digits,"2,4,6,8",sklearn_digits,,,2,21,1,,"dense_exact,sparse_lanczos",4,chordal,7,tfim,auto,4,4,"dense_exact,sparse_krylov",data/raw/perlmutter/practical_suite_sweep/practical_55730074_scale_8n_32g_c13_ml_digits_c2v4v6v8_192s_8q_d2_r0_seed23.json,ok
practical_55730074_scale_8n_32g_c13_ml_digits_c2v4v6v8_192s_8q_d2_r0_seed31.json,ml,multiclass_ml,test_accuracy,0.0013828100636601448,rbf_kernel_ridge_numpy,rbf_kernel_ridge_numpy,6,23.479111762950197,16979.274580055913,1.0,0.6875,0.3125,6144,2688,1536,192,55730074_scale_8n_32g_c13,23.564206016017124,31,192,8,4,digits,"2,4,6,8",sklearn_digits,,,2,21,1,,"dense_exact,sparse_lanczos",4,chordal,7,tfim,auto,4,4,"dense_exact,sparse_krylov",data/raw/perlmutter/practical_suite_sweep/practical_55730074_scale_8n_32g_c13_ml_digits_c2v4v6v8_192s_8q_d2_r0_seed31.json,ok
practical_55730074_scale_8n_32g_c13_ml_digits_c2v4v6v8_192s_8q_d2_r0_seed43.json,ml,multiclass_ml,test_accuracy,0.0001702290028333664,linear_ridge_numpy,linear_ridge_numpy,6,21.739541924907826,127707.62656812488,1.0,0.6458333333333334,0.35416666666666663,6144,2688,1536,192,55730074_scale_8n_32g_c13,21.819208203000017,43,192,8,4,digits,"2,4,6,8",sklearn_digits,,,2,21,1,,"dense_exact,sparse_lanczos",4,chordal,7,tfim,auto,4,4,"dense_exact,sparse_krylov",data/raw/perlmutter/practical_suite_sweep/practical_55730074_scale_8n_32g_c13_ml_digits_c2v4v6v8_192s_8q_d2_r0_seed43.json,ok
practical_55730074_scale_8n_32g_c13_ml_digits_c3v5v8_192s_8q_d2_r0_seed17.json,ml,multiclass_ml,test_accuracy,0.0015195530140772462,rbf_kernel_ridge_numpy,rbf_kernel_ridge_numpy,6,25.593659858917817,16842.887100230364,1.0,0.625,0.375,6144,2688,1536,192,55730074_scale_8n_32g_c13,25.686497369082645,17,192,8,3,digits,"3,5,8",sklearn_digits,,,2,21,1,,"dense_exact,sparse_lanczos",4,chordal,7,tfim,auto,4,4,"dense_exact,sparse_krylov",data/raw/perlmutter/practical_suite_sweep/practical_55730074_scale_8n_32g_c13_ml_digits_c3v5v8_192s_8q_d2_r0_seed17.json,ok
practical_55730074_scale_8n_32g_c13_ml_digits_c3v5v8_192s_8q_d2_r0_seed23.json,ml,multiclass_ml,test_accuracy,0.011748214019462466,softmax_regression_numpy,softmax_regression_numpy,6,23.286665137973614,1982.145124305378,1.0,0.7083333333333334,0.29166666666666663,6144,2688,1536,192,55730074_scale_8n_32g_c13,23.369930149056017,23,192,8,3,digits,"3,5,8",sklearn_digits,,,2,21,1,,"dense_exact,sparse_lanczos",4,chordal,7,tfim,auto,4,4,"dense_exact,sparse_krylov",data/raw/perlmutter/practical_suite_sweep/practical_55730074_scale_8n_32g_c13_ml_digits_c3v5v8_192s_8q_d2_r0_seed23.json,ok
practical_55730074_scale_8n_32g_c13_ml_digits_c3v5v8_192s_8q_d2_r0_seed31.json,ml,multiclass_ml,test_accuracy,0.00016834610141813755,linear_ridge_numpy,linear_ridge_numpy,6,23.395641213050112,138973.4660676227,0.9583333333333334,0.5208333333333334,0.4375,6144,2688,1536,192,55730074_scale_8n_32g_c13,23.47566001897212,31,192,8,3,digits,"3,5,8",sklearn_digits,,,2,21,1,,"dense_exact,sparse_lanczos",4,chordal,7,tfim,auto,4,4,"dense_exact,sparse_krylov",data/raw/perlmutter/practical_suite_sweep/practical_55730074_scale_8n_32g_c13_ml_digits_c3v5v8_192s_8q_d2_r0_seed31.json,ok
practical_55730074_scale_8n_32g_c13_ml_digits_c3v5v8_192s_8q_d2_r0_seed43.json,ml,multiclass_ml,test_accuracy,0.048802684992551804,one_hidden_layer_mlp_numpy,one_hidden_layer_mlp_numpy,6,24.50243028497789,502.07135711318784,0.9791666666666666,0.6875,0.29166666666666663,6144,2688,1536,192,55730074_scale_8n_32g_c13,24.58459685696289,43,192,8,3,digits,"3,5,8",sklearn_digits,,,2,21,1,,"dense_exact,sparse_lanczos",4,chordal,7,tfim,auto,4,4,"dense_exact,sparse_krylov",data/raw/perlmutter/practical_suite_sweep/practical_55730074_scale_8n_32g_c13_ml_digits_c3v5v8_192s_8q_d2_r0_seed43.json,ok
practical_55730074_scale_8n_32g_c13_qaoa_chordal_4n_grid9_r0_seed23.json,optimization,optimization_qaoa,approximation_ratio,1.4727935194969177e-05,greedy_assignment_numpy,,4,20.134021728066728,1367063.4383931959,4,3.1457154773853633,0.21357113065365918,1053,810,324,81,55730074_scale_8n_32g_c13,20.1439141810406,23,72,4,3,synthetic,"0,1,2",,small_maxcut,4,1,21,1,,"dense_exact,sparse_lanczos",4,chordal,9,tfim,auto,4,4,"dense_exact,sparse_krylov",data/raw/perlmutter/practical_suite_sweep/practical_55730074_scale_8n_32g_c13_qaoa_chordal_4n_grid9_r0_seed23.json,ok
practical_55730074_scale_8n_32g_c13_qaoa_chordal_4n_grid9_r0_seed43.json,optimization,optimization_qaoa,approximation_ratio,1.4637946151196957e-05,greedy_assignment_numpy,,4,17.71841527102515,1210444.0806114252,4,3.1457154773853633,0.21357113065365918,1053,810,324,81,55730074_scale_8n_32g_c13,17.738861186080612,43,72,4,3,synthetic,"0,1,2",,small_maxcut,4,1,21,1,,"dense_exact,sparse_lanczos",4,chordal,9,tfim,auto,4,4,"dense_exact,sparse_krylov",data/raw/perlmutter/practical_suite_sweep/practical_55730074_scale_8n_32g_c13_qaoa_chordal_4n_grid9_r0_seed43.json,ok
practical_55730074_scale_8n_32g_c13_qaoa_ladder_5n_grid9_r0_seed17.json,optimization,optimization_qaoa,approximation_ratio,1.5210011042654514e-05,greedy_assignment_numpy,,4,20.80757626600098,1368018.4851706428,5,3.6919417382415882,0.2616116523516824,1215,810,405,81,55730074_scale_8n_32g_c13,20.826524610980414,17,72,4,3,synthetic,"0,1,2",,small_maxcut,5,1,21,1,,"dense_exact,sparse_lanczos",5,ladder,9,tfim,auto,4,4,"dense_exact,sparse_krylov",data/raw/perlmutter/practical_suite_sweep/practical_55730074_scale_8n_32g_c13_qaoa_ladder_5n_grid9_r0_seed17.json,ok
practical_55730074_scale_8n_32g_c13_qaoa_ladder_5n_grid9_r0_seed31.json,optimization,optimization_qaoa,approximation_ratio,1.632189378142357e-05,greedy_assignment_numpy,,4,16.868571699014865,1033493.5348135574,5,3.6919417382415882,0.2616116523516824,1215,810,405,81,55730074_scale_8n_32g_c13,16.89287405507639,31,72,4,3,synthetic,"0,1,2",,small_maxcut,5,1,21,1,,"dense_exact,sparse_lanczos",5,ladder,9,tfim,auto,4,4,"dense_exact,sparse_krylov",data/raw/perlmutter/practical_suite_sweep/practical_55730074_scale_8n_32g_c13_qaoa_ladder_5n_grid9_r0_seed31.json,ok
practical_55730074_scale_8n_32g_c13_qaoa_ring_7n_grid9_r0_seed23.json,optimization,optimization_qaoa,approximation_ratio,2.2193067707121372e-05,greedy_assignment_numpy,,4,15.959347732015885,719114.0919601127,6,5.249999999999997,0.12500000000000044,1701,1134,567,81,55730074_scale_8n_32g_c13,15.975015883916058,23,72,4,3,synthetic,"0,1,2",,small_maxcut,7,1,21,1,,"dense_exact,sparse_lanczos",7,ring,9,tfim,auto,4,4,"dense_exact,sparse_krylov",data/raw/perlmutter/practical_suite_sweep/practical_55730074_scale_8n_32g_c13_qaoa_ring_7n_grid9_r0_seed23.json,ok
practical_55730074_scale_8n_32g_c13_qaoa_ring_7n_grid9_r0_seed43.json,optimization,optimization_qaoa,approximation_ratio,2.2303895093500614e-05,greedy_assignment_numpy,,4,15.557576901977882,697527.3528125309,6,5.249999999999997,0.12500000000000044,1701,1134,567,81,55730074_scale_8n_32g_c13,15.58037963300012,43,72,4,3,synthetic,"0,1,2",,small_maxcut,7,1,21,1,,"dense_exact,sparse_lanczos",7,ring,9,tfim,auto,4,4,"dense_exact,sparse_krylov",data/raw/perlmutter/practical_suite_sweep/practical_55730074_scale_8n_32g_c13_qaoa_ring_7n_grid9_r0_seed43.json,ok
practical_55730074_scale_8n_32g_c13_sim_heisenberg_5q_6steps_r0_seed17.json,simulation,hamiltonian_simulation,absolute_observable_error,0.0003948250086978078,exact_dense_eigendecomposition_numpy,exact_dense_eigendecomposition_numpy,2,16.189671659027226,41004.676254990016,-0.025259172203497292,-0.09172767502661766,0.06646850282312036,296,144,5,1,55730074_scale_8n_32g_c13,16.20317099802196,17,72,4,3,synthetic,"0,1,2",,heisenberg,5,1,21,1,,"dense_exact,sparse_lanczos",4,chordal,7,heisenberg,auto,5,6,"dense_exact,sparse_krylov",data/raw/perlmutter/practical_suite_sweep/practical_55730074_scale_8n_32g_c13_sim_heisenberg_5q_6steps_r0_seed17.json,ok
practical_55730074_scale_8n_32g_c13_sim_heisenberg_5q_6steps_r0_seed23.json,simulation,hamiltonian_simulation,absolute_observable_error,0.0003945640055462718,exact_dense_eigendecomposition_numpy,exact_dense_eigendecomposition_numpy,2,29.8344835130265,75613.79926615661,-0.025259172203497292,-0.09172767502661766,0.06646850282312036,296,144,5,1,55730074_scale_8n_32g_c13,29.88379797898233,23,72,4,3,synthetic,"0,1,2",,heisenberg,5,1,21,1,,"dense_exact,sparse_lanczos",4,chordal,7,heisenberg,auto,5,6,"dense_exact,sparse_krylov",data/raw/perlmutter/practical_suite_sweep/practical_55730074_scale_8n_32g_c13_sim_heisenberg_5q_6steps_r0_seed23.json,ok
practical_55730074_scale_8n_32g_c13_sim_heisenberg_5q_6steps_r0_seed31.json,simulation,hamiltonian_simulation,absolute_observable_error,0.00039724993985146284,exact_dense_eigendecomposition_numpy,exact_dense_eigendecomposition_numpy,2,29.653868115972728,74647.88572922305,-0.025259172203497292,-0.09172767502661766,0.06646850282312036,296,144,5,1,55730074_scale_8n_32g_c13,29.697728847968392,31,72,4,3,synthetic,"0,1,2",,heisenberg,5,1,21,1,,"dense_exact,sparse_lanczos",4,chordal,7,heisenberg,auto,5,6,"dense_exact,sparse_krylov",data/raw/perlmutter/practical_suite_sweep/practical_55730074_scale_8n_32g_c13_sim_heisenberg_5q_6steps_r0_seed31.json,ok
practical_55730074_scale_8n_32g_c13_sim_heisenberg_5q_6steps_r0_seed43.json,simulation,hamiltonian_simulation,absolute_observable_error,0.00039483397267758846,exact_dense_eigendecomposition_numpy,exact_dense_eigendecomposition_numpy,2,26.23117723199539,66435.96814657869,-0.025259172203497292,-0.09172767502661766,0.06646850282312036,296,144,5,1,55730074_scale_8n_32g_c13,26.270870330976322,43,72,4,3,synthetic,"0,1,2",,heisenberg,5,1,21,1,,"dense_exact,sparse_lanczos",4,chordal,7,heisenberg,auto,5,6,"dense_exact,sparse_krylov",data/raw/perlmutter/practical_suite_sweep/practical_55730074_scale_8n_32g_c13_sim_heisenberg_5q_6steps_r0_seed43.json,ok
practical_55730074_scale_8n_32g_c14_chem_h2_l1_grid17_r0_seed23.json,chemistry,chemistry_vqe,absolute_energy_error,0.00016009004320949316,exact_dense_diagonalization_numpy,sparse_lanczos_eigsh_scipy,2,20.144780236063525,125834.06083351573,-1.8572750302023804,-1.8456249981377126,0.011650032064667748,1304,326,652,326,55730074_scale_8n_32g_c14,20.152810130035505,23,72,4,3,synthetic,"0,1,2",,H2_minimal_2qubit,2,1,17,1,,"dense_exact,sparse_lanczos",4,chordal,7,tfim,auto,4,4,"dense_exact,sparse_krylov",data/raw/perlmutter/practical_suite_sweep/practical_55730074_scale_8n_32g_c14_chem_h2_l1_grid17_r0_seed23.json,ok
practical_55730074_scale_8n_32g_c14_chem_molecular_chain_4q_l1_grid9_r0_seed43.json,chemistry,chemistry_vqe,absolute_energy_error,0.00037510693073272705,exact_dense_diagonalization_numpy,exact_dense_diagonalization_numpy,2,20.959691200987436,55876.57674051812,-1.705732892552902,-1.271535181926569,0.43419771062633306,168,63,84,21,55730074_scale_8n_32g_c14,20.97243463608902,43,72,4,3,synthetic,"0,1,2",,molecular_chain_4q_surrogate,4,1,9,1,benchmarks/workloads/hamiltonians/molecular_chain_4q.json,"dense_exact,sparse_lanczos",4,chordal,7,tfim,auto,4,4,"dense_exact,sparse_krylov",data/raw/perlmutter/practical_suite_sweep/practical_55730074_scale_8n_32g_c14_chem_molecular_chain_4q_l1_grid9_r0_seed43.json,ok
practical_55730074_scale_8n_32g_c14_ml_digits_c0v1v2_192s_10q_d1_r0_seed17.json,ml,multiclass_ml,test_accuracy,0.0001832939451560378,linear_ridge_numpy,linear_ridge_numpy,6,40.678243894013576,221929.01058125112,1.0,0.6875,0.3125,3840,1728,1920,192,55730074_scale_8n_32g_c14,40.79197194403969,17,192,10,3,digits,"0,1,2",sklearn_digits,,,1,21,1,,"dense_exact,sparse_lanczos",4,chordal,7,tfim,auto,4,4,"dense_exact,sparse_krylov",data/raw/perlmutter/practical_suite_sweep/practical_55730074_scale_8n_32g_c14_ml_digits_c0v1v2_192s_10q_d1_r0_seed17.json,ok
practical_55730074_scale_8n_32g_c14_ml_digits_c0v1v2_192s_10q_d1_r0_seed23.json,ml,multiclass_ml,test_accuracy,0.0015600969782099128,knn_numpy,knn_numpy,6,19.789376734988764,12684.709355501413,1.0,0.7291666666666666,0.27083333333333337,3840,1728,1920,192,55730074_scale_8n_32g_c14,20.023401938960887,23,192,10,3,digits,"0,1,2",sklearn_digits,,,1,21,1,,"dense_exact,sparse_lanczos",4,chordal,7,tfim,auto,4,4,"dense_exact,sparse_krylov",data/raw/perlmutter/practical_suite_sweep/practical_55730074_scale_8n_32g_c14_ml_digits_c0v1v2_192s_10q_d1_r0_seed23.json,ok
practical_55730074_scale_8n_32g_c14_ml_digits_c0v1v2_192s_10q_d1_r0_seed31.json,ml,multiclass_ml,test_accuracy,0.0014505289727821946,rbf_kernel_ridge_numpy,rbf_kernel_ridge_numpy,6,20.75923561200034,14311.493256272557,1.0,0.6875,0.3125,3840,1728,1920,192,55730074_scale_8n_32g_c14,20.841889127041213,31,192,10,3,digits,"0,1,2",sklearn_digits,,,1,21,1,,"dense_exact,sparse_lanczos",4,chordal,7,tfim,auto,4,4,"dense_exact,sparse_krylov",data/raw/perlmutter/practical_suite_sweep/practical_55730074_scale_8n_32g_c14_ml_digits_c0v1v2_192s_10q_d1_r0_seed31.json,ok
practical_55730074_scale_8n_32g_c14_ml_digits_c0v1v2_192s_10q_d1_r0_seed43.json,ml,multiclass_ml,test_accuracy,0.0014048420125618577,rbf_kernel_ridge_numpy,rbf_kernel_ridge_numpy,6,24.72346773999743,17598.75311168402,1.0,0.7083333333333334,0.29166666666666663,3840,1728,1920,192,55730074_scale_8n_32g_c14,24.81218956701923,43,192,10,3,digits,"0,1,2",sklearn_digits,,,1,21,1,,"dense_exact,sparse_lanczos",4,chordal,7,tfim,auto,4,4,"dense_exact,sparse_krylov",data/raw/perlmutter/practical_suite_sweep/practical_55730074_scale_8n_32g_c14_ml_digits_c0v1v2_192s_10q_d1_r0_seed43.json,ok
practical_55730074_scale_8n_32g_c14_ml_digits_c0v1v2v3_192s_10q_d1_r0_seed17.json,ml,multiclass_ml,test_accuracy,0.0013898250181227922,rbf_kernel_ridge_numpy,rbf_kernel_ridge_numpy,6,23.169538730056956,16670.83152766351,1.0,0.6875,0.3125,3840,1728,1920,192,55730074_scale_8n_32g_c14,23.30102589400485,17,192,10,4,digits,"0,1,2,3",sklearn_digits,,,1,21,1,,"dense_exact,sparse_lanczos",4,chordal,7,tfim,auto,4,4,"dense_exact,sparse_krylov",data/raw/perlmutter/practical_suite_sweep/practical_55730074_scale_8n_32g_c14_ml_digits_c0v1v2v3_192s_10q_d1_r0_seed17.json,ok
practical_55730074_scale_8n_32g_c14_ml_digits_c0v1v2v3_192s_10q_d1_r0_seed23.json,ml,multiclass_ml,test_accuracy,0.0013813049299642444,rbf_kernel_ridge_numpy,rbf_kernel_ridge_numpy,6,22.76423233305104,16480.236795824872,1.0,0.6666666666666666,0.33333333333333337,3840,1728,1920,192,55730074_scale_8n_32g_c14,22.947344487998635,23,192,10,4,digits,"0,1,2,3",sklearn_digits,,,1,21,1,,"dense_exact,sparse_lanczos",4,chordal,7,tfim,auto,4,4,"dense_exact,sparse_krylov",data/raw/perlmutter/practical_suite_sweep/practical_55730074_scale_8n_32g_c14_ml_digits_c0v1v2v3_192s_10q_d1_r0_seed23.json,ok
practical_55730074_scale_8n_32g_c14_ml_digits_c0v1v2v3_192s_10q_d1_r0_seed31.json,ml,multiclass_ml,test_accuracy,0.0015870550414547324,rbf_kernel_ridge_numpy,rbf_kernel_ridge_numpy,6,24.775045408983715,15610.703322724283,1.0,0.7291666666666666,0.27083333333333337,3840,1728,1920,192,55730074_scale_8n_32g_c14,25.015731740975752,31,192,10,4,digits,"0,1,2,3",sklearn_digits,,,1,21,1,,"dense_exact,sparse_lanczos",4,chordal,7,tfim,auto,4,4,"dense_exact,sparse_krylov",data/raw/perlmutter/practical_suite_sweep/practical_55730074_scale_8n_32g_c14_ml_digits_c0v1v2v3_192s_10q_d1_r0_seed31.json,ok
practical_55730074_scale_8n_32g_c14_ml_digits_c0v1v2v3_192s_10q_d1_r0_seed43.json,ml,multiclass_ml,test_accuracy,0.001370636047795415,rbf_kernel_ridge_numpy,rbf_kernel_ridge_numpy,6,23.039771650917828,16809.54742725168,1.0,0.6875,0.3125,3840,1728,1920,192,55730074_scale_8n_32g_c14,23.126879123970866,43,192,10,4,digits,"0,1,2,3",sklearn_digits,,,1,21,1,,"dense_exact,sparse_lanczos",4,chordal,7,tfim,auto,4,4,"dense_exact,sparse_krylov",data/raw/perlmutter/practical_suite_sweep/practical_55730074_scale_8n_32g_c14_ml_digits_c0v1v2v3_192s_10q_d1_r0_seed43.json,ok
practical_55730074_scale_8n_32g_c14_ml_digits_c2v4v6v8_192s_10q_d1_r0_seed17.json,ml,multiclass_ml,test_accuracy,0.000181661918759346,nearest_centroid_numpy,nearest_centroid_numpy,6,21.228787687025033,116858.76617403541,0.9791666666666666,0.75,0.22916666666666663,3840,1728,1920,192,55730074_scale_8n_32g_c14,21.344150844030082,17,192,10,4,digits,"2,4,6,8",sklearn_digits,,,1,21,1,,"dense_exact,sparse_lanczos",4,chordal,7,tfim,auto,4,4,"dense_exact,sparse_krylov",data/raw/perlmutter/practical_suite_sweep/practical_55730074_scale_8n_32g_c14_ml_digits_c2v4v6v8_192s_10q_d1_r0_seed17.json,ok
practical_55730074_scale_8n_32g_c14_ml_digits_c2v4v6v8_192s_10q_d1_r0_seed23.json,ml,multiclass_ml,test_accuracy,0.0015565010253340006,rbf_kernel_ridge_numpy,rbf_kernel_ridge_numpy,6,21.015452953986824,13501.727664764781,1.0,0.6666666666666666,0.33333333333333337,3840,1728,1920,192,55730074_scale_8n_32g_c14,21.162232935079373,23,192,10,4,digits,"2,4,6,8",sklearn_digits,,,1,21,1,,"dense_exact,sparse_lanczos",4,chordal,7,tfim,auto,4,4,"dense_exact,sparse_krylov",data/raw/perlmutter/practical_suite_sweep/practical_55730074_scale_8n_32g_c14_ml_digits_c2v4v6v8_192s_10q_d1_r0_seed23.json,ok
practical_55730074_scale_8n_32g_c14_ml_digits_c2v4v6v8_192s_10q_d1_r0_seed31.json,ml,multiclass_ml,test_accuracy,0.0013368100626394153,rbf_kernel_ridge_numpy,rbf_kernel_ridge_numpy,6,23.870423858053982,17856.256864886178,1.0,0.6458333333333334,0.35416666666666663,3840,1728,1920,192,55730074_scale_8n_32g_c14,24.024948155973107,31,192,10,4,digits,"2,4,6,8",sklearn_digits,,,1,21,1,,"dense_exact,sparse_lanczos",4,chordal,7,tfim,auto,4,4,"dense_exact,sparse_krylov",data/raw/perlmutter/practical_suite_sweep/practical_55730074_scale_8n_32g_c14_ml_digits_c2v4v6v8_192s_10q_d1_r0_seed31.json,ok
practical_55730074_scale_8n_32g_c14_ml_digits_c2v4v6v8_192s_10q_d1_r0_seed43.json,ml,multiclass_ml,test_accuracy,0.0001975629711523652,nearest_centroid_numpy,nearest_centroid_numpy,6,22.282121254014783,112784.90662519085,1.0,0.5416666666666666,0.45833333333333337,3840,1728,1920,192,55730074_scale_8n_32g_c14,22.428413170971908,43,192,10,4,digits,"2,4,6,8",sklearn_digits,,,1,21,1,,"dense_exact,sparse_lanczos",4,chordal,7,tfim,auto,4,4,"dense_exact,sparse_krylov",data/raw/perlmutter/practical_suite_sweep/practical_55730074_scale_8n_32g_c14_ml_digits_c2v4v6v8_192s_10q_d1_r0_seed43.json,ok
practical_55730074_scale_8n_32g_c14_ml_digits_c3v5v8_192s_10q_d1_r0_seed17.json,ml,multiclass_ml,test_accuracy,0.001434648991562426,rbf_kernel_ridge_numpy,rbf_kernel_ridge_numpy,6,25.58154920907691,17831.225170427882,1.0,0.5833333333333334,0.41666666666666663,3840,1728,1920,192,55730074_scale_8n_32g_c14,25.677891587023623,17,192,10,3,digits,"3,5,8",sklearn_digits,,,1,21,1,,"dense_exact,sparse_lanczos",4,chordal,7,tfim,auto,4,4,"dense_exact,sparse_krylov",data/raw/perlmutter/practical_suite_sweep/practical_55730074_scale_8n_32g_c14_ml_digits_c3v5v8_192s_10q_d1_r0_seed17.json,ok
practical_55730074_scale_8n_32g_c14_ml_digits_c3v5v8_192s_10q_d1_r0_seed23.json,ml,multiclass_ml,test_accuracy,0.00017402006778866053,linear_ridge_numpy,linear_ridge_numpy,6,21.628735627047718,124288.74383220467,1.0,0.6458333333333334,0.35416666666666663,3840,1728,1920,192,55730074_scale_8n_32g_c14,21.715229369001463,23,192,10,3,digits,"3,5,8",sklearn_digits,,,1,21,1,,"dense_exact,sparse_lanczos",4,chordal,7,tfim,auto,4,4,"dense_exact,sparse_krylov",data/raw/perlmutter/practical_suite_sweep/practical_55730074_scale_8n_32g_c14_ml_digits_c3v5v8_192s_10q_d1_r0_seed23.json,ok
practical_55730074_scale_8n_32g_c14_ml_digits_c3v5v8_192s_10q_d1_r0_seed31.json,ml,multiclass_ml,test_accuracy,0.00017663207836449146,linear_ridge_numpy,linear_ridge_numpy,6,21.869870451046154,123815.96057493189,0.9791666666666666,0.5208333333333334,0.45833333333333326,3840,1728,1920,192,55730074_scale_8n_32g_c14,22.118024189025164,31,192,10,3,digits,"3,5,8",sklearn_digits,,,1,21,1,,"dense_exact,sparse_lanczos",4,chordal,7,tfim,auto,4,4,"dense_exact,sparse_krylov",data/raw/perlmutter/practical_suite_sweep/practical_55730074_scale_8n_32g_c14_ml_digits_c3v5v8_192s_10q_d1_r0_seed31.json,ok
practical_55730074_scale_8n_32g_c14_ml_digits_c3v5v8_192s_10q_d1_r0_seed43.json,ml,multiclass_ml,test_accuracy,0.001400493085384369,rbf_kernel_ridge_numpy,rbf_kernel_ridge_numpy,6,24.280815678997897,17337.333495176783,0.9791666666666666,0.6041666666666666,0.375,3840,1728,1920,192,55730074_scale_8n_32g_c14,24.44315601605922,43,192,10,3,digits,"3,5,8",sklearn_digits,,,1,21,1,,"dense_exact,sparse_lanczos",4,chordal,7,tfim,auto,4,4,"dense_exact,sparse_krylov",data/raw/perlmutter/practical_suite_sweep/practical_55730074_scale_8n_32g_c14_ml_digits_c3v5v8_192s_10q_d1_r0_seed43.json,ok
practical_55730074_scale_8n_32g_c14_qaoa_chordal_4n_grid11_r0_seed23.json,optimization,optimization_qaoa,approximation_ratio,1.4708028174936771e-05,greedy_assignment_numpy,,4,19.38772420003079,1318172.903222232,4,3.229815686445298,0.19254607838867555,1573,1210,484,121,55730074_scale_8n_32g_c14,19.40561878308654,23,72,4,3,synthetic,"0,1,2",,small_maxcut,4,1,21,1,,"dense_exact,sparse_lanczos",4,chordal,11,tfim,auto,4,4,"dense_exact,sparse_krylov",data/raw/perlmutter/practical_suite_sweep/practical_55730074_scale_8n_32g_c14_qaoa_chordal_4n_grid11_r0_seed23.json,ok
practical_55730074_scale_8n_32g_c14_qaoa_chordal_4n_grid11_r0_seed43.json,optimization,optimization_qaoa,approximation_ratio,1.4718971215188503e-05,greedy_assignment_numpy,,4,15.319240970071405,1040782.045572824,4,3.229815686445298,0.19254607838867555,1573,1210,484,121,55730074_scale_8n_32g_c14,15.332800435018726,43,72,4,3,synthetic,"0,1,2",,small_maxcut,4,1,21,1,,"dense_exact,sparse_lanczos",4,chordal,11,tfim,auto,4,4,"dense_exact,sparse_krylov",data/raw/perlmutter/practical_suite_sweep/practical_55730074_scale_8n_32g_c14_qaoa_chordal_4n_grid11_r0_seed43.json,ok
practical_55730074_scale_8n_32g_c14_qaoa_ladder_5n_grid11_r0_seed17.json,optimization,optimization_qaoa,approximation_ratio,1.6481964848935604e-05,greedy_assignment_numpy,,4,20.92997681500856,1269871.4629500138,5,3.5925466511522917,0.2814906697695416,1815,1210,605,121,55730074_scale_8n_32g_c14,20.941328032989986,17,72,4,3,synthetic,"0,1,2",,small_maxcut,5,1,21,1,,"dense_exact,sparse_lanczos",5,ladder,11,tfim,auto,4,4,"dense_exact,sparse_krylov",data/raw/perlmutter/practical_suite_sweep/practical_55730074_scale_8n_32g_c14_qaoa_ladder_5n_grid11_r0_seed17.json,ok
practical_55730074_scale_8n_32g_c14_qaoa_ladder_5n_grid11_r0_seed31.json,optimization,optimization_qaoa,approximation_ratio,1.7494079656898975e-05,greedy_assignment_numpy,,4,15.083575363038108,862210.2824991848,5,3.5925466511522917,0.2814906697695416,1815,1210,605,121,55730074_scale_8n_32g_c14,15.095957890036516,31,72,4,3,synthetic,"0,1,2",,small_maxcut,5,1,21,1,,"dense_exact,sparse_lanczos",5,ladder,11,tfim,auto,4,4,"dense_exact,sparse_krylov",data/raw/perlmutter/practical_suite_sweep/practical_55730074_scale_8n_32g_c14_qaoa_ladder_5n_grid11_r0_seed31.json,ok
practical_55730074_scale_8n_32g_c14_qaoa_ring_7n_grid11_r0_seed23.json,optimization,optimization_qaoa,approximation_ratio,2.3215077817440033e-05,greedy_assignment_numpy,,4,16.222705789958127,698800.4053887351,6,5.082889870078074,0.15285168832032092,2541,1694,847,121,55730074_scale_8n_32g_c14,16.237904681940563,23,72,4,3,synthetic,"0,1,2",,small_maxcut,7,1,21,1,,"dense_exact,sparse_lanczos",7,ring,11,tfim,auto,4,4,"dense_exact,sparse_krylov",data/raw/perlmutter/practical_suite_sweep/practical_55730074_scale_8n_32g_c14_qaoa_ring_7n_grid11_r0_seed23.json,ok
practical_55730074_scale_8n_32g_c14_qaoa_ring_7n_grid11_r0_seed43.json,optimization,optimization_qaoa,approximation_ratio,2.193299587816e-05,greedy_assignment_numpy,,4,15.039795562974177,685715.5149493373,6,5.082889870078074,0.15285168832032092,2541,1694,847,121,55730074_scale_8n_32g_c14,15.065532597946003,43,72,4,3,synthetic,"0,1,2",,small_maxcut,7,1,21,1,,"dense_exact,sparse_lanczos",7,ring,11,tfim,auto,4,4,"dense_exact,sparse_krylov",data/raw/perlmutter/practical_suite_sweep/practical_55730074_scale_8n_32g_c14_qaoa_ring_7n_grid11_r0_seed43.json,ok
practical_55730074_scale_8n_32g_c14_sim_heisenberg_5q_8steps_r0_seed17.json,simulation,hamiltonian_simulation,absolute_observable_error,0.00043041398748755455,exact_dense_eigendecomposition_numpy,exact_dense_eigendecomposition_numpy,2,13.913611838012002,32326.114490910488,-0.025259172203497292,-0.07408869759288389,0.0488295253893866,394,192,5,1,55730074_scale_8n_32g_c14,13.928896646946669,17,72,4,3,synthetic,"0,1,2",,heisenberg,5,1,21,1,,"dense_exact,sparse_lanczos",4,chordal,7,heisenberg,auto,5,8,"dense_exact,sparse_krylov",data/raw/perlmutter/practical_suite_sweep/practical_55730074_scale_8n_32g_c14_sim_heisenberg_5q_8steps_r0_seed17.json,ok
practical_55730074_scale_8n_32g_c14_sim_heisenberg_5q_8steps_r0_seed23.json,simulation,hamiltonian_simulation,absolute_observable_error,0.00039820093661546707,exact_dense_eigendecomposition_numpy,exact_dense_eigendecomposition_numpy,2,16.33279446105007,41016.464199887734,-0.025259172203497292,-0.07408869759288389,0.0488295253893866,394,192,5,1,55730074_scale_8n_32g_c14,16.35291114996653,23,72,4,3,synthetic,"0,1,2",,heisenberg,5,1,21,1,,"dense_exact,sparse_lanczos",4,chordal,7,heisenberg,auto,5,8,"dense_exact,sparse_krylov",data/raw/perlmutter/practical_suite_sweep/practical_55730074_scale_8n_32g_c14_sim_heisenberg_5q_8steps_r0_seed23.json,ok
practical_55730074_scale_8n_32g_c14_sim_heisenberg_5q_8steps_r0_seed31.json,simulation,hamiltonian_simulation,absolute_observable_error,0.0004050949355587363,exact_dense_eigendecomposition_numpy,exact_dense_eigendecomposition_numpy,2,25.655840461025946,63332.9084345119,-0.025259172203497292,-0.07408869759288389,0.0488295253893866,394,192,5,1,55730074_scale_8n_32g_c14,25.67217477201484,31,72,4,3,synthetic,"0,1,2",,heisenberg,5,1,21,1,,"dense_exact,sparse_lanczos",4,chordal,7,heisenberg,auto,5,8,"dense_exact,sparse_krylov",data/raw/perlmutter/practical_suite_sweep/practical_55730074_scale_8n_32g_c14_sim_heisenberg_5q_8steps_r0_seed31.json,ok
practical_55730074_scale_8n_32g_c14_sim_heisenberg_5q_8steps_r0_seed43.json,simulation,hamiltonian_simulation,absolute_observable_error,0.00039596704300493,exact_dense_eigendecomposition_numpy,exact_dense_eigendecomposition_numpy,2,34.620723961037584,87433.347225836,-0.025259172203497292,-0.07408869759288389,0.0488295253893866,394,192,5,1,55730074_scale_8n_32g_c14,34.654542039032094,43,72,4,3,synthetic,"0,1,2",,heisenberg,5,1,21,1,,"dense_exact,sparse_lanczos",4,chordal,7,heisenberg,auto,5,8,"dense_exact,sparse_krylov",data/raw/perlmutter/practical_suite_sweep/practical_55730074_scale_8n_32g_c14_sim_heisenberg_5q_8steps_r0_seed43.json,ok
practical_55730074_scale_8n_32g_c15_chem_h2_l1_grid21_r0_seed23.json,chemistry,chemistry_vqe,absolute_energy_error,0.0001587780425325036,exact_dense_diagonalization_numpy,exact_dense_diagonalization_numpy,2,20.499297535978258,129106.62714450473,-1.85727503020238,-1.8539259190122395,0.0033491111901404746,1944,486,972,486,55730074_scale_8n_32g_c15,20.53317046992015,23,72,4,3,synthetic,"0,1,2",,H2_minimal_2qubit,2,1,21,1,,"dense_exact,sparse_lanczos",4,chordal,7,tfim,auto,4,4,"dense_exact,sparse_krylov",data/raw/perlmutter/practical_suite_sweep/practical_55730074_scale_8n_32g_c15_chem_h2_l1_grid21_r0_seed23.json,ok
practical_55730074_scale_8n_32g_c15_chem_molecular_chain_4q_l1_grid13_r0_seed43.json,chemistry,chemistry_vqe,absolute_energy_error,0.00016316503752022982,exact_dense_diagonalization_numpy,sparse_lanczos_eigsh_scipy,2,20.259038000018336,124162.86177427284,-1.7057328925529065,-1.271535181926569,0.4341977106263375,232,87,116,29,55730074_scale_8n_32g_c15,20.27839000604581,43,72,4,3,synthetic,"0,1,2",,molecular_chain_4q_surrogate,4,1,13,1,benchmarks/workloads/hamiltonians/molecular_chain_4q.json,"dense_exact,sparse_lanczos",4,chordal,7,tfim,auto,4,4,"dense_exact,sparse_krylov",data/raw/perlmutter/practical_suite_sweep/practical_55730074_scale_8n_32g_c15_chem_molecular_chain_4q_l1_grid13_r0_seed43.json,ok
practical_55730074_scale_8n_32g_c15_ml_digits_c0v1v2_192s_10q_d2_r0_seed17.json,ml,multiclass_ml,test_accuracy,0.0001930929720401764,linear_ridge_numpy,linear_ridge_numpy,6,40.66096678096801,210577.14504755658,1.0,0.7083333333333334,0.29166666666666663,7680,3456,1920,192,55730074_scale_8n_32g_c15,40.764189211069606,17,192,10,3,digits,"0,1,2",sklearn_digits,,,2,21,1,,"dense_exact,sparse_lanczos",4,chordal,7,tfim,auto,4,4,"dense_exact,sparse_krylov",data/raw/perlmutter/practical_suite_sweep/practical_55730074_scale_8n_32g_c15_ml_digits_c0v1v2_192s_10q_d2_r0_seed17.json,ok
practical_55730074_scale_8n_32g_c15_ml_digits_c0v1v2_192s_10q_d2_r0_seed23.json,ml,multiclass_ml,test_accuracy,0.0016461809864267707,knn_numpy,knn_numpy,6,18.680930901085958,11348.041955966892,1.0,0.6666666666666666,0.33333333333333337,7680,3456,1920,192,55730074_scale_8n_32g_c15,18.764268229948357,23,192,10,3,digits,"0,1,2",sklearn_digits,,,2,21,1,,"dense_exact,sparse_lanczos",4,chordal,7,tfim,auto,4,4,"dense_exact,sparse_krylov",data/raw/perlmutter/practical_suite_sweep/practical_55730074_scale_8n_32g_c15_ml_digits_c0v1v2_192s_10q_d2_r0_seed23.json,ok
practical_55730074_scale_8n_32g_c15_ml_digits_c0v1v2_192s_10q_d2_r0_seed31.json,ml,multiclass_ml,test_accuracy,0.001437300001271069,rbf_kernel_ridge_numpy,rbf_kernel_ridge_numpy,6,21.72725796699524,15116.71742001033,1.0,0.7708333333333334,0.22916666666666663,7680,3456,1920,192,55730074_scale_8n_32g_c15,21.808424215065315,31,192,10,3,digits,"0,1,2",sklearn_digits,,,2,21,1,,"dense_exact,sparse_lanczos",4,chordal,7,tfim,auto,4,4,"dense_exact,sparse_krylov",data/raw/perlmutter/practical_suite_sweep/practical_55730074_scale_8n_32g_c15_ml_digits_c0v1v2_192s_10q_d2_r0_seed31.json,ok
practical_55730074_scale_8n_32g_c15_ml_digits_c0v1v2_192s_10q_d2_r0_seed43.json,ml,multiclass_ml,test_accuracy,0.0014775029849261045,rbf_kernel_ridge_numpy,rbf_kernel_ridge_numpy,6,22.941359851974994,15527.115739209405,1.0,0.6458333333333334,0.35416666666666663,7680,3456,1920,192,55730074_scale_8n_32g_c15,23.032257133047096,43,192,10,3,digits,"0,1,2",sklearn_digits,,,2,21,1,,"dense_exact,sparse_lanczos",4,chordal,7,tfim,auto,4,4,"dense_exact,sparse_krylov",data/raw/perlmutter/practical_suite_sweep/practical_55730074_scale_8n_32g_c15_ml_digits_c0v1v2_192s_10q_d2_r0_seed43.json,ok
practical_55730074_scale_8n_32g_c15_ml_digits_c0v1v2v3_192s_10q_d2_r0_seed17.json,ml,multiclass_ml,test_accuracy,0.0014824839308857918,rbf_kernel_ridge_numpy,rbf_kernel_ridge_numpy,6,20.09091001295019,13552.194121217737,1.0,0.6458333333333334,0.35416666666666663,7680,3456,1920,192,55730074_scale_8n_32g_c15,20.174472432932816,17,192,10,4,digits,"0,1,2,3",sklearn_digits,,,2,21,1,,"dense_exact,sparse_lanczos",4,chordal,7,tfim,auto,4,4,"dense_exact,sparse_krylov",data/raw/perlmutter/practical_suite_sweep/practical_55730074_scale_8n_32g_c15_ml_digits_c0v1v2v3_192s_10q_d2_r0_seed17.json,ok
practical_55730074_scale_8n_32g_c15_ml_digits_c0v1v2v3_192s_10q_d2_r0_seed23.json,ml,multiclass_ml,test_accuracy,0.0014421630185097456,rbf_kernel_ridge_numpy,rbf_kernel_ridge_numpy,6,21.456236943951808,14877.816632771197,1.0,0.7083333333333334,0.29166666666666663,7680,3456,1920,192,55730074_scale_8n_32g_c15,21.537962372996844,23,192,10,4,digits,"0,1,2,3",sklearn_digits,,,2,21,1,,"dense_exact,sparse_lanczos",4,chordal,7,tfim,auto,4,4,"dense_exact,sparse_krylov",data/raw/perlmutter/practical_suite_sweep/practical_55730074_scale_8n_32g_c15_ml_digits_c0v1v2v3_192s_10q_d2_r0_seed23.json,ok
practical_55730074_scale_8n_32g_c15_ml_digits_c0v1v2v3_192s_10q_d2_r0_seed31.json,ml,multiclass_ml,test_accuracy,0.0015720949741080403,rbf_kernel_ridge_numpy,rbf_kernel_ridge_numpy,6,21.520162430009805,13688.843730462087,1.0,0.6666666666666666,0.33333333333333337,7680,3456,1920,192,55730074_scale_8n_32g_c15,21.60164937796071,31,192,10,4,digits,"0,1,2,3",sklearn_digits,,,2,21,1,,"dense_exact,sparse_lanczos",4,chordal,7,tfim,auto,4,4,"dense_exact,sparse_krylov",data/raw/perlmutter/practical_suite_sweep/practical_55730074_scale_8n_32g_c15_ml_digits_c0v1v2v3_192s_10q_d2_r0_seed31.json,ok
practical_55730074_scale_8n_32g_c15_ml_digits_c0v1v2v3_192s_10q_d2_r0_seed43.json,ml,multiclass_ml,test_accuracy,0.0014431749004870653,rbf_kernel_ridge_numpy,rbf_kernel_ridge_numpy,6,22.38840965309646,15513.303096901469,1.0,0.7291666666666666,0.27083333333333337,7680,3456,1920,192,55730074_scale_8n_32g_c15,22.53343795402907,43,192,10,4,digits,"0,1,2,3",sklearn_digits,,,2,21,1,,"dense_exact,sparse_lanczos",4,chordal,7,tfim,auto,4,4,"dense_exact,sparse_krylov",data/raw/perlmutter/practical_suite_sweep/practical_55730074_scale_8n_32g_c15_ml_digits_c0v1v2v3_192s_10q_d2_r0_seed43.json,ok
practical_55730074_scale_8n_32g_c15_ml_digits_c2v4v6v8_192s_10q_d2_r0_seed17.json,ml,multiclass_ml,test_accuracy,0.00019020901527255774,nearest_centroid_numpy,nearest_centroid_numpy,6,20.47325813502539,107635.58239176245,0.9791666666666666,0.7083333333333334,0.27083333333333326,7680,3456,1920,192,55730074_scale_8n_32g_c15,20.569825355079956,17,192,10,4,digits,"2,4,6,8",sklearn_digits,,,2,21,1,,"dense_exact,sparse_lanczos",4,chordal,7,tfim,auto,4,4,"dense_exact,sparse_krylov",data/raw/perlmutter/practical_suite_sweep/practical_55730074_scale_8n_32g_c15_ml_digits_c2v4v6v8_192s_10q_d2_r0_seed17.json,ok
practical_55730074_scale_8n_32g_c15_ml_digits_c2v4v6v8_192s_10q_d2_r0_seed23.json,ml,multiclass_ml,test_accuracy,0.0014313820283859968,rbf_kernel_ridge_numpy,rbf_kernel_ridge_numpy,6,19.194310958031565,13409.63528770496,1.0,0.8333333333333334,0.16666666666666663,7680,3456,1920,192,55730074_scale_8n_32g_c15,19.279975723009557,23,192,10,4,digits,"2,4,6,8",sklearn_digits,,,2,21,1,,"dense_exact,sparse_lanczos",4,chordal,7,tfim,auto,4,4,"dense_exact,sparse_krylov",data/raw/perlmutter/practical_suite_sweep/practical_55730074_scale_8n_32g_c15_ml_digits_c2v4v6v8_192s_10q_d2_r0_seed23.json,ok
practical_55730074_scale_8n_32g_c15_ml_digits_c2v4v6v8_192s_10q_d2_r0_seed31.json,ml,multiclass_ml,test_accuracy,0.0015105869388207793,rbf_kernel_ridge_numpy,rbf_kernel_ridge_numpy,6,24.603234269074164,16287.201773557217,1.0,0.7083333333333334,0.29166666666666663,7680,3456,1920,192,55730074_scale_8n_32g_c15,24.81371202203445,31,192,10,4,digits,"2,4,6,8",sklearn_digits,,,2,21,1,,"dense_exact,sparse_lanczos",4,chordal,7,tfim,auto,4,4,"dense_exact,sparse_krylov",data/raw/perlmutter/practical_suite_sweep/practical_55730074_scale_8n_32g_c15_ml_digits_c2v4v6v8_192s_10q_d2_r0_seed31.json,ok
practical_55730074_scale_8n_32g_c15_ml_digits_c2v4v6v8_192s_10q_d2_r0_seed43.json,ml,multiclass_ml,test_accuracy,0.0002031739568337798,nearest_centroid_numpy,nearest_centroid_numpy,6,22.276938472990878,109644.65534928787,1.0,0.6458333333333334,0.35416666666666663,7680,3456,1920,192,55730074_scale_8n_32g_c15,22.35734838200733,43,192,10,4,digits,"2,4,6,8",sklearn_digits,,,2,21,1,,"dense_exact,sparse_lanczos",4,chordal,7,tfim,auto,4,4,"dense_exact,sparse_krylov",data/raw/perlmutter/practical_suite_sweep/practical_55730074_scale_8n_32g_c15_ml_digits_c2v4v6v8_192s_10q_d2_r0_seed43.json,ok
practical_55730074_scale_8n_32g_c15_ml_digits_c3v5v8_192s_10q_d2_r0_seed17.json,ml,multiclass_ml,test_accuracy,0.0015656440518796444,rbf_kernel_ridge_numpy,rbf_kernel_ridge_numpy,6,20.689339952892624,13214.58726717219,1.0,0.625,0.375,7680,3456,1920,192,55730074_scale_8n_32g_c15,20.787173804012127,17,192,10,3,digits,"3,5,8",sklearn_digits,,,2,21,1,,"dense_exact,sparse_lanczos",4,chordal,7,tfim,auto,4,4,"dense_exact,sparse_krylov",data/raw/perlmutter/practical_suite_sweep/practical_55730074_scale_8n_32g_c15_ml_digits_c3v5v8_192s_10q_d2_r0_seed17.json,ok
practical_55730074_scale_8n_32g_c15_ml_digits_c3v5v8_192s_10q_d2_r0_seed23.json,ml,multiclass_ml,test_accuracy,0.0001847910461947322,linear_ridge_numpy,linear_ridge_numpy,6,19.471055886009708,105367.96174361811,1.0,0.6875,0.3125,7680,3456,1920,192,55730074_scale_8n_32g_c15,19.56459751399234,23,192,10,3,digits,"3,5,8",sklearn_digits,,,2,21,1,,"dense_exact,sparse_lanczos",4,chordal,7,tfim,auto,4,4,"dense_exact,sparse_krylov",data/raw/perlmutter/practical_suite_sweep/practical_55730074_scale_8n_32g_c15_ml_digits_c3v5v8_192s_10q_d2_r0_seed23.json,ok
practical_55730074_scale_8n_32g_c15_ml_digits_c3v5v8_192s_10q_d2_r0_seed31.json,ml,multiclass_ml,test_accuracy,0.00017559994012117386,linear_ridge_numpy,linear_ridge_numpy,6,20.60155890090391,117320.99046666914,0.9791666666666666,0.5,0.47916666666666663,7680,3456,1920,192,55730074_scale_8n_32g_c15,20.68912533193361,31,192,10,3,digits,"3,5,8",sklearn_digits,,,2,21,1,,"dense_exact,sparse_lanczos",4,chordal,7,tfim,auto,4,4,"dense_exact,sparse_krylov",data/raw/perlmutter/practical_suite_sweep/practical_55730074_scale_8n_32g_c15_ml_digits_c3v5v8_192s_10q_d2_r0_seed31.json,ok
practical_55730074_scale_8n_32g_c15_ml_digits_c3v5v8_192s_10q_d2_r0_seed43.json,ml,multiclass_ml,test_accuracy,0.0014066849835217,rbf_kernel_ridge_numpy,rbf_kernel_ridge_numpy,6,22.60190057195723,16067.492606178494,0.9791666666666666,0.6875,0.29166666666666663,7680,3456,1920,192,55730074_scale_8n_32g_c15,22.7129382310668,43,192,10,3,digits,"3,5,8",sklearn_digits,,,2,21,1,,"dense_exact,sparse_lanczos",4,chordal,7,tfim,auto,4,4,"dense_exact,sparse_krylov",data/raw/perlmutter/practical_suite_sweep/practical_55730074_scale_8n_32g_c15_ml_digits_c3v5v8_192s_10q_d2_r0_seed43.json,ok
practical_55730074_scale_8n_32g_c15_qaoa_chordal_4n_grid13_r0_seed23.json,optimization,optimization_qaoa,approximation_ratio,1.4317920431494713e-05,greedy_assignment_numpy,,4,20.90499137691222,1460057.7979835758,4,3.2070111141556907,0.19824722146107732,2197,1690,676,169,55730074_scale_8n_32g_c15,20.919465392944403,23,72,4,3,synthetic,"0,1,2",,small_maxcut,4,1,21,1,,"dense_exact,sparse_lanczos",4,chordal,13,tfim,auto,4,4,"dense_exact,sparse_krylov",data/raw/perlmutter/practical_suite_sweep/practical_55730074_scale_8n_32g_c15_qaoa_chordal_4n_grid13_r0_seed23.json,ok
practical_55730074_scale_8n_32g_c15_qaoa_chordal_4n_grid13_r0_seed43.json,optimization,optimization_qaoa,approximation_ratio,1.4448072761297226e-05,greedy_assignment_numpy,,4,15.080873119062744,1043798.2538031392,4,3.2070111141556907,0.19824722146107732,2197,1690,676,169,55730074_scale_8n_32g_c15,15.09504344908055,43,72,4,3,synthetic,"0,1,2",,small_maxcut,4,1,21,1,,"dense_exact,sparse_lanczos",4,chordal,13,tfim,auto,4,4,"dense_exact,sparse_krylov",data/raw/perlmutter/practical_suite_sweep/practical_55730074_scale_8n_32g_c15_qaoa_chordal_4n_grid13_r0_seed43.json,ok
practical_55730074_scale_8n_32g_c15_qaoa_ladder_5n_grid13_r0_seed17.json,optimization,optimization_qaoa,approximation_ratio,1.7263926565647125e-05,greedy_assignment_numpy,,4,20.84839543304406,1207627.6711307114,5,3.6919417382415882,0.2616116523516824,2535,1690,845,169,55730074_scale_8n_32g_c15,20.872499673976563,17,72,4,3,synthetic,"0,1,2",,small_maxcut,5,1,21,1,,"dense_exact,sparse_lanczos",5,ladder,13,tfim,auto,4,4,"dense_exact,sparse_krylov",data/raw/perlmutter/practical_suite_sweep/practical_55730074_scale_8n_32g_c15_qaoa_ladder_5n_grid13_r0_seed17.json,ok
practical_55730074_scale_8n_32g_c15_qaoa_ladder_5n_grid13_r0_seed31.json,optimization,optimization_qaoa,approximation_ratio,1.665193121880293e-05,greedy_assignment_numpy,,4,16.211536815040745,973552.9532295387,5,3.6919417382415882,0.2616116523516824,2535,1690,845,169,55730074_scale_8n_32g_c15,16.22272668092046,31,72,4,3,synthetic,"0,1,2",,small_maxcut,5,1,21,1,,"dense_exact,sparse_lanczos",5,ladder,13,tfim,auto,4,4,"dense_exact,sparse_krylov",data/raw/perlmutter/practical_suite_sweep/practical_55730074_scale_8n_32g_c15_qaoa_ladder_5n_grid13_r0_seed31.json,ok
practical_55730074_scale_8n_32g_c15_qaoa_ring_7n_grid13_r0_seed23.json,optimization,optimization_qaoa,approximation_ratio,2.1751970052719116e-05,greedy_assignment_numpy,,4,19.420342995086685,892808.4650732146,6,5.249999999999997,0.12500000000000044,3549,2366,1183,169,55730074_scale_8n_32g_c15,19.429001146927476,23,72,4,3,synthetic,"0,1,2",,small_maxcut,7,1,21,1,,"dense_exact,sparse_lanczos",7,ring,13,tfim,auto,4,4,"dense_exact,sparse_krylov",data/raw/perlmutter/practical_suite_sweep/practical_55730074_scale_8n_32g_c15_qaoa_ring_7n_grid13_r0_seed23.json,ok
practical_55730074_scale_8n_32g_c15_qaoa_ring_7n_grid13_r0_seed43.json,optimization,optimization_qaoa,approximation_ratio,2.2343010641634464e-05,greedy_assignment_numpy,,4,15.405017745913938,689478.1546228996,6,5.249999999999997,0.12500000000000044,3549,2366,1183,169,55730074_scale_8n_32g_c15,15.412573321955279,43,72,4,3,synthetic,"0,1,2",,small_maxcut,7,1,21,1,,"dense_exact,sparse_lanczos",7,ring,13,tfim,auto,4,4,"dense_exact,sparse_krylov",data/raw/perlmutter/practical_suite_sweep/practical_55730074_scale_8n_32g_c15_qaoa_ring_7n_grid13_r0_seed43.json,ok
practical_55730074_scale_8n_32g_c15_sim_heisenberg_5q_10steps_r0_seed17.json,simulation,hamiltonian_simulation,absolute_observable_error,0.0004149440210312605,exact_dense_eigendecomposition_numpy,exact_dense_eigendecomposition_numpy,2,14.985753258108161,36115.12035012353,-0.025259172203497292,-0.06389507462183047,0.03863590241833318,492,240,5,1,55730074_scale_8n_32g_c15,15.066628952044994,17,72,4,3,synthetic,"0,1,2",,heisenberg,5,1,21,1,,"dense_exact,sparse_lanczos",4,chordal,7,heisenberg,auto,5,10,"dense_exact,sparse_krylov",data/raw/perlmutter/practical_suite_sweep/practical_55730074_scale_8n_32g_c15_sim_heisenberg_5q_10steps_r0_seed17.json,ok
practical_55730074_scale_8n_32g_c15_sim_heisenberg_5q_10steps_r0_seed23.json,simulation,hamiltonian_simulation,absolute_observable_error,0.00041001406498253345,exact_dense_eigendecomposition_numpy,exact_dense_eigendecomposition_numpy,2,14.144598209997639,34497.83658177726,-0.025259172203497292,-0.06389507462183047,0.03863590241833318,492,240,5,1,55730074_scale_8n_32g_c15,14.158257438917644,23,72,4,3,synthetic,"0,1,2",,heisenberg,5,1,21,1,,"dense_exact,sparse_lanczos",4,chordal,7,heisenberg,auto,5,10,"dense_exact,sparse_krylov",data/raw/perlmutter/practical_suite_sweep/practical_55730074_scale_8n_32g_c15_sim_heisenberg_5q_10steps_r0_seed23.json,ok
practical_55730074_scale_8n_32g_c15_sim_heisenberg_5q_10steps_r0_seed31.json,simulation,hamiltonian_simulation,absolute_observable_error,0.0003971089608967304,exact_dense_eigendecomposition_numpy,exact_dense_eigendecomposition_numpy,2,16.33126680192072,41125.40488898139,-0.025259172203497292,-0.06389507462183047,0.03863590241833318,492,240,5,1,55730074_scale_8n_32g_c15,16.35587764508091,31,72,4,3,synthetic,"0,1,2",,heisenberg,5,1,21,1,,"dense_exact,sparse_lanczos",4,chordal,7,heisenberg,auto,5,10,"dense_exact,sparse_krylov",data/raw/perlmutter/practical_suite_sweep/practical_55730074_scale_8n_32g_c15_sim_heisenberg_5q_10steps_r0_seed31.json,ok
practical_55730074_scale_8n_32g_c15_sim_heisenberg_5q_10steps_r0_seed43.json,simulation,hamiltonian_simulation,absolute_observable_error,0.0003973400453105569,exact_dense_eigendecomposition_numpy,exact_dense_eigendecomposition_numpy,2,25.714387472020462,64716.32490986999,-0.025259172203497292,-0.06389507462183047,0.03863590241833318,492,240,5,1,55730074_scale_8n_32g_c15,25.73188553703949,43,72,4,3,synthetic,"0,1,2",,heisenberg,5,1,21,1,,"dense_exact,sparse_lanczos",4,chordal,7,heisenberg,auto,5,10,"dense_exact,sparse_krylov",data/raw/perlmutter/practical_suite_sweep/practical_55730074_scale_8n_32g_c15_sim_heisenberg_5q_10steps_r0_seed43.json,ok
practical_55730074_scale_8n_32g_c16_chem_h2_l1_grid25_r0_seed23.json,chemistry,chemistry_vqe,absolute_energy_error,0.00014851707965135574,exact_dense_diagonalization_numpy,exact_dense_diagonalization_numpy,2,24.876471517025493,167499.06189525864,-1.85727503020238,-1.8566776536800178,0.0005973765223621363,2712,678,1356,678,55730074_scale_8n_32g_c16,24.884788947063498,23,72,4,3,synthetic,"0,1,2",,H2_minimal_2qubit,2,1,25,1,,"dense_exact,sparse_lanczos",4,chordal,7,tfim,auto,4,4,"dense_exact,sparse_krylov",data/raw/perlmutter/practical_suite_sweep/practical_55730074_scale_8n_32g_c16_chem_h2_l1_grid25_r0_seed23.json,ok
practical_55730074_scale_8n_32g_c16_chem_molecular_chain_4q_l1_grid17_r0_seed43.json,chemistry,chemistry_vqe,absolute_energy_error,0.0001643570140004158,exact_dense_diagonalization_numpy,sparse_lanczos_eigsh_scipy,2,22.001100291963667,133861.64518605825,-1.7057328925529067,-1.271535181926569,0.4341977106263377,296,111,148,37,55730074_scale_8n_32g_c16,22.01559120195452,43,72,4,3,synthetic,"0,1,2",,molecular_chain_4q_surrogate,4,1,17,1,benchmarks/workloads/hamiltonians/molecular_chain_4q.json,"dense_exact,sparse_lanczos",4,chordal,7,tfim,auto,4,4,"dense_exact,sparse_krylov",data/raw/perlmutter/practical_suite_sweep/practical_55730074_scale_8n_32g_c16_chem_molecular_chain_4q_l1_grid17_r0_seed43.json,ok
practical_55730074_scale_8n_32g_c16_ml_digits_c0v1v2_256s_4q_d1_r0_seed17.json,ml,multiclass_ml,test_accuracy,0.004894583951681852,rbf_kernel_ridge_numpy,rbf_kernel_ridge_numpy,6,40.840220286976546,8343.961548140009,0.984375,0.859375,0.125,2048,768,1024,256,55730074_scale_8n_32g_c16,41.004580950015225,17,256,4,3,digits,"0,1,2",sklearn_digits,,,1,21,1,,"dense_exact,sparse_lanczos",4,chordal,7,tfim,auto,4,4,"dense_exact,sparse_krylov",data/raw/perlmutter/practical_suite_sweep/practical_55730074_scale_8n_32g_c16_ml_digits_c0v1v2_256s_4q_d1_r0_seed17.json,ok
practical_55730074_scale_8n_32g_c16_ml_digits_c0v1v2_256s_4q_d1_r0_seed23.json,ml,multiclass_ml,test_accuracy,0.0020761359483003616,knn_numpy,knn_numpy,6,21.555145744001493,10382.338286492131,1.0,0.8125,0.1875,2048,768,1024,256,55730074_scale_8n_32g_c16,21.65148683800362,23,256,4,3,digits,"0,1,2",sklearn_digits,,,1,21,1,,"dense_exact,sparse_lanczos",4,chordal,7,tfim,auto,4,4,"dense_exact,sparse_krylov",data/raw/perlmutter/practical_suite_sweep/practical_55730074_scale_8n_32g_c16_ml_digits_c0v1v2_256s_4q_d1_r0_seed23.json,ok
practical_55730074_scale_8n_32g_c16_ml_digits_c0v1v2_256s_4q_d1_r0_seed31.json,ml,multiclass_ml,test_accuracy,0.00014978903345763683,nearest_centroid_numpy,nearest_centroid_numpy,6,22.421053438913077,149684.2119970964,0.984375,0.84375,0.140625,2048,768,1024,256,55730074_scale_8n_32g_c16,22.516055598971434,31,256,4,3,digits,"0,1,2",sklearn_digits,,,1,21,1,,"dense_exact,sparse_lanczos",4,chordal,7,tfim,auto,4,4,"dense_exact,sparse_krylov",data/raw/perlmutter/practical_suite_sweep/practical_55730074_scale_8n_32g_c16_ml_digits_c0v1v2_256s_4q_d1_r0_seed31.json,ok
practical_55730074_scale_8n_32g_c16_ml_digits_c0v1v2_256s_4q_d1_r0_seed43.json,ml,multiclass_ml,test_accuracy,0.0020980610279366374,knn_numpy,knn_numpy,6,25.83568939997349,12314.079073944717,1.0,0.84375,0.15625,2048,768,1024,256,55730074_scale_8n_32g_c16,25.933148112962954,43,256,4,3,digits,"0,1,2",sklearn_digits,,,1,21,1,,"dense_exact,sparse_lanczos",4,chordal,7,tfim,auto,4,4,"dense_exact,sparse_krylov",data/raw/perlmutter/practical_suite_sweep/practical_55730074_scale_8n_32g_c16_ml_digits_c0v1v2_256s_4q_d1_r0_seed43.json,ok
practical_55730074_scale_8n_32g_c16_ml_digits_c0v1v2v3_256s_4q_d1_r0_seed17.json,ml,multiclass_ml,test_accuracy,0.002244340954348445,rbf_kernel_ridge_numpy,rbf_kernel_ridge_numpy,6,24.401457558968104,10872.437858289717,0.96875,0.765625,0.203125,2048,768,1024,256,55730074_scale_8n_32g_c16,24.505071770050563,17,256,4,4,digits,"0,1,2,3",sklearn_digits,,,1,21,1,,"dense_exact,sparse_lanczos",4,chordal,7,tfim,auto,4,4,"dense_exact,sparse_krylov",data/raw/perlmutter/practical_suite_sweep/practical_55730074_scale_8n_32g_c16_ml_digits_c0v1v2v3_256s_4q_d1_r0_seed17.json,ok
practical_55730074_scale_8n_32g_c16_ml_digits_c0v1v2v3_256s_4q_d1_r0_seed23.json,ml,multiclass_ml,test_accuracy,0.002061540028080344,knn_numpy,knn_numpy,6,21.93338007805869,10639.318072558852,0.9375,0.78125,0.15625,2048,768,1024,256,55730074_scale_8n_32g_c16,22.032235968043096,23,256,4,4,digits,"0,1,2,3",sklearn_digits,,,1,21,1,,"dense_exact,sparse_lanczos",4,chordal,7,tfim,auto,4,4,"dense_exact,sparse_krylov",data/raw/perlmutter/practical_suite_sweep/practical_55730074_scale_8n_32g_c16_ml_digits_c0v1v2v3_256s_4q_d1_r0_seed23.json,ok
practical_55730074_scale_8n_32g_c16_ml_digits_c0v1v2v3_256s_4q_d1_r0_seed31.json,ml,multiclass_ml,test_accuracy,0.013735801912844181,softmax_regression_numpy,softmax_regression_numpy,6,26.462529783020727,1926.5369398109867,0.96875,0.75,0.21875,2048,768,1024,256,55730074_scale_8n_32g_c16,26.560585730010644,31,256,4,4,digits,"0,1,2,3",sklearn_digits,,,1,21,1,,"dense_exact,sparse_lanczos",4,chordal,7,tfim,auto,4,4,"dense_exact,sparse_krylov",data/raw/perlmutter/practical_suite_sweep/practical_55730074_scale_8n_32g_c16_ml_digits_c0v1v2v3_256s_4q_d1_r0_seed31.json,ok
practical_55730074_scale_8n_32g_c16_ml_digits_c0v1v2v3_256s_4q_d1_r0_seed43.json,ml,multiclass_ml,test_accuracy,0.002079024096019566,knn_numpy,knn_numpy,6,24.66023802489508,11861.4488750317,0.9375,0.6875,0.25,2048,768,1024,256,55730074_scale_8n_32g_c16,24.771314888028428,43,256,4,4,digits,"0,1,2,3",sklearn_digits,,,1,21,1,,"dense_exact,sparse_lanczos",4,chordal,7,tfim,auto,4,4,"dense_exact,sparse_krylov",data/raw/perlmutter/practical_suite_sweep/practical_55730074_scale_8n_32g_c16_ml_digits_c0v1v2v3_256s_4q_d1_r0_seed43.json,ok
practical_55730074_scale_8n_32g_c16_ml_digits_c2v4v6v8_256s_4q_d1_r0_seed17.json,ml,multiclass_ml,test_accuracy,0.00020006601698696613,nearest_centroid_numpy,nearest_centroid_numpy,6,22.39368294295855,111931.46782353071,0.96875,0.859375,0.109375,2048,768,1024,256,55730074_scale_8n_32g_c16,22.488883319078013,17,256,4,4,digits,"2,4,6,8",sklearn_digits,,,1,21,1,,"dense_exact,sparse_lanczos",4,chordal,7,tfim,auto,4,4,"dense_exact,sparse_krylov",data/raw/perlmutter/practical_suite_sweep/practical_55730074_scale_8n_32g_c16_ml_digits_c2v4v6v8_256s_4q_d1_r0_seed17.json,ok
practical_55730074_scale_8n_32g_c16_ml_digits_c2v4v6v8_256s_4q_d1_r0_seed23.json,ml,multiclass_ml,test_accuracy,0.00015365693252533674,linear_ridge_numpy,linear_ridge_numpy,6,24.186209864914417,157403.96132746118,0.984375,0.71875,0.265625,2048,768,1024,256,55730074_scale_8n_32g_c16,24.28121640707832,23,256,4,4,digits,"2,4,6,8",sklearn_digits,,,1,21,1,,"dense_exact,sparse_lanczos",4,chordal,7,tfim,auto,4,4,"dense_exact,sparse_krylov",data/raw/perlmutter/practical_suite_sweep/practical_55730074_scale_8n_32g_c16_ml_digits_c2v4v6v8_256s_4q_d1_r0_seed23.json,ok
practical_55730074_scale_8n_32g_c16_ml_digits_c2v4v6v8_256s_4q_d1_r0_seed31.json,ml,multiclass_ml,test_accuracy,0.00015053001698106527,linear_ridge_numpy,linear_ridge_numpy,6,26.736917130998336,177618.50870156678,0.984375,0.671875,0.3125,2048,768,1024,256,55730074_scale_8n_32g_c16,26.83612276799977,31,256,4,4,digits,"2,4,6,8",sklearn_digits,,,1,21,1,,"dense_exact,sparse_lanczos",4,chordal,7,tfim,auto,4,4,"dense_exact,sparse_krylov",data/raw/perlmutter/practical_suite_sweep/practical_55730074_scale_8n_32g_c16_ml_digits_c2v4v6v8_256s_4q_d1_r0_seed31.json,ok
practical_55730074_scale_8n_32g_c16_ml_digits_c2v4v6v8_256s_4q_d1_r0_seed43.json,ml,multiclass_ml,test_accuracy,0.002744219033047557,rbf_kernel_ridge_numpy,rbf_kernel_ridge_numpy,6,23.958828883012757,8730.654730721546,0.96875,0.734375,0.234375,2048,768,1024,256,55730074_scale_8n_32g_c16,24.05979089695029,43,256,4,4,digits,"2,4,6,8",sklearn_digits,,,1,21,1,,"dense_exact,sparse_lanczos",4,chordal,7,tfim,auto,4,4,"dense_exact,sparse_krylov",data/raw/perlmutter/practical_suite_sweep/practical_55730074_scale_8n_32g_c16_ml_digits_c2v4v6v8_256s_4q_d1_r0_seed43.json,ok
practical_55730074_scale_8n_32g_c16_ml_digits_c3v5v8_256s_4q_d1_r0_seed17.json,ml,multiclass_ml,test_accuracy,0.0020747140515595675,knn_numpy,knn_numpy,6,27.764748565037735,13382.445905818638,0.984375,0.640625,0.34375,2048,768,1024,256,55730074_scale_8n_32g_c16,27.914363755029626,17,256,4,3,digits,"3,5,8",sklearn_digits,,,1,21,1,,"dense_exact,sparse_lanczos",4,chordal,7,tfim,auto,4,4,"dense_exact,sparse_krylov",data/raw/perlmutter/practical_suite_sweep/practical_55730074_scale_8n_32g_c16_ml_digits_c3v5v8_256s_4q_d1_r0_seed17.json,ok
practical_55730074_scale_8n_32g_c16_ml_digits_c3v5v8_256s_4q_d1_r0_seed23.json,ml,multiclass_ml,test_accuracy,0.00015218299813568592,nearest_centroid_numpy,nearest_centroid_numpy,6,24.468142313999124,160781.050536167,1.0,0.65625,0.34375,2048,768,1024,256,55730074_scale_8n_32g_c16,24.56391140294727,23,256,4,3,digits,"3,5,8",sklearn_digits,,,1,21,1,,"dense_exact,sparse_lanczos",4,chordal,7,tfim,auto,4,4,"dense_exact,sparse_krylov",data/raw/perlmutter/practical_suite_sweep/practical_55730074_scale_8n_32g_c16_ml_digits_c3v5v8_256s_4q_d1_r0_seed23.json,ok
practical_55730074_scale_8n_32g_c16_ml_digits_c3v5v8_256s_4q_d1_r0_seed31.json,ml,multiclass_ml,test_accuracy,0.002083925064653158,knn_numpy,knn_numpy,6,24.391550566069782,11704.619796455798,0.96875,0.53125,0.4375,2048,768,1024,256,55730074_scale_8n_32g_c16,24.494652705965564,31,256,4,3,digits,"3,5,8",sklearn_digits,,,1,21,1,,"dense_exact,sparse_lanczos",4,chordal,7,tfim,auto,4,4,"dense_exact,sparse_krylov",data/raw/perlmutter/practical_suite_sweep/practical_55730074_scale_8n_32g_c16_ml_digits_c3v5v8_256s_4q_d1_r0_seed31.json,ok
practical_55730074_scale_8n_32g_c16_ml_digits_c3v5v8_256s_4q_d1_r0_seed43.json,ml,multiclass_ml,test_accuracy,0.0020664400653913617,knn_numpy,knn_numpy,6,24.52229004597757,11866.925374065137,0.984375,0.703125,0.28125,2048,768,1024,256,55730074_scale_8n_32g_c16,24.6324041710468,43,256,4,3,digits,"3,5,8",sklearn_digits,,,1,21,1,,"dense_exact,sparse_lanczos",4,chordal,7,tfim,auto,4,4,"dense_exact,sparse_krylov",data/raw/perlmutter/practical_suite_sweep/practical_55730074_scale_8n_32g_c16_ml_digits_c3v5v8_256s_4q_d1_r0_seed43.json,ok
practical_55730074_scale_8n_32g_c16_qaoa_chordal_7n_grid7_r0_seed23.json,optimization,optimization_qaoa,approximation_ratio,2.3875967599451542e-05,greedy_assignment_numpy,,4,16.842671762919053,705423.6312209583,8,5.966466079257492,0.25419174009281353,1127,882,343,49,55730074_scale_8n_32g_c16,16.857113097095862,23,72,4,3,synthetic,"0,1,2",,small_maxcut,7,1,21,1,,"dense_exact,sparse_lanczos",7,chordal,7,tfim,auto,4,4,"dense_exact,sparse_krylov",data/raw/perlmutter/practical_suite_sweep/practical_55730074_scale_8n_32g_c16_qaoa_chordal_7n_grid7_r0_seed23.json,ok
practical_55730074_scale_8n_32g_c16_qaoa_chordal_7n_grid7_r0_seed43.json,optimization,optimization_qaoa,approximation_ratio,2.4798093363642693e-05,greedy_assignment_numpy,,4,26.849210761953145,1082712.7057000948,8,5.966466079257492,0.25419174009281353,1127,882,343,49,55730074_scale_8n_32g_c16,26.873709175968543,43,72,4,3,synthetic,"0,1,2",,small_maxcut,7,1,21,1,,"dense_exact,sparse_lanczos",7,chordal,7,tfim,auto,4,4,"dense_exact,sparse_krylov",data/raw/perlmutter/practical_suite_sweep/practical_55730074_scale_8n_32g_c16_qaoa_chordal_7n_grid7_r0_seed43.json,ok
practical_55730074_scale_8n_32g_c16_qaoa_ladder_4n_grid7_r0_seed23.json,optimization,optimization_qaoa,approximation_ratio,1.3435957953333855e-05,greedy_assignment_numpy,,4,16.73224380798638,1245333.147521098,4,2.749999999999999,0.3125000000000002,588,392,196,49,55730074_scale_8n_32g_c16,16.75233175395988,23,72,4,3,synthetic,"0,1,2",,small_maxcut,4,1,21,1,,"dense_exact,sparse_lanczos",4,ladder,7,tfim,auto,4,4,"dense_exact,sparse_krylov",data/raw/perlmutter/practical_suite_sweep/practical_55730074_scale_8n_32g_c16_qaoa_ladder_4n_grid7_r0_seed23.json,ok
practical_55730074_scale_8n_32g_c16_qaoa_ladder_4n_grid7_r0_seed43.json,optimization,optimization_qaoa,approximation_ratio,1.3515935279428959e-05,greedy_assignment_numpy,,4,16.627302233013324,1230199.9002850966,4,2.749999999999999,0.3125000000000002,588,392,196,49,55730074_scale_8n_32g_c16,16.644786793971434,43,72,4,3,synthetic,"0,1,2",,small_maxcut,4,1,21,1,,"dense_exact,sparse_lanczos",4,ladder,7,tfim,auto,4,4,"dense_exact,sparse_krylov",data/raw/perlmutter/practical_suite_sweep/practical_55730074_scale_8n_32g_c16_qaoa_ladder_4n_grid7_r0_seed43.json,ok
practical_55730074_scale_8n_32g_c16_qaoa_ring_6n_grid7_r0_seed17.json,optimization,optimization_qaoa,approximation_ratio,2.156198024749756e-05,greedy_assignment_numpy,,4,20.222670377930626,937885.5812780753,6,4.125,0.3125,882,588,294,49,55730074_scale_8n_32g_c16,20.233329468988813,17,72,4,3,synthetic,"0,1,2",,small_maxcut,6,1,21,1,,"dense_exact,sparse_lanczos",6,ring,7,tfim,auto,4,4,"dense_exact,sparse_krylov",data/raw/perlmutter/practical_suite_sweep/practical_55730074_scale_8n_32g_c16_qaoa_ring_6n_grid7_r0_seed17.json,ok
practical_55730074_scale_8n_32g_c16_qaoa_ring_6n_grid7_r0_seed31.json,optimization,optimization_qaoa,approximation_ratio,1.856603194028139e-05,greedy_assignment_numpy,,4,18.295738535001874,985441.5091954528,6,4.125,0.3125,882,588,294,49,55730074_scale_8n_32g_c16,18.306752721895464,31,72,4,3,synthetic,"0,1,2",,small_maxcut,6,1,21,1,,"dense_exact,sparse_lanczos",6,ring,7,tfim,auto,4,4,"dense_exact,sparse_krylov",data/raw/perlmutter/practical_suite_sweep/practical_55730074_scale_8n_32g_c16_qaoa_ring_6n_grid7_r0_seed31.json,ok
practical_55730074_scale_8n_32g_c16_sim_heisenberg_6q_4steps_r0_seed17.json,simulation,hamiltonian_simulation,absolute_observable_error,0.002273920923471451,exact_dense_eigendecomposition_numpy,exact_dense_eigendecomposition_numpy,2,22.81575945194345,10033.664414817064,0.028435823107617414,-0.1300351892248902,0.15847101233250763,247,120,6,1,55730074_scale_8n_32g_c16,22.831173694925383,17,72,4,3,synthetic,"0,1,2",,heisenberg,6,1,21,1,,"dense_exact,sparse_lanczos",4,chordal,7,heisenberg,auto,6,4,"dense_exact,sparse_krylov",data/raw/perlmutter/practical_suite_sweep/practical_55730074_scale_8n_32g_c16_sim_heisenberg_6q_4steps_r0_seed17.json,ok
practical_55730074_scale_8n_32g_c16_sim_heisenberg_6q_4steps_r0_seed23.json,simulation,hamiltonian_simulation,absolute_observable_error,0.0021980839082971215,exact_dense_eigendecomposition_numpy,exact_dense_eigendecomposition_numpy,2,35.121735195978545,15978.341437924322,0.028435823107617414,-0.1300351892248902,0.15847101233250763,247,120,6,1,55730074_scale_8n_32g_c16,35.15780880802777,23,72,4,3,synthetic,"0,1,2",,heisenberg,6,1,21,1,,"dense_exact,sparse_lanczos",4,chordal,7,heisenberg,auto,6,4,"dense_exact,sparse_krylov",data/raw/perlmutter/practical_suite_sweep/practical_55730074_scale_8n_32g_c16_sim_heisenberg_6q_4steps_r0_seed23.json,ok
practical_55730074_scale_8n_32g_c16_sim_heisenberg_6q_4steps_r0_seed31.json,simulation,hamiltonian_simulation,absolute_observable_error,0.0022645429708063602,exact_dense_eigendecomposition_numpy,exact_dense_eigendecomposition_numpy,2,23.36587416206021,10318.14121581454,0.028435823107617414,-0.1300351892248902,0.15847101233250763,247,120,6,1,55730074_scale_8n_32g_c16,23.381634621997364,31,72,4,3,synthetic,"0,1,2",,heisenberg,6,1,21,1,,"dense_exact,sparse_lanczos",4,chordal,7,heisenberg,auto,6,4,"dense_exact,sparse_krylov",data/raw/perlmutter/practical_suite_sweep/practical_55730074_scale_8n_32g_c16_sim_heisenberg_6q_4steps_r0_seed31.json,ok
practical_55730074_scale_8n_32g_c16_sim_heisenberg_6q_4steps_r0_seed43.json,simulation,hamiltonian_simulation,absolute_observable_error,0.002267968957312405,exact_dense_eigendecomposition_numpy,exact_dense_eigendecomposition_numpy,2,22.30941018590238,9836.735248942534,0.028435823107617414,-0.1300351892248902,0.15847101233250763,247,120,6,1,55730074_scale_8n_32g_c16,22.342973732971586,43,72,4,3,synthetic,"0,1,2",,heisenberg,6,1,21,1,,"dense_exact,sparse_lanczos",4,chordal,7,heisenberg,auto,6,4,"dense_exact,sparse_krylov",data/raw/perlmutter/practical_suite_sweep/practical_55730074_scale_8n_32g_c16_sim_heisenberg_6q_4steps_r0_seed43.json,ok
practical_55730074_scale_8n_32g_c17_chem_h2_l1_grid33_r0_seed23.json,chemistry,chemistry_vqe,absolute_energy_error,0.000161972944624722,exact_dense_diagonalization_numpy,sparse_lanczos_eigsh_scipy,2,24.53657762799412,151485.65511878143,-1.8572750302023806,-1.8569734051608102,0.00030162504157038583,4632,1158,2316,1158,55730074_scale_8n_32g_c17,24.560430375044234,23,72,4,3,synthetic,"0,1,2",,H2_minimal_2qubit,2,1,33,1,,"dense_exact,sparse_lanczos",4,chordal,7,tfim,auto,4,4,"dense_exact,sparse_krylov",data/raw/perlmutter/practical_suite_sweep/practical_55730074_scale_8n_32g_c17_chem_h2_l1_grid33_r0_seed23.json,ok
practical_55730074_scale_8n_32g_c17_chem_h2_l2_grid17_r0_seed43.json,chemistry,chemistry_vqe,absolute_energy_error,0.00014338595792651176,exact_dense_diagonalization_numpy,exact_dense_diagonalization_numpy,2,24.290746364975348,169408.12556711343,-1.85727503020238,-1.8369679912029844,0.020307038999395566,296,74,74,37,55730074_scale_8n_32g_c17,24.30942075198982,43,72,4,3,synthetic,"0,1,2",,H2_minimal_2qubit,2,1,17,2,,"dense_exact,sparse_lanczos",4,chordal,7,tfim,auto,4,4,"dense_exact,sparse_krylov",data/raw/perlmutter/practical_suite_sweep/practical_55730074_scale_8n_32g_c17_chem_h2_l2_grid17_r0_seed43.json,ok
practical_55730074_scale_8n_32g_c17_ml_digits_c0v1v2_256s_4q_d2_r0_seed17.json,ml,multiclass_ml,test_accuracy,0.005018083029426634,rbf_kernel_ridge_numpy,rbf_kernel_ridge_numpy,6,40.85813568206504,8142.18008001623,0.984375,0.59375,0.390625,4096,1536,1024,256,55730074_scale_8n_32g_c17,41.00463173701428,17,256,4,3,digits,"0,1,2",sklearn_digits,,,2,21,1,,"dense_exact,sparse_lanczos",4,chordal,7,tfim,auto,4,4,"dense_exact,sparse_krylov",data/raw/perlmutter/practical_suite_sweep/practical_55730074_scale_8n_32g_c17_ml_digits_c0v1v2_256s_4q_d2_r0_seed17.json,ok
practical_55730074_scale_8n_32g_c17_ml_digits_c0v1v2_256s_4q_d2_r0_seed23.json,ml,multiclass_ml,test_accuracy,0.002065496053546667,knn_numpy,knn_numpy,6,20.53488310694229,9941.865089348295,1.0,0.671875,0.328125,4096,1536,1024,256,55730074_scale_8n_32g_c17,20.68115753598977,23,256,4,3,digits,"0,1,2",sklearn_digits,,,2,21,1,,"dense_exact,sparse_lanczos",4,chordal,7,tfim,auto,4,4,"dense_exact,sparse_krylov",data/raw/perlmutter/practical_suite_sweep/practical_55730074_scale_8n_32g_c17_ml_digits_c0v1v2_256s_4q_d2_r0_seed23.json,ok
practical_55730074_scale_8n_32g_c17_ml_digits_c0v1v2_256s_4q_d2_r0_seed31.json,ml,multiclass_ml,test_accuracy,0.00015096098650246859,nearest_centroid_numpy,nearest_centroid_numpy,6,21.503729125019163,142445.605472163,0.984375,0.71875,0.265625,4096,1536,1024,256,55730074_scale_8n_32g_c17,21.600207415991463,31,256,4,3,digits,"0,1,2",sklearn_digits,,,2,21,1,,"dense_exact,sparse_lanczos",4,chordal,7,tfim,auto,4,4,"dense_exact,sparse_krylov",data/raw/perlmutter/practical_suite_sweep/practical_55730074_scale_8n_32g_c17_ml_digits_c0v1v2_256s_4q_d2_r0_seed31.json,ok
practical_55730074_scale_8n_32g_c17_ml_digits_c0v1v2_256s_4q_d2_r0_seed43.json,ml,multiclass_ml,test_accuracy,0.002089313929900527,knn_numpy,knn_numpy,6,24.038013885030523,11505.218790253784,1.0,0.59375,0.40625,4096,1536,1024,256,55730074_scale_8n_32g_c17,24.195577306090854,43,256,4,3,digits,"0,1,2",sklearn_digits,,,2,21,1,,"dense_exact,sparse_lanczos",4,chordal,7,tfim,auto,4,4,"dense_exact,sparse_krylov",data/raw/perlmutter/practical_suite_sweep/practical_55730074_scale_8n_32g_c17_ml_digits_c0v1v2_256s_4q_d2_r0_seed43.json,ok
practical_55730074_scale_8n_32g_c17_ml_digits_c0v1v2v3_256s_4q_d2_r0_seed17.json,ml,multiclass_ml,test_accuracy,0.0030734119936823845,rbf_kernel_ridge_numpy,rbf_kernel_ridge_numpy,6,21.946789304958656,7140.854968377761,0.96875,0.59375,0.375,4096,1536,1024,256,55730074_scale_8n_32g_c17,22.046769058099017,17,256,4,4,digits,"0,1,2,3",sklearn_digits,,,2,21,1,,"dense_exact,sparse_lanczos",4,chordal,7,tfim,auto,4,4,"dense_exact,sparse_krylov",data/raw/perlmutter/practical_suite_sweep/practical_55730074_scale_8n_32g_c17_ml_digits_c0v1v2v3_256s_4q_d2_r0_seed17.json,ok
practical_55730074_scale_8n_32g_c17_ml_digits_c0v1v2v3_256s_4q_d2_r0_seed23.json,ml,multiclass_ml,test_accuracy,0.0020722600165754557,knn_numpy,knn_numpy,6,22.083927689003758,10656.928914499293,0.9375,0.71875,0.21875,4096,1536,1024,256,55730074_scale_8n_32g_c17,22.181527725071646,23,256,4,4,digits,"0,1,2,3",sklearn_digits,,,2,21,1,,"dense_exact,sparse_lanczos",4,chordal,7,tfim,auto,4,4,"dense_exact,sparse_krylov",data/raw/perlmutter/practical_suite_sweep/practical_55730074_scale_8n_32g_c17_ml_digits_c0v1v2v3_256s_4q_d2_r0_seed23.json,ok
practical_55730074_scale_8n_32g_c17_ml_digits_c0v1v2v3_256s_4q_d2_r0_seed31.json,ml,multiclass_ml,test_accuracy,0.013724029995501041,softmax_regression_numpy,softmax_regression_numpy,6,26.33455607201904,1918.8646542343563,0.96875,0.671875,0.296875,4096,1536,1024,256,55730074_scale_8n_32g_c17,26.43555433000438,31,256,4,4,digits,"0,1,2,3",sklearn_digits,,,2,21,1,,"dense_exact,sparse_lanczos",4,chordal,7,tfim,auto,4,4,"dense_exact,sparse_krylov",data/raw/perlmutter/practical_suite_sweep/practical_55730074_scale_8n_32g_c17_ml_digits_c0v1v2v3_256s_4q_d2_r0_seed31.json,ok
practical_55730074_scale_8n_32g_c17_ml_digits_c0v1v2v3_256s_4q_d2_r0_seed43.json,ml,multiclass_ml,test_accuracy,0.0020754870492964983,knn_numpy,knn_numpy,6,21.956117772962898,10578.778499439486,0.9375,0.6875,0.25,4096,1536,1024,256,55730074_scale_8n_32g_c17,22.084452438983135,43,256,4,4,digits,"0,1,2,3",sklearn_digits,,,2,21,1,,"dense_exact,sparse_lanczos",4,chordal,7,tfim,auto,4,4,"dense_exact,sparse_krylov",data/raw/perlmutter/practical_suite_sweep/practical_55730074_scale_8n_32g_c17_ml_digits_c0v1v2v3_256s_4q_d2_r0_seed43.json,ok
practical_55730074_scale_8n_32g_c17_ml_digits_c2v4v6v8_256s_4q_d2_r0_seed17.json,ml,multiclass_ml,test_accuracy,0.00020146905444562435,nearest_centroid_numpy,nearest_centroid_numpy,6,22.106462960946374,109726.34493061969,0.96875,0.6875,0.28125,4096,1536,1024,256,55730074_scale_8n_32g_c17,22.20499676896725,17,256,4,4,digits,"2,4,6,8",sklearn_digits,,,2,21,1,,"dense_exact,sparse_lanczos",4,chordal,7,tfim,auto,4,4,"dense_exact,sparse_krylov",data/raw/perlmutter/practical_suite_sweep/practical_55730074_scale_8n_32g_c17_ml_digits_c2v4v6v8_256s_4q_d2_r0_seed17.json,ok
practical_55730074_scale_8n_32g_c17_ml_digits_c2v4v6v8_256s_4q_d2_r0_seed23.json,ml,multiclass_ml,test_accuracy,0.0001508819404989481,linear_ridge_numpy,linear_ridge_numpy,6,23.6767510951031,156922.36603537167,0.984375,0.640625,0.34375,4096,1536,1024,256,55730074_scale_8n_32g_c17,23.77436385396868,23,256,4,4,digits,"2,4,6,8",sklearn_digits,,,2,21,1,,"dense_exact,sparse_lanczos",4,chordal,7,tfim,auto,4,4,"dense_exact,sparse_krylov",data/raw/perlmutter/practical_suite_sweep/practical_55730074_scale_8n_32g_c17_ml_digits_c2v4v6v8_256s_4q_d2_r0_seed23.json,ok
practical_55730074_scale_8n_32g_c17_ml_digits_c2v4v6v8_256s_4q_d2_r0_seed31.json,ml,multiclass_ml,test_accuracy,0.0001668919576331973,linear_ridge_numpy,linear_ridge_numpy,6,26.15390572801698,156711.600120955,0.984375,0.6875,0.296875,4096,1536,1024,256,55730074_scale_8n_32g_c17,26.260203880025074,31,256,4,4,digits,"2,4,6,8",sklearn_digits,,,2,21,1,,"dense_exact,sparse_lanczos",4,chordal,7,tfim,auto,4,4,"dense_exact,sparse_krylov",data/raw/perlmutter/practical_suite_sweep/practical_55730074_scale_8n_32g_c17_ml_digits_c2v4v6v8_256s_4q_d2_r0_seed31.json,ok
practical_55730074_scale_8n_32g_c17_ml_digits_c2v4v6v8_256s_4q_d2_r0_seed43.json,ml,multiclass_ml,test_accuracy,0.002769737970083952,rbf_kernel_ridge_numpy,rbf_kernel_ridge_numpy,6,24.977174769039266,9017.88365499506,0.96875,0.734375,0.234375,4096,1536,1024,256,55730074_scale_8n_32g_c17,25.07953254703898,43,256,4,4,digits,"2,4,6,8",sklearn_digits,,,2,21,1,,"dense_exact,sparse_lanczos",4,chordal,7,tfim,auto,4,4,"dense_exact,sparse_krylov",data/raw/perlmutter/practical_suite_sweep/practical_55730074_scale_8n_32g_c17_ml_digits_c2v4v6v8_256s_4q_d2_r0_seed43.json,ok
practical_55730074_scale_8n_32g_c17_ml_digits_c3v5v8_256s_4q_d2_r0_seed17.json,ml,multiclass_ml,test_accuracy,0.002087548957206309,knn_numpy,knn_numpy,6,27.792374980985187,13313.400332502246,0.984375,0.71875,0.265625,4096,1536,1024,256,55730074_scale_8n_32g_c17,27.91194852394983,17,256,4,3,digits,"3,5,8",sklearn_digits,,,2,21,1,,"dense_exact,sparse_lanczos",4,chordal,7,tfim,auto,4,4,"dense_exact,sparse_krylov",data/raw/perlmutter/practical_suite_sweep/practical_55730074_scale_8n_32g_c17_ml_digits_c3v5v8_256s_4q_d2_r0_seed17.json,ok
practical_55730074_scale_8n_32g_c17_ml_digits_c3v5v8_256s_4q_d2_r0_seed23.json,ml,multiclass_ml,test_accuracy,0.00016874598804861307,nearest_centroid_numpy,nearest_centroid_numpy,6,24.714534276048653,146459.9814303661,1.0,0.765625,0.234375,4096,1536,1024,256,55730074_scale_8n_32g_c17,24.81587372906506,23,256,4,3,digits,"3,5,8",sklearn_digits,,,2,21,1,,"dense_exact,sparse_lanczos",4,chordal,7,tfim,auto,4,4,"dense_exact,sparse_krylov",data/raw/perlmutter/practical_suite_sweep/practical_55730074_scale_8n_32g_c17_ml_digits_c3v5v8_256s_4q_d2_r0_seed23.json,ok
practical_55730074_scale_8n_32g_c17_ml_digits_c3v5v8_256s_4q_d2_r0_seed31.json,ml,multiclass_ml,test_accuracy,0.0020702070323750377,knn_numpy,knn_numpy,6,22.288240751018748,10766.189275982046,0.96875,0.609375,0.359375,4096,1536,1024,256,55730074_scale_8n_32g_c17,22.386264896020293,31,256,4,3,digits,"3,5,8",sklearn_digits,,,2,21,1,,"dense_exact,sparse_lanczos",4,chordal,7,tfim,auto,4,4,"dense_exact,sparse_krylov",data/raw/perlmutter/practical_suite_sweep/practical_55730074_scale_8n_32g_c17_ml_digits_c3v5v8_256s_4q_d2_r0_seed31.json,ok
practical_55730074_scale_8n_32g_c17_ml_digits_c3v5v8_256s_4q_d2_r0_seed43.json,ml,multiclass_ml,test_accuracy,0.0021054550306871533,knn_numpy,knn_numpy,6,24.118263700976968,11455.131242155068,0.984375,0.734375,0.25,4096,1536,1024,256,55730074_scale_8n_32g_c17,24.226591765997,43,256,4,3,digits,"3,5,8",sklearn_digits,,,2,21,1,,"dense_exact,sparse_lanczos",4,chordal,7,tfim,auto,4,4,"dense_exact,sparse_krylov",data/raw/perlmutter/practical_suite_sweep/practical_55730074_scale_8n_32g_c17_ml_digits_c3v5v8_256s_4q_d2_r0_seed43.json,ok
practical_55730074_scale_8n_32g_c17_qaoa_chordal_7n_grid9_r0_seed23.json,optimization,optimization_qaoa,approximation_ratio,2.390600275248289e-05,greedy_assignment_numpy,,4,16.411865709000267,686516.5154929851,8,6.123160171779813,0.23460497852752338,1863,1458,567,81,55730074_scale_8n_32g_c17,16.423459255020134,23,72,4,3,synthetic,"0,1,2",,small_maxcut,7,1,21,1,,"dense_exact,sparse_lanczos",7,chordal,9,tfim,auto,4,4,"dense_exact,sparse_krylov",data/raw/perlmutter/practical_suite_sweep/practical_55730074_scale_8n_32g_c17_qaoa_chordal_7n_grid9_r0_seed23.json,ok
practical_55730074_scale_8n_32g_c17_qaoa_chordal_7n_grid9_r0_seed43.json,optimization,optimization_qaoa,approximation_ratio,2.4516950361430645e-05,greedy_assignment_numpy,,4,16.313443101011217,665394.4662985104,8,6.123160171779813,0.23460497852752338,1863,1458,567,81,55730074_scale_8n_32g_c17,16.326332318945788,43,72,4,3,synthetic,"0,1,2",,small_maxcut,7,1,21,1,,"dense_exact,sparse_lanczos",7,chordal,9,tfim,auto,4,4,"dense_exact,sparse_krylov",data/raw/perlmutter/practical_suite_sweep/practical_55730074_scale_8n_32g_c17_qaoa_chordal_7n_grid9_r0_seed43.json,ok
practical_55730074_scale_8n_32g_c17_qaoa_ladder_4n_grid9_r0_seed23.json,optimization,optimization_qaoa,approximation_ratio,1.359602902084589e-05,greedy_assignment_numpy,,4,16.36037174402736,1203319.860449186,4,2.9999999999999982,0.25000000000000044,972,648,324,81,55730074_scale_8n_32g_c17,16.382899670046754,23,72,4,3,synthetic,"0,1,2",,small_maxcut,4,1,21,1,,"dense_exact,sparse_lanczos",4,ladder,9,tfim,auto,4,4,"dense_exact,sparse_krylov",data/raw/perlmutter/practical_suite_sweep/practical_55730074_scale_8n_32g_c17_qaoa_ladder_4n_grid9_r0_seed23.json,ok
practical_55730074_scale_8n_32g_c17_qaoa_ladder_4n_grid9_r0_seed43.json,optimization,optimization_qaoa,approximation_ratio,1.3236072845757008e-05,greedy_assignment_numpy,,4,15.842985972994938,1196955.1813152502,4,2.9999999999999982,0.25000000000000044,972,648,324,81,55730074_scale_8n_32g_c17,15.85938569996506,43,72,4,3,synthetic,"0,1,2",,small_maxcut,4,1,21,1,,"dense_exact,sparse_lanczos",4,ladder,9,tfim,auto,4,4,"dense_exact,sparse_krylov",data/raw/perlmutter/practical_suite_sweep/practical_55730074_scale_8n_32g_c17_qaoa_ladder_4n_grid9_r0_seed43.json,ok
practical_55730074_scale_8n_32g_c17_qaoa_ring_6n_grid9_r0_seed17.json,optimization,optimization_qaoa,approximation_ratio,1.835497096180916e-05,greedy_assignment_numpy,,4,20.69407266797498,1127436.9603216886,6,4.499999999999997,0.25000000000000044,1458,972,486,81,55730074_scale_8n_32g_c17,20.712605612003244,17,72,4,3,synthetic,"0,1,2",,small_maxcut,6,1,21,1,,"dense_exact,sparse_lanczos",6,ring,9,tfim,auto,4,4,"dense_exact,sparse_krylov",data/raw/perlmutter/practical_suite_sweep/practical_55730074_scale_8n_32g_c17_qaoa_ring_6n_grid9_r0_seed17.json,ok
practical_55730074_scale_8n_32g_c17_qaoa_ring_6n_grid9_r0_seed31.json,optimization,optimization_qaoa,approximation_ratio,1.844600774347782e-05,greedy_assignment_numpy,,4,17.180974451010115,931419.6703124014,6,4.499999999999997,0.25000000000000044,1458,972,486,81,55730074_scale_8n_32g_c17,17.201589877950028,31,72,4,3,synthetic,"0,1,2",,small_maxcut,6,1,21,1,,"dense_exact,sparse_lanczos",6,ring,9,tfim,auto,4,4,"dense_exact,sparse_krylov",data/raw/perlmutter/practical_suite_sweep/practical_55730074_scale_8n_32g_c17_qaoa_ring_6n_grid9_r0_seed31.json,ok
practical_55730074_scale_8n_32g_c17_sim_heisenberg_6q_6steps_r0_seed17.json,simulation,hamiltonian_simulation,absolute_observable_error,0.0025808829814195633,exact_dense_eigendecomposition_numpy,exact_dense_eigendecomposition_numpy,2,28.57622716098558,11072.267656733431,0.028435823107617414,-0.09191182641249906,0.12034764952011648,369,180,6,1,55730074_scale_8n_32g_c17,28.5997780560283,17,72,4,3,synthetic,"0,1,2",,heisenberg,6,1,21,1,,"dense_exact,sparse_lanczos",4,chordal,7,heisenberg,auto,6,6,"dense_exact,sparse_krylov",data/raw/perlmutter/practical_suite_sweep/practical_55730074_scale_8n_32g_c17_sim_heisenberg_6q_6steps_r0_seed17.json,ok
practical_55730074_scale_8n_32g_c17_sim_heisenberg_6q_6steps_r0_seed23.json,simulation,hamiltonian_simulation,absolute_observable_error,0.0023090289905667305,exact_dense_eigendecomposition_numpy,exact_dense_eigendecomposition_numpy,2,22.040706338942982,9545.443746695137,0.028435823107617414,-0.09191182641249906,0.12034764952011648,369,180,6,1,55730074_scale_8n_32g_c17,22.06993229209911,23,72,4,3,synthetic,"0,1,2",,heisenberg,6,1,21,1,,"dense_exact,sparse_lanczos",4,chordal,7,heisenberg,auto,6,6,"dense_exact,sparse_krylov",data/raw/perlmutter/practical_suite_sweep/practical_55730074_scale_8n_32g_c17_sim_heisenberg_6q_6steps_r0_seed23.json,ok
practical_55730074_scale_8n_32g_c17_sim_heisenberg_6q_6steps_r0_seed31.json,simulation,hamiltonian_simulation,absolute_observable_error,0.002136977040208876,exact_dense_eigendecomposition_numpy,exact_dense_eigendecomposition_numpy,2,29.16870120295789,13649.515485719412,0.028435823107617414,-0.09191182641249906,0.12034764952011648,369,180,6,1,55730074_scale_8n_32g_c17,29.19143583008554,31,72,4,3,synthetic,"0,1,2",,heisenberg,6,1,21,1,,"dense_exact,sparse_lanczos",4,chordal,7,heisenberg,auto,6,6,"dense_exact,sparse_krylov",data/raw/perlmutter/practical_suite_sweep/practical_55730074_scale_8n_32g_c17_sim_heisenberg_6q_6steps_r0_seed31.json,ok
practical_55730074_scale_8n_32g_c17_sim_heisenberg_6q_6steps_r0_seed43.json,simulation,hamiltonian_simulation,absolute_observable_error,0.0022389329969882965,exact_dense_eigendecomposition_numpy,exact_dense_eigendecomposition_numpy,2,22.4650473020738,10033.818489562967,0.028435823107617414,-0.09191182641249906,0.12034764952011648,369,180,6,1,55730074_scale_8n_32g_c17,22.478880271082744,43,72,4,3,synthetic,"0,1,2",,heisenberg,6,1,21,1,,"dense_exact,sparse_lanczos",4,chordal,7,heisenberg,auto,6,6,"dense_exact,sparse_krylov",data/raw/perlmutter/practical_suite_sweep/practical_55730074_scale_8n_32g_c17_sim_heisenberg_6q_6steps_r0_seed43.json,ok
practical_55730074_scale_8n_32g_c18_chem_h2_l2_grid21_r0_seed43.json,chemistry,chemistry_vqe,absolute_energy_error,0.00014480901882052422,exact_dense_diagonalization_numpy,sparse_lanczos_eigsh_scipy,2,22.00254573300481,151941.81904011578,-1.8572750302023808,-1.8369679912029844,0.020307038999396454,360,90,90,45,55730074_scale_8n_32g_c18,22.01357370603364,43,72,4,3,synthetic,"0,1,2",,H2_minimal_2qubit,2,1,21,2,,"dense_exact,sparse_lanczos",4,chordal,7,tfim,auto,4,4,"dense_exact,sparse_krylov",data/raw/perlmutter/practical_suite_sweep/practical_55730074_scale_8n_32g_c18_chem_h2_l2_grid21_r0_seed43.json,ok
practical_55730074_scale_8n_32g_c18_chem_molecular_chain_4q_l1_grid9_r0_seed23.json,chemistry,chemistry_vqe,absolute_energy_error,0.00016162206884473562,exact_dense_diagonalization_numpy,sparse_lanczos_eigsh_scipy,2,24.62262219900731,152346.90642811506,-1.7057328925529074,-1.2281036714213251,0.47762922113158224,168,63,84,21,55730074_scale_8n_32g_c18,24.634276391007006,23,72,4,3,synthetic,"0,1,2",,molecular_chain_4q_surrogate,4,1,9,1,benchmarks/workloads/hamiltonians/molecular_chain_4q.json,"dense_exact,sparse_lanczos",4,chordal,7,tfim,auto,4,4,"dense_exact,sparse_krylov",data/raw/perlmutter/practical_suite_sweep/practical_55730074_scale_8n_32g_c18_chem_molecular_chain_4q_l1_grid9_r0_seed23.json,ok
practical_55730074_scale_8n_32g_c18_ml_digits_c0v1v2_256s_6q_d1_r0_seed17.json,ml,multiclass_ml,test_accuracy,0.00015200290363281965,nearest_centroid_numpy,nearest_centroid_numpy,6,40.85184699809179,268757.0172789204,1.0,0.765625,0.234375,3072,1280,1536,256,55730074_scale_8n_32g_c18,40.99569974304177,17,256,6,3,digits,"0,1,2",sklearn_digits,,,1,21,1,,"dense_exact,sparse_lanczos",4,chordal,7,tfim,auto,4,4,"dense_exact,sparse_krylov",data/raw/perlmutter/practical_suite_sweep/practical_55730074_scale_8n_32g_c18_ml_digits_c0v1v2_256s_6q_d1_r0_seed17.json,ok
practical_55730074_scale_8n_32g_c18_ml_digits_c0v1v2_256s_6q_d1_r0_seed23.json,ml,multiclass_ml,test_accuracy,0.013604162028059363,softmax_regression_numpy,softmax_regression_numpy,6,21.556780103011988,1584.5724314772121,1.0,0.71875,0.28125,3072,1280,1536,256,55730074_scale_8n_32g_c18,21.65330017695669,23,256,6,3,digits,"0,1,2",sklearn_digits,,,1,21,1,,"dense_exact,sparse_lanczos",4,chordal,7,tfim,auto,4,4,"dense_exact,sparse_krylov",data/raw/perlmutter/practical_suite_sweep/practical_55730074_scale_8n_32g_c18_ml_digits_c0v1v2_256s_6q_d1_r0_seed23.json,ok
practical_55730074_scale_8n_32g_c18_ml_digits_c0v1v2_256s_6q_d1_r0_seed31.json,ml,multiclass_ml,test_accuracy,0.00015170301776379347,nearest_centroid_numpy,nearest_centroid_numpy,6,22.458888183929957,148045.09834404994,0.984375,0.890625,0.09375,3072,1280,1536,256,55730074_scale_8n_32g_c18,22.56130416004453,31,256,6,3,digits,"0,1,2",sklearn_digits,,,1,21,1,,"dense_exact,sparse_lanczos",4,chordal,7,tfim,auto,4,4,"dense_exact,sparse_krylov",data/raw/perlmutter/practical_suite_sweep/practical_55730074_scale_8n_32g_c18_ml_digits_c0v1v2_256s_6q_d1_r0_seed31.json,ok
practical_55730074_scale_8n_32g_c18_ml_digits_c0v1v2_256s_6q_d1_r0_seed43.json,ml,multiclass_ml,test_accuracy,0.002096218056976795,knn_numpy,knn_numpy,6,25.91765362303704,12364.00647192972,1.0,0.765625,0.234375,3072,1280,1536,256,55730074_scale_8n_32g_c18,26.01375798007939,43,256,6,3,digits,"0,1,2",sklearn_digits,,,1,21,1,,"dense_exact,sparse_lanczos",4,chordal,7,tfim,auto,4,4,"dense_exact,sparse_krylov",data/raw/perlmutter/practical_suite_sweep/practical_55730074_scale_8n_32g_c18_ml_digits_c0v1v2_256s_6q_d1_r0_seed43.json,ok
practical_55730074_scale_8n_32g_c18_ml_digits_c0v1v2v3_256s_6q_d1_r0_seed17.json,ml,multiclass_ml,test_accuracy,0.00017273297999054193,linear_ridge_numpy,linear_ridge_numpy,6,24.454776605940424,141575.6076649604,1.0,0.75,0.25,3072,1280,1536,256,55730074_scale_8n_32g_c18,24.566473784972914,17,256,6,4,digits,"0,1,2,3",sklearn_digits,,,1,21,1,,"dense_exact,sparse_lanczos",4,chordal,7,tfim,auto,4,4,"dense_exact,sparse_krylov",data/raw/perlmutter/practical_suite_sweep/practical_55730074_scale_8n_32g_c18_ml_digits_c0v1v2v3_256s_6q_d1_r0_seed17.json,ok
practical_55730074_scale_8n_32g_c18_ml_digits_c0v1v2v3_256s_6q_d1_r0_seed23.json,ml,multiclass_ml,test_accuracy,0.002557787927798927,rbf_kernel_ridge_numpy,rbf_kernel_ridge_numpy,6,21.854470193036832,8544.28545678665,1.0,0.71875,0.28125,3072,1280,1536,256,55730074_scale_8n_32g_c18,22.02675059903413,23,256,6,4,digits,"0,1,2,3",sklearn_digits,,,1,21,1,,"dense_exact,sparse_lanczos",4,chordal,7,tfim,auto,4,4,"dense_exact,sparse_krylov",data/raw/perlmutter/practical_suite_sweep/practical_55730074_scale_8n_32g_c18_ml_digits_c0v1v2v3_256s_6q_d1_r0_seed23.json,ok
practical_55730074_scale_8n_32g_c18_ml_digits_c0v1v2v3_256s_6q_d1_r0_seed31.json,ml,multiclass_ml,test_accuracy,0.0026162309804931283,rbf_kernel_ridge_numpy,rbf_kernel_ridge_numpy,6,26.342206991976127,10068.761966503025,1.0,0.703125,0.296875,3072,1280,1536,256,55730074_scale_8n_32g_c18,26.578436147072352,31,256,6,4,digits,"0,1,2,3",sklearn_digits,,,1,21,1,,"dense_exact,sparse_lanczos",4,chordal,7,tfim,auto,4,4,"dense_exact,sparse_krylov",data/raw/perlmutter/practical_suite_sweep/practical_55730074_scale_8n_32g_c18_ml_digits_c0v1v2v3_256s_6q_d1_r0_seed31.json,ok
practical_55730074_scale_8n_32g_c18_ml_digits_c0v1v2v3_256s_6q_d1_r0_seed43.json,ml,multiclass_ml,test_accuracy,0.00279840303119272,rbf_kernel_ridge_numpy,rbf_kernel_ridge_numpy,6,24.67560452502221,8817.74506744481,1.0,0.703125,0.296875,3072,1280,1536,256,55730074_scale_8n_32g_c18,24.773257920052856,43,256,6,4,digits,"0,1,2,3",sklearn_digits,,,1,21,1,,"dense_exact,sparse_lanczos",4,chordal,7,tfim,auto,4,4,"dense_exact,sparse_krylov",data/raw/perlmutter/practical_suite_sweep/practical_55730074_scale_8n_32g_c18_ml_digits_c0v1v2v3_256s_6q_d1_r0_seed43.json,ok
practical_55730074_scale_8n_32g_c18_ml_digits_c2v4v6v8_256s_6q_d1_r0_seed17.json,ml,multiclass_ml,test_accuracy,0.002066137036308646,knn_numpy,knn_numpy,6,22.284389892942272,10785.53334136805,1.0,0.796875,0.203125,3072,1280,1536,256,55730074_scale_8n_32g_c18,22.479951443034224,17,256,6,4,digits,"2,4,6,8",sklearn_digits,,,1,21,1,,"dense_exact,sparse_lanczos",4,chordal,7,tfim,auto,4,4,"dense_exact,sparse_krylov",data/raw/perlmutter/practical_suite_sweep/practical_55730074_scale_8n_32g_c18_ml_digits_c2v4v6v8_256s_6q_d1_r0_seed17.json,ok
practical_55730074_scale_8n_32g_c18_ml_digits_c2v4v6v8_256s_6q_d1_r0_seed23.json,ml,multiclass_ml,test_accuracy,0.0001770419767126441,linear_ridge_numpy,linear_ridge_numpy,6,24.21072610397823,136751.33182270403,0.984375,0.671875,0.3125,3072,1280,1536,256,55730074_scale_8n_32g_c18,24.307723870966583,23,256,6,4,digits,"2,4,6,8",sklearn_digits,,,1,21,1,,"dense_exact,sparse_lanczos",4,chordal,7,tfim,auto,4,4,"dense_exact,sparse_krylov",data/raw/perlmutter/practical_suite_sweep/practical_55730074_scale_8n_32g_c18_ml_digits_c2v4v6v8_256s_6q_d1_r0_seed23.json,ok
practical_55730074_scale_8n_32g_c18_ml_digits_c2v4v6v8_256s_6q_d1_r0_seed31.json,ml,multiclass_ml,test_accuracy,0.00209426402579993,knn_numpy,knn_numpy,6,26.60246807197109,12702.537857808997,1.0,0.625,0.375,3072,1280,1536,256,55730074_scale_8n_32g_c18,26.77762463397812,31,256,6,4,digits,"2,4,6,8",sklearn_digits,,,1,21,1,,"dense_exact,sparse_lanczos",4,chordal,7,tfim,auto,4,4,"dense_exact,sparse_krylov",data/raw/perlmutter/practical_suite_sweep/practical_55730074_scale_8n_32g_c18_ml_digits_c2v4v6v8_256s_6q_d1_r0_seed31.json,ok
practical_55730074_scale_8n_32g_c18_ml_digits_c2v4v6v8_256s_6q_d1_r0_seed43.json,ml,multiclass_ml,test_accuracy,0.0020556789822876453,knn_numpy,knn_numpy,6,23.937161948066205,11644.406619085988,0.96875,0.640625,0.328125,3072,1280,1536,256,55730074_scale_8n_32g_c18,24.070297754951753,43,256,6,4,digits,"2,4,6,8",sklearn_digits,,,1,21,1,,"dense_exact,sparse_lanczos",4,chordal,7,tfim,auto,4,4,"dense_exact,sparse_krylov",data/raw/perlmutter/practical_suite_sweep/practical_55730074_scale_8n_32g_c18_ml_digits_c2v4v6v8_256s_6q_d1_r0_seed43.json,ok
practical_55730074_scale_8n_32g_c18_ml_digits_c3v5v8_256s_6q_d1_r0_seed17.json,ml,multiclass_ml,test_accuracy,0.00015294598415493965,nearest_centroid_numpy,nearest_centroid_numpy,6,27.800852069980465,181769.0881103307,0.953125,0.546875,0.40625,3072,1280,1536,256,55730074_scale_8n_32g_c18,27.913741254014894,17,256,6,3,digits,"3,5,8",sklearn_digits,,,1,21,1,,"dense_exact,sparse_lanczos",4,chordal,7,tfim,auto,4,4,"dense_exact,sparse_krylov",data/raw/perlmutter/practical_suite_sweep/practical_55730074_scale_8n_32g_c18_ml_digits_c3v5v8_256s_6q_d1_r0_seed17.json,ok
practical_55730074_scale_8n_32g_c18_ml_digits_c3v5v8_256s_6q_d1_r0_seed23.json,ml,multiclass_ml,test_accuracy,0.0033020980190485716,rbf_kernel_ridge_numpy,rbf_kernel_ridge_numpy,6,24.373048132983968,7381.079541668644,1.0,0.640625,0.359375,3072,1280,1536,256,55730074_scale_8n_32g_c18,24.508342724991962,23,256,6,3,digits,"3,5,8",sklearn_digits,,,1,21,1,,"dense_exact,sparse_lanczos",4,chordal,7,tfim,auto,4,4,"dense_exact,sparse_krylov",data/raw/perlmutter/practical_suite_sweep/practical_55730074_scale_8n_32g_c18_ml_digits_c3v5v8_256s_6q_d1_r0_seed23.json,ok
practical_55730074_scale_8n_32g_c18_ml_digits_c3v5v8_256s_6q_d1_r0_seed31.json,ml,multiclass_ml,test_accuracy,0.002107589039951563,knn_numpy,knn_numpy,6,24.48148429999128,11615.87189718633,0.984375,0.5625,0.421875,3072,1280,1536,256,55730074_scale_8n_32g_c18,24.5841646050103,31,256,6,3,digits,"3,5,8",sklearn_digits,,,1,21,1,,"dense_exact,sparse_lanczos",4,chordal,7,tfim,auto,4,4,"dense_exact,sparse_krylov",data/raw/perlmutter/practical_suite_sweep/practical_55730074_scale_8n_32g_c18_ml_digits_c3v5v8_256s_6q_d1_r0_seed31.json,ok
practical_55730074_scale_8n_32g_c18_ml_digits_c3v5v8_256s_6q_d1_r0_seed43.json,ml,multiclass_ml,test_accuracy,0.00015030999202281237,nearest_centroid_numpy,nearest_centroid_numpy,6,24.629526635049842,163858.2126417241,0.96875,0.671875,0.296875,3072,1280,1536,256,55730074_scale_8n_32g_c18,24.72488769190386,43,256,6,3,digits,"3,5,8",sklearn_digits,,,1,21,1,,"dense_exact,sparse_lanczos",4,chordal,7,tfim,auto,4,4,"dense_exact,sparse_krylov",data/raw/perlmutter/practical_suite_sweep/practical_55730074_scale_8n_32g_c18_ml_digits_c3v5v8_256s_6q_d1_r0_seed43.json,ok
practical_55730074_scale_8n_32g_c18_qaoa_chordal_7n_grid11_r0_seed23.json,optimization,optimization_qaoa,approximation_ratio,2.4987966753542423e-05,greedy_assignment_numpy,,4,16.87465459993109,675311.2314565912,8,6.158837991562405,0.2301452510546994,2783,2178,847,121,55730074_scale_8n_32g_c18,16.883533103042282,23,72,4,3,synthetic,"0,1,2",,small_maxcut,7,1,21,1,,"dense_exact,sparse_lanczos",7,chordal,11,tfim,auto,4,4,"dense_exact,sparse_krylov",data/raw/perlmutter/practical_suite_sweep/practical_55730074_scale_8n_32g_c18_qaoa_chordal_7n_grid11_r0_seed23.json,ok
practical_55730074_scale_8n_32g_c18_qaoa_chordal_7n_grid11_r0_seed43.json,optimization,optimization_qaoa,approximation_ratio,2.3434986360371113e-05,greedy_assignment_numpy,,4,26.751803427934647,1141532.7074041876,8,6.158837991562405,0.2301452510546994,2783,2178,847,121,55730074_scale_8n_32g_c18,26.762188100023195,43,72,4,3,synthetic,"0,1,2",,small_maxcut,7,1,21,1,,"dense_exact,sparse_lanczos",7,chordal,11,tfim,auto,4,4,"dense_exact,sparse_krylov",data/raw/perlmutter/practical_suite_sweep/practical_55730074_scale_8n_32g_c18_qaoa_chordal_7n_grid11_r0_seed43.json,ok
practical_55730074_scale_8n_32g_c18_qaoa_ladder_4n_grid11_r0_seed23.json,optimization,optimization_qaoa,approximation_ratio,1.2814998626708984e-05,greedy_assignment_numpy,,4,16.660971164004877,1300114.9394803778,4,2.9045084971874733,0.2738728757031317,1452,968,484,121,55730074_scale_8n_32g_c18,16.668440776062198,23,72,4,3,synthetic,"0,1,2",,small_maxcut,4,1,21,1,,"dense_exact,sparse_lanczos",4,ladder,11,tfim,auto,4,4,"dense_exact,sparse_krylov",data/raw/perlmutter/practical_suite_sweep/practical_55730074_scale_8n_32g_c18_qaoa_ladder_4n_grid11_r0_seed23.json,ok
practical_55730074_scale_8n_32g_c18_qaoa_ladder_4n_grid11_r0_seed43.json,optimization,optimization_qaoa,approximation_ratio,1.3084965758025646e-05,greedy_assignment_numpy,,4,16.62869508296717,1270824.5012233206,4,2.9045084971874733,0.2738728757031317,1452,968,484,121,55730074_scale_8n_32g_c18,16.63872645201627,43,72,4,3,synthetic,"0,1,2",,small_maxcut,4,1,21,1,,"dense_exact,sparse_lanczos",4,ladder,11,tfim,auto,4,4,"dense_exact,sparse_krylov",data/raw/perlmutter/practical_suite_sweep/practical_55730074_scale_8n_32g_c18_qaoa_ladder_4n_grid11_r0_seed43.json,ok
practical_55730074_scale_8n_32g_c18_qaoa_ring_6n_grid11_r0_seed17.json,optimization,optimization_qaoa,approximation_ratio,1.8735998310148716e-05,greedy_assignment_numpy,,4,20.271123602986336,1081934.5341211997,6,4.356762745781209,0.2738728757031318,2178,1452,726,121,55730074_scale_8n_32g_c18,20.279064344009385,17,72,4,3,synthetic,"0,1,2",,small_maxcut,6,1,21,1,,"dense_exact,sparse_lanczos",6,ring,11,tfim,auto,4,4,"dense_exact,sparse_krylov",data/raw/perlmutter/practical_suite_sweep/practical_55730074_scale_8n_32g_c18_qaoa_ring_6n_grid11_r0_seed17.json,ok
practical_55730074_scale_8n_32g_c18_qaoa_ring_6n_grid11_r0_seed31.json,optimization,optimization_qaoa,approximation_ratio,1.8946011550724506e-05,greedy_assignment_numpy,,4,18.3231871050084,967126.3556422624,6,4.356762745781209,0.2738728757031318,2178,1452,726,121,55730074_scale_8n_32g_c18,18.332952399970964,31,72,4,3,synthetic,"0,1,2",,small_maxcut,6,1,21,1,,"dense_exact,sparse_lanczos",6,ring,11,tfim,auto,4,4,"dense_exact,sparse_krylov",data/raw/perlmutter/practical_suite_sweep/practical_55730074_scale_8n_32g_c18_qaoa_ring_6n_grid11_r0_seed31.json,ok
practical_55730074_scale_8n_32g_c18_sim_heisenberg_6q_8steps_r0_seed17.json,simulation,hamiltonian_simulation,absolute_observable_error,0.0023152310168370605,exact_dense_eigendecomposition_numpy,exact_dense_eigendecomposition_numpy,2,22.802928305929527,9849.094168184398,0.028435823107617414,-0.07454781296089058,0.102983636068508,491,240,6,1,55730074_scale_8n_32g_c18,22.82329623401165,17,72,4,3,synthetic,"0,1,2",,heisenberg,6,1,21,1,,"dense_exact,sparse_lanczos",4,chordal,7,heisenberg,auto,6,8,"dense_exact,sparse_krylov",data/raw/perlmutter/practical_suite_sweep/practical_55730074_scale_8n_32g_c18_sim_heisenberg_6q_8steps_r0_seed17.json,ok
practical_55730074_scale_8n_32g_c18_sim_heisenberg_6q_8steps_r0_seed23.json,simulation,hamiltonian_simulation,absolute_observable_error,0.015964436111971736,sparse_krylov_expm_multiply_scipy,exact_dense_eigendecomposition_numpy,2,35.14018704392947,2201.1542905406995,0.028435823107617414,-0.07454781296089058,0.102983636068508,491,240,6,1,55730074_scale_8n_32g_c18,35.21487433696166,23,72,4,3,synthetic,"0,1,2",,heisenberg,6,1,21,1,,"dense_exact,sparse_lanczos",4,chordal,7,heisenberg,auto,6,8,"dense_exact,sparse_krylov",data/raw/perlmutter/practical_suite_sweep/practical_55730074_scale_8n_32g_c18_sim_heisenberg_6q_8steps_r0_seed23.json,ok
practical_55730074_scale_8n_32g_c18_sim_heisenberg_6q_8steps_r0_seed31.json,simulation,hamiltonian_simulation,absolute_observable_error,0.0159697049530223,sparse_krylov_expm_multiply_scipy,exact_dense_eigendecomposition_numpy,2,23.19551745604258,1452.4700064450958,0.028435823107617414,-0.07454781296089058,0.102983636068508,491,240,6,1,55730074_scale_8n_32g_c18,23.29128986899741,31,72,4,3,synthetic,"0,1,2",,heisenberg,6,1,21,1,,"dense_exact,sparse_lanczos",4,chordal,7,heisenberg,auto,6,8,"dense_exact,sparse_krylov",data/raw/perlmutter/practical_suite_sweep/practical_55730074_scale_8n_32g_c18_sim_heisenberg_6q_8steps_r0_seed31.json,ok
practical_55730074_scale_8n_32g_c18_sim_heisenberg_6q_8steps_r0_seed43.json,simulation,hamiltonian_simulation,absolute_observable_error,0.0024578759912401438,sparse_krylov_expm_multiply_scipy,exact_dense_eigendecomposition_numpy,2,22.27715942496434,9063.581525007774,0.028435823107617414,-0.07454781296089058,0.102983636068508,491,240,6,1,55730074_scale_8n_32g_c18,22.30935788503848,43,72,4,3,synthetic,"0,1,2",,heisenberg,6,1,21,1,,"dense_exact,sparse_lanczos",4,chordal,7,heisenberg,auto,6,8,"dense_exact,sparse_krylov",data/raw/perlmutter/practical_suite_sweep/practical_55730074_scale_8n_32g_c18_sim_heisenberg_6q_8steps_r0_seed43.json,ok
practical_55730074_scale_8n_32g_c19_chem_h2_l2_grid25_r0_seed43.json,chemistry,chemistry_vqe,absolute_energy_error,0.00013912899885326624,exact_dense_diagonalization_numpy,sparse_lanczos_eigsh_scipy,2,22.040602755965665,158418.4673046559,-1.8572750302023802,-1.8369679912029844,0.020307038999395788,424,106,106,53,55730074_scale_8n_32g_c19,22.050032082013786,43,72,4,3,synthetic,"0,1,2",,H2_minimal_2qubit,2,1,25,2,,"dense_exact,sparse_lanczos",4,chordal,7,tfim,auto,4,4,"dense_exact,sparse_krylov",data/raw/perlmutter/practical_suite_sweep/practical_55730074_scale_8n_32g_c19_chem_h2_l2_grid25_r0_seed43.json,ok
practical_55730074_scale_8n_32g_c19_chem_molecular_chain_4q_l1_grid13_r0_seed23.json,chemistry,chemistry_vqe,absolute_energy_error,0.00016296491958200932,exact_dense_diagonalization_numpy,sparse_lanczos_eigsh_scipy,2,24.868702467065305,152601.56928774205,-1.7057328925529034,-1.2281036714213251,0.47762922113157824,232,87,116,29,55730074_scale_8n_32g_c19,24.88808467099443,23,72,4,3,synthetic,"0,1,2",,molecular_chain_4q_surrogate,4,1,13,1,benchmarks/workloads/hamiltonians/molecular_chain_4q.json,"dense_exact,sparse_lanczos",4,chordal,7,tfim,auto,4,4,"dense_exact,sparse_krylov",data/raw/perlmutter/practical_suite_sweep/practical_55730074_scale_8n_32g_c19_chem_molecular_chain_4q_l1_grid13_r0_seed23.json,ok
practical_55730074_scale_8n_32g_c19_ml_digits_c0v1v2_256s_6q_d2_r0_seed17.json,ml,multiclass_ml,test_accuracy,0.00015124096535146236,nearest_centroid_numpy,nearest_centroid_numpy,6,40.86961012997199,270228.4399930724,1.0,0.6875,0.3125,6144,2560,1536,256,55730074_scale_8n_32g_c19,40.9851933310274,17,256,6,3,digits,"0,1,2",sklearn_digits,,,2,21,1,,"dense_exact,sparse_lanczos",4,chordal,7,tfim,auto,4,4,"dense_exact,sparse_krylov",data/raw/perlmutter/practical_suite_sweep/practical_55730074_scale_8n_32g_c19_ml_digits_c0v1v2_256s_6q_d2_r0_seed17.json,ok
practical_55730074_scale_8n_32g_c19_ml_digits_c0v1v2_256s_6q_d2_r0_seed23.json,ml,multiclass_ml,test_accuracy,0.01354105002246797,softmax_regression_numpy,softmax_regression_numpy,6,21.5845366360154,1594.0075991301476,1.0,0.765625,0.234375,6144,2560,1536,256,55730074_scale_8n_32g_c19,21.68186265893746,23,256,6,3,digits,"0,1,2",sklearn_digits,,,2,21,1,,"dense_exact,sparse_lanczos",4,chordal,7,tfim,auto,4,4,"dense_exact,sparse_krylov",data/raw/perlmutter/practical_suite_sweep/practical_55730074_scale_8n_32g_c19_ml_digits_c0v1v2_256s_6q_d2_r0_seed23.json,ok
practical_55730074_scale_8n_32g_c19_ml_digits_c0v1v2_256s_6q_d2_r0_seed31.json,ml,multiclass_ml,test_accuracy,0.00014988903421908617,nearest_centroid_numpy,nearest_centroid_numpy,6,22.493937650928274,150070.6023500684,0.984375,0.765625,0.21875,6144,2560,1536,256,55730074_scale_8n_32g_c19,22.589875507052056,31,256,6,3,digits,"0,1,2",sklearn_digits,,,2,21,1,,"dense_exact,sparse_lanczos",4,chordal,7,tfim,auto,4,4,"dense_exact,sparse_krylov",data/raw/perlmutter/practical_suite_sweep/practical_55730074_scale_8n_32g_c19_ml_digits_c0v1v2_256s_6q_d2_r0_seed31.json,ok
practical_55730074_scale_8n_32g_c19_ml_digits_c0v1v2_256s_6q_d2_r0_seed43.json,ml,multiclass_ml,test_accuracy,0.002166984020732343,knn_numpy,knn_numpy,6,25.94250418501906,11971.709960395398,1.0,0.5625,0.4375,6144,2560,1536,256,55730074_scale_8n_32g_c19,26.038709669024684,43,256,6,3,digits,"0,1,2",sklearn_digits,,,2,21,1,,"dense_exact,sparse_lanczos",4,chordal,7,tfim,auto,4,4,"dense_exact,sparse_krylov",data/raw/perlmutter/practical_suite_sweep/practical_55730074_scale_8n_32g_c19_ml_digits_c0v1v2_256s_6q_d2_r0_seed43.json,ok
practical_55730074_scale_8n_32g_c19_ml_digits_c0v1v2v3_256s_6q_d2_r0_seed17.json,ml,multiclass_ml,test_accuracy,0.00017350399866700172,linear_ridge_numpy,linear_ridge_numpy,6,24.45113456004765,140925.48153299678,1.0,0.5625,0.4375,6144,2560,1536,256,55730074_scale_8n_32g_c19,24.557260356959887,17,256,6,4,digits,"0,1,2,3",sklearn_digits,,,2,21,1,,"dense_exact,sparse_lanczos",4,chordal,7,tfim,auto,4,4,"dense_exact,sparse_krylov",data/raw/perlmutter/practical_suite_sweep/practical_55730074_scale_8n_32g_c19_ml_digits_c0v1v2v3_256s_6q_d2_r0_seed17.json,ok
practical_55730074_scale_8n_32g_c19_ml_digits_c0v1v2v3_256s_6q_d2_r0_seed23.json,ml,multiclass_ml,test_accuracy,0.002913965960033238,rbf_kernel_ridge_numpy,rbf_kernel_ridge_numpy,6,21.95650275493972,7534.920811047935,1.0,0.640625,0.359375,6144,2560,1536,256,55730074_scale_8n_32g_c19,22.053053928073496,23,256,6,4,digits,"0,1,2,3",sklearn_digits,,,2,21,1,,"dense_exact,sparse_lanczos",4,chordal,7,tfim,auto,4,4,"dense_exact,sparse_krylov",data/raw/perlmutter/practical_suite_sweep/practical_55730074_scale_8n_32g_c19_ml_digits_c0v1v2v3_256s_6q_d2_r0_seed23.json,ok
practical_55730074_scale_8n_32g_c19_ml_digits_c0v1v2v3_256s_6q_d2_r0_seed31.json,ml,multiclass_ml,test_accuracy,0.0026120439870283008,rbf_kernel_ridge_numpy,rbf_kernel_ridge_numpy,6,26.518937051063403,10152.561435702988,1.0,0.6875,0.3125,6144,2560,1536,256,55730074_scale_8n_32g_c19,26.615837836056016,31,256,6,4,digits,"0,1,2,3",sklearn_digits,,,2,21,1,,"dense_exact,sparse_lanczos",4,chordal,7,tfim,auto,4,4,"dense_exact,sparse_krylov",data/raw/perlmutter/practical_suite_sweep/practical_55730074_scale_8n_32g_c19_ml_digits_c0v1v2v3_256s_6q_d2_r0_seed31.json,ok
practical_55730074_scale_8n_32g_c19_ml_digits_c0v1v2v3_256s_6q_d2_r0_seed43.json,ml,multiclass_ml,test_accuracy,0.003083694027736783,rbf_kernel_ridge_numpy,rbf_kernel_ridge_numpy,6,24.72695137897972,8018.61376536361,1.0,0.625,0.375,6144,2560,1536,256,55730074_scale_8n_32g_c19,24.829865091014653,43,256,6,4,digits,"0,1,2,3",sklearn_digits,,,2,21,1,,"dense_exact,sparse_lanczos",4,chordal,7,tfim,auto,4,4,"dense_exact,sparse_krylov",data/raw/perlmutter/practical_suite_sweep/practical_55730074_scale_8n_32g_c19_ml_digits_c0v1v2v3_256s_6q_d2_r0_seed43.json,ok
practical_55730074_scale_8n_32g_c19_ml_digits_c2v4v6v8_256s_6q_d2_r0_seed17.json,ml,multiclass_ml,test_accuracy,0.002099081058986485,knn_numpy,knn_numpy,6,22.497111276024953,10717.600056325315,1.0,0.734375,0.265625,6144,2560,1536,256,55730074_scale_8n_32g_c19,22.59556688403245,17,256,6,4,digits,"2,4,6,8",sklearn_digits,,,2,21,1,,"dense_exact,sparse_lanczos",4,chordal,7,tfim,auto,4,4,"dense_exact,sparse_krylov",data/raw/perlmutter/practical_suite_sweep/practical_55730074_scale_8n_32g_c19_ml_digits_c2v4v6v8_256s_6q_d2_r0_seed17.json,ok
practical_55730074_scale_8n_32g_c19_ml_digits_c2v4v6v8_256s_6q_d2_r0_seed23.json,ml,multiclass_ml,test_accuracy,0.00017217209096997976,linear_ridge_numpy,linear_ridge_numpy,6,24.202818693011068,140573.41440565482,0.984375,0.625,0.359375,6144,2560,1536,256,55730074_scale_8n_32g_c19,24.29840215900913,23,256,6,4,digits,"2,4,6,8",sklearn_digits,,,2,21,1,,"dense_exact,sparse_lanczos",4,chordal,7,tfim,auto,4,4,"dense_exact,sparse_krylov",data/raw/perlmutter/practical_suite_sweep/practical_55730074_scale_8n_32g_c19_ml_digits_c2v4v6v8_256s_6q_d2_r0_seed23.json,ok
practical_55730074_scale_8n_32g_c19_ml_digits_c2v4v6v8_256s_6q_d2_r0_seed31.json,ml,multiclass_ml,test_accuracy,0.0021014779340475798,knn_numpy,knn_numpy,6,26.822024555993266,12763.410037017304,1.0,0.671875,0.328125,6144,2560,1536,256,55730074_scale_8n_32g_c19,26.924588307039812,31,256,6,4,digits,"2,4,6,8",sklearn_digits,,,2,21,1,,"dense_exact,sparse_lanczos",4,chordal,7,tfim,auto,4,4,"dense_exact,sparse_krylov",data/raw/perlmutter/practical_suite_sweep/practical_55730074_scale_8n_32g_c19_ml_digits_c2v4v6v8_256s_6q_d2_r0_seed31.json,ok
practical_55730074_scale_8n_32g_c19_ml_digits_c2v4v6v8_256s_6q_d2_r0_seed43.json,ml,multiclass_ml,test_accuracy,0.0020933221094310284,knn_numpy,knn_numpy,6,24.065362505964004,11496.253919806468,0.96875,0.6875,0.28125,6144,2560,1536,256,55730074_scale_8n_32g_c19,24.162355265929364,43,256,6,4,digits,"2,4,6,8",sklearn_digits,,,2,21,1,,"dense_exact,sparse_lanczos",4,chordal,7,tfim,auto,4,4,"dense_exact,sparse_krylov",data/raw/perlmutter/practical_suite_sweep/practical_55730074_scale_8n_32g_c19_ml_digits_c2v4v6v8_256s_6q_d2_r0_seed43.json,ok
practical_55730074_scale_8n_32g_c19_ml_digits_c3v5v8_256s_6q_d2_r0_seed17.json,ml,multiclass_ml,test_accuracy,0.00015311595052480698,nearest_centroid_numpy,nearest_centroid_numpy,6,27.822015053010546,181705.5307278583,0.953125,0.734375,0.21875,6144,2560,1536,256,55730074_scale_8n_32g_c19,27.940946487011388,17,256,6,3,digits,"3,5,8",sklearn_digits,,,2,21,1,,"dense_exact,sparse_lanczos",4,chordal,7,tfim,auto,4,4,"dense_exact,sparse_krylov",data/raw/perlmutter/practical_suite_sweep/practical_55730074_scale_8n_32g_c19_ml_digits_c3v5v8_256s_6q_d2_r0_seed17.json,ok
practical_55730074_scale_8n_32g_c19_ml_digits_c3v5v8_256s_6q_d2_r0_seed23.json,ml,multiclass_ml,test_accuracy,0.0027535490226000547,rbf_kernel_ridge_numpy,rbf_kernel_ridge_numpy,6,24.500562547938898,8897.812367547427,1.0,0.734375,0.265625,6144,2560,1536,256,55730074_scale_8n_32g_c19,24.60681167000439,23,256,6,3,digits,"3,5,8",sklearn_digits,,,2,21,1,,"dense_exact,sparse_lanczos",4,chordal,7,tfim,auto,4,4,"dense_exact,sparse_krylov",data/raw/perlmutter/practical_suite_sweep/practical_55730074_scale_8n_32g_c19_ml_digits_c3v5v8_256s_6q_d2_r0_seed23.json,ok
practical_55730074_scale_8n_32g_c19_ml_digits_c3v5v8_256s_6q_d2_r0_seed31.json,ml,multiclass_ml,test_accuracy,0.0021236699540168047,knn_numpy,knn_numpy,6,24.449486745987087,11512.846758387399,0.984375,0.59375,0.390625,6144,2560,1536,256,55730074_scale_8n_32g_c19,24.54529643501155,31,256,6,3,digits,"3,5,8",sklearn_digits,,,2,21,1,,"dense_exact,sparse_lanczos",4,chordal,7,tfim,auto,4,4,"dense_exact,sparse_krylov",data/raw/perlmutter/practical_suite_sweep/practical_55730074_scale_8n_32g_c19_ml_digits_c3v5v8_256s_6q_d2_r0_seed31.json,ok
practical_55730074_scale_8n_32g_c19_ml_digits_c3v5v8_256s_6q_d2_r0_seed43.json,ml,multiclass_ml,test_accuracy,0.0001509709982201457,nearest_centroid_numpy,nearest_centroid_numpy,6,24.655583117040806,163313.37414281428,0.96875,0.734375,0.234375,6144,2560,1536,256,55730074_scale_8n_32g_c19,24.753469070070423,43,256,6,3,digits,"3,5,8",sklearn_digits,,,2,21,1,,"dense_exact,sparse_lanczos",4,chordal,7,tfim,auto,4,4,"dense_exact,sparse_krylov",data/raw/perlmutter/practical_suite_sweep/practical_55730074_scale_8n_32g_c19_ml_digits_c3v5v8_256s_6q_d2_r0_seed43.json,ok
practical_55730074_scale_8n_32g_c19_qaoa_chordal_7n_grid13_r0_seed23.json,optimization,optimization_qaoa,approximation_ratio,2.6270048692822456e-05,greedy_assignment_numpy,,4,16.90384989301674,643464.7339513778,8,6.133894052838323,0.23326324339520965,3887,3042,1183,169,55730074_scale_8n_32g_c19,16.911850261036307,23,72,4,3,synthetic,"0,1,2",,small_maxcut,7,1,21,1,,"dense_exact,sparse_lanczos",7,chordal,13,tfim,auto,4,4,"dense_exact,sparse_krylov",data/raw/perlmutter/practical_suite_sweep/practical_55730074_scale_8n_32g_c19_qaoa_chordal_7n_grid13_r0_seed23.json,ok
practical_55730074_scale_8n_32g_c19_qaoa_chordal_7n_grid13_r0_seed43.json,optimization,optimization_qaoa,approximation_ratio,2.385594416409731e-05,greedy_assignment_numpy,,4,26.771112701972015,1122198.8330380977,8,6.133894052838323,0.23326324339520965,3887,3042,1183,169,55730074_scale_8n_32g_c19,26.786827806034125,43,72,4,3,synthetic,"0,1,2",,small_maxcut,7,1,21,1,,"dense_exact,sparse_lanczos",7,chordal,13,tfim,auto,4,4,"dense_exact,sparse_krylov",data/raw/perlmutter/practical_suite_sweep/practical_55730074_scale_8n_32g_c19_qaoa_chordal_7n_grid13_r0_seed43.json,ok
practical_55730074_scale_8n_32g_c19_qaoa_ladder_4n_grid13_r0_seed23.json,optimization,optimization_qaoa,approximation_ratio,1.3174954801797867e-05,greedy_assignment_numpy,,4,16.69188552396372,1266940.6290248472,4,2.9999999999999982,0.25000000000000044,2028,1352,676,169,55730074_scale_8n_32g_c19,16.701737766037695,23,72,4,3,synthetic,"0,1,2",,small_maxcut,4,1,21,1,,"dense_exact,sparse_lanczos",4,ladder,13,tfim,auto,4,4,"dense_exact,sparse_krylov",data/raw/perlmutter/practical_suite_sweep/practical_55730074_scale_8n_32g_c19_qaoa_ladder_4n_grid13_r0_seed23.json,ok
practical_55730074_scale_8n_32g_c19_qaoa_ladder_4n_grid13_r0_seed43.json,optimization,optimization_qaoa,approximation_ratio,1.391698606312275e-05,greedy_assignment_numpy,,4,16.656569003942423,1196851.7413464272,4,2.9999999999999982,0.25000000000000044,2028,1352,676,169,55730074_scale_8n_32g_c19,16.664144070935436,43,72,4,3,synthetic,"0,1,2",,small_maxcut,4,1,21,1,,"dense_exact,sparse_lanczos",4,ladder,13,tfim,auto,4,4,"dense_exact,sparse_krylov",data/raw/perlmutter/practical_suite_sweep/practical_55730074_scale_8n_32g_c19_qaoa_ladder_4n_grid13_r0_seed43.json,ok
practical_55730074_scale_8n_32g_c19_qaoa_ring_6n_grid13_r0_seed17.json,optimization,optimization_qaoa,approximation_ratio,1.8646009266376495e-05,greedy_assignment_numpy,,4,20.314187049050815,1089465.6737987613,6,4.499999999999997,0.25000000000000044,3042,2028,1014,169,55730074_scale_8n_32g_c19,20.32237600092776,17,72,4,3,synthetic,"0,1,2",,small_maxcut,6,1,21,1,,"dense_exact,sparse_lanczos",6,ring,13,tfim,auto,4,4,"dense_exact,sparse_krylov",data/raw/perlmutter/practical_suite_sweep/practical_55730074_scale_8n_32g_c19_qaoa_ring_6n_grid13_r0_seed17.json,ok
practical_55730074_scale_8n_32g_c19_qaoa_ring_6n_grid13_r0_seed31.json,optimization,optimization_qaoa,approximation_ratio,1.854600850492716e-05,greedy_assignment_numpy,,4,18.191157076973468,980866.4259018637,6,4.499999999999997,0.25000000000000044,3042,2028,1014,169,55730074_scale_8n_32g_c19,18.204866519081406,31,72,4,3,synthetic,"0,1,2",,small_maxcut,6,1,21,1,,"dense_exact,sparse_lanczos",6,ring,13,tfim,auto,4,4,"dense_exact,sparse_krylov",data/raw/perlmutter/practical_suite_sweep/practical_55730074_scale_8n_32g_c19_qaoa_ring_6n_grid13_r0_seed31.json,ok
practical_55730074_scale_8n_32g_c19_sim_heisenberg_6q_10steps_r0_seed17.json,simulation,hamiltonian_simulation,absolute_observable_error,0.0023363810032606125,exact_dense_eigendecomposition_numpy,exact_dense_eigendecomposition_numpy,2,22.81950203794986,9767.029438307947,0.028435823107617414,-0.06462350891281432,0.09305933202043173,613,300,6,1,55730074_scale_8n_32g_c19,22.83347493899055,17,72,4,3,synthetic,"0,1,2",,heisenberg,6,1,21,1,,"dense_exact,sparse_lanczos",4,chordal,7,heisenberg,auto,6,10,"dense_exact,sparse_krylov",data/raw/perlmutter/practical_suite_sweep/practical_55730074_scale_8n_32g_c19_sim_heisenberg_6q_10steps_r0_seed17.json,ok
practical_55730074_scale_8n_32g_c19_sim_heisenberg_6q_10steps_r0_seed23.json,simulation,hamiltonian_simulation,absolute_observable_error,0.002314159064553678,exact_dense_eigendecomposition_numpy,exact_dense_eigendecomposition_numpy,2,35.04483887611423,15143.660352869121,0.028435823107617414,-0.06462350891281432,0.09305933202043173,613,300,6,1,55730074_scale_8n_32g_c19,35.07638007798232,23,72,4,3,synthetic,"0,1,2",,heisenberg,6,1,21,1,,"dense_exact,sparse_lanczos",4,chordal,7,heisenberg,auto,6,10,"dense_exact,sparse_krylov",data/raw/perlmutter/practical_suite_sweep/practical_55730074_scale_8n_32g_c19_sim_heisenberg_6q_10steps_r0_seed23.json,ok
practical_55730074_scale_8n_32g_c19_sim_heisenberg_6q_10steps_r0_seed31.json,simulation,hamiltonian_simulation,absolute_observable_error,0.002376739983446896,exact_dense_eigendecomposition_numpy,exact_dense_eigendecomposition_numpy,2,23.298399325925857,9802.670669989348,0.028435823107617414,-0.06462350891281432,0.09305933202043173,613,300,6,1,55730074_scale_8n_32g_c19,23.319718430982903,31,72,4,3,synthetic,"0,1,2",,heisenberg,6,1,21,1,,"dense_exact,sparse_lanczos",4,chordal,7,heisenberg,auto,6,10,"dense_exact,sparse_krylov",data/raw/perlmutter/practical_suite_sweep/practical_55730074_scale_8n_32g_c19_sim_heisenberg_6q_10steps_r0_seed31.json,ok
practical_55730074_scale_8n_32g_c19_sim_heisenberg_6q_10steps_r0_seed43.json,simulation,hamiltonian_simulation,absolute_observable_error,0.0023018450010567904,exact_dense_eigendecomposition_numpy,exact_dense_eigendecomposition_numpy,2,22.354086449951865,9711.37780332254,0.028435823107617414,-0.06462350891281432,0.09305933202043173,613,300,6,1,55730074_scale_8n_32g_c19,22.376838310039602,43,72,4,3,synthetic,"0,1,2",,heisenberg,6,1,21,1,,"dense_exact,sparse_lanczos",4,chordal,7,heisenberg,auto,6,10,"dense_exact,sparse_krylov",data/raw/perlmutter/practical_suite_sweep/practical_55730074_scale_8n_32g_c19_sim_heisenberg_6q_10steps_r0_seed43.json,ok
practical_55730074_scale_8n_32g_c1_chem_h2_l1_grid21_r0_seed17.json,chemistry,chemistry_vqe,absolute_energy_error,0.0001419930486008525,exact_dense_diagonalization_numpy,exact_dense_diagonalization_numpy,2,23.49872246896848,165492.0624672566,-1.85727503020238,-1.8539259190122395,0.0033491111901404746,1944,486,972,486,55730074_scale_8n_32g_c1,23.519125072052702,17,72,4,3,synthetic,"0,1,2",,H2_minimal_2qubit,2,1,21,1,,"dense_exact,sparse_lanczos",4,chordal,7,tfim,auto,4,4,"dense_exact,sparse_krylov",data/raw/perlmutter/practical_suite_sweep/practical_55730074_scale_8n_32g_c1_chem_h2_l1_grid21_r0_seed17.json,ok
practical_55730074_scale_8n_32g_c1_chem_molecular_chain_4q_l1_grid13_r0_seed31.json,chemistry,chemistry_vqe,absolute_energy_error,0.0001591260079294443,exact_dense_diagonalization_numpy,sparse_lanczos_eigsh_scipy,2,23.182060636929236,145683.66880169613,-1.705732892552905,-0.9434356201924581,0.7622972723604469,232,87,116,29,55730074_scale_8n_32g_c1,23.19163783499971,31,72,4,3,synthetic,"0,1,2",,molecular_chain_4q_surrogate,4,1,13,1,benchmarks/workloads/hamiltonians/molecular_chain_4q.json,"dense_exact,sparse_lanczos",4,chordal,7,tfim,auto,4,4,"dense_exact,sparse_krylov",data/raw/perlmutter/practical_suite_sweep/practical_55730074_scale_8n_32g_c1_chem_molecular_chain_4q_l1_grid13_r0_seed31.json,ok
practical_55730074_scale_8n_32g_c1_ml_digits_c0v1v2_128s_4q_d2_r0_seed17.json,ml,multiclass_ml,test_accuracy,0.0001462210202589631,linear_ridge_numpy,linear_ridge_numpy,6,40.55938438104931,277384.08820576593,1.0,0.71875,0.28125,2048,768,512,128,55730074_scale_8n_32g_c1,40.63772924989462,17,128,4,3,digits,"0,1,2",sklearn_digits,,,2,21,1,,"dense_exact,sparse_lanczos",4,chordal,7,tfim,auto,4,4,"dense_exact,sparse_krylov",data/raw/perlmutter/practical_suite_sweep/practical_55730074_scale_8n_32g_c1_ml_digits_c0v1v2_128s_4q_d2_r0_seed17.json,ok
practical_55730074_scale_8n_32g_c1_ml_digits_c0v1v2_128s_4q_d2_r0_seed23.json,ml,multiclass_ml,test_accuracy,0.00013318599667400122,nearest_centroid_numpy,nearest_centroid_numpy,6,22.358760131057352,167876.20838086147,1.0,0.59375,0.40625,2048,768,512,128,55730074_scale_8n_32g_c1,22.42191636399366,23,128,4,3,digits,"0,1,2",sklearn_digits,,,2,21,1,,"dense_exact,sparse_lanczos",4,chordal,7,tfim,auto,4,4,"dense_exact,sparse_krylov",data/raw/perlmutter/practical_suite_sweep/practical_55730074_scale_8n_32g_c1_ml_digits_c0v1v2_128s_4q_d2_r0_seed23.json,ok
practical_55730074_scale_8n_32g_c1_ml_digits_c0v1v2_128s_4q_d2_r0_seed31.json,ml,multiclass_ml,test_accuracy,0.00014675292186439037,linear_ridge_numpy,linear_ridge_numpy,6,19.91878284700215,135730.05970817024,1.0,0.65625,0.34375,2048,768,512,128,55730074_scale_8n_32g_c1,19.981653638998978,31,128,4,3,digits,"0,1,2",sklearn_digits,,,2,21,1,,"dense_exact,sparse_lanczos",4,chordal,7,tfim,auto,4,4,"dense_exact,sparse_krylov",data/raw/perlmutter/practical_suite_sweep/practical_55730074_scale_8n_32g_c1_ml_digits_c0v1v2_128s_4q_d2_r0_seed31.json,ok
practical_55730074_scale_8n_32g_c1_ml_digits_c0v1v2_128s_4q_d2_r0_seed43.json,ml,multiclass_ml,test_accuracy,0.00015320500824600458,linear_ridge_numpy,linear_ridge_numpy,6,23.16059419303201,151173.87126041303,1.0,0.8125,0.1875,2048,768,512,128,55730074_scale_8n_32g_c1,23.234212824027054,43,128,4,3,digits,"0,1,2",sklearn_digits,,,2,21,1,,"dense_exact,sparse_lanczos",4,chordal,7,tfim,auto,4,4,"dense_exact,sparse_krylov",data/raw/perlmutter/practical_suite_sweep/practical_55730074_scale_8n_32g_c1_ml_digits_c0v1v2_128s_4q_d2_r0_seed43.json,ok
practical_55730074_scale_8n_32g_c1_ml_digits_c0v1v2v3_128s_4q_d2_r0_seed17.json,ml,multiclass_ml,test_accuracy,0.0007689909543842077,rbf_kernel_ridge_numpy,rbf_kernel_ridge_numpy,6,20.73445349209942,26963.19556671918,0.9375,0.75,0.1875,2048,768,512,128,55730074_scale_8n_32g_c1,20.81993769609835,17,128,4,4,digits,"0,1,2,3",sklearn_digits,,,2,21,1,,"dense_exact,sparse_lanczos",4,chordal,7,tfim,auto,4,4,"dense_exact,sparse_krylov",data/raw/perlmutter/practical_suite_sweep/practical_55730074_scale_8n_32g_c1_ml_digits_c0v1v2v3_128s_4q_d2_r0_seed17.json,ok
practical_55730074_scale_8n_32g_c1_ml_digits_c0v1v2v3_128s_4q_d2_r0_seed23.json,ml,multiclass_ml,test_accuracy,0.009677126072347164,softmax_regression_numpy,softmax_regression_numpy,6,21.24533820396755,2195.418148439451,0.9375,0.78125,0.15625,2048,768,512,128,55730074_scale_8n_32g_c1,21.30925826798193,23,128,4,4,digits,"0,1,2,3",sklearn_digits,,,2,21,1,,"dense_exact,sparse_lanczos",4,chordal,7,tfim,auto,4,4,"dense_exact,sparse_krylov",data/raw/perlmutter/practical_suite_sweep/practical_55730074_scale_8n_32g_c1_ml_digits_c0v1v2v3_128s_4q_d2_r0_seed23.json,ok
practical_55730074_scale_8n_32g_c1_ml_digits_c0v1v2v3_128s_4q_d2_r0_seed31.json,ml,multiclass_ml,test_accuracy,0.0007545530097559094,rbf_kernel_ridge_numpy,rbf_kernel_ridge_numpy,6,21.48644282494206,28475.723437764453,0.9375,0.65625,0.28125,2048,768,512,128,55730074_scale_8n_32g_c1,21.553436129936017,31,128,4,4,digits,"0,1,2,3",sklearn_digits,,,2,21,1,,"dense_exact,sparse_lanczos",4,chordal,7,tfim,auto,4,4,"dense_exact,sparse_krylov",data/raw/perlmutter/practical_suite_sweep/practical_55730074_scale_8n_32g_c1_ml_digits_c0v1v2v3_128s_4q_d2_r0_seed31.json,ok
practical_55730074_scale_8n_32g_c1_ml_digits_c0v1v2v3_128s_4q_d2_r0_seed43.json,ml,multiclass_ml,test_accuracy,0.0007411680417135358,rbf_kernel_ridge_numpy,rbf_kernel_ridge_numpy,6,22.818204831914045,30786.816953358826,1.0,0.71875,0.28125,2048,768,512,128,55730074_scale_8n_32g_c1,22.89135118899867,43,128,4,4,digits,"0,1,2,3",sklearn_digits,,,2,21,1,,"dense_exact,sparse_lanczos",4,chordal,7,tfim,auto,4,4,"dense_exact,sparse_krylov",data/raw/perlmutter/practical_suite_sweep/practical_55730074_scale_8n_32g_c1_ml_digits_c0v1v2v3_128s_4q_d2_r0_seed43.json,ok
practical_55730074_scale_8n_32g_c1_ml_digits_c2v4v6v8_128s_4q_d2_r0_seed17.json,ml,multiclass_ml,test_accuracy,0.0008025469724088907,knn_numpy,knn_numpy,6,22.88299150497187,28512.962221123656,0.9375,0.65625,0.28125,2048,768,512,128,55730074_scale_8n_32g_c1,22.955587395001203,17,128,4,4,digits,"2,4,6,8",sklearn_digits,,,2,21,1,,"dense_exact,sparse_lanczos",4,chordal,7,tfim,auto,4,4,"dense_exact,sparse_krylov",data/raw/perlmutter/practical_suite_sweep/practical_55730074_scale_8n_32g_c1_ml_digits_c2v4v6v8_128s_4q_d2_r0_seed17.json,ok
practical_55730074_scale_8n_32g_c1_ml_digits_c2v4v6v8_128s_4q_d2_r0_seed23.json,ml,multiclass_ml,test_accuracy,0.0001439480111002922,linear_ridge_numpy,linear_ridge_numpy,6,19.200415047933348,133384.37190740992,0.90625,0.78125,0.125,2048,768,512,128,55730074_scale_8n_32g_c1,19.266428573988378,23,128,4,4,digits,"2,4,6,8",sklearn_digits,,,2,21,1,,"dense_exact,sparse_lanczos",4,chordal,7,tfim,auto,4,4,"dense_exact,sparse_krylov",data/raw/perlmutter/practical_suite_sweep/practical_55730074_scale_8n_32g_c1_ml_digits_c2v4v6v8_128s_4q_d2_r0_seed23.json,ok
practical_55730074_scale_8n_32g_c1_ml_digits_c2v4v6v8_128s_4q_d2_r0_seed31.json,ml,multiclass_ml,test_accuracy,0.00016559904906898737,nearest_centroid_numpy,nearest_centroid_numpy,6,23.360085187014192,141064.126384461,0.96875,0.53125,0.4375,2048,768,512,128,55730074_scale_8n_32g_c1,23.42944338801317,31,128,4,4,digits,"2,4,6,8",sklearn_digits,,,2,21,1,,"dense_exact,sparse_lanczos",4,chordal,7,tfim,auto,4,4,"dense_exact,sparse_krylov",data/raw/perlmutter/practical_suite_sweep/practical_55730074_scale_8n_32g_c1_ml_digits_c2v4v6v8_128s_4q_d2_r0_seed31.json,ok
practical_55730074_scale_8n_32g_c1_ml_digits_c2v4v6v8_128s_4q_d2_r0_seed43.json,ml,multiclass_ml,test_accuracy,0.0008000109810382128,knn_numpy,knn_numpy,6,21.44881166901905,26810.646575355622,0.96875,0.75,0.21875,2048,768,512,128,55730074_scale_8n_32g_c1,21.527580797090195,43,128,4,4,digits,"2,4,6,8",sklearn_digits,,,2,21,1,,"dense_exact,sparse_lanczos",4,chordal,7,tfim,auto,4,4,"dense_exact,sparse_krylov",data/raw/perlmutter/practical_suite_sweep/practical_55730074_scale_8n_32g_c1_ml_digits_c2v4v6v8_128s_4q_d2_r0_seed43.json,ok
practical_55730074_scale_8n_32g_c1_ml_digits_c3v5v8_128s_4q_d2_r0_seed17.json,ml,multiclass_ml,test_accuracy,0.009671104024164379,softmax_regression_numpy,softmax_regression_numpy,6,25.585837284103036,2645.5963269729955,0.96875,0.71875,0.25,2048,768,512,128,55730074_scale_8n_32g_c1,25.661795006948523,17,128,4,3,digits,"3,5,8",sklearn_digits,,,2,21,1,,"dense_exact,sparse_lanczos",4,chordal,7,tfim,auto,4,4,"dense_exact,sparse_krylov",data/raw/perlmutter/practical_suite_sweep/practical_55730074_scale_8n_32g_c1_ml_digits_c3v5v8_128s_4q_d2_r0_seed17.json,ok
practical_55730074_scale_8n_32g_c1_ml_digits_c3v5v8_128s_4q_d2_r0_seed23.json,ml,multiclass_ml,test_accuracy,0.00013213499914854765,nearest_centroid_numpy,nearest_centroid_numpy,6,19.90107313799672,150611.67189794817,1.0,0.65625,0.34375,2048,768,512,128,55730074_scale_8n_32g_c1,19.96553867403418,23,128,4,3,digits,"3,5,8",sklearn_digits,,,2,21,1,,"dense_exact,sparse_lanczos",4,chordal,7,tfim,auto,4,4,"dense_exact,sparse_krylov",data/raw/perlmutter/practical_suite_sweep/practical_55730074_scale_8n_32g_c1_ml_digits_c3v5v8_128s_4q_d2_r0_seed23.json,ok
practical_55730074_scale_8n_32g_c1_ml_digits_c3v5v8_128s_4q_d2_r0_seed31.json,ml,multiclass_ml,test_accuracy,0.0008170739747583866,rbf_kernel_ridge_numpy,rbf_kernel_ridge_numpy,6,20.115591784007847,24619.05825596286,0.96875,0.34375,0.625,2048,768,512,128,55730074_scale_8n_32g_c1,20.178520040935837,31,128,4,3,digits,"3,5,8",sklearn_digits,,,2,21,1,,"dense_exact,sparse_lanczos",4,chordal,7,tfim,auto,4,4,"dense_exact,sparse_krylov",data/raw/perlmutter/practical_suite_sweep/practical_55730074_scale_8n_32g_c1_ml_digits_c3v5v8_128s_4q_d2_r0_seed31.json,ok
practical_55730074_scale_8n_32g_c1_ml_digits_c3v5v8_128s_4q_d2_r0_seed43.json,ml,multiclass_ml,test_accuracy,0.0007963840616866946,rbf_kernel_ridge_numpy,rbf_kernel_ridge_numpy,6,21.142677341937087,26548.343141320707,1.0,0.4375,0.5625,2048,768,512,128,55730074_scale_8n_32g_c1,21.205658629885875,43,128,4,3,digits,"3,5,8",sklearn_digits,,,2,21,1,,"dense_exact,sparse_lanczos",4,chordal,7,tfim,auto,4,4,"dense_exact,sparse_krylov",data/raw/perlmutter/practical_suite_sweep/practical_55730074_scale_8n_32g_c1_ml_digits_c3v5v8_128s_4q_d2_r0_seed43.json,ok
practical_55730074_scale_8n_32g_c1_qaoa_chordal_7n_grid9_r0_seed17.json,optimization,optimization_qaoa,approximation_ratio,2.4657929316163063e-05,greedy_assignment_numpy,,4,20.559809386031702,833801.1323827959,8,6.123160171779813,0.23460497852752338,1863,1458,567,81,55730074_scale_8n_32g_c1,20.579144129063934,17,72,4,3,synthetic,"0,1,2",,small_maxcut,7,1,21,1,,"dense_exact,sparse_lanczos",7,chordal,9,tfim,auto,4,4,"dense_exact,sparse_krylov",data/raw/perlmutter/practical_suite_sweep/practical_55730074_scale_8n_32g_c1_qaoa_chordal_7n_grid9_r0_seed17.json,ok
practical_55730074_scale_8n_32g_c1_qaoa_chordal_7n_grid9_r0_seed31.json,optimization,optimization_qaoa,approximation_ratio,2.563907764852047e-05,greedy_assignment_numpy,,4,16.706048179999925,651585.3810741107,8,6.123160171779813,0.23460497852752338,1863,1458,567,81,55730074_scale_8n_32g_c1,16.716701980913058,31,72,4,3,synthetic,"0,1,2",,small_maxcut,7,1,21,1,,"dense_exact,sparse_lanczos",7,chordal,9,tfim,auto,4,4,"dense_exact,sparse_krylov",data/raw/perlmutter/practical_suite_sweep/practical_55730074_scale_8n_32g_c1_qaoa_chordal_7n_grid9_r0_seed31.json,ok
practical_55730074_scale_8n_32g_c1_qaoa_ladder_4n_grid9_r0_seed17.json,optimization,optimization_qaoa,approximation_ratio,1.2564007192850113e-05,greedy_assignment_numpy,,4,24.48832921893336,1949085.8961676736,4,2.9999999999999982,0.25000000000000044,972,648,324,81,55730074_scale_8n_32g_c1,24.512010456994176,17,72,4,3,synthetic,"0,1,2",,small_maxcut,4,1,21,1,,"dense_exact,sparse_lanczos",4,ladder,9,tfim,auto,4,4,"dense_exact,sparse_krylov",data/raw/perlmutter/practical_suite_sweep/practical_55730074_scale_8n_32g_c1_qaoa_ladder_4n_grid9_r0_seed17.json,ok
practical_55730074_scale_8n_32g_c1_qaoa_ladder_4n_grid9_r0_seed31.json,optimization,optimization_qaoa,approximation_ratio,1.3034907169640064e-05,greedy_assignment_numpy,,4,15.610845905030146,1197618.4948512535,4,2.9999999999999982,0.25000000000000044,972,648,324,81,55730074_scale_8n_32g_c1,15.618109375005588,31,72,4,3,synthetic,"0,1,2",,small_maxcut,4,1,21,1,,"dense_exact,sparse_lanczos",4,ladder,9,tfim,auto,4,4,"dense_exact,sparse_krylov",data/raw/perlmutter/practical_suite_sweep/practical_55730074_scale_8n_32g_c1_qaoa_ladder_4n_grid9_r0_seed31.json,ok
practical_55730074_scale_8n_32g_c1_qaoa_ring_6n_grid9_r0_seed23.json,optimization,optimization_qaoa,approximation_ratio,1.8013990484178066e-05,greedy_assignment_numpy,,4,17.67187212302815,981008.1857514912,6,4.499999999999997,0.25000000000000044,1458,972,486,81,55730074_scale_8n_32g_c1,17.81787313800305,23,72,4,3,synthetic,"0,1,2",,small_maxcut,6,1,21,1,,"dense_exact,sparse_lanczos",6,ring,9,tfim,auto,4,4,"dense_exact,sparse_krylov",data/raw/perlmutter/practical_suite_sweep/practical_55730074_scale_8n_32g_c1_qaoa_ring_6n_grid9_r0_seed23.json,ok
practical_55730074_scale_8n_32g_c1_qaoa_ring_6n_grid9_r0_seed43.json,optimization,optimization_qaoa,approximation_ratio,1.8825987353920937e-05,greedy_assignment_numpy,,4,17.291036423062906,918466.3783098557,6,4.499999999999997,0.25000000000000044,1458,972,486,81,55730074_scale_8n_32g_c1,17.307691451977007,43,72,4,3,synthetic,"0,1,2",,small_maxcut,6,1,21,1,,"dense_exact,sparse_lanczos",6,ring,9,tfim,auto,4,4,"dense_exact,sparse_krylov",data/raw/perlmutter/practical_suite_sweep/practical_55730074_scale_8n_32g_c1_qaoa_ring_6n_grid9_r0_seed43.json,ok
practical_55730074_scale_8n_32g_c1_sim_tfim_6q_6steps_r0_seed17.json,simulation,hamiltonian_simulation,absolute_observable_error,0.0022372989915311337,sparse_krylov_expm_multiply_scipy,exact_dense_eigendecomposition_numpy,2,15.810707097989507,7066.872670053447,0.821802450632914,0.8213019840508512,0.0005004665820628196,66,60,6,1,55730074_scale_8n_32g_c1,15.825325925950892,17,72,4,3,synthetic,"0,1,2",,tfim,6,1,21,1,,"dense_exact,sparse_lanczos",4,chordal,7,tfim,auto,6,6,"dense_exact,sparse_krylov",data/raw/perlmutter/practical_suite_sweep/practical_55730074_scale_8n_32g_c1_sim_tfim_6q_6steps_r0_seed17.json,ok
practical_55730074_scale_8n_32g_c1_sim_tfim_6q_6steps_r0_seed23.json,simulation,hamiltonian_simulation,absolute_observable_error,0.0022624169941991568,sparse_krylov_expm_multiply_scipy,exact_dense_eigendecomposition_numpy,2,25.32295483793132,11192.876867022942,0.821802450632914,0.8213019840508512,0.0005004665820628196,66,60,6,1,55730074_scale_8n_32g_c1,25.355616730987094,23,72,4,3,synthetic,"0,1,2",,tfim,6,1,21,1,,"dense_exact,sparse_lanczos",4,chordal,7,tfim,auto,6,6,"dense_exact,sparse_krylov",data/raw/perlmutter/practical_suite_sweep/practical_55730074_scale_8n_32g_c1_sim_tfim_6q_6steps_r0_seed23.json,ok
practical_55730074_scale_8n_32g_c1_sim_tfim_6q_6steps_r0_seed31.json,simulation,hamiltonian_simulation,absolute_observable_error,0.0022619570372626185,exact_dense_eigendecomposition_numpy,exact_dense_eigendecomposition_numpy,2,23.18501146300696,10249.978704752528,0.821802450632914,0.8213019840508512,0.0005004665820628196,66,60,6,1,55730074_scale_8n_32g_c1,23.227094815927558,31,72,4,3,synthetic,"0,1,2",,tfim,6,1,21,1,,"dense_exact,sparse_lanczos",4,chordal,7,tfim,auto,6,6,"dense_exact,sparse_krylov",data/raw/perlmutter/practical_suite_sweep/practical_55730074_scale_8n_32g_c1_sim_tfim_6q_6steps_r0_seed31.json,ok
practical_55730074_scale_8n_32g_c1_sim_tfim_6q_6steps_r0_seed43.json,simulation,hamiltonian_simulation,absolute_observable_error,0.0022747520124539733,sparse_krylov_expm_multiply_scipy,exact_dense_eigendecomposition_numpy,2,34.877299204003066,15332.352279744939,0.821802450632914,0.8213019840508512,0.0005004665820628196,66,60,6,1,55730074_scale_8n_32g_c1,34.903408364974894,43,72,4,3,synthetic,"0,1,2",,tfim,6,1,21,1,,"dense_exact,sparse_lanczos",4,chordal,7,tfim,auto,6,6,"dense_exact,sparse_krylov",data/raw/perlmutter/practical_suite_sweep/practical_55730074_scale_8n_32g_c1_sim_tfim_6q_6steps_r0_seed43.json,ok
practical_55730074_scale_8n_32g_c20_chem_h2_l2_grid33_r0_seed43.json,chemistry,chemistry_vqe,absolute_energy_error,0.00015284493565559387,exact_dense_diagonalization_numpy,exact_dense_diagonalization_numpy,2,23.458377814968117,153478.27989425164,-1.85727503020238,-1.8369679912029844,0.020307038999395566,552,138,138,69,55730074_scale_8n_32g_c20,23.46608127001673,43,72,4,3,synthetic,"0,1,2",,H2_minimal_2qubit,2,1,33,2,,"dense_exact,sparse_lanczos",4,chordal,7,tfim,auto,4,4,"dense_exact,sparse_krylov",data/raw/perlmutter/practical_suite_sweep/practical_55730074_scale_8n_32g_c20_chem_h2_l2_grid33_r0_seed43.json,ok
practical_55730074_scale_8n_32g_c20_chem_molecular_chain_4q_l1_grid17_r0_seed23.json,chemistry,chemistry_vqe,absolute_energy_error,0.0001584460260346532,exact_dense_diagonalization_numpy,sparse_lanczos_eigsh_scipy,2,23.39858853991609,147675.45217447527,-1.7057328925529076,-1.2281036714213251,0.47762922113158246,296,111,148,37,55730074_scale_8n_32g_c20,23.41104263998568,23,72,4,3,synthetic,"0,1,2",,molecular_chain_4q_surrogate,4,1,17,1,benchmarks/workloads/hamiltonians/molecular_chain_4q.json,"dense_exact,sparse_lanczos",4,chordal,7,tfim,auto,4,4,"dense_exact,sparse_krylov",data/raw/perlmutter/practical_suite_sweep/practical_55730074_scale_8n_32g_c20_chem_molecular_chain_4q_l1_grid17_r0_seed23.json,ok
practical_55730074_scale_8n_32g_c20_ml_digits_c0v1v2_256s_8q_d1_r0_seed17.json,ml,multiclass_ml,test_accuracy,0.0007379669696092606,nearest_centroid_numpy,nearest_centroid_numpy,6,40.57832801400218,54986.64531759143,1.0,0.71875,0.28125,4096,1792,2048,256,55730074_scale_8n_32g_c20,40.71979001106229,17,256,8,3,digits,"0,1,2",sklearn_digits,,,1,21,1,,"dense_exact,sparse_lanczos",4,chordal,7,tfim,auto,4,4,"dense_exact,sparse_krylov",data/raw/perlmutter/practical_suite_sweep/practical_55730074_scale_8n_32g_c20_ml_digits_c0v1v2_256s_8q_d1_r0_seed17.json,ok
practical_55730074_scale_8n_32g_c20_ml_digits_c0v1v2_256s_8q_d1_r0_seed23.json,ml,multiclass_ml,test_accuracy,0.0020804579835385084,knn_numpy,knn_numpy,6,18.83623690402601,9053.889601744682,1.0,0.71875,0.28125,4096,1792,2048,256,55730074_scale_8n_32g_c20,18.942619085893966,23,256,8,3,digits,"0,1,2",sklearn_digits,,,1,21,1,,"dense_exact,sparse_lanczos",4,chordal,7,tfim,auto,4,4,"dense_exact,sparse_krylov",data/raw/perlmutter/practical_suite_sweep/practical_55730074_scale_8n_32g_c20_ml_digits_c0v1v2_256s_8q_d1_r0_seed23.json,ok
practical_55730074_scale_8n_32g_c20_ml_digits_c0v1v2_256s_8q_d1_r0_seed31.json,ml,multiclass_ml,test_accuracy,0.06130043603479862,one_hidden_layer_mlp_numpy,one_hidden_layer_mlp_numpy,6,21.98763272690121,358.6864001166226,1.0,0.8125,0.1875,4096,1792,2048,256,55730074_scale_8n_32g_c20,22.100480898981914,31,256,8,3,digits,"0,1,2",sklearn_digits,,,1,21,1,,"dense_exact,sparse_lanczos",4,chordal,7,tfim,auto,4,4,"dense_exact,sparse_krylov",data/raw/perlmutter/practical_suite_sweep/practical_55730074_scale_8n_32g_c20_ml_digits_c0v1v2_256s_8q_d1_r0_seed31.json,ok
practical_55730074_scale_8n_32g_c20_ml_digits_c0v1v2_256s_8q_d1_r0_seed43.json,ml,multiclass_ml,test_accuracy,0.00209641398396343,knn_numpy,knn_numpy,6,24.12267112499103,11506.635287456576,1.0,0.765625,0.234375,4096,1792,2048,256,55730074_scale_8n_32g_c20,24.22115197603125,43,256,8,3,digits,"0,1,2",sklearn_digits,,,1,21,1,,"dense_exact,sparse_lanczos",4,chordal,7,tfim,auto,4,4,"dense_exact,sparse_krylov",data/raw/perlmutter/practical_suite_sweep/practical_55730074_scale_8n_32g_c20_ml_digits_c0v1v2_256s_8q_d1_r0_seed43.json,ok
practical_55730074_scale_8n_32g_c20_ml_digits_c0v1v2v3_256s_8q_d1_r0_seed17.json,ml,multiclass_ml,test_accuracy,0.0020846439292654395,knn_numpy,knn_numpy,6,19.947418619063683,9568.741375459982,1.0,0.6875,0.3125,4096,1792,2048,256,55730074_scale_8n_32g_c20,20.063573286985047,17,256,8,4,digits,"0,1,2,3",sklearn_digits,,,1,21,1,,"dense_exact,sparse_lanczos",4,chordal,7,tfim,auto,4,4,"dense_exact,sparse_krylov",data/raw/perlmutter/practical_suite_sweep/practical_55730074_scale_8n_32g_c20_ml_digits_c0v1v2v3_256s_8q_d1_r0_seed17.json,ok
practical_55730074_scale_8n_32g_c20_ml_digits_c0v1v2v3_256s_8q_d1_r0_seed23.json,ml,multiclass_ml,test_accuracy,0.003081610077060759,rbf_kernel_ridge_numpy,rbf_kernel_ridge_numpy,6,24.628310492960736,7992.026855146849,1.0,0.703125,0.296875,4096,1792,2048,256,55730074_scale_8n_32g_c20,24.727488929056562,23,256,8,4,digits,"0,1,2,3",sklearn_digits,,,1,21,1,,"dense_exact,sparse_lanczos",4,chordal,7,tfim,auto,4,4,"dense_exact,sparse_krylov",data/raw/perlmutter/practical_suite_sweep/practical_55730074_scale_8n_32g_c20_ml_digits_c0v1v2v3_256s_8q_d1_r0_seed23.json,ok
practical_55730074_scale_8n_32g_c20_ml_digits_c0v1v2v3_256s_8q_d1_r0_seed31.json,ml,multiclass_ml,test_accuracy,0.002076845965348184,knn_numpy,knn_numpy,6,21.14890462590847,10183.18401016459,1.0,0.734375,0.265625,4096,1792,2048,256,55730074_scale_8n_32g_c20,21.24525532394182,31,256,8,4,digits,"0,1,2,3",sklearn_digits,,,1,21,1,,"dense_exact,sparse_lanczos",4,chordal,7,tfim,auto,4,4,"dense_exact,sparse_krylov",data/raw/perlmutter/practical_suite_sweep/practical_55730074_scale_8n_32g_c20_ml_digits_c0v1v2v3_256s_8q_d1_r0_seed31.json,ok
practical_55730074_scale_8n_32g_c20_ml_digits_c0v1v2v3_256s_8q_d1_r0_seed43.json,ml,multiclass_ml,test_accuracy,0.002106672036461532,knn_numpy,knn_numpy,6,22.006144945975393,10445.928253235836,0.984375,0.65625,0.328125,4096,1792,2048,256,55730074_scale_8n_32g_c20,22.108111858949997,43,256,8,4,digits,"0,1,2,3",sklearn_digits,,,1,21,1,,"dense_exact,sparse_lanczos",4,chordal,7,tfim,auto,4,4,"dense_exact,sparse_krylov",data/raw/perlmutter/practical_suite_sweep/practical_55730074_scale_8n_32g_c20_ml_digits_c0v1v2v3_256s_8q_d1_r0_seed43.json,ok
practical_55730074_scale_8n_32g_c20_ml_digits_c2v4v6v8_256s_8q_d1_r0_seed17.json,ml,multiclass_ml,test_accuracy,0.0020949519239366055,knn_numpy,knn_numpy,6,20.885406088083982,9969.396361534828,1.0,0.8125,0.1875,4096,1792,2048,256,55730074_scale_8n_32g_c20,20.983554097940214,17,256,8,4,digits,"2,4,6,8",sklearn_digits,,,1,21,1,,"dense_exact,sparse_lanczos",4,chordal,7,tfim,auto,4,4,"dense_exact,sparse_krylov",data/raw/perlmutter/practical_suite_sweep/practical_55730074_scale_8n_32g_c20_ml_digits_c2v4v6v8_256s_8q_d1_r0_seed17.json,ok
practical_55730074_scale_8n_32g_c20_ml_digits_c2v4v6v8_256s_8q_d1_r0_seed23.json,ml,multiclass_ml,test_accuracy,0.0001702799927443266,linear_ridge_numpy,linear_ridge_numpy,6,20.165730227949098,118426.89151524515,1.0,0.609375,0.390625,4096,1792,2048,256,55730074_scale_8n_32g_c20,20.266692238976248,23,256,8,4,digits,"2,4,6,8",sklearn_digits,,,1,21,1,,"dense_exact,sparse_lanczos",4,chordal,7,tfim,auto,4,4,"dense_exact,sparse_krylov",data/raw/perlmutter/practical_suite_sweep/practical_55730074_scale_8n_32g_c20_ml_digits_c2v4v6v8_256s_8q_d1_r0_seed23.json,ok
practical_55730074_scale_8n_32g_c20_ml_digits_c2v4v6v8_256s_8q_d1_r0_seed31.json,ml,multiclass_ml,test_accuracy,0.003109032055363059,rbf_kernel_ridge_numpy,rbf_kernel_ridge_numpy,6,24.44976297998801,7864.107717323896,1.0,0.609375,0.390625,4096,1792,2048,256,55730074_scale_8n_32g_c20,24.550604833988473,31,256,8,4,digits,"2,4,6,8",sklearn_digits,,,1,21,1,,"dense_exact,sparse_lanczos",4,chordal,7,tfim,auto,4,4,"dense_exact,sparse_krylov",data/raw/perlmutter/practical_suite_sweep/practical_55730074_scale_8n_32g_c20_ml_digits_c2v4v6v8_256s_8q_d1_r0_seed31.json,ok
practical_55730074_scale_8n_32g_c20_ml_digits_c2v4v6v8_256s_8q_d1_r0_seed43.json,ml,multiclass_ml,test_accuracy,0.014015513937920332,softmax_regression_numpy,softmax_regression_numpy,6,20.611275005037896,1470.6042958062417,0.96875,0.640625,0.328125,4096,1792,2048,256,55730074_scale_8n_32g_c20,20.711515747010708,43,256,8,4,digits,"2,4,6,8",sklearn_digits,,,1,21,1,,"dense_exact,sparse_lanczos",4,chordal,7,tfim,auto,4,4,"dense_exact,sparse_krylov",data/raw/perlmutter/practical_suite_sweep/practical_55730074_scale_8n_32g_c20_ml_digits_c2v4v6v8_256s_8q_d1_r0_seed43.json,ok
practical_55730074_scale_8n_32g_c20_ml_digits_c3v5v8_256s_8q_d1_r0_seed17.json,ml,multiclass_ml,test_accuracy,0.002117156982421875,knn_numpy,knn_numpy,6,22.605217154952697,10677.156839401658,0.984375,0.5625,0.421875,4096,1792,2048,256,55730074_scale_8n_32g_c20,22.709416867000982,17,256,8,3,digits,"3,5,8",sklearn_digits,,,1,21,1,,"dense_exact,sparse_lanczos",4,chordal,7,tfim,auto,4,4,"dense_exact,sparse_krylov",data/raw/perlmutter/practical_suite_sweep/practical_55730074_scale_8n_32g_c20_ml_digits_c3v5v8_256s_8q_d1_r0_seed17.json,ok
practical_55730074_scale_8n_32g_c20_ml_digits_c3v5v8_256s_8q_d1_r0_seed23.json,ml,multiclass_ml,test_accuracy,0.013846410089172423,softmax_regression_numpy,softmax_regression_numpy,6,20.95622638007626,1513.4772294851755,1.0,0.578125,0.421875,4096,1792,2048,256,55730074_scale_8n_32g_c20,21.054838006966747,23,256,8,3,digits,"3,5,8",sklearn_digits,,,1,21,1,,"dense_exact,sparse_lanczos",4,chordal,7,tfim,auto,4,4,"dense_exact,sparse_krylov",data/raw/perlmutter/practical_suite_sweep/practical_55730074_scale_8n_32g_c20_ml_digits_c3v5v8_256s_8q_d1_r0_seed23.json,ok
practical_55730074_scale_8n_32g_c20_ml_digits_c3v5v8_256s_8q_d1_r0_seed31.json,ml,multiclass_ml,test_accuracy,0.0020800119964405894,knn_numpy,knn_numpy,6,21.77464283106383,10468.51790678399,0.984375,0.53125,0.453125,4096,1792,2048,256,55730074_scale_8n_32g_c20,21.873443176038563,31,256,8,3,digits,"3,5,8",sklearn_digits,,,1,21,1,,"dense_exact,sparse_lanczos",4,chordal,7,tfim,auto,4,4,"dense_exact,sparse_krylov",data/raw/perlmutter/practical_suite_sweep/practical_55730074_scale_8n_32g_c20_ml_digits_c3v5v8_256s_8q_d1_r0_seed31.json,ok
practical_55730074_scale_8n_32g_c20_ml_digits_c3v5v8_256s_8q_d1_r0_seed43.json,ml,multiclass_ml,test_accuracy,0.06159739999566227,one_hidden_layer_mlp_numpy,one_hidden_layer_mlp_numpy,6,23.032924795057625,373.9268994580878,0.984375,0.640625,0.34375,4096,1792,2048,256,55730074_scale_8n_32g_c20,23.149842506973073,43,256,8,3,digits,"3,5,8",sklearn_digits,,,1,21,1,,"dense_exact,sparse_lanczos",4,chordal,7,tfim,auto,4,4,"dense_exact,sparse_krylov",data/raw/perlmutter/practical_suite_sweep/practical_55730074_scale_8n_32g_c20_ml_digits_c3v5v8_256s_8q_d1_r0_seed43.json,ok
practical_55730074_scale_8n_32g_c20_qaoa_chordal_6n_grid7_r0_seed17.json,optimization,optimization_qaoa,approximation_ratio,2.003891859203577e-05,greedy_assignment_numpy,,4,24.259762289002538,1210632.3092027677,7,5.278966079257489,0.24586198867750153,980,784,294,49,55730074_scale_8n_32g_c20,24.268537375959568,17,72,4,3,synthetic,"0,1,2",,small_maxcut,6,1,21,1,,"dense_exact,sparse_lanczos",6,chordal,7,tfim,auto,4,4,"dense_exact,sparse_krylov",data/raw/perlmutter/practical_suite_sweep/practical_55730074_scale_8n_32g_c20_qaoa_chordal_6n_grid7_r0_seed17.json,ok
practical_55730074_scale_8n_32g_c20_qaoa_chordal_6n_grid7_r0_seed31.json,optimization,optimization_qaoa,approximation_ratio,2.0910054445266724e-05,greedy_assignment_numpy,,4,15.538523738039657,743112.5432366827,7,5.278966079257489,0.24586198867750153,980,784,294,49,55730074_scale_8n_32g_c20,15.557261054986157,31,72,4,3,synthetic,"0,1,2",,small_maxcut,6,1,21,1,,"dense_exact,sparse_lanczos",6,chordal,7,tfim,auto,4,4,"dense_exact,sparse_krylov",data/raw/perlmutter/practical_suite_sweep/practical_55730074_scale_8n_32g_c20_qaoa_chordal_6n_grid7_r0_seed31.json,ok
practical_55730074_scale_8n_32g_c20_qaoa_ladder_7n_grid7_r0_seed23.json,optimization,optimization_qaoa,approximation_ratio,3.3344957046210766e-05,greedy_assignment_numpy,,4,17.694187403074466,530640.5816793573,8,5.401462109916174,0.3248172362604782,1078,784,343,49,55730074_scale_8n_32g_c20,17.705828630016185,23,72,4,3,synthetic,"0,1,2",,small_maxcut,7,1,21,1,,"dense_exact,sparse_lanczos",7,ladder,7,tfim,auto,4,4,"dense_exact,sparse_krylov",data/raw/perlmutter/practical_suite_sweep/practical_55730074_scale_8n_32g_c20_qaoa_ladder_7n_grid7_r0_seed23.json,ok
practical_55730074_scale_8n_32g_c20_qaoa_ladder_7n_grid7_r0_seed43.json,optimization,optimization_qaoa,approximation_ratio,2.381601370871067e-05,greedy_assignment_numpy,,4,15.101674520992674,634097.4902726589,8,5.401462109916174,0.3248172362604782,1078,784,343,49,55730074_scale_8n_32g_c20,15.115253936965019,43,72,4,3,synthetic,"0,1,2",,small_maxcut,7,1,21,1,,"dense_exact,sparse_lanczos",7,ladder,7,tfim,auto,4,4,"dense_exact,sparse_krylov",data/raw/perlmutter/practical_suite_sweep/practical_55730074_scale_8n_32g_c20_qaoa_ladder_7n_grid7_r0_seed43.json,ok
practical_55730074_scale_8n_32g_c20_qaoa_ring_5n_grid7_r0_seed23.json,optimization,optimization_qaoa,approximation_ratio,1.5449943020939827e-05,greedy_assignment_numpy,,4,20.3254397950368,1315567.298046928,4,3.4375,0.140625,735,490,245,49,55730074_scale_8n_32g_c20,20.344492041971534,23,72,4,3,synthetic,"0,1,2",,small_maxcut,5,1,21,1,,"dense_exact,sparse_lanczos",5,ring,7,tfim,auto,4,4,"dense_exact,sparse_krylov",data/raw/perlmutter/practical_suite_sweep/practical_55730074_scale_8n_32g_c20_qaoa_ring_5n_grid7_r0_seed23.json,ok
practical_55730074_scale_8n_32g_c20_qaoa_ring_5n_grid7_r0_seed43.json,optimization,optimization_qaoa,approximation_ratio,1.5911064110696316e-05,greedy_assignment_numpy,,4,15.305255145998672,961925.3017596488,4,3.4375,0.140625,735,490,245,49,55730074_scale_8n_32g_c20,15.60228581703268,43,72,4,3,synthetic,"0,1,2",,small_maxcut,5,1,21,1,,"dense_exact,sparse_lanczos",5,ring,7,tfim,auto,4,4,"dense_exact,sparse_krylov",data/raw/perlmutter/practical_suite_sweep/practical_55730074_scale_8n_32g_c20_qaoa_ring_5n_grid7_r0_seed43.json,ok
practical_55730074_scale_8n_32g_c20_sim_heisenberg_7q_4steps_r0_seed17.json,simulation,hamiltonian_simulation,absolute_observable_error,0.0035247349878773093,sparse_krylov_expm_multiply_scipy,exact_dense_eigendecomposition_numpy,2,14.067751778988168,3991.151626256063,-0.02818565466473985,-0.13003518922488988,0.10184953456015003,295,144,7,1,55730074_scale_8n_32g_c20,14.098702501039952,17,72,4,3,synthetic,"0,1,2",,heisenberg,7,1,21,1,,"dense_exact,sparse_lanczos",4,chordal,7,heisenberg,auto,7,4,"dense_exact,sparse_krylov",data/raw/perlmutter/practical_suite_sweep/practical_55730074_scale_8n_32g_c20_sim_heisenberg_7q_4steps_r0_seed17.json,ok
practical_55730074_scale_8n_32g_c20_sim_heisenberg_7q_4steps_r0_seed23.json,simulation,hamiltonian_simulation,absolute_observable_error,0.0031495998846367,sparse_krylov_expm_multiply_scipy,exact_dense_eigendecomposition_numpy,2,15.579036938026547,4946.354301706344,-0.02818565466473985,-0.13003518922488988,0.10184953456015003,295,144,7,1,55730074_scale_8n_32g_c20,15.609557589981705,23,72,4,3,synthetic,"0,1,2",,heisenberg,7,1,21,1,,"dense_exact,sparse_lanczos",4,chordal,7,heisenberg,auto,7,4,"dense_exact,sparse_krylov",data/raw/perlmutter/practical_suite_sweep/practical_55730074_scale_8n_32g_c20_sim_heisenberg_7q_4steps_r0_seed23.json,ok
practical_55730074_scale_8n_32g_c20_sim_heisenberg_7q_4steps_r0_seed31.json,simulation,hamiltonian_simulation,absolute_observable_error,0.003170871059410274,sparse_krylov_expm_multiply_scipy,exact_dense_eigendecomposition_numpy,2,26.942911550984718,8497.006357614435,-0.02818565466473985,-0.13003518922488988,0.10184953456015003,295,144,7,1,55730074_scale_8n_32g_c20,26.975417547975667,31,72,4,3,synthetic,"0,1,2",,heisenberg,7,1,21,1,,"dense_exact,sparse_lanczos",4,chordal,7,heisenberg,auto,7,4,"dense_exact,sparse_krylov",data/raw/perlmutter/practical_suite_sweep/practical_55730074_scale_8n_32g_c20_sim_heisenberg_7q_4steps_r0_seed31.json,ok
practical_55730074_scale_8n_32g_c20_sim_heisenberg_7q_4steps_r0_seed43.json,simulation,hamiltonian_simulation,absolute_observable_error,0.0030810280004516244,sparse_krylov_expm_multiply_scipy,exact_dense_eigendecomposition_numpy,2,33.82003568194341,10976.867356280432,-0.02818565466473985,-0.13003518922488988,0.10184953456015003,295,144,7,1,55730074_scale_8n_32g_c20,33.852393414010294,43,72,4,3,synthetic,"0,1,2",,heisenberg,7,1,21,1,,"dense_exact,sparse_lanczos",4,chordal,7,heisenberg,auto,7,4,"dense_exact,sparse_krylov",data/raw/perlmutter/practical_suite_sweep/practical_55730074_scale_8n_32g_c20_sim_heisenberg_7q_4steps_r0_seed43.json,ok
practical_55730074_scale_8n_32g_c21_chem_h2_l2_grid17_r0_seed23.json,chemistry,chemistry_vqe,absolute_energy_error,0.0001628749305382371,exact_dense_diagonalization_numpy,sparse_lanczos_eigsh_scipy,2,23.338350259931758,143290.0089830139,-1.857275030202382,-1.8369679912029844,0.020307038999397564,296,74,74,37,55730074_scale_8n_32g_c21,23.391523986007087,23,72,4,3,synthetic,"0,1,2",,H2_minimal_2qubit,2,1,17,2,,"dense_exact,sparse_lanczos",4,chordal,7,tfim,auto,4,4,"dense_exact,sparse_krylov",data/raw/perlmutter/practical_suite_sweep/practical_55730074_scale_8n_32g_c21_chem_h2_l2_grid17_r0_seed23.json,ok
practical_55730074_scale_8n_32g_c21_chem_molecular_chain_4q_l2_grid9_r0_seed43.json,chemistry,chemistry_vqe,absolute_energy_error,0.00016374594997614622,exact_dense_diagonalization_numpy,sparse_lanczos_eigsh_scipy,2,23.429023750009947,143081.54646525905,-1.7057328925529027,-1.0917177531071718,0.6140151394457309,336,126,84,21,55730074_scale_8n_32g_c21,23.441711992025375,43,72,4,3,synthetic,"0,1,2",,molecular_chain_4q_surrogate,4,1,9,2,benchmarks/workloads/hamiltonians/molecular_chain_4q.json,"dense_exact,sparse_lanczos",4,chordal,7,tfim,auto,4,4,"dense_exact,sparse_krylov",data/raw/perlmutter/practical_suite_sweep/practical_55730074_scale_8n_32g_c21_chem_molecular_chain_4q_l2_grid9_r0_seed43.json,ok
practical_55730074_scale_8n_32g_c21_ml_digits_c0v1v2_256s_8q_d2_r0_seed17.json,ml,multiclass_ml,test_accuracy,0.00016965798567980528,nearest_centroid_numpy,nearest_centroid_numpy,6,40.62171472096816,239432.9660239709,1.0,0.671875,0.328125,8192,3584,2048,256,55730074_scale_8n_32g_c21,40.74754515197128,17,256,8,3,digits,"0,1,2",sklearn_digits,,,2,21,1,,"dense_exact,sparse_lanczos",4,chordal,7,tfim,auto,4,4,"dense_exact,sparse_krylov",data/raw/perlmutter/practical_suite_sweep/practical_55730074_scale_8n_32g_c21_ml_digits_c0v1v2_256s_8q_d2_r0_seed17.json,ok
practical_55730074_scale_8n_32g_c21_ml_digits_c0v1v2_256s_8q_d2_r0_seed23.json,ml,multiclass_ml,test_accuracy,0.002088573994114995,knn_numpy,knn_numpy,6,18.564972489024512,8888.826798253403,1.0,0.703125,0.296875,8192,3584,2048,256,55730074_scale_8n_32g_c21,18.668993466999382,23,256,8,3,digits,"0,1,2",sklearn_digits,,,2,21,1,,"dense_exact,sparse_lanczos",4,chordal,7,tfim,auto,4,4,"dense_exact,sparse_krylov",data/raw/perlmutter/practical_suite_sweep/practical_55730074_scale_8n_32g_c21_ml_digits_c0v1v2_256s_8q_d2_r0_seed23.json,ok
practical_55730074_scale_8n_32g_c21_ml_digits_c0v1v2_256s_8q_d2_r0_seed31.json,ml,multiclass_ml,test_accuracy,0.06186367489863187,one_hidden_layer_mlp_numpy,one_hidden_layer_mlp_numpy,6,22.56147228006739,364.6966061592042,1.0,0.734375,0.265625,8192,3584,2048,256,55730074_scale_8n_32g_c21,22.65982281602919,31,256,8,3,digits,"0,1,2",sklearn_digits,,,2,21,1,,"dense_exact,sparse_lanczos",4,chordal,7,tfim,auto,4,4,"dense_exact,sparse_krylov",data/raw/perlmutter/practical_suite_sweep/practical_55730074_scale_8n_32g_c21_ml_digits_c0v1v2_256s_8q_d2_r0_seed31.json,ok
practical_55730074_scale_8n_32g_c21_ml_digits_c0v1v2_256s_8q_d2_r0_seed43.json,ml,multiclass_ml,test_accuracy,0.0020959629910066724,knn_numpy,knn_numpy,6,24.22050084604416,11555.7865048043,1.0,0.59375,0.40625,8192,3584,2048,256,55730074_scale_8n_32g_c21,24.31609638791997,43,256,8,3,digits,"0,1,2",sklearn_digits,,,2,21,1,,"dense_exact,sparse_lanczos",4,chordal,7,tfim,auto,4,4,"dense_exact,sparse_krylov",data/raw/perlmutter/practical_suite_sweep/practical_55730074_scale_8n_32g_c21_ml_digits_c0v1v2_256s_8q_d2_r0_seed43.json,ok
practical_55730074_scale_8n_32g_c21_ml_digits_c0v1v2v3_256s_8q_d2_r0_seed17.json,ml,multiclass_ml,test_accuracy,0.0020810370333492756,knn_numpy,knn_numpy,6,22.9177138810046,11012.64106007774,1.0,0.5625,0.4375,8192,3584,2048,256,55730074_scale_8n_32g_c21,23.043966880068183,17,256,8,4,digits,"0,1,2,3",sklearn_digits,,,2,21,1,,"dense_exact,sparse_lanczos",4,chordal,7,tfim,auto,4,4,"dense_exact,sparse_krylov",data/raw/perlmutter/practical_suite_sweep/practical_55730074_scale_8n_32g_c21_ml_digits_c0v1v2v3_256s_8q_d2_r0_seed17.json,ok
practical_55730074_scale_8n_32g_c21_ml_digits_c0v1v2v3_256s_8q_d2_r0_seed23.json,ml,multiclass_ml,test_accuracy,0.002957379911094904,rbf_kernel_ridge_numpy,rbf_kernel_ridge_numpy,6,22.980047722929157,7770.40773040935,1.0,0.625,0.375,8192,3584,2048,256,55730074_scale_8n_32g_c21,23.078147804015316,23,256,8,4,digits,"0,1,2,3",sklearn_digits,,,2,21,1,,"dense_exact,sparse_lanczos",4,chordal,7,tfim,auto,4,4,"dense_exact,sparse_krylov",data/raw/perlmutter/practical_suite_sweep/practical_55730074_scale_8n_32g_c21_ml_digits_c0v1v2v3_256s_8q_d2_r0_seed23.json,ok
practical_55730074_scale_8n_32g_c21_ml_digits_c0v1v2v3_256s_8q_d2_r0_seed31.json,ml,multiclass_ml,test_accuracy,0.0020571579225361347,knn_numpy,knn_numpy,6,21.145578084047884,10279.025179544258,1.0,0.65625,0.34375,8192,3584,2048,256,55730074_scale_8n_32g_c21,21.245022855931893,31,256,8,4,digits,"0,1,2,3",sklearn_digits,,,2,21,1,,"dense_exact,sparse_lanczos",4,chordal,7,tfim,auto,4,4,"dense_exact,sparse_krylov",data/raw/perlmutter/practical_suite_sweep/practical_55730074_scale_8n_32g_c21_ml_digits_c0v1v2v3_256s_8q_d2_r0_seed31.json,ok
practical_55730074_scale_8n_32g_c21_ml_digits_c0v1v2v3_256s_8q_d2_r0_seed43.json,ml,multiclass_ml,test_accuracy,0.002077847020700574,knn_numpy,knn_numpy,6,21.86969895893708,10525.172806785082,0.984375,0.625,0.359375,8192,3584,2048,256,55730074_scale_8n_32g_c21,21.974043349036947,43,256,8,4,digits,"0,1,2,3",sklearn_digits,,,2,21,1,,"dense_exact,sparse_lanczos",4,chordal,7,tfim,auto,4,4,"dense_exact,sparse_krylov",data/raw/perlmutter/practical_suite_sweep/practical_55730074_scale_8n_32g_c21_ml_digits_c0v1v2v3_256s_8q_d2_r0_seed43.json,ok
practical_55730074_scale_8n_32g_c21_ml_digits_c2v4v6v8_256s_8q_d2_r0_seed17.json,ml,multiclass_ml,test_accuracy,0.002077838988043368,knn_numpy,knn_numpy,6,19.44467712799087,9358.125071231472,1.0,0.734375,0.265625,8192,3584,2048,256,55730074_scale_8n_32g_c21,19.554974542930722,17,256,8,4,digits,"2,4,6,8",sklearn_digits,,,2,21,1,,"dense_exact,sparse_lanczos",4,chordal,7,tfim,auto,4,4,"dense_exact,sparse_krylov",data/raw/perlmutter/practical_suite_sweep/practical_55730074_scale_8n_32g_c21_ml_digits_c2v4v6v8_256s_8q_d2_r0_seed17.json,ok
practical_55730074_scale_8n_32g_c21_ml_digits_c2v4v6v8_256s_8q_d2_r0_seed23.json,ml,multiclass_ml,test_accuracy,0.0001702890731394291,linear_ridge_numpy,linear_ridge_numpy,6,20.36710824200418,119603.14227165956,1.0,0.59375,0.40625,8192,3584,2048,256,55730074_scale_8n_32g_c21,20.473085760953836,23,256,8,4,digits,"2,4,6,8",sklearn_digits,,,2,21,1,,"dense_exact,sparse_lanczos",4,chordal,7,tfim,auto,4,4,"dense_exact,sparse_krylov",data/raw/perlmutter/practical_suite_sweep/practical_55730074_scale_8n_32g_c21_ml_digits_c2v4v6v8_256s_8q_d2_r0_seed23.json,ok
practical_55730074_scale_8n_32g_c21_ml_digits_c2v4v6v8_256s_8q_d2_r0_seed31.json,ml,multiclass_ml,test_accuracy,0.002691263100132346,rbf_kernel_ridge_numpy,rbf_kernel_ridge_numpy,6,24.48635604197625,9098.462369127754,1.0,0.671875,0.328125,8192,3584,2048,256,55730074_scale_8n_32g_c21,24.58278017293196,31,256,8,4,digits,"2,4,6,8",sklearn_digits,,,2,21,1,,"dense_exact,sparse_lanczos",4,chordal,7,tfim,auto,4,4,"dense_exact,sparse_krylov",data/raw/perlmutter/practical_suite_sweep/practical_55730074_scale_8n_32g_c21_ml_digits_c2v4v6v8_256s_8q_d2_r0_seed31.json,ok
practical_55730074_scale_8n_32g_c21_ml_digits_c2v4v6v8_256s_8q_d2_r0_seed43.json,ml,multiclass_ml,test_accuracy,0.014226531027816236,softmax_regression_numpy,softmax_regression_numpy,6,20.628020664094947,1449.9684163175327,0.96875,0.671875,0.296875,8192,3584,2048,256,55730074_scale_8n_32g_c21,20.73296835401561,43,256,8,4,digits,"2,4,6,8",sklearn_digits,,,2,21,1,,"dense_exact,sparse_lanczos",4,chordal,7,tfim,auto,4,4,"dense_exact,sparse_krylov",data/raw/perlmutter/practical_suite_sweep/practical_55730074_scale_8n_32g_c21_ml_digits_c2v4v6v8_256s_8q_d2_r0_seed43.json,ok
practical_55730074_scale_8n_32g_c21_ml_digits_c3v5v8_256s_8q_d2_r0_seed17.json,ml,multiclass_ml,test_accuracy,0.0020886919228360057,knn_numpy,knn_numpy,6,24.43279579502996,11697.654176713311,0.984375,0.71875,0.265625,8192,3584,2048,256,55730074_scale_8n_32g_c21,24.558276774012484,17,256,8,3,digits,"3,5,8",sklearn_digits,,,2,21,1,,"dense_exact,sparse_lanczos",4,chordal,7,tfim,auto,4,4,"dense_exact,sparse_krylov",data/raw/perlmutter/practical_suite_sweep/practical_55730074_scale_8n_32g_c21_ml_digits_c3v5v8_256s_8q_d2_r0_seed17.json,ok
practical_55730074_scale_8n_32g_c21_ml_digits_c3v5v8_256s_8q_d2_r0_seed23.json,ml,multiclass_ml,test_accuracy,0.013777366024442017,softmax_regression_numpy,softmax_regression_numpy,6,21.186677618999965,1537.7886877225521,1.0,0.75,0.25,8192,3584,2048,256,55730074_scale_8n_32g_c21,21.287500933976844,23,256,8,3,digits,"3,5,8",sklearn_digits,,,2,21,1,,"dense_exact,sparse_lanczos",4,chordal,7,tfim,auto,4,4,"dense_exact,sparse_krylov",data/raw/perlmutter/practical_suite_sweep/practical_55730074_scale_8n_32g_c21_ml_digits_c3v5v8_256s_8q_d2_r0_seed23.json,ok
practical_55730074_scale_8n_32g_c21_ml_digits_c3v5v8_256s_8q_d2_r0_seed31.json,ml,multiclass_ml,test_accuracy,0.002105099963955581,knn_numpy,knn_numpy,6,20.453296995023265,9716.069234351497,0.984375,0.609375,0.375,8192,3584,2048,256,55730074_scale_8n_32g_c21,20.601003682939336,31,256,8,3,digits,"3,5,8",sklearn_digits,,,2,21,1,,"dense_exact,sparse_lanczos",4,chordal,7,tfim,auto,4,4,"dense_exact,sparse_krylov",data/raw/perlmutter/practical_suite_sweep/practical_55730074_scale_8n_32g_c21_ml_digits_c3v5v8_256s_8q_d2_r0_seed31.json,ok
practical_55730074_scale_8n_32g_c21_ml_digits_c3v5v8_256s_8q_d2_r0_seed43.json,ml,multiclass_ml,test_accuracy,0.061173320980742574,one_hidden_layer_mlp_numpy,one_hidden_layer_mlp_numpy,6,23.103581042028964,377.6741342733705,0.984375,0.75,0.234375,8192,3584,2048,256,55730074_scale_8n_32g_c21,23.199336332967505,43,256,8,3,digits,"3,5,8",sklearn_digits,,,2,21,1,,"dense_exact,sparse_lanczos",4,chordal,7,tfim,auto,4,4,"dense_exact,sparse_krylov",data/raw/perlmutter/practical_suite_sweep/practical_55730074_scale_8n_32g_c21_ml_digits_c3v5v8_256s_8q_d2_r0_seed43.json,ok
practical_55730074_scale_8n_32g_c21_qaoa_chordal_6n_grid9_r0_seed17.json,optimization,optimization_qaoa,approximation_ratio,2.109096385538578e-05,greedy_assignment_numpy,,4,24.208570119924843,1147817.1545840923,7,5.373160171779813,0.23240568974574105,1620,1296,486,81,55730074_scale_8n_32g_c21,24.216397544019856,17,72,4,3,synthetic,"0,1,2",,small_maxcut,6,1,21,1,,"dense_exact,sparse_lanczos",6,chordal,9,tfim,auto,4,4,"dense_exact,sparse_krylov",data/raw/perlmutter/practical_suite_sweep/practical_55730074_scale_8n_32g_c21_qaoa_chordal_6n_grid9_r0_seed17.json,ok
practical_55730074_scale_8n_32g_c21_qaoa_chordal_6n_grid9_r0_seed31.json,optimization,optimization_qaoa,approximation_ratio,2.0490027964115143e-05,greedy_assignment_numpy,,4,15.46355957898777,754687.0900356802,7,5.373160171779813,0.23240568974574105,1620,1296,486,81,55730074_scale_8n_32g_c21,15.475856233970262,31,72,4,3,synthetic,"0,1,2",,small_maxcut,6,1,21,1,,"dense_exact,sparse_lanczos",6,chordal,9,tfim,auto,4,4,"dense_exact,sparse_krylov",data/raw/perlmutter/practical_suite_sweep/practical_55730074_scale_8n_32g_c21_qaoa_chordal_6n_grid9_r0_seed31.json,ok
practical_55730074_scale_8n_32g_c21_qaoa_ladder_7n_grid9_r0_seed23.json,optimization,optimization_qaoa,approximation_ratio,2.3736036382615566e-05,greedy_assignment_numpy,,4,17.882500416017137,753390.3355959802,8,5.722271824131493,0.2847160219835634,1782,1296,567,81,55730074_scale_8n_32g_c21,17.890217887004837,23,72,4,3,synthetic,"0,1,2",,small_maxcut,7,1,21,1,,"dense_exact,sparse_lanczos",7,ladder,9,tfim,auto,4,4,"dense_exact,sparse_krylov",data/raw/perlmutter/practical_suite_sweep/practical_55730074_scale_8n_32g_c21_qaoa_ladder_7n_grid9_r0_seed23.json,ok
practical_55730074_scale_8n_32g_c21_qaoa_ladder_7n_grid9_r0_seed43.json,optimization,optimization_qaoa,approximation_ratio,2.3436034098267555e-05,greedy_assignment_numpy,,4,15.134227721951902,645767.4390852102,8,5.722271824131493,0.2847160219835634,1782,1296,567,81,55730074_scale_8n_32g_c21,15.141903693089262,43,72,4,3,synthetic,"0,1,2",,small_maxcut,7,1,21,1,,"dense_exact,sparse_lanczos",7,ladder,9,tfim,auto,4,4,"dense_exact,sparse_krylov",data/raw/perlmutter/practical_suite_sweep/practical_55730074_scale_8n_32g_c21_qaoa_ladder_7n_grid9_r0_seed43.json,ok
practical_55730074_scale_8n_32g_c21_qaoa_ring_5n_grid9_r0_seed23.json,optimization,optimization_qaoa,approximation_ratio,1.5359953977167606e-05,greedy_assignment_numpy,,4,20.478879790054634,1333264.3978293329,4,3.749999999999998,0.06250000000000056,1215,810,405,81,55730074_scale_8n_32g_c21,20.487150490982458,23,72,4,3,synthetic,"0,1,2",,small_maxcut,5,1,21,1,,"dense_exact,sparse_lanczos",5,ring,9,tfim,auto,4,4,"dense_exact,sparse_krylov",data/raw/perlmutter/practical_suite_sweep/practical_55730074_scale_8n_32g_c21_qaoa_ring_5n_grid9_r0_seed23.json,ok
practical_55730074_scale_8n_32g_c21_qaoa_ring_5n_grid9_r0_seed43.json,optimization,optimization_qaoa,approximation_ratio,1.6140984371304512e-05,greedy_assignment_numpy,,4,15.318716557929292,949057.1458059862,4,3.749999999999998,0.06250000000000056,1215,810,405,81,55730074_scale_8n_32g_c21,15.444220595993102,43,72,4,3,synthetic,"0,1,2",,small_maxcut,5,1,21,1,,"dense_exact,sparse_lanczos",5,ring,9,tfim,auto,4,4,"dense_exact,sparse_krylov",data/raw/perlmutter/practical_suite_sweep/practical_55730074_scale_8n_32g_c21_qaoa_ring_5n_grid9_r0_seed43.json,ok
practical_55730074_scale_8n_32g_c21_sim_heisenberg_7q_6steps_r0_seed17.json,simulation,hamiltonian_simulation,absolute_observable_error,0.0047534710029140115,sparse_krylov_expm_multiply_scipy,exact_dense_eigendecomposition_numpy,2,14.070999849005602,2960.1526632601067,-0.02818565466473985,-0.09191023542340215,0.0637245807586623,441,216,7,1,55730074_scale_8n_32g_c21,14.098905845079571,17,72,4,3,synthetic,"0,1,2",,heisenberg,7,1,21,1,,"dense_exact,sparse_lanczos",4,chordal,7,heisenberg,auto,7,6,"dense_exact,sparse_krylov",data/raw/perlmutter/practical_suite_sweep/practical_55730074_scale_8n_32g_c21_sim_heisenberg_7q_6steps_r0_seed17.json,ok
practical_55730074_scale_8n_32g_c21_sim_heisenberg_7q_6steps_r0_seed23.json,simulation,hamiltonian_simulation,absolute_observable_error,0.0031644878908991814,sparse_krylov_expm_multiply_scipy,exact_dense_eigendecomposition_numpy,2,15.582596020074561,4924.207820446678,-0.02818565466473985,-0.09191023542340215,0.0637245807586623,441,216,7,1,55730074_scale_8n_32g_c21,15.614788073929958,23,72,4,3,synthetic,"0,1,2",,heisenberg,7,1,21,1,,"dense_exact,sparse_lanczos",4,chordal,7,heisenberg,auto,7,6,"dense_exact,sparse_krylov",data/raw/perlmutter/practical_suite_sweep/practical_55730074_scale_8n_32g_c21_sim_heisenberg_7q_6steps_r0_seed23.json,ok
practical_55730074_scale_8n_32g_c21_sim_heisenberg_7q_6steps_r0_seed31.json,simulation,hamiltonian_simulation,absolute_observable_error,0.0030675609596073627,sparse_krylov_expm_multiply_scipy,exact_dense_eigendecomposition_numpy,2,26.8160308660008,8741.80862877886,-0.02818565466473985,-0.09191023542340215,0.0637245807586623,441,216,7,1,55730074_scale_8n_32g_c21,26.84007490298245,31,72,4,3,synthetic,"0,1,2",,heisenberg,7,1,21,1,,"dense_exact,sparse_lanczos",4,chordal,7,heisenberg,auto,7,6,"dense_exact,sparse_krylov",data/raw/perlmutter/practical_suite_sweep/practical_55730074_scale_8n_32g_c21_sim_heisenberg_7q_6steps_r0_seed31.json,ok
practical_55730074_scale_8n_32g_c21_sim_heisenberg_7q_6steps_r0_seed43.json,simulation,hamiltonian_simulation,absolute_observable_error,0.0032946199644356966,sparse_krylov_expm_multiply_scipy,exact_dense_eigendecomposition_numpy,2,33.75721697602421,10246.164152594807,-0.02818565466473985,-0.09191023542340215,0.0637245807586623,441,216,7,1,55730074_scale_8n_32g_c21,33.83870588999707,43,72,4,3,synthetic,"0,1,2",,heisenberg,7,1,21,1,,"dense_exact,sparse_lanczos",4,chordal,7,heisenberg,auto,7,6,"dense_exact,sparse_krylov",data/raw/perlmutter/practical_suite_sweep/practical_55730074_scale_8n_32g_c21_sim_heisenberg_7q_6steps_r0_seed43.json,ok
practical_55730074_scale_8n_32g_c22_chem_h2_l2_grid21_r0_seed23.json,chemistry,chemistry_vqe,absolute_energy_error,0.0001538080396130681,exact_dense_diagonalization_numpy,exact_dense_diagonalization_numpy,2,23.3240417689085,151643.8401242506,-1.85727503020238,-1.8369679912029844,0.020307038999395566,360,90,90,45,55730074_scale_8n_32g_c22,23.33813691092655,23,72,4,3,synthetic,"0,1,2",,H2_minimal_2qubit,2,1,21,2,,"dense_exact,sparse_lanczos",4,chordal,7,tfim,auto,4,4,"dense_exact,sparse_krylov",data/raw/perlmutter/practical_suite_sweep/practical_55730074_scale_8n_32g_c22_chem_h2_l2_grid21_r0_seed23.json,ok
practical_55730074_scale_8n_32g_c22_chem_molecular_chain_4q_l2_grid13_r0_seed43.json,chemistry,chemistry_vqe,absolute_energy_error,0.00016171194147318602,exact_dense_diagonalization_numpy,sparse_lanczos_eigsh_scipy,2,24.189645979902707,149584.78489304188,-1.7057328925529074,-1.0917177531071718,0.6140151394457356,464,174,116,29,55730074_scale_8n_32g_c22,24.199024564004503,43,72,4,3,synthetic,"0,1,2",,molecular_chain_4q_surrogate,4,1,13,2,benchmarks/workloads/hamiltonians/molecular_chain_4q.json,"dense_exact,sparse_lanczos",4,chordal,7,tfim,auto,4,4,"dense_exact,sparse_krylov",data/raw/perlmutter/practical_suite_sweep/practical_55730074_scale_8n_32g_c22_chem_molecular_chain_4q_l2_grid13_r0_seed43.json,ok
practical_55730074_scale_8n_32g_c22_ml_digits_c0v1v2_256s_10q_d1_r0_seed17.json,ml,multiclass_ml,test_accuracy,0.004551241057924926,rbf_kernel_ridge_numpy,rbf_kernel_ridge_numpy,6,40.64115150901489,8929.685549889253,1.0,0.703125,0.296875,5120,2304,2560,256,55730074_scale_8n_32g_c22,40.78414029197302,17,256,10,3,digits,"0,1,2",sklearn_digits,,,1,21,1,,"dense_exact,sparse_lanczos",4,chordal,7,tfim,auto,4,4,"dense_exact,sparse_krylov",data/raw/perlmutter/practical_suite_sweep/practical_55730074_scale_8n_32g_c22_ml_digits_c0v1v2_256s_10q_d1_r0_seed17.json,ok
practical_55730074_scale_8n_32g_c22_ml_digits_c0v1v2_256s_10q_d1_r0_seed23.json,ml,multiclass_ml,test_accuracy,0.0001683450536802411,nearest_centroid_numpy,nearest_centroid_numpy,6,20.748964002006687,123252.59072605602,1.0,0.734375,0.265625,5120,2304,2560,256,55730074_scale_8n_32g_c22,20.857350840000436,23,256,10,3,digits,"0,1,2",sklearn_digits,,,1,21,1,,"dense_exact,sparse_lanczos",4,chordal,7,tfim,auto,4,4,"dense_exact,sparse_krylov",data/raw/perlmutter/practical_suite_sweep/practical_55730074_scale_8n_32g_c22_ml_digits_c0v1v2_256s_10q_d1_r0_seed23.json,ok
practical_55730074_scale_8n_32g_c22_ml_digits_c0v1v2_256s_10q_d1_r0_seed31.json,ml,multiclass_ml,test_accuracy,0.00018252304289489985,linear_ridge_numpy,linear_ridge_numpy,6,21.620726027991623,118454.77527153236,1.0,0.8125,0.1875,5120,2304,2560,256,55730074_scale_8n_32g_c22,21.72695201006718,31,256,10,3,digits,"0,1,2",sklearn_digits,,,1,21,1,,"dense_exact,sparse_lanczos",4,chordal,7,tfim,auto,4,4,"dense_exact,sparse_krylov",data/raw/perlmutter/practical_suite_sweep/practical_55730074_scale_8n_32g_c22_ml_digits_c0v1v2_256s_10q_d1_r0_seed31.json,ok
practical_55730074_scale_8n_32g_c22_ml_digits_c0v1v2_256s_10q_d1_r0_seed43.json,ml,multiclass_ml,test_accuracy,0.0020826869877055287,knn_numpy,knn_numpy,6,24.898528840974905,11955.002834297877,1.0,0.734375,0.265625,5120,2304,2560,256,55730074_scale_8n_32g_c22,24.995988607988693,43,256,10,3,digits,"0,1,2",sklearn_digits,,,1,21,1,,"dense_exact,sparse_lanczos",4,chordal,7,tfim,auto,4,4,"dense_exact,sparse_krylov",data/raw/perlmutter/practical_suite_sweep/practical_55730074_scale_8n_32g_c22_ml_digits_c0v1v2_256s_10q_d1_r0_seed43.json,ok
practical_55730074_scale_8n_32g_c22_ml_digits_c0v1v2v3_256s_10q_d1_r0_seed17.json,ml,multiclass_ml,test_accuracy,0.00018663005903363228,linear_ridge_numpy,linear_ridge_numpy,6,25.089903222047724,134436.5604981474,0.984375,0.71875,0.265625,5120,2304,2560,256,55730074_scale_8n_32g_c22,25.19456990098115,17,256,10,4,digits,"0,1,2,3",sklearn_digits,,,1,21,1,,"dense_exact,sparse_lanczos",4,chordal,7,tfim,auto,4,4,"dense_exact,sparse_krylov",data/raw/perlmutter/practical_suite_sweep/practical_55730074_scale_8n_32g_c22_ml_digits_c0v1v2v3_256s_10q_d1_r0_seed17.json,ok
practical_55730074_scale_8n_32g_c22_ml_digits_c0v1v2v3_256s_10q_d1_r0_seed23.json,ml,multiclass_ml,test_accuracy,0.002112854039296508,knn_numpy,knn_numpy,6,21.223832160932943,10045.100970628142,1.0,0.625,0.375,5120,2304,2560,256,55730074_scale_8n_32g_c22,21.332034789025784,23,256,10,4,digits,"0,1,2,3",sklearn_digits,,,1,21,1,,"dense_exact,sparse_lanczos",4,chordal,7,tfim,auto,4,4,"dense_exact,sparse_krylov",data/raw/perlmutter/practical_suite_sweep/practical_55730074_scale_8n_32g_c22_ml_digits_c0v1v2v3_256s_10q_d1_r0_seed23.json,ok
practical_55730074_scale_8n_32g_c22_ml_digits_c0v1v2v3_256s_10q_d1_r0_seed31.json,ml,multiclass_ml,test_accuracy,0.0020897299982607365,knn_numpy,knn_numpy,6,25.459403289016336,12183.10657846036,1.0,0.734375,0.265625,5120,2304,2560,256,55730074_scale_8n_32g_c22,25.577733109006658,31,256,10,4,digits,"0,1,2,3",sklearn_digits,,,1,21,1,,"dense_exact,sparse_lanczos",4,chordal,7,tfim,auto,4,4,"dense_exact,sparse_krylov",data/raw/perlmutter/practical_suite_sweep/practical_55730074_scale_8n_32g_c22_ml_digits_c0v1v2v3_256s_10q_d1_r0_seed31.json,ok
practical_55730074_scale_8n_32g_c22_ml_digits_c0v1v2v3_256s_10q_d1_r0_seed43.json,ml,multiclass_ml,test_accuracy,0.002668407978489995,rbf_kernel_ridge_numpy,rbf_kernel_ridge_numpy,6,20.07484179304447,7523.153114091822,1.0,0.671875,0.328125,5120,2304,2560,256,55730074_scale_8n_32g_c22,20.172377182985656,43,256,10,4,digits,"0,1,2,3",sklearn_digits,,,1,21,1,,"dense_exact,sparse_lanczos",4,chordal,7,tfim,auto,4,4,"dense_exact,sparse_krylov",data/raw/perlmutter/practical_suite_sweep/practical_55730074_scale_8n_32g_c22_ml_digits_c0v1v2v3_256s_10q_d1_r0_seed43.json,ok
practical_55730074_scale_8n_32g_c22_ml_digits_c2v4v6v8_256s_10q_d1_r0_seed17.json,ml,multiclass_ml,test_accuracy,0.0001832450507208705,linear_ridge_numpy,linear_ridge_numpy,6,22.417916023056023,122338.4529888575,1.0,0.765625,0.234375,5120,2304,2560,256,55730074_scale_8n_32g_c22,22.52472885500174,17,256,10,4,digits,"2,4,6,8",sklearn_digits,,,1,21,1,,"dense_exact,sparse_lanczos",4,chordal,7,tfim,auto,4,4,"dense_exact,sparse_krylov",data/raw/perlmutter/practical_suite_sweep/practical_55730074_scale_8n_32g_c22_ml_digits_c2v4v6v8_256s_10q_d1_r0_seed17.json,ok
practical_55730074_scale_8n_32g_c22_ml_digits_c2v4v6v8_256s_10q_d1_r0_seed23.json,ml,multiclass_ml,test_accuracy,0.00018123001791536808,linear_ridge_numpy,linear_ridge_numpy,6,23.98862715100404,132365.63913052416,1.0,0.5625,0.4375,5120,2304,2560,256,55730074_scale_8n_32g_c22,24.088183180079795,23,256,10,4,digits,"2,4,6,8",sklearn_digits,,,1,21,1,,"dense_exact,sparse_lanczos",4,chordal,7,tfim,auto,4,4,"dense_exact,sparse_krylov",data/raw/perlmutter/practical_suite_sweep/practical_55730074_scale_8n_32g_c22_ml_digits_c2v4v6v8_256s_10q_d1_r0_seed23.json,ok
practical_55730074_scale_8n_32g_c22_ml_digits_c2v4v6v8_256s_10q_d1_r0_seed31.json,ml,multiclass_ml,test_accuracy,0.0020678479922935367,knn_numpy,knn_numpy,6,25.606266875984147,12383.05086805881,1.0,0.609375,0.390625,5120,2304,2560,256,55730074_scale_8n_32g_c22,25.77402637002524,31,256,10,4,digits,"2,4,6,8",sklearn_digits,,,1,21,1,,"dense_exact,sparse_lanczos",4,chordal,7,tfim,auto,4,4,"dense_exact,sparse_krylov",data/raw/perlmutter/practical_suite_sweep/practical_55730074_scale_8n_32g_c22_ml_digits_c2v4v6v8_256s_10q_d1_r0_seed31.json,ok
practical_55730074_scale_8n_32g_c22_ml_digits_c2v4v6v8_256s_10q_d1_r0_seed43.json,ml,multiclass_ml,test_accuracy,0.0031121879583224654,rbf_kernel_ridge_numpy,rbf_kernel_ridge_numpy,6,23.39980088698212,7518.762105742195,1.0,0.625,0.375,5120,2304,2560,256,55730074_scale_8n_32g_c22,23.49746350198984,43,256,10,4,digits,"2,4,6,8",sklearn_digits,,,1,21,1,,"dense_exact,sparse_lanczos",4,chordal,7,tfim,auto,4,4,"dense_exact,sparse_krylov",data/raw/perlmutter/practical_suite_sweep/practical_55730074_scale_8n_32g_c22_ml_digits_c2v4v6v8_256s_10q_d1_r0_seed43.json,ok
practical_55730074_scale_8n_32g_c22_ml_digits_c3v5v8_256s_10q_d1_r0_seed17.json,ml,multiclass_ml,test_accuracy,0.0021050729556009173,knn_numpy,knn_numpy,6,27.80765811901074,13209.831063110458,0.984375,0.53125,0.453125,5120,2304,2560,256,55730074_scale_8n_32g_c22,27.904556124005467,17,256,10,3,digits,"3,5,8",sklearn_digits,,,1,21,1,,"dense_exact,sparse_lanczos",4,chordal,7,tfim,auto,4,4,"dense_exact,sparse_krylov",data/raw/perlmutter/practical_suite_sweep/practical_55730074_scale_8n_32g_c22_ml_digits_c3v5v8_256s_10q_d1_r0_seed17.json,ok
practical_55730074_scale_8n_32g_c22_ml_digits_c3v5v8_256s_10q_d1_r0_seed23.json,ml,multiclass_ml,test_accuracy,0.0001581949181854725,nearest_centroid_numpy,nearest_centroid_numpy,6,23.71484896307811,149909.0440773458,1.0,0.625,0.375,5120,2304,2560,256,55730074_scale_8n_32g_c22,23.822446918929927,23,256,10,3,digits,"3,5,8",sklearn_digits,,,1,21,1,,"dense_exact,sparse_lanczos",4,chordal,7,tfim,auto,4,4,"dense_exact,sparse_krylov",data/raw/perlmutter/practical_suite_sweep/practical_55730074_scale_8n_32g_c22_ml_digits_c3v5v8_256s_10q_d1_r0_seed23.json,ok
practical_55730074_scale_8n_32g_c22_ml_digits_c3v5v8_256s_10q_d1_r0_seed31.json,ml,multiclass_ml,test_accuracy,0.002079720958136022,knn_numpy,knn_numpy,6,22.502536637010053,10819.978780796753,1.0,0.46875,0.53125,5120,2304,2560,256,55730074_scale_8n_32g_c22,22.60496972699184,31,256,10,3,digits,"3,5,8",sklearn_digits,,,1,21,1,,"dense_exact,sparse_lanczos",4,chordal,7,tfim,auto,4,4,"dense_exact,sparse_krylov",data/raw/perlmutter/practical_suite_sweep/practical_55730074_scale_8n_32g_c22_ml_digits_c3v5v8_256s_10q_d1_r0_seed31.json,ok
practical_55730074_scale_8n_32g_c22_ml_digits_c3v5v8_256s_10q_d1_r0_seed43.json,ml,multiclass_ml,test_accuracy,0.06204708409495652,one_hidden_layer_mlp_numpy,one_hidden_layer_mlp_numpy,6,22.20668880897574,357.90060295163505,0.984375,0.625,0.359375,5120,2304,2560,256,55730074_scale_8n_32g_c22,22.313358503975905,43,256,10,3,digits,"3,5,8",sklearn_digits,,,1,21,1,,"dense_exact,sparse_lanczos",4,chordal,7,tfim,auto,4,4,"dense_exact,sparse_krylov",data/raw/perlmutter/practical_suite_sweep/practical_55730074_scale_8n_32g_c22_ml_digits_c3v5v8_256s_10q_d1_r0_seed43.json,ok
practical_55730074_scale_8n_32g_c22_qaoa_chordal_6n_grid11_r0_seed17.json,optimization,optimization_qaoa,approximation_ratio,2.1231011487543583e-05,greedy_assignment_numpy,,4,20.192065668990836,951064.7046108799,7,5.43271086726554,0.2238984475334942,2420,1936,726,121,55730074_scale_8n_32g_c22,20.201262630987912,17,72,4,3,synthetic,"0,1,2",,small_maxcut,6,1,21,1,,"dense_exact,sparse_lanczos",6,chordal,11,tfim,auto,4,4,"dense_exact,sparse_krylov",data/raw/perlmutter/practical_suite_sweep/practical_55730074_scale_8n_32g_c22_qaoa_chordal_6n_grid11_r0_seed17.json,ok
practical_55730074_scale_8n_32g_c22_qaoa_chordal_6n_grid11_r0_seed31.json,optimization,optimization_qaoa,approximation_ratio,2.1622050553560257e-05,greedy_assignment_numpy,,4,15.397207166068256,712106.7045851011,7,5.43271086726554,0.2238984475334942,2420,1936,726,121,55730074_scale_8n_32g_c22,15.444172041956335,31,72,4,3,synthetic,"0,1,2",,small_maxcut,6,1,21,1,,"dense_exact,sparse_lanczos",6,chordal,11,tfim,auto,4,4,"dense_exact,sparse_krylov",data/raw/perlmutter/practical_suite_sweep/practical_55730074_scale_8n_32g_c22_qaoa_chordal_6n_grid11_r0_seed31.json,ok
practical_55730074_scale_8n_32g_c22_qaoa_ladder_7n_grid11_r0_seed23.json,optimization,optimization_qaoa,approximation_ratio,2.288399264216423e-05,greedy_assignment_numpy,,4,15.449363941908814,675116.6277445414,8,5.641368710488195,0.2948289111889756,2662,1936,847,121,55730074_scale_8n_32g_c22,15.457551852916367,23,72,4,3,synthetic,"0,1,2",,small_maxcut,7,1,21,1,,"dense_exact,sparse_lanczos",7,ladder,11,tfim,auto,4,4,"dense_exact,sparse_krylov",data/raw/perlmutter/practical_suite_sweep/practical_55730074_scale_8n_32g_c22_qaoa_ladder_7n_grid11_r0_seed23.json,ok
practical_55730074_scale_8n_32g_c22_qaoa_ladder_7n_grid11_r0_seed43.json,optimization,optimization_qaoa,approximation_ratio,2.7684029191732407e-05,greedy_assignment_numpy,,4,15.101216475013644,545484.7764545592,8,5.641368710488195,0.2948289111889756,2662,1936,847,121,55730074_scale_8n_32g_c22,15.11133497999981,43,72,4,3,synthetic,"0,1,2",,small_maxcut,7,1,21,1,,"dense_exact,sparse_lanczos",7,ladder,11,tfim,auto,4,4,"dense_exact,sparse_krylov",data/raw/perlmutter/practical_suite_sweep/practical_55730074_scale_8n_32g_c22_qaoa_ladder_7n_grid11_r0_seed43.json,ok
practical_55730074_scale_8n_32g_c22_qaoa_ring_5n_grid11_r0_seed23.json,optimization,optimization_qaoa,approximation_ratio,1.5821075066924095e-05,greedy_assignment_numpy,,4,17.640950001077726,1115028.5253344323,4,3.63063562148434,0.09234109462891504,1815,1210,605,121,55730074_scale_8n_32g_c22,17.66327730997,23,72,4,3,synthetic,"0,1,2",,small_maxcut,5,1,21,1,,"dense_exact,sparse_lanczos",5,ring,11,tfim,auto,4,4,"dense_exact,sparse_krylov",data/raw/perlmutter/practical_suite_sweep/practical_55730074_scale_8n_32g_c22_qaoa_ring_5n_grid11_r0_seed23.json,ok
practical_55730074_scale_8n_32g_c22_qaoa_ring_5n_grid11_r0_seed43.json,optimization,optimization_qaoa,approximation_ratio,1.643202267587185e-05,greedy_assignment_numpy,,4,16.86810683098156,1026538.6777825009,4,3.63063562148434,0.09234109462891504,1815,1210,605,121,55730074_scale_8n_32g_c22,16.875235073966905,43,72,4,3,synthetic,"0,1,2",,small_maxcut,5,1,21,1,,"dense_exact,sparse_lanczos",5,ring,11,tfim,auto,4,4,"dense_exact,sparse_krylov",data/raw/perlmutter/practical_suite_sweep/practical_55730074_scale_8n_32g_c22_qaoa_ring_5n_grid11_r0_seed43.json,ok
practical_55730074_scale_8n_32g_c22_sim_heisenberg_7q_8steps_r0_seed17.json,simulation,hamiltonian_simulation,absolute_observable_error,0.003149049007333815,sparse_krylov_expm_multiply_scipy,exact_dense_eigendecomposition_numpy,2,25.94292082998436,8238.33505593782,-0.02818565466473985,-0.0745381904255929,0.04635253576085305,587,288,7,1,55730074_scale_8n_32g_c22,25.9907744419761,17,72,4,3,synthetic,"0,1,2",,heisenberg,7,1,21,1,,"dense_exact,sparse_lanczos",4,chordal,7,heisenberg,auto,7,8,"dense_exact,sparse_krylov",data/raw/perlmutter/practical_suite_sweep/practical_55730074_scale_8n_32g_c22_sim_heisenberg_7q_8steps_r0_seed17.json,ok
practical_55730074_scale_8n_32g_c22_sim_heisenberg_7q_8steps_r0_seed23.json,simulation,hamiltonian_simulation,absolute_observable_error,0.0032441730145365,sparse_krylov_expm_multiply_scipy,exact_dense_eigendecomposition_numpy,2,21.846771382028237,6734.157298065535,-0.02818565466473985,-0.0745381904255929,0.04635253576085305,587,288,7,1,55730074_scale_8n_32g_c22,21.88755423296243,23,72,4,3,synthetic,"0,1,2",,heisenberg,7,1,21,1,,"dense_exact,sparse_lanczos",4,chordal,7,heisenberg,auto,7,8,"dense_exact,sparse_krylov",data/raw/perlmutter/practical_suite_sweep/practical_55730074_scale_8n_32g_c22_sim_heisenberg_7q_8steps_r0_seed23.json,ok
practical_55730074_scale_8n_32g_c22_sim_heisenberg_7q_8steps_r0_seed31.json,simulation,hamiltonian_simulation,absolute_observable_error,0.003117757965810597,sparse_krylov_expm_multiply_scipy,exact_dense_eigendecomposition_numpy,2,36.431607989943586,11685.19442158545,-0.02818565466473985,-0.0745381904255929,0.04635253576085305,587,288,7,1,55730074_scale_8n_32g_c22,36.48574280797038,31,72,4,3,synthetic,"0,1,2",,heisenberg,7,1,21,1,,"dense_exact,sparse_lanczos",4,chordal,7,heisenberg,auto,7,8,"dense_exact,sparse_krylov",data/raw/perlmutter/practical_suite_sweep/practical_55730074_scale_8n_32g_c22_sim_heisenberg_7q_8steps_r0_seed31.json,ok
practical_55730074_scale_8n_32g_c22_sim_heisenberg_7q_8steps_r0_seed43.json,simulation,hamiltonian_simulation,absolute_observable_error,0.003140471992082894,sparse_krylov_expm_multiply_scipy,exact_dense_eigendecomposition_numpy,2,24.98024592397269,7954.296674814391,-0.02818565466473985,-0.0745381904255929,0.04635253576085305,587,288,7,1,55730074_scale_8n_32g_c22,25.01236065791454,43,72,4,3,synthetic,"0,1,2",,heisenberg,7,1,21,1,,"dense_exact,sparse_lanczos",4,chordal,7,heisenberg,auto,7,8,"dense_exact,sparse_krylov",data/raw/perlmutter/practical_suite_sweep/practical_55730074_scale_8n_32g_c22_sim_heisenberg_7q_8steps_r0_seed43.json,ok
practical_55730074_scale_8n_32g_c23_chem_h2_l2_grid25_r0_seed23.json,chemistry,chemistry_vqe,absolute_energy_error,0.00014287594240158796,exact_dense_diagonalization_numpy,sparse_lanczos_eigsh_scipy,2,23.27734838798642,162919.99896357436,-1.8572750302023808,-1.8369679912029844,0.020307038999396454,424,106,106,53,55730074_scale_8n_32g_c23,23.288395146955736,23,72,4,3,synthetic,"0,1,2",,H2_minimal_2qubit,2,1,25,2,,"dense_exact,sparse_lanczos",4,chordal,7,tfim,auto,4,4,"dense_exact,sparse_krylov",data/raw/perlmutter/practical_suite_sweep/practical_55730074_scale_8n_32g_c23_chem_h2_l2_grid25_r0_seed23.json,ok
practical_55730074_scale_8n_32g_c23_chem_molecular_chain_4q_l2_grid17_r0_seed43.json,chemistry,chemistry_vqe,absolute_energy_error,0.00016370601952075958,exact_dense_diagonalization_numpy,sparse_lanczos_eigsh_scipy,2,24.057943144929595,146958.20725076518,-1.7057328925529074,-1.0917177531071718,0.6140151394457356,592,222,148,37,55730074_scale_8n_32g_c23,24.070053661009297,43,72,4,3,synthetic,"0,1,2",,molecular_chain_4q_surrogate,4,1,17,2,benchmarks/workloads/hamiltonians/molecular_chain_4q.json,"dense_exact,sparse_lanczos",4,chordal,7,tfim,auto,4,4,"dense_exact,sparse_krylov",data/raw/perlmutter/practical_suite_sweep/practical_55730074_scale_8n_32g_c23_chem_molecular_chain_4q_l2_grid17_r0_seed43.json,ok
practical_55730074_scale_8n_32g_c23_ml_digits_c0v1v2_256s_10q_d2_r0_seed17.json,ml,multiclass_ml,test_accuracy,0.0028886250220239162,rbf_kernel_ridge_numpy,rbf_kernel_ridge_numpy,6,40.67920996400062,14082.551267072635,1.0,0.6875,0.3125,10240,4608,2560,256,55730074_scale_8n_32g_c23,40.79677929903846,17,256,10,3,digits,"0,1,2",sklearn_digits,,,2,21,1,,"dense_exact,sparse_lanczos",4,chordal,7,tfim,auto,4,4,"dense_exact,sparse_krylov",data/raw/perlmutter/practical_suite_sweep/practical_55730074_scale_8n_32g_c23_ml_digits_c0v1v2_256s_10q_d2_r0_seed17.json,ok
practical_55730074_scale_8n_32g_c23_ml_digits_c0v1v2_256s_10q_d2_r0_seed23.json,ml,multiclass_ml,test_accuracy,0.00015688291750848293,nearest_centroid_numpy,nearest_centroid_numpy,6,20.80767879600171,132631.89597985774,1.0,0.71875,0.28125,10240,4608,2560,256,55730074_scale_8n_32g_c23,20.92289180192165,23,256,10,3,digits,"0,1,2",sklearn_digits,,,2,21,1,,"dense_exact,sparse_lanczos",4,chordal,7,tfim,auto,4,4,"dense_exact,sparse_krylov",data/raw/perlmutter/practical_suite_sweep/practical_55730074_scale_8n_32g_c23_ml_digits_c0v1v2_256s_10q_d2_r0_seed23.json,ok
practical_55730074_scale_8n_32g_c23_ml_digits_c0v1v2_256s_10q_d2_r0_seed31.json,ml,multiclass_ml,test_accuracy,0.00018381490372121334,linear_ridge_numpy,linear_ridge_numpy,6,21.642783913994208,117742.26940171936,1.0,0.734375,0.265625,10240,4608,2560,256,55730074_scale_8n_32g_c23,21.798813189961948,31,256,10,3,digits,"0,1,2",sklearn_digits,,,2,21,1,,"dense_exact,sparse_lanczos",4,chordal,7,tfim,auto,4,4,"dense_exact,sparse_krylov",data/raw/perlmutter/practical_suite_sweep/practical_55730074_scale_8n_32g_c23_ml_digits_c0v1v2_256s_10q_d2_r0_seed31.json,ok
practical_55730074_scale_8n_32g_c23_ml_digits_c0v1v2_256s_10q_d2_r0_seed43.json,ml,multiclass_ml,test_accuracy,0.0022025780053809285,knn_numpy,knn_numpy,6,24.8498570950469,11282.168910403334,1.0,0.5625,0.4375,10240,4608,2560,256,55730074_scale_8n_32g_c23,25.036330085946247,43,256,10,3,digits,"0,1,2",sklearn_digits,,,2,21,1,,"dense_exact,sparse_lanczos",4,chordal,7,tfim,auto,4,4,"dense_exact,sparse_krylov",data/raw/perlmutter/practical_suite_sweep/practical_55730074_scale_8n_32g_c23_ml_digits_c0v1v2_256s_10q_d2_r0_seed43.json,ok
practical_55730074_scale_8n_32g_c23_ml_digits_c0v1v2v3_256s_10q_d2_r0_seed17.json,ml,multiclass_ml,test_accuracy,0.00018182198982685804,linear_ridge_numpy,linear_ridge_numpy,6,25.142182191018946,138279.1059264111,0.984375,0.5625,0.421875,10240,4608,2560,256,55730074_scale_8n_32g_c23,25.261797298910096,17,256,10,4,digits,"0,1,2,3",sklearn_digits,,,2,21,1,,"dense_exact,sparse_lanczos",4,chordal,7,tfim,auto,4,4,"dense_exact,sparse_krylov",data/raw/perlmutter/practical_suite_sweep/practical_55730074_scale_8n_32g_c23_ml_digits_c0v1v2v3_256s_10q_d2_r0_seed17.json,ok
practical_55730074_scale_8n_32g_c23_ml_digits_c0v1v2v3_256s_10q_d2_r0_seed23.json,ml,multiclass_ml,test_accuracy,0.002086863969452679,knn_numpy,knn_numpy,6,21.275167227955535,10194.803082222634,1.0,0.65625,0.34375,10240,4608,2560,256,55730074_scale_8n_32g_c23,21.392243169015273,23,256,10,4,digits,"0,1,2,3",sklearn_digits,,,2,21,1,,"dense_exact,sparse_lanczos",4,chordal,7,tfim,auto,4,4,"dense_exact,sparse_krylov",data/raw/perlmutter/practical_suite_sweep/practical_55730074_scale_8n_32g_c23_ml_digits_c0v1v2v3_256s_10q_d2_r0_seed23.json,ok
practical_55730074_scale_8n_32g_c23_ml_digits_c0v1v2v3_256s_10q_d2_r0_seed31.json,ml,multiclass_ml,test_accuracy,0.002076094038784504,knn_numpy,knn_numpy,6,25.538470620056614,12301.210900354345,1.0,0.65625,0.34375,10240,4608,2560,256,55730074_scale_8n_32g_c23,25.638383197016083,31,256,10,4,digits,"0,1,2,3",sklearn_digits,,,2,21,1,,"dense_exact,sparse_lanczos",4,chordal,7,tfim,auto,4,4,"dense_exact,sparse_krylov",data/raw/perlmutter/practical_suite_sweep/practical_55730074_scale_8n_32g_c23_ml_digits_c0v1v2v3_256s_10q_d2_r0_seed31.json,ok
practical_55730074_scale_8n_32g_c23_ml_digits_c0v1v2v3_256s_10q_d2_r0_seed43.json,ml,multiclass_ml,test_accuracy,0.0029694109689444304,rbf_kernel_ridge_numpy,rbf_kernel_ridge_numpy,6,20.262851298903115,6823.862210661321,1.0,0.609375,0.390625,10240,4608,2560,256,55730074_scale_8n_32g_c23,20.36070379195735,43,256,10,4,digits,"0,1,2,3",sklearn_digits,,,2,21,1,,"dense_exact,sparse_lanczos",4,chordal,7,tfim,auto,4,4,"dense_exact,sparse_krylov",data/raw/perlmutter/practical_suite_sweep/practical_55730074_scale_8n_32g_c23_ml_digits_c0v1v2v3_256s_10q_d2_r0_seed43.json,ok
practical_55730074_scale_8n_32g_c23_ml_digits_c2v4v6v8_256s_10q_d2_r0_seed17.json,ml,multiclass_ml,test_accuracy,0.00018242292571812868,linear_ridge_numpy,linear_ridge_numpy,6,22.46496340597514,123147.69822674012,1.0,0.734375,0.265625,10240,4608,2560,256,55730074_scale_8n_32g_c23,22.576900906977244,17,256,10,4,digits,"2,4,6,8",sklearn_digits,,,2,21,1,,"dense_exact,sparse_lanczos",4,chordal,7,tfim,auto,4,4,"dense_exact,sparse_krylov",data/raw/perlmutter/practical_suite_sweep/practical_55730074_scale_8n_32g_c23_ml_digits_c2v4v6v8_256s_10q_d2_r0_seed17.json,ok
practical_55730074_scale_8n_32g_c23_ml_digits_c2v4v6v8_256s_10q_d2_r0_seed23.json,ml,multiclass_ml,test_accuracy,0.0001838549505919218,linear_ridge_numpy,linear_ridge_numpy,6,24.04673924203962,130791.90505679091,1.0,0.640625,0.359375,10240,4608,2560,256,55730074_scale_8n_32g_c23,24.144063996965997,23,256,10,4,digits,"2,4,6,8",sklearn_digits,,,2,21,1,,"dense_exact,sparse_lanczos",4,chordal,7,tfim,auto,4,4,"dense_exact,sparse_krylov",data/raw/perlmutter/practical_suite_sweep/practical_55730074_scale_8n_32g_c23_ml_digits_c2v4v6v8_256s_10q_d2_r0_seed23.json,ok
practical_55730074_scale_8n_32g_c23_ml_digits_c2v4v6v8_256s_10q_d2_r0_seed31.json,ml,multiclass_ml,test_accuracy,0.002105621970258653,knn_numpy,knn_numpy,6,25.633514803950675,12173.844672033827,1.0,0.625,0.375,10240,4608,2560,256,55730074_scale_8n_32g_c23,25.7758650459582,31,256,10,4,digits,"2,4,6,8",sklearn_digits,,,2,21,1,,"dense_exact,sparse_lanczos",4,chordal,7,tfim,auto,4,4,"dense_exact,sparse_krylov",data/raw/perlmutter/practical_suite_sweep/practical_55730074_scale_8n_32g_c23_ml_digits_c2v4v6v8_256s_10q_d2_r0_seed31.json,ok
practical_55730074_scale_8n_32g_c23_ml_digits_c2v4v6v8_256s_10q_d2_r0_seed43.json,ml,multiclass_ml,test_accuracy,0.003148698015138507,rbf_kernel_ridge_numpy,rbf_kernel_ridge_numpy,6,23.375249809003435,7423.782686246331,1.0,0.6875,0.3125,10240,4608,2560,256,55730074_scale_8n_32g_c23,23.61195944296196,43,256,10,4,digits,"2,4,6,8",sklearn_digits,,,2,21,1,,"dense_exact,sparse_lanczos",4,chordal,7,tfim,auto,4,4,"dense_exact,sparse_krylov",data/raw/perlmutter/practical_suite_sweep/practical_55730074_scale_8n_32g_c23_ml_digits_c2v4v6v8_256s_10q_d2_r0_seed43.json,ok
practical_55730074_scale_8n_32g_c23_ml_digits_c3v5v8_256s_10q_d2_r0_seed17.json,ml,multiclass_ml,test_accuracy,0.0021373149938881397,knn_numpy,knn_numpy,6,27.415809810045175,12827.220081477626,0.984375,0.71875,0.265625,10240,4608,2560,256,55730074_scale_8n_32g_c23,27.541373926913366,17,256,10,3,digits,"3,5,8",sklearn_digits,,,2,21,1,,"dense_exact,sparse_lanczos",4,chordal,7,tfim,auto,4,4,"dense_exact,sparse_krylov",data/raw/perlmutter/practical_suite_sweep/practical_55730074_scale_8n_32g_c23_ml_digits_c3v5v8_256s_10q_d2_r0_seed17.json,ok
practical_55730074_scale_8n_32g_c23_ml_digits_c3v5v8_256s_10q_d2_r0_seed23.json,ml,multiclass_ml,test_accuracy,0.00015739398077130318,nearest_centroid_numpy,nearest_centroid_numpy,6,23.782908394001424,151104.3070227603,1.0,0.734375,0.265625,10240,4608,2560,256,55730074_scale_8n_32g_c23,23.880026467028074,23,256,10,3,digits,"3,5,8",sklearn_digits,,,2,21,1,,"dense_exact,sparse_lanczos",4,chordal,7,tfim,auto,4,4,"dense_exact,sparse_krylov",data/raw/perlmutter/practical_suite_sweep/practical_55730074_scale_8n_32g_c23_ml_digits_c3v5v8_256s_10q_d2_r0_seed23.json,ok
practical_55730074_scale_8n_32g_c23_ml_digits_c3v5v8_256s_10q_d2_r0_seed31.json,ml,multiclass_ml,test_accuracy,0.0021112030372023582,knn_numpy,knn_numpy,6,22.541953832958825,10677.302673280583,1.0,0.609375,0.390625,10240,4608,2560,256,55730074_scale_8n_32g_c23,22.67042948701419,31,256,10,3,digits,"3,5,8",sklearn_digits,,,2,21,1,,"dense_exact,sparse_lanczos",4,chordal,7,tfim,auto,4,4,"dense_exact,sparse_krylov",data/raw/perlmutter/practical_suite_sweep/practical_55730074_scale_8n_32g_c23_ml_digits_c3v5v8_256s_10q_d2_r0_seed31.json,ok
practical_55730074_scale_8n_32g_c23_ml_digits_c3v5v8_256s_10q_d2_r0_seed43.json,ml,multiclass_ml,test_accuracy,0.062164210015907884,one_hidden_layer_mlp_numpy,one_hidden_layer_mlp_numpy,6,22.350986703066155,359.5475064727198,0.984375,0.75,0.234375,10240,4608,2560,256,55730074_scale_8n_32g_c23,22.46309458091855,43,256,10,3,digits,"3,5,8",sklearn_digits,,,2,21,1,,"dense_exact,sparse_lanczos",4,chordal,7,tfim,auto,4,4,"dense_exact,sparse_krylov",data/raw/perlmutter/practical_suite_sweep/practical_55730074_scale_8n_32g_c23_ml_digits_c3v5v8_256s_10q_d2_r0_seed43.json,ok
practical_55730074_scale_8n_32g_c23_qaoa_chordal_6n_grid13_r0_seed17.json,optimization,optimization_qaoa,approximation_ratio,2.1382002159953117e-05,greedy_assignment_numpy,,4,20.51088396902196,959259.2786954865,7,5.417387701892214,0.22608747115825512,3380,2704,1014,169,55730074_scale_8n_32g_c23,20.522389153949916,17,72,4,3,synthetic,"0,1,2",,small_maxcut,6,1,21,1,,"dense_exact,sparse_lanczos",6,chordal,13,tfim,auto,4,4,"dense_exact,sparse_krylov",data/raw/perlmutter/practical_suite_sweep/practical_55730074_scale_8n_32g_c23_qaoa_chordal_6n_grid13_r0_seed17.json,ok
practical_55730074_scale_8n_32g_c23_qaoa_chordal_6n_grid13_r0_seed31.json,optimization,optimization_qaoa,approximation_ratio,2.0860927179455757e-05,greedy_assignment_numpy,,4,15.615969190956093,748575.0300847127,7,5.417387701892214,0.22608747115825512,3380,2704,1014,169,55730074_scale_8n_32g_c23,15.625183687079698,31,72,4,3,synthetic,"0,1,2",,small_maxcut,6,1,21,1,,"dense_exact,sparse_lanczos",6,chordal,13,tfim,auto,4,4,"dense_exact,sparse_krylov",data/raw/perlmutter/practical_suite_sweep/practical_55730074_scale_8n_32g_c23_qaoa_chordal_6n_grid13_r0_seed31.json,ok
practical_55730074_scale_8n_32g_c23_qaoa_ladder_7n_grid13_r0_seed23.json,optimization,optimization_qaoa,approximation_ratio,2.3055006749927998e-05,greedy_assignment_numpy,,4,15.400059815030545,667970.3017254003,8,5.722271824131493,0.2847160219835634,3718,2704,1183,169,55730074_scale_8n_32g_c23,15.410514979972504,23,72,4,3,synthetic,"0,1,2",,small_maxcut,7,1,21,1,,"dense_exact,sparse_lanczos",7,ladder,13,tfim,auto,4,4,"dense_exact,sparse_krylov",data/raw/perlmutter/practical_suite_sweep/practical_55730074_scale_8n_32g_c23_qaoa_ladder_7n_grid13_r0_seed23.json,ok
practical_55730074_scale_8n_32g_c23_qaoa_ladder_7n_grid13_r0_seed43.json,optimization,optimization_qaoa,approximation_ratio,2.387608401477337e-05,greedy_assignment_numpy,,4,16.030781434033997,671415.8579821936,8,5.722271824131493,0.2847160219835634,3718,2704,1183,169,55730074_scale_8n_32g_c23,16.040660777012818,43,72,4,3,synthetic,"0,1,2",,small_maxcut,7,1,21,1,,"dense_exact,sparse_lanczos",7,ladder,13,tfim,auto,4,4,"dense_exact,sparse_krylov",data/raw/perlmutter/practical_suite_sweep/practical_55730074_scale_8n_32g_c23_qaoa_ladder_7n_grid13_r0_seed43.json,ok
practical_55730074_scale_8n_32g_c23_qaoa_ring_5n_grid13_r0_seed23.json,optimization,optimization_qaoa,approximation_ratio,1.5840050764381886e-05,greedy_assignment_numpy,,4,17.878875777008943,1128713.2877889243,4,3.749999999999998,0.06250000000000056,2535,1690,845,169,55730074_scale_8n_32g_c23,17.892902467981912,23,72,4,3,synthetic,"0,1,2",,small_maxcut,5,1,21,1,,"dense_exact,sparse_lanczos",5,ring,13,tfim,auto,4,4,"dense_exact,sparse_krylov",data/raw/perlmutter/practical_suite_sweep/practical_55730074_scale_8n_32g_c23_qaoa_ring_5n_grid13_r0_seed23.json,ok
practical_55730074_scale_8n_32g_c23_qaoa_ring_5n_grid13_r0_seed43.json,optimization,optimization_qaoa,approximation_ratio,1.532898750156164e-05,greedy_assignment_numpy,,4,15.88915518403519,1036543.0321093602,4,3.749999999999998,0.06250000000000056,2535,1690,845,169,55730074_scale_8n_32g_c23,15.905291493982077,43,72,4,3,synthetic,"0,1,2",,small_maxcut,5,1,21,1,,"dense_exact,sparse_lanczos",5,ring,13,tfim,auto,4,4,"dense_exact,sparse_krylov",data/raw/perlmutter/practical_suite_sweep/practical_55730074_scale_8n_32g_c23_qaoa_ring_5n_grid13_r0_seed43.json,ok
practical_55730074_scale_8n_32g_c23_sim_heisenberg_7q_10steps_r0_seed17.json,simulation,hamiltonian_simulation,absolute_observable_error,0.0031460330355912447,sparse_krylov_expm_multiply_scipy,exact_dense_eigendecomposition_numpy,2,25.936390193062834,8244.156974718011,-0.02818565466473985,-0.06460185083992837,0.036416196175188514,733,360,7,1,55730074_scale_8n_32g_c23,25.985805595992133,17,72,4,3,synthetic,"0,1,2",,heisenberg,7,1,21,1,,"dense_exact,sparse_lanczos",4,chordal,7,heisenberg,auto,7,10,"dense_exact,sparse_krylov",data/raw/perlmutter/practical_suite_sweep/practical_55730074_scale_8n_32g_c23_sim_heisenberg_7q_10steps_r0_seed17.json,ok
practical_55730074_scale_8n_32g_c23_sim_heisenberg_7q_10steps_r0_seed23.json,simulation,hamiltonian_simulation,absolute_observable_error,0.0031359329586848617,sparse_krylov_expm_multiply_scipy,exact_dense_eigendecomposition_numpy,2,21.82448116398882,6959.485885546963,-0.02818565466473985,-0.06460185083992837,0.036416196175188514,733,360,7,1,55730074_scale_8n_32g_c23,21.890581164043397,23,72,4,3,synthetic,"0,1,2",,heisenberg,7,1,21,1,,"dense_exact,sparse_lanczos",4,chordal,7,heisenberg,auto,7,10,"dense_exact,sparse_krylov",data/raw/perlmutter/practical_suite_sweep/practical_55730074_scale_8n_32g_c23_sim_heisenberg_7q_10steps_r0_seed23.json,ok
practical_55730074_scale_8n_32g_c23_sim_heisenberg_7q_10steps_r0_seed31.json,simulation,hamiltonian_simulation,absolute_observable_error,0.003200989100150764,sparse_krylov_expm_multiply_scipy,exact_dense_eigendecomposition_numpy,2,33.77705373603385,10552.067713833509,-0.02818565466473985,-0.06460185083992837,0.036416196175188514,733,360,7,1,55730074_scale_8n_32g_c23,33.885185802937485,31,72,4,3,synthetic,"0,1,2",,heisenberg,7,1,21,1,,"dense_exact,sparse_lanczos",4,chordal,7,heisenberg,auto,7,10,"dense_exact,sparse_krylov",data/raw/perlmutter/practical_suite_sweep/practical_55730074_scale_8n_32g_c23_sim_heisenberg_7q_10steps_r0_seed31.json,ok
practical_55730074_scale_8n_32g_c23_sim_heisenberg_7q_10steps_r0_seed43.json,simulation,hamiltonian_simulation,absolute_observable_error,0.01064450095873326,sparse_krylov_expm_multiply_scipy,exact_dense_eigendecomposition_numpy,2,22.345944472006522,2099.29470236675,-0.02818565466473985,-0.06460185083992837,0.036416196175188514,733,360,7,1,55730074_scale_8n_32g_c23,22.452892426983453,43,72,4,3,synthetic,"0,1,2",,heisenberg,7,1,21,1,,"dense_exact,sparse_lanczos",4,chordal,7,heisenberg,auto,7,10,"dense_exact,sparse_krylov",data/raw/perlmutter/practical_suite_sweep/practical_55730074_scale_8n_32g_c23_sim_heisenberg_7q_10steps_r0_seed43.json,ok
practical_55730074_scale_8n_32g_c24_chem_h2_l2_grid33_r0_seed23.json,chemistry,chemistry_vqe,absolute_energy_error,0.0001418020110577345,exact_dense_diagonalization_numpy,exact_dense_diagonalization_numpy,2,19.443958100979216,137120.4678688417,-1.85727503020238,-1.8369679912029844,0.020307038999395566,552,138,138,69,55730074_scale_8n_32g_c24,19.45487757702358,23,72,4,3,synthetic,"0,1,2",,H2_minimal_2qubit,2,1,33,2,,"dense_exact,sparse_lanczos",4,chordal,7,tfim,auto,4,4,"dense_exact,sparse_krylov",data/raw/perlmutter/practical_suite_sweep/practical_55730074_scale_8n_32g_c24_chem_h2_l2_grid33_r0_seed23.json,ok
practical_55730074_scale_8n_32g_c24_ml_digits_c0v1v2_320s_4q_d1_r0_seed17.json,ml,multiclass_ml,test_accuracy,0.00015835301019251347,linear_ridge_numpy,linear_ridge_numpy,6,40.40973039495293,255187.63644483848,1.0,0.7125,0.2875,2560,960,1280,320,55730074_scale_8n_32g_c24,40.60514552798122,17,320,4,3,digits,"0,1,2",sklearn_digits,,,1,21,1,,"dense_exact,sparse_lanczos",4,chordal,7,tfim,auto,4,4,"dense_exact,sparse_krylov",data/raw/perlmutter/practical_suite_sweep/practical_55730074_scale_8n_32g_c24_ml_digits_c0v1v2_320s_4q_d1_r0_seed17.json,ok
practical_55730074_scale_8n_32g_c24_ml_digits_c0v1v2_320s_4q_d1_r0_seed23.json,ml,multiclass_ml,test_accuracy,0.002582542016170919,knn_numpy,knn_numpy,6,17.61413698096294,6820.464825226369,1.0,0.775,0.22499999999999998,2560,960,1280,320,55730074_scale_8n_32g_c24,17.737043046043254,23,320,4,3,digits,"0,1,2",sklearn_digits,,,1,21,1,,"dense_exact,sparse_lanczos",4,chordal,7,tfim,auto,4,4,"dense_exact,sparse_krylov",data/raw/perlmutter/practical_suite_sweep/practical_55730074_scale_8n_32g_c24_ml_digits_c0v1v2_320s_4q_d1_r0_seed23.json,ok
practical_55730074_scale_8n_32g_c24_ml_digits_c0v1v2_320s_4q_d1_r0_seed31.json,ml,multiclass_ml,test_accuracy,0.015049070003442466,softmax_regression_numpy,softmax_regression_numpy,6,20.344781731022522,1351.8962783991744,1.0,0.825,0.17500000000000004,2560,960,1280,320,55730074_scale_8n_32g_c24,20.45769274001941,31,320,4,3,digits,"0,1,2",sklearn_digits,,,1,21,1,,"dense_exact,sparse_lanczos",4,chordal,7,tfim,auto,4,4,"dense_exact,sparse_krylov",data/raw/perlmutter/practical_suite_sweep/practical_55730074_scale_8n_32g_c24_ml_digits_c0v1v2_320s_4q_d1_r0_seed31.json,ok
practical_55730074_scale_8n_32g_c24_ml_digits_c0v1v2_320s_4q_d1_r0_seed43.json,ml,multiclass_ml,test_accuracy,0.004577517043799162,rbf_kernel_ridge_numpy,rbf_kernel_ridge_numpy,6,24.61935391300358,5378.320534350314,1.0,0.775,0.22499999999999998,2560,960,1280,320,55730074_scale_8n_32g_c24,24.73827848501969,43,320,4,3,digits,"0,1,2",sklearn_digits,,,1,21,1,,"dense_exact,sparse_lanczos",4,chordal,7,tfim,auto,4,4,"dense_exact,sparse_krylov",data/raw/perlmutter/practical_suite_sweep/practical_55730074_scale_8n_32g_c24_ml_digits_c0v1v2_320s_4q_d1_r0_seed43.json,ok
practical_55730074_scale_8n_32g_c24_ml_digits_c0v1v2v3_320s_4q_d1_r0_seed17.json,ml,multiclass_ml,test_accuracy,0.0026203669840469956,knn_numpy,knn_numpy,6,18.742918891948648,7152.783944408185,0.9,0.6375,0.26250000000000007,2560,960,1280,320,55730074_scale_8n_32g_c24,18.85412441205699,17,320,4,4,digits,"0,1,2,3",sklearn_digits,,,1,21,1,,"dense_exact,sparse_lanczos",4,chordal,7,tfim,auto,4,4,"dense_exact,sparse_krylov",data/raw/perlmutter/practical_suite_sweep/practical_55730074_scale_8n_32g_c24_ml_digits_c0v1v2v3_320s_4q_d1_r0_seed17.json,ok
practical_55730074_scale_8n_32g_c24_ml_digits_c0v1v2v3_320s_4q_d1_r0_seed23.json,ml,multiclass_ml,test_accuracy,0.004013318917714059,rbf_kernel_ridge_numpy,rbf_kernel_ridge_numpy,6,20.94463664095383,5218.782028138361,0.9375,0.75,0.1875,2560,960,1280,320,55730074_scale_8n_32g_c24,21.057740874006413,23,320,4,4,digits,"0,1,2,3",sklearn_digits,,,1,21,1,,"dense_exact,sparse_lanczos",4,chordal,7,tfim,auto,4,4,"dense_exact,sparse_krylov",data/raw/perlmutter/practical_suite_sweep/practical_55730074_scale_8n_32g_c24_ml_digits_c0v1v2v3_320s_4q_d1_r0_seed23.json,ok
practical_55730074_scale_8n_32g_c24_ml_digits_c0v1v2v3_320s_4q_d1_r0_seed31.json,ml,multiclass_ml,test_accuracy,0.004172895918600261,rbf_kernel_ridge_numpy,rbf_kernel_ridge_numpy,6,20.154129967908375,4829.770586434563,0.9625,0.7,0.26250000000000007,2560,960,1280,320,55730074_scale_8n_32g_c24,20.273556673899293,31,320,4,4,digits,"0,1,2,3",sklearn_digits,,,1,21,1,,"dense_exact,sparse_lanczos",4,chordal,7,tfim,auto,4,4,"dense_exact,sparse_krylov",data/raw/perlmutter/practical_suite_sweep/practical_55730074_scale_8n_32g_c24_ml_digits_c0v1v2v3_320s_4q_d1_r0_seed31.json,ok
practical_55730074_scale_8n_32g_c24_ml_digits_c0v1v2v3_320s_4q_d1_r0_seed43.json,ml,multiclass_ml,test_accuracy,0.004209685022942722,rbf_kernel_ridge_numpy,rbf_kernel_ridge_numpy,6,21.200629119062796,5036.155675191772,0.9875,0.8625,0.125,2560,960,1280,320,55730074_scale_8n_32g_c24,21.315610115998425,43,320,4,4,digits,"0,1,2,3",sklearn_digits,,,1,21,1,,"dense_exact,sparse_lanczos",4,chordal,7,tfim,auto,4,4,"dense_exact,sparse_krylov",data/raw/perlmutter/practical_suite_sweep/practical_55730074_scale_8n_32g_c24_ml_digits_c0v1v2v3_320s_4q_d1_r0_seed43.json,ok
practical_55730074_scale_8n_32g_c24_ml_digits_c2v4v6v8_320s_4q_d1_r0_seed17.json,ml,multiclass_ml,test_accuracy,0.0025946570094674826,knn_numpy,knn_numpy,6,19.231570107047446,7411.989344593357,1.0,0.7125,0.2875,2560,960,1280,320,55730074_scale_8n_32g_c24,19.34723233594559,17,320,4,4,digits,"2,4,6,8",sklearn_digits,,,1,21,1,,"dense_exact,sparse_lanczos",4,chordal,7,tfim,auto,4,4,"dense_exact,sparse_krylov",data/raw/perlmutter/practical_suite_sweep/practical_55730074_scale_8n_32g_c24_ml_digits_c2v4v6v8_320s_4q_d1_r0_seed17.json,ok
practical_55730074_scale_8n_32g_c24_ml_digits_c2v4v6v8_320s_4q_d1_r0_seed23.json,ml,multiclass_ml,test_accuracy,0.0025903020286932588,knn_numpy,knn_numpy,6,20.549927156069316,7933.409667457285,0.975,0.8125,0.16249999999999998,2560,960,1280,320,55730074_scale_8n_32g_c24,20.66677497094497,23,320,4,4,digits,"2,4,6,8",sklearn_digits,,,1,21,1,,"dense_exact,sparse_lanczos",4,chordal,7,tfim,auto,4,4,"dense_exact,sparse_krylov",data/raw/perlmutter/practical_suite_sweep/practical_55730074_scale_8n_32g_c24_ml_digits_c2v4v6v8_320s_4q_d1_r0_seed23.json,ok
practical_55730074_scale_8n_32g_c24_ml_digits_c2v4v6v8_320s_4q_d1_r0_seed31.json,ml,multiclass_ml,test_accuracy,0.0025687000015750527,knn_numpy,knn_numpy,6,21.42622314102482,8341.271120756366,0.9375,0.775,0.16249999999999998,2560,960,1280,320,55730074_scale_8n_32g_c24,21.54143301700242,31,320,4,4,digits,"2,4,6,8",sklearn_digits,,,1,21,1,,"dense_exact,sparse_lanczos",4,chordal,7,tfim,auto,4,4,"dense_exact,sparse_krylov",data/raw/perlmutter/practical_suite_sweep/practical_55730074_scale_8n_32g_c24_ml_digits_c2v4v6v8_320s_4q_d1_r0_seed31.json,ok
practical_55730074_scale_8n_32g_c24_ml_digits_c2v4v6v8_320s_4q_d1_r0_seed43.json,ml,multiclass_ml,test_accuracy,0.00015883403830230236,linear_ridge_numpy,linear_ridge_numpy,6,20.574124666978605,129532.2141707479,1.0,0.725,0.275,2560,960,1280,320,55730074_scale_8n_32g_c24,20.686729733017273,43,320,4,4,digits,"2,4,6,8",sklearn_digits,,,1,21,1,,"dense_exact,sparse_lanczos",4,chordal,7,tfim,auto,4,4,"dense_exact,sparse_krylov",data/raw/perlmutter/practical_suite_sweep/practical_55730074_scale_8n_32g_c24_ml_digits_c2v4v6v8_320s_4q_d1_r0_seed43.json,ok
practical_55730074_scale_8n_32g_c24_ml_digits_c3v5v8_320s_4q_d1_r0_seed17.json,ml,multiclass_ml,test_accuracy,0.0001771789975464344,nearest_centroid_numpy,nearest_centroid_numpy,6,22.219940693001263,125409.56321404823,0.95,0.6,0.35,2560,960,1280,320,55730074_scale_8n_32g_c24,22.34183118690271,17,320,4,3,digits,"3,5,8",sklearn_digits,,,1,21,1,,"dense_exact,sparse_lanczos",4,chordal,7,tfim,auto,4,4,"dense_exact,sparse_krylov",data/raw/perlmutter/practical_suite_sweep/practical_55730074_scale_8n_32g_c24_ml_digits_c3v5v8_320s_4q_d1_r0_seed17.json,ok
practical_55730074_scale_8n_32g_c24_ml_digits_c3v5v8_320s_4q_d1_r0_seed23.json,ml,multiclass_ml,test_accuracy,0.0026819020276889205,knn_numpy,knn_numpy,6,17.94543552293908,6691.3091297385035,0.975,0.675,0.29999999999999993,2560,960,1280,320,55730074_scale_8n_32g_c24,18.064681422081776,23,320,4,3,digits,"3,5,8",sklearn_digits,,,1,21,1,,"dense_exact,sparse_lanczos",4,chordal,7,tfim,auto,4,4,"dense_exact,sparse_krylov",data/raw/perlmutter/practical_suite_sweep/practical_55730074_scale_8n_32g_c24_ml_digits_c3v5v8_320s_4q_d1_r0_seed23.json,ok
practical_55730074_scale_8n_32g_c24_ml_digits_c3v5v8_320s_4q_d1_r0_seed31.json,ml,multiclass_ml,test_accuracy,0.0001789319794625044,nearest_centroid_numpy,nearest_centroid_numpy,6,19.685033894958906,110014.062070352,0.9625,0.6,0.36250000000000004,2560,960,1280,320,55730074_scale_8n_32g_c24,19.824643398984335,31,320,4,3,digits,"3,5,8",sklearn_digits,,,1,21,1,,"dense_exact,sparse_lanczos",4,chordal,7,tfim,auto,4,4,"dense_exact,sparse_krylov",data/raw/perlmutter/practical_suite_sweep/practical_55730074_scale_8n_32g_c24_ml_digits_c3v5v8_320s_4q_d1_r0_seed31.json,ok
practical_55730074_scale_8n_32g_c24_ml_digits_c3v5v8_320s_4q_d1_r0_seed43.json,ml,multiclass_ml,test_accuracy,0.002629557973705232,knn_numpy,knn_numpy,6,24.11735932098236,9171.640086337136,0.95,0.5875,0.36249999999999993,2560,960,1280,320,55730074_scale_8n_32g_c24,24.232349539990537,43,320,4,3,digits,"3,5,8",sklearn_digits,,,1,21,1,,"dense_exact,sparse_lanczos",4,chordal,7,tfim,auto,4,4,"dense_exact,sparse_krylov",data/raw/perlmutter/practical_suite_sweep/practical_55730074_scale_8n_32g_c24_ml_digits_c3v5v8_320s_4q_d1_r0_seed43.json,ok
practical_55730074_scale_8n_32g_c24_qaoa_chordal_5n_grid7_r0_seed23.json,optimization,optimization_qaoa,approximation_ratio,4.909397102892399e-05,exact_enumeration_numpy,,4,22.220772103988566,452617.12667115626,6,4.521153579257492,0.2464744034570847,833,686,245,49,55730074_scale_8n_32g_c24,22.26727969199419,23,72,4,3,synthetic,"0,1,2",,small_maxcut,5,1,21,1,,"dense_exact,sparse_lanczos",5,chordal,7,tfim,auto,4,4,"dense_exact,sparse_krylov",data/raw/perlmutter/practical_suite_sweep/practical_55730074_scale_8n_32g_c24_qaoa_chordal_5n_grid7_r0_seed23.json,ok
practical_55730074_scale_8n_32g_c24_qaoa_chordal_5n_grid7_r0_seed43.json,optimization,optimization_qaoa,approximation_ratio,4.7712004743516445e-05,exact_enumeration_numpy,,4,13.203035705955699,276723.55787460075,6,4.521153579257492,0.2464744034570847,833,686,245,49,55730074_scale_8n_32g_c24,13.211150401039049,43,72,4,3,synthetic,"0,1,2",,small_maxcut,5,1,21,1,,"dense_exact,sparse_lanczos",5,chordal,7,tfim,auto,4,4,"dense_exact,sparse_krylov",data/raw/perlmutter/practical_suite_sweep/practical_55730074_scale_8n_32g_c24_qaoa_chordal_5n_grid7_r0_seed43.json,ok
practical_55730074_scale_8n_32g_c24_qaoa_ladder_6n_grid7_r0_seed17.json,optimization,optimization_qaoa,approximation_ratio,1.912703737616539e-05,greedy_assignment_numpy,,4,20.402973994030617,1066708.5337248936,7,4.737139289628745,0.32326581576732216,931,686,294,49,55730074_scale_8n_32g_c24,20.576499370043166,17,72,4,3,synthetic,"0,1,2",,small_maxcut,6,1,21,1,,"dense_exact,sparse_lanczos",6,ladder,7,tfim,auto,4,4,"dense_exact,sparse_krylov",data/raw/perlmutter/practical_suite_sweep/practical_55730074_scale_8n_32g_c24_qaoa_ladder_6n_grid7_r0_seed17.json,ok
practical_55730074_scale_8n_32g_c24_qaoa_ladder_6n_grid7_r0_seed31.json,optimization,optimization_qaoa,approximation_ratio,1.9497936591506004e-05,greedy_assignment_numpy,,4,17.28978371201083,886749.4070907419,7,4.737139289628745,0.32326581576732216,931,686,294,49,55730074_scale_8n_32g_c24,17.31001669995021,31,72,4,3,synthetic,"0,1,2",,small_maxcut,6,1,21,1,,"dense_exact,sparse_lanczos",6,ladder,7,tfim,auto,4,4,"dense_exact,sparse_krylov",data/raw/perlmutter/practical_suite_sweep/practical_55730074_scale_8n_32g_c24_qaoa_ladder_6n_grid7_r0_seed31.json,ok
practical_55730074_scale_8n_32g_c24_qaoa_ring_4n_grid7_r0_seed17.json,optimization,optimization_qaoa,approximation_ratio,1.3355049304664135e-05,greedy_assignment_numpy,,4,21.618837747955695,1618776.3335628798,4,2.749999999999999,0.3125000000000002,588,392,196,49,55730074_scale_8n_32g_c24,21.626864181947894,17,72,4,3,synthetic,"0,1,2",,small_maxcut,4,1,21,1,,"dense_exact,sparse_lanczos",4,ring,7,tfim,auto,4,4,"dense_exact,sparse_krylov",data/raw/perlmutter/practical_suite_sweep/practical_55730074_scale_8n_32g_c24_qaoa_ring_4n_grid7_r0_seed17.json,ok
practical_55730074_scale_8n_32g_c24_qaoa_ring_4n_grid7_r0_seed31.json,optimization,optimization_qaoa,approximation_ratio,1.285504549741745e-05,greedy_assignment_numpy,,4,19.914820423931815,1549183.1925396654,4,2.749999999999999,0.3125000000000002,588,392,196,49,55730074_scale_8n_32g_c24,19.924840072984807,31,72,4,3,synthetic,"0,1,2",,small_maxcut,4,1,21,1,,"dense_exact,sparse_lanczos",4,ring,7,tfim,auto,4,4,"dense_exact,sparse_krylov",data/raw/perlmutter/practical_suite_sweep/practical_55730074_scale_8n_32g_c24_qaoa_ring_4n_grid7_r0_seed31.json,ok
practical_55730074_scale_8n_32g_c24_sim_tfim_4q_4steps_r0_seed17.json,simulation,hamiltonian_simulation,absolute_observable_error,0.0003188609844073653,exact_dense_eigendecomposition_numpy,exact_dense_eigendecomposition_numpy,2,13.312794942990877,41751.09403156998,0.8218024506329117,0.820673031863585,0.0011294187693267066,28,24,4,1,55730074_scale_8n_32g_c24,13.322233223938383,17,72,4,3,synthetic,"0,1,2",,tfim,4,1,21,1,,"dense_exact,sparse_lanczos",4,chordal,7,tfim,auto,4,4,"dense_exact,sparse_krylov",data/raw/perlmutter/practical_suite_sweep/practical_55730074_scale_8n_32g_c24_sim_tfim_4q_4steps_r0_seed17.json,ok
practical_55730074_scale_8n_32g_c24_sim_tfim_4q_4steps_r0_seed23.json,simulation,hamiltonian_simulation,absolute_observable_error,0.00032707699574530125,exact_dense_eigendecomposition_numpy,exact_dense_eigendecomposition_numpy,2,14.25662874407135,43587.98976854109,0.8218024506329117,0.820673031863585,0.0011294187693267066,28,24,4,1,55730074_scale_8n_32g_c24,14.273074246942997,23,72,4,3,synthetic,"0,1,2",,tfim,4,1,21,1,,"dense_exact,sparse_lanczos",4,chordal,7,tfim,auto,4,4,"dense_exact,sparse_krylov",data/raw/perlmutter/practical_suite_sweep/practical_55730074_scale_8n_32g_c24_sim_tfim_4q_4steps_r0_seed23.json,ok
practical_55730074_scale_8n_32g_c24_sim_tfim_4q_4steps_r0_seed31.json,simulation,hamiltonian_simulation,absolute_observable_error,0.00033380999229848385,exact_dense_eigendecomposition_numpy,exact_dense_eigendecomposition_numpy,2,13.319083192036487,39900.19322167841,0.8218024506329117,0.820673031863585,0.0011294187693267066,28,24,4,1,55730074_scale_8n_32g_c24,13.345074063981883,31,72,4,3,synthetic,"0,1,2",,tfim,4,1,21,1,,"dense_exact,sparse_lanczos",4,chordal,7,tfim,auto,4,4,"dense_exact,sparse_krylov",data/raw/perlmutter/practical_suite_sweep/practical_55730074_scale_8n_32g_c24_sim_tfim_4q_4steps_r0_seed31.json,ok
practical_55730074_scale_8n_32g_c24_sim_tfim_4q_4steps_r0_seed43.json,simulation,hamiltonian_simulation,absolute_observable_error,0.0003489479422569275,exact_dense_eigendecomposition_numpy,exact_dense_eigendecomposition_numpy,2,14.041135846986435,40238.48301317124,0.8218024506329117,0.820673031863585,0.0011294187693267066,28,24,4,1,55730074_scale_8n_32g_c24,14.050060527049936,43,72,4,3,synthetic,"0,1,2",,tfim,4,1,21,1,,"dense_exact,sparse_lanczos",4,chordal,7,tfim,auto,4,4,"dense_exact,sparse_krylov",data/raw/perlmutter/practical_suite_sweep/practical_55730074_scale_8n_32g_c24_sim_tfim_4q_4steps_r0_seed43.json,ok
practical_55730074_scale_8n_32g_c25_chem_molecular_chain_4q_l2_grid9_r0_seed23.json,chemistry,chemistry_vqe,absolute_energy_error,0.0001773099647834897,exact_dense_diagonalization_numpy,sparse_lanczos_eigsh_scipy,2,19.89933108096011,112229.06228230803,-1.705732892552905,-0.8946266380615817,0.8111062544913232,336,126,84,21,55730074_scale_8n_32g_c25,19.937203489011154,23,72,4,3,synthetic,"0,1,2",,molecular_chain_4q_surrogate,4,1,9,2,benchmarks/workloads/hamiltonians/molecular_chain_4q.json,"dense_exact,sparse_lanczos",4,chordal,7,tfim,auto,4,4,"dense_exact,sparse_krylov",data/raw/perlmutter/practical_suite_sweep/practical_55730074_scale_8n_32g_c25_chem_molecular_chain_4q_l2_grid9_r0_seed23.json,ok
practical_55730074_scale_8n_32g_c25_ml_digits_c0v1v2_320s_4q_d2_r0_seed17.json,ml,multiclass_ml,test_accuracy,0.0003924539778381586,linear_ridge_numpy,linear_ridge_numpy,6,40.50649018201511,103213.35104091952,1.0,0.55,0.44999999999999996,5120,1920,1280,320,55730074_scale_8n_32g_c25,40.64156560203992,17,320,4,3,digits,"0,1,2",sklearn_digits,,,2,21,1,,"dense_exact,sparse_lanczos",4,chordal,7,tfim,auto,4,4,"dense_exact,sparse_krylov",data/raw/perlmutter/practical_suite_sweep/practical_55730074_scale_8n_32g_c25_ml_digits_c0v1v2_320s_4q_d2_r0_seed17.json,ok
practical_55730074_scale_8n_32g_c25_ml_digits_c0v1v2_320s_4q_d2_r0_seed23.json,ml,multiclass_ml,test_accuracy,0.002569196978583932,knn_numpy,knn_numpy,6,16.7826933079632,6532.271930824604,1.0,0.65,0.35,5120,1920,1280,320,55730074_scale_8n_32g_c25,16.89687093195971,23,320,4,3,digits,"0,1,2",sklearn_digits,,,2,21,1,,"dense_exact,sparse_lanczos",4,chordal,7,tfim,auto,4,4,"dense_exact,sparse_krylov",data/raw/perlmutter/practical_suite_sweep/practical_55730074_scale_8n_32g_c25_ml_digits_c0v1v2_320s_4q_d2_r0_seed23.json,ok
practical_55730074_scale_8n_32g_c25_ml_digits_c0v1v2_320s_4q_d2_r0_seed31.json,ml,multiclass_ml,test_accuracy,0.01497913699131459,softmax_regression_numpy,softmax_regression_numpy,6,18.2995737970341,1221.6707683256259,1.0,0.7,0.30000000000000004,5120,1920,1280,320,55730074_scale_8n_32g_c25,18.42715013306588,31,320,4,3,digits,"0,1,2",sklearn_digits,,,2,21,1,,"dense_exact,sparse_lanczos",4,chordal,7,tfim,auto,4,4,"dense_exact,sparse_krylov",data/raw/perlmutter/practical_suite_sweep/practical_55730074_scale_8n_32g_c25_ml_digits_c0v1v2_320s_4q_d2_r0_seed31.json,ok
practical_55730074_scale_8n_32g_c25_ml_digits_c0v1v2_320s_4q_d2_r0_seed43.json,ml,multiclass_ml,test_accuracy,0.004419873934239149,rbf_kernel_ridge_numpy,rbf_kernel_ridge_numpy,6,20.948138114996254,4739.532942946332,1.0,0.5875,0.4125,5120,1920,1280,320,55730074_scale_8n_32g_c25,21.081167059019208,43,320,4,3,digits,"0,1,2",sklearn_digits,,,2,21,1,,"dense_exact,sparse_lanczos",4,chordal,7,tfim,auto,4,4,"dense_exact,sparse_krylov",data/raw/perlmutter/practical_suite_sweep/practical_55730074_scale_8n_32g_c25_ml_digits_c0v1v2_320s_4q_d2_r0_seed43.json,ok
practical_55730074_scale_8n_32g_c25_ml_digits_c0v1v2v3_320s_4q_d2_r0_seed17.json,ml,multiclass_ml,test_accuracy,0.0025919820182025433,knn_numpy,knn_numpy,6,18.289362307987176,7056.130088691843,0.9,0.5625,0.3375,5120,1920,1280,320,55730074_scale_8n_32g_c25,18.40778498898726,17,320,4,4,digits,"0,1,2,3",sklearn_digits,,,2,21,1,,"dense_exact,sparse_lanczos",4,chordal,7,tfim,auto,4,4,"dense_exact,sparse_krylov",data/raw/perlmutter/practical_suite_sweep/practical_55730074_scale_8n_32g_c25_ml_digits_c0v1v2v3_320s_4q_d2_r0_seed17.json,ok
practical_55730074_scale_8n_32g_c25_ml_digits_c0v1v2v3_320s_4q_d2_r0_seed23.json,ml,multiclass_ml,test_accuracy,0.004112930037081242,rbf_kernel_ridge_numpy,rbf_kernel_ridge_numpy,6,20.40297760302201,4960.691628370384,0.9375,0.7,0.23750000000000004,5120,1920,1280,320,55730074_scale_8n_32g_c25,20.54054526099935,23,320,4,4,digits,"0,1,2,3",sklearn_digits,,,2,21,1,,"dense_exact,sparse_lanczos",4,chordal,7,tfim,auto,4,4,"dense_exact,sparse_krylov",data/raw/perlmutter/practical_suite_sweep/practical_55730074_scale_8n_32g_c25_ml_digits_c0v1v2v3_320s_4q_d2_r0_seed23.json,ok
practical_55730074_scale_8n_32g_c25_ml_digits_c0v1v2v3_320s_4q_d2_r0_seed31.json,ml,multiclass_ml,test_accuracy,0.004464555066078901,rbf_kernel_ridge_numpy,rbf_kernel_ridge_numpy,6,20.589534147060476,4611.777398266858,0.9625,0.675,0.2875,5120,1920,1280,320,55730074_scale_8n_32g_c25,20.70682461699471,31,320,4,4,digits,"0,1,2,3",sklearn_digits,,,2,21,1,,"dense_exact,sparse_lanczos",4,chordal,7,tfim,auto,4,4,"dense_exact,sparse_krylov",data/raw/perlmutter/practical_suite_sweep/practical_55730074_scale_8n_32g_c25_ml_digits_c0v1v2v3_320s_4q_d2_r0_seed31.json,ok
practical_55730074_scale_8n_32g_c25_ml_digits_c0v1v2v3_320s_4q_d2_r0_seed43.json,ml,multiclass_ml,test_accuracy,0.004578811931423843,rbf_kernel_ridge_numpy,rbf_kernel_ridge_numpy,6,21.3599970160285,4664.964915775941,0.9875,0.7,0.2875000000000001,5120,1920,1280,320,55730074_scale_8n_32g_c25,21.477551202988252,43,320,4,4,digits,"0,1,2,3",sklearn_digits,,,2,21,1,,"dense_exact,sparse_lanczos",4,chordal,7,tfim,auto,4,4,"dense_exact,sparse_krylov",data/raw/perlmutter/practical_suite_sweep/practical_55730074_scale_8n_32g_c25_ml_digits_c0v1v2v3_320s_4q_d2_r0_seed43.json,ok
practical_55730074_scale_8n_32g_c25_ml_digits_c2v4v6v8_320s_4q_d2_r0_seed17.json,ml,multiclass_ml,test_accuracy,0.002592983073554933,knn_numpy,knn_numpy,6,19.73379034199752,7610.458603936372,1.0,0.7625,0.23750000000000004,5120,1920,1280,320,55730074_scale_8n_32g_c25,19.870353393023834,17,320,4,4,digits,"2,4,6,8",sklearn_digits,,,2,21,1,,"dense_exact,sparse_lanczos",4,chordal,7,tfim,auto,4,4,"dense_exact,sparse_krylov",data/raw/perlmutter/practical_suite_sweep/practical_55730074_scale_8n_32g_c25_ml_digits_c2v4v6v8_320s_4q_d2_r0_seed17.json,ok
practical_55730074_scale_8n_32g_c25_ml_digits_c2v4v6v8_320s_4q_d2_r0_seed23.json,ml,multiclass_ml,test_accuracy,0.002550255972892046,knn_numpy,knn_numpy,6,19.519922256004065,7654.103142386937,0.975,0.7375,0.23749999999999993,5120,1920,1280,320,55730074_scale_8n_32g_c25,19.63352706900332,23,320,4,4,digits,"2,4,6,8",sklearn_digits,,,2,21,1,,"dense_exact,sparse_lanczos",4,chordal,7,tfim,auto,4,4,"dense_exact,sparse_krylov",data/raw/perlmutter/practical_suite_sweep/practical_55730074_scale_8n_32g_c25_ml_digits_c2v4v6v8_320s_4q_d2_r0_seed23.json,ok
practical_55730074_scale_8n_32g_c25_ml_digits_c2v4v6v8_320s_4q_d2_r0_seed31.json,ml,multiclass_ml,test_accuracy,0.0026121860137209296,knn_numpy,knn_numpy,6,20.650905827060342,7905.60309204173,0.9375,0.6125,0.32499999999999996,5120,1920,1280,320,55730074_scale_8n_32g_c25,20.763740848982707,31,320,4,4,digits,"2,4,6,8",sklearn_digits,,,2,21,1,,"dense_exact,sparse_lanczos",4,chordal,7,tfim,auto,4,4,"dense_exact,sparse_krylov",data/raw/perlmutter/practical_suite_sweep/practical_55730074_scale_8n_32g_c25_ml_digits_c2v4v6v8_320s_4q_d2_r0_seed31.json,ok
practical_55730074_scale_8n_32g_c25_ml_digits_c2v4v6v8_320s_4q_d2_r0_seed43.json,ml,multiclass_ml,test_accuracy,0.00016127899289131165,linear_ridge_numpy,linear_ridge_numpy,6,20.879136852920055,129459.74226780311,1.0,0.8,0.19999999999999996,5120,1920,1280,320,55730074_scale_8n_32g_c25,20.991771815926768,43,320,4,4,digits,"2,4,6,8",sklearn_digits,,,2,21,1,,"dense_exact,sparse_lanczos",4,chordal,7,tfim,auto,4,4,"dense_exact,sparse_krylov",data/raw/perlmutter/practical_suite_sweep/practical_55730074_scale_8n_32g_c25_ml_digits_c2v4v6v8_320s_4q_d2_r0_seed43.json,ok
practical_55730074_scale_8n_32g_c25_ml_digits_c3v5v8_320s_4q_d2_r0_seed17.json,ml,multiclass_ml,test_accuracy,0.00017772894352674484,nearest_centroid_numpy,nearest_centroid_numpy,6,19.392275228048675,109111.52029174418,0.95,0.6,0.35,5120,1920,1280,320,55730074_scale_8n_32g_c25,19.50283526198473,17,320,4,3,digits,"3,5,8",sklearn_digits,,,2,21,1,,"dense_exact,sparse_lanczos",4,chordal,7,tfim,auto,4,4,"dense_exact,sparse_krylov",data/raw/perlmutter/practical_suite_sweep/practical_55730074_scale_8n_32g_c25_ml_digits_c3v5v8_320s_4q_d2_r0_seed17.json,ok
practical_55730074_scale_8n_32g_c25_ml_digits_c3v5v8_320s_4q_d2_r0_seed23.json,ml,multiclass_ml,test_accuracy,0.0025798159185796976,knn_numpy,knn_numpy,6,17.113539088051766,6633.627990586834,0.975,0.725,0.25,5120,1920,1280,320,55730074_scale_8n_32g_c25,17.234992684912868,23,320,4,3,digits,"3,5,8",sklearn_digits,,,2,21,1,,"dense_exact,sparse_lanczos",4,chordal,7,tfim,auto,4,4,"dense_exact,sparse_krylov",data/raw/perlmutter/practical_suite_sweep/practical_55730074_scale_8n_32g_c25_ml_digits_c3v5v8_320s_4q_d2_r0_seed23.json,ok
practical_55730074_scale_8n_32g_c25_ml_digits_c3v5v8_320s_4q_d2_r0_seed31.json,ml,multiclass_ml,test_accuracy,0.00017658807337284088,nearest_centroid_numpy,nearest_centroid_numpy,6,20.08480182592757,113738.15593718686,0.9625,0.475,0.48750000000000004,5120,1920,1280,320,55730074_scale_8n_32g_c25,20.1972687470261,31,320,4,3,digits,"3,5,8",sklearn_digits,,,2,21,1,,"dense_exact,sparse_lanczos",4,chordal,7,tfim,auto,4,4,"dense_exact,sparse_krylov",data/raw/perlmutter/practical_suite_sweep/practical_55730074_scale_8n_32g_c25_ml_digits_c3v5v8_320s_4q_d2_r0_seed31.json,ok
practical_55730074_scale_8n_32g_c25_ml_digits_c3v5v8_320s_4q_d2_r0_seed43.json,ml,multiclass_ml,test_accuracy,0.0025901609333232045,knn_numpy,knn_numpy,6,21.512648597941734,8305.52585407918,0.95,0.5125,0.4375,5120,1920,1280,320,55730074_scale_8n_32g_c25,21.624959098990075,43,320,4,3,digits,"3,5,8",sklearn_digits,,,2,21,1,,"dense_exact,sparse_lanczos",4,chordal,7,tfim,auto,4,4,"dense_exact,sparse_krylov",data/raw/perlmutter/practical_suite_sweep/practical_55730074_scale_8n_32g_c25_ml_digits_c3v5v8_320s_4q_d2_r0_seed43.json,ok
practical_55730074_scale_8n_32g_c25_qaoa_chordal_5n_grid9_r0_seed23.json,optimization,optimization_qaoa,approximation_ratio,4.779198206961155e-05,exact_enumeration_numpy,,4,19.67879917297978,411759.4274352666,6,4.469198918953913,0.2551335135076811,1377,1134,405,81,55730074_scale_8n_32g_c25,19.688673694967292,23,72,4,3,synthetic,"0,1,2",,small_maxcut,5,1,21,1,,"dense_exact,sparse_lanczos",5,chordal,9,tfim,auto,4,4,"dense_exact,sparse_krylov",data/raw/perlmutter/practical_suite_sweep/practical_55730074_scale_8n_32g_c25_qaoa_chordal_5n_grid9_r0_seed23.json,ok
practical_55730074_scale_8n_32g_c25_qaoa_chordal_5n_grid9_r0_seed43.json,optimization,optimization_qaoa,approximation_ratio,4.803203046321869e-05,exact_enumeration_numpy,,4,17.193924105959013,357967.8797698453,6,4.469198918953913,0.2551335135076811,1377,1134,405,81,55730074_scale_8n_32g_c25,17.206349626998417,43,72,4,3,synthetic,"0,1,2",,small_maxcut,5,1,21,1,,"dense_exact,sparse_lanczos",5,chordal,9,tfim,auto,4,4,"dense_exact,sparse_krylov",data/raw/perlmutter/practical_suite_sweep/practical_55730074_scale_8n_32g_c25_qaoa_chordal_5n_grid9_r0_seed43.json,ok
practical_55730074_scale_8n_32g_c25_qaoa_ladder_6n_grid9_r0_seed17.json,optimization,optimization_qaoa,approximation_ratio,1.9576982595026493e-05,greedy_assignment_numpy,,4,20.37575982895214,1040801.8564683496,7,5.030330085889901,0.28138141630144275,1539,1134,486,81,55730074_scale_8n_32g_c25,20.387964127003215,17,72,4,3,synthetic,"0,1,2",,small_maxcut,6,1,21,1,,"dense_exact,sparse_lanczos",6,ladder,9,tfim,auto,4,4,"dense_exact,sparse_krylov",data/raw/perlmutter/practical_suite_sweep/practical_55730074_scale_8n_32g_c25_qaoa_ladder_6n_grid9_r0_seed17.json,ok
practical_55730074_scale_8n_32g_c25_qaoa_ladder_6n_grid9_r0_seed31.json,optimization,optimization_qaoa,approximation_ratio,2.06800177693367e-05,greedy_assignment_numpy,,4,18.435774547979236,891477.6937626661,7,5.030330085889901,0.28138141630144275,1539,1134,486,81,55730074_scale_8n_32g_c25,18.443966516992077,31,72,4,3,synthetic,"0,1,2",,small_maxcut,6,1,21,1,,"dense_exact,sparse_lanczos",6,ladder,9,tfim,auto,4,4,"dense_exact,sparse_krylov",data/raw/perlmutter/practical_suite_sweep/practical_55730074_scale_8n_32g_c25_qaoa_ladder_6n_grid9_r0_seed31.json,ok
practical_55730074_scale_8n_32g_c25_qaoa_ring_4n_grid9_r0_seed17.json,optimization,optimization_qaoa,approximation_ratio,1.3215001672506332e-05,greedy_assignment_numpy,,4,17.92271914507728,1356240.3993005392,4,2.999999999999998,0.25000000000000056,972,648,324,81,55730074_scale_8n_32g_c25,17.94053367804736,17,72,4,3,synthetic,"0,1,2",,small_maxcut,4,1,21,1,,"dense_exact,sparse_lanczos",4,ring,9,tfim,auto,4,4,"dense_exact,sparse_krylov",data/raw/perlmutter/practical_suite_sweep/practical_55730074_scale_8n_32g_c25_qaoa_ring_4n_grid9_r0_seed17.json,ok
practical_55730074_scale_8n_32g_c25_qaoa_ring_4n_grid9_r0_seed31.json,optimization,optimization_qaoa,approximation_ratio,1.316494308412075e-05,greedy_assignment_numpy,,4,21.17987118905876,1608808.4128981484,4,2.999999999999998,0.25000000000000056,972,648,324,81,55730074_scale_8n_32g_c25,21.18802845105529,31,72,4,3,synthetic,"0,1,2",,small_maxcut,4,1,21,1,,"dense_exact,sparse_lanczos",4,ring,9,tfim,auto,4,4,"dense_exact,sparse_krylov",data/raw/perlmutter/practical_suite_sweep/practical_55730074_scale_8n_32g_c25_qaoa_ring_4n_grid9_r0_seed31.json,ok
practical_55730074_scale_8n_32g_c25_sim_tfim_4q_6steps_r0_seed17.json,simulation,hamiltonian_simulation,absolute_observable_error,0.0003502800827845931,exact_dense_eigendecomposition_numpy,exact_dense_eigendecomposition_numpy,2,13.18988250894472,37655.24549409199,0.8218024506329117,0.8213019840508518,0.000500466582059933,42,36,4,1,55730074_scale_8n_32g_c25,13.202665607095696,17,72,4,3,synthetic,"0,1,2",,tfim,4,1,21,1,,"dense_exact,sparse_lanczos",4,chordal,7,tfim,auto,4,6,"dense_exact,sparse_krylov",data/raw/perlmutter/practical_suite_sweep/practical_55730074_scale_8n_32g_c25_sim_tfim_4q_6steps_r0_seed17.json,ok
practical_55730074_scale_8n_32g_c25_sim_tfim_4q_6steps_r0_seed23.json,simulation,hamiltonian_simulation,absolute_observable_error,0.0003339200047776103,exact_dense_eigendecomposition_numpy,exact_dense_eigendecomposition_numpy,2,13.298548283055425,39825.55130805121,0.8218024506329117,0.8213019840508518,0.000500466582059933,42,36,4,1,55730074_scale_8n_32g_c25,13.316104282974266,23,72,4,3,synthetic,"0,1,2",,tfim,4,1,21,1,,"dense_exact,sparse_lanczos",4,chordal,7,tfim,auto,4,6,"dense_exact,sparse_krylov",data/raw/perlmutter/practical_suite_sweep/practical_55730074_scale_8n_32g_c25_sim_tfim_4q_6steps_r0_seed23.json,ok
practical_55730074_scale_8n_32g_c25_sim_tfim_4q_6steps_r0_seed31.json,simulation,hamiltonian_simulation,absolute_observable_error,0.0003261549863964319,exact_dense_eigendecomposition_numpy,exact_dense_eigendecomposition_numpy,2,14.501059229951352,44460.63937322649,0.8218024506329117,0.8213019840508518,0.000500466582059933,42,36,4,1,55730074_scale_8n_32g_c25,14.518202080042101,31,72,4,3,synthetic,"0,1,2",,tfim,4,1,21,1,,"dense_exact,sparse_lanczos",4,chordal,7,tfim,auto,4,6,"dense_exact,sparse_krylov",data/raw/perlmutter/practical_suite_sweep/practical_55730074_scale_8n_32g_c25_sim_tfim_4q_6steps_r0_seed31.json,ok
practical_55730074_scale_8n_32g_c25_sim_tfim_4q_6steps_r0_seed43.json,simulation,hamiltonian_simulation,absolute_observable_error,0.00032826908864080906,exact_dense_eigendecomposition_numpy,exact_dense_eigendecomposition_numpy,2,13.404553000000305,40834.039706575975,0.8218024506329117,0.8213019840508518,0.000500466582059933,42,36,4,1,55730074_scale_8n_32g_c25,13.424283403903246,43,72,4,3,synthetic,"0,1,2",,tfim,4,1,21,1,,"dense_exact,sparse_lanczos",4,chordal,7,tfim,auto,4,6,"dense_exact,sparse_krylov",data/raw/perlmutter/practical_suite_sweep/practical_55730074_scale_8n_32g_c25_sim_tfim_4q_6steps_r0_seed43.json,ok
practical_55730074_scale_8n_32g_c26_chem_molecular_chain_4q_l2_grid13_r0_seed23.json,chemistry,chemistry_vqe,absolute_energy_error,0.00016274198424071074,exact_dense_diagonalization_numpy,exact_dense_diagonalization_numpy,2,19.251774562057108,118296.2998262447,-1.705732892552902,-0.8946266380615817,0.8111062544913203,464,174,116,29,55730074_scale_8n_32g_c26,19.291544229956344,23,72,4,3,synthetic,"0,1,2",,molecular_chain_4q_surrogate,4,1,13,2,benchmarks/workloads/hamiltonians/molecular_chain_4q.json,"dense_exact,sparse_lanczos",4,chordal,7,tfim,auto,4,4,"dense_exact,sparse_krylov",data/raw/perlmutter/practical_suite_sweep/practical_55730074_scale_8n_32g_c26_chem_molecular_chain_4q_l2_grid13_r0_seed23.json,ok
practical_55730074_scale_8n_32g_c26_ml_digits_c0v1v2_320s_6q_d1_r0_seed17.json,ml,multiclass_ml,test_accuracy,0.00017880299128592014,nearest_centroid_numpy,nearest_centroid_numpy,6,40.437867139000446,226158.78430320605,1.0,0.6625,0.3375,3840,1600,1920,320,55730074_scale_8n_32g_c26,40.625428318977356,17,320,6,3,digits,"0,1,2",sklearn_digits,,,1,21,1,,"dense_exact,sparse_lanczos",4,chordal,7,tfim,auto,4,4,"dense_exact,sparse_krylov",data/raw/perlmutter/practical_suite_sweep/practical_55730074_scale_8n_32g_c26_ml_digits_c0v1v2_320s_6q_d1_r0_seed17.json,ok
practical_55730074_scale_8n_32g_c26_ml_digits_c0v1v2_320s_6q_d1_r0_seed23.json,ml,multiclass_ml,test_accuracy,0.004133581998758018,rbf_kernel_ridge_numpy,rbf_kernel_ridge_numpy,6,16.774229957954958,4058.037305899573,1.0,0.725,0.275,3840,1600,1920,320,55730074_scale_8n_32g_c26,16.890552349970676,23,320,6,3,digits,"0,1,2",sklearn_digits,,,1,21,1,,"dense_exact,sparse_lanczos",4,chordal,7,tfim,auto,4,4,"dense_exact,sparse_krylov",data/raw/perlmutter/practical_suite_sweep/practical_55730074_scale_8n_32g_c26_ml_digits_c0v1v2_320s_6q_d1_r0_seed23.json,ok
practical_55730074_scale_8n_32g_c26_ml_digits_c0v1v2_320s_6q_d1_r0_seed31.json,ml,multiclass_ml,test_accuracy,0.015489525045268238,softmax_regression_numpy,softmax_regression_numpy,6,21.206575331976637,1369.0913872439783,1.0,0.8375,0.16249999999999998,3840,1600,1920,320,55730074_scale_8n_32g_c26,21.322428715066053,31,320,6,3,digits,"0,1,2",sklearn_digits,,,1,21,1,,"dense_exact,sparse_lanczos",4,chordal,7,tfim,auto,4,4,"dense_exact,sparse_krylov",data/raw/perlmutter/practical_suite_sweep/practical_55730074_scale_8n_32g_c26_ml_digits_c0v1v2_320s_6q_d1_r0_seed31.json,ok
practical_55730074_scale_8n_32g_c26_ml_digits_c0v1v2_320s_6q_d1_r0_seed43.json,ml,multiclass_ml,test_accuracy,0.002587416092865169,knn_numpy,knn_numpy,6,23.70727728807833,9162.529889742678,1.0,0.7625,0.23750000000000004,3840,1600,1920,320,55730074_scale_8n_32g_c26,23.847414486925118,43,320,6,3,digits,"0,1,2",sklearn_digits,,,1,21,1,,"dense_exact,sparse_lanczos",4,chordal,7,tfim,auto,4,4,"dense_exact,sparse_krylov",data/raw/perlmutter/practical_suite_sweep/practical_55730074_scale_8n_32g_c26_ml_digits_c0v1v2_320s_6q_d1_r0_seed43.json,ok
practical_55730074_scale_8n_32g_c26_ml_digits_c0v1v2v3_320s_6q_d1_r0_seed17.json,ml,multiclass_ml,test_accuracy,0.002586891991086304,knn_numpy,knn_numpy,6,17.022688832948916,6580.3631893423735,0.9875,0.65,0.3375,3840,1600,1920,320,55730074_scale_8n_32g_c26,17.153490780037828,17,320,6,4,digits,"0,1,2,3",sklearn_digits,,,1,21,1,,"dense_exact,sparse_lanczos",4,chordal,7,tfim,auto,4,4,"dense_exact,sparse_krylov",data/raw/perlmutter/practical_suite_sweep/practical_55730074_scale_8n_32g_c26_ml_digits_c0v1v2v3_320s_6q_d1_r0_seed17.json,ok
practical_55730074_scale_8n_32g_c26_ml_digits_c0v1v2v3_320s_6q_d1_r0_seed23.json,ml,multiclass_ml,test_accuracy,0.004499871050938964,rbf_kernel_ridge_numpy,rbf_kernel_ridge_numpy,6,20.38830858108122,4530.865073750702,0.975,0.7125,0.26249999999999996,3840,1600,1920,320,55730074_scale_8n_32g_c26,20.519211031030864,23,320,6,4,digits,"0,1,2,3",sklearn_digits,,,1,21,1,,"dense_exact,sparse_lanczos",4,chordal,7,tfim,auto,4,4,"dense_exact,sparse_krylov",data/raw/perlmutter/practical_suite_sweep/practical_55730074_scale_8n_32g_c26_ml_digits_c0v1v2v3_320s_6q_d1_r0_seed23.json,ok
practical_55730074_scale_8n_32g_c26_ml_digits_c0v1v2v3_320s_6q_d1_r0_seed31.json,ml,multiclass_ml,test_accuracy,0.002601996995508671,knn_numpy,knn_numpy,6,19.831814622040838,7621.766918360283,1.0,0.6625,0.3375,3840,1600,1920,320,55730074_scale_8n_32g_c26,19.957115472992882,31,320,6,4,digits,"0,1,2,3",sklearn_digits,,,1,21,1,,"dense_exact,sparse_lanczos",4,chordal,7,tfim,auto,4,4,"dense_exact,sparse_krylov",data/raw/perlmutter/practical_suite_sweep/practical_55730074_scale_8n_32g_c26_ml_digits_c0v1v2v3_320s_6q_d1_r0_seed31.json,ok
practical_55730074_scale_8n_32g_c26_ml_digits_c0v1v2v3_320s_6q_d1_r0_seed43.json,ml,multiclass_ml,test_accuracy,0.00403867696877569,rbf_kernel_ridge_numpy,rbf_kernel_ridge_numpy,6,22.96553009399213,5686.399350962215,1.0,0.775,0.22499999999999998,3840,1600,1920,320,55730074_scale_8n_32g_c26,23.077927071019076,43,320,6,4,digits,"0,1,2,3",sklearn_digits,,,1,21,1,,"dense_exact,sparse_lanczos",4,chordal,7,tfim,auto,4,4,"dense_exact,sparse_krylov",data/raw/perlmutter/practical_suite_sweep/practical_55730074_scale_8n_32g_c26_ml_digits_c0v1v2v3_320s_6q_d1_r0_seed43.json,ok
practical_55730074_scale_8n_32g_c26_ml_digits_c2v4v6v8_320s_6q_d1_r0_seed17.json,ml,multiclass_ml,test_accuracy,0.0001885599922388792,linear_ridge_numpy,linear_ridge_numpy,6,19.697920178994536,104465.00312770494,0.9875,0.6625,0.32500000000000007,3840,1600,1920,320,55730074_scale_8n_32g_c26,19.82912549597677,17,320,6,4,digits,"2,4,6,8",sklearn_digits,,,1,21,1,,"dense_exact,sparse_lanczos",4,chordal,7,tfim,auto,4,4,"dense_exact,sparse_krylov",data/raw/perlmutter/practical_suite_sweep/practical_55730074_scale_8n_32g_c26_ml_digits_c2v4v6v8_320s_6q_d1_r0_seed17.json,ok
practical_55730074_scale_8n_32g_c26_ml_digits_c2v4v6v8_320s_6q_d1_r0_seed23.json,ml,multiclass_ml,test_accuracy,0.002602936001494527,knn_numpy,knn_numpy,6,22.668100744020194,8708.666187338013,0.9875,0.75,0.23750000000000004,3840,1600,1920,320,55730074_scale_8n_32g_c26,22.84850557905156,23,320,6,4,digits,"2,4,6,8",sklearn_digits,,,1,21,1,,"dense_exact,sparse_lanczos",4,chordal,7,tfim,auto,4,4,"dense_exact,sparse_krylov",data/raw/perlmutter/practical_suite_sweep/practical_55730074_scale_8n_32g_c26_ml_digits_c2v4v6v8_320s_6q_d1_r0_seed23.json,ok
practical_55730074_scale_8n_32g_c26_ml_digits_c2v4v6v8_320s_6q_d1_r0_seed31.json,ml,multiclass_ml,test_accuracy,0.0026089269667863846,knn_numpy,knn_numpy,6,21.581804699031636,8272.291625555008,0.9875,0.675,0.3125,3840,1600,1920,320,55730074_scale_8n_32g_c26,21.821993994992226,31,320,6,4,digits,"2,4,6,8",sklearn_digits,,,1,21,1,,"dense_exact,sparse_lanczos",4,chordal,7,tfim,auto,4,4,"dense_exact,sparse_krylov",data/raw/perlmutter/practical_suite_sweep/practical_55730074_scale_8n_32g_c26_ml_digits_c2v4v6v8_320s_6q_d1_r0_seed31.json,ok
practical_55730074_scale_8n_32g_c26_ml_digits_c2v4v6v8_320s_6q_d1_r0_seed43.json,ml,multiclass_ml,test_accuracy,0.0001960350200533867,nearest_centroid_numpy,nearest_centroid_numpy,6,20.427766100969166,104204.67779382491,1.0,0.725,0.275,3840,1600,1920,320,55730074_scale_8n_32g_c26,20.603956865961663,43,320,6,4,digits,"2,4,6,8",sklearn_digits,,,1,21,1,,"dense_exact,sparse_lanczos",4,chordal,7,tfim,auto,4,4,"dense_exact,sparse_krylov",data/raw/perlmutter/practical_suite_sweep/practical_55730074_scale_8n_32g_c26_ml_digits_c2v4v6v8_320s_6q_d1_r0_seed43.json,ok
practical_55730074_scale_8n_32g_c26_ml_digits_c3v5v8_320s_6q_d1_r0_seed17.json,ml,multiclass_ml,test_accuracy,0.004710278008133173,rbf_kernel_ridge_numpy,rbf_kernel_ridge_numpy,6,19.214724787976593,4079.3186208539682,0.9875,0.5,0.48750000000000004,3840,1600,1920,320,55730074_scale_8n_32g_c26,19.34557391097769,17,320,6,3,digits,"3,5,8",sklearn_digits,,,1,21,1,,"dense_exact,sparse_lanczos",4,chordal,7,tfim,auto,4,4,"dense_exact,sparse_krylov",data/raw/perlmutter/practical_suite_sweep/practical_55730074_scale_8n_32g_c26_ml_digits_c3v5v8_320s_6q_d1_r0_seed17.json,ok
practical_55730074_scale_8n_32g_c26_ml_digits_c3v5v8_320s_6q_d1_r0_seed23.json,ml,multiclass_ml,test_accuracy,0.0039440320106223226,rbf_kernel_ridge_numpy,rbf_kernel_ridge_numpy,6,17.123976727947593,4341.743850412012,0.9875,0.575,0.4125000000000001,3840,1600,1920,320,55730074_scale_8n_32g_c26,17.235420921002515,23,320,6,3,digits,"3,5,8",sklearn_digits,,,1,21,1,,"dense_exact,sparse_lanczos",4,chordal,7,tfim,auto,4,4,"dense_exact,sparse_krylov",data/raw/perlmutter/practical_suite_sweep/practical_55730074_scale_8n_32g_c26_ml_digits_c3v5v8_320s_6q_d1_r0_seed23.json,ok
practical_55730074_scale_8n_32g_c26_ml_digits_c3v5v8_320s_6q_d1_r0_seed31.json,ml,multiclass_ml,test_accuracy,0.0001776700373739004,linear_ridge_numpy,linear_ridge_numpy,6,20.39387827599421,114785.12965625152,0.975,0.5625,0.4125,3840,1600,1920,320,55730074_scale_8n_32g_c26,20.507514831027947,31,320,6,3,digits,"3,5,8",sklearn_digits,,,1,21,1,,"dense_exact,sparse_lanczos",4,chordal,7,tfim,auto,4,4,"dense_exact,sparse_krylov",data/raw/perlmutter/practical_suite_sweep/practical_55730074_scale_8n_32g_c26_ml_digits_c3v5v8_320s_6q_d1_r0_seed31.json,ok
practical_55730074_scale_8n_32g_c26_ml_digits_c3v5v8_320s_6q_d1_r0_seed43.json,ml,multiclass_ml,test_accuracy,0.00018044596072286367,nearest_centroid_numpy,nearest_centroid_numpy,6,25.003066324046813,138562.62686005785,0.975,0.6,0.375,3840,1600,1920,320,55730074_scale_8n_32g_c26,25.123978718998842,43,320,6,3,digits,"3,5,8",sklearn_digits,,,1,21,1,,"dense_exact,sparse_lanczos",4,chordal,7,tfim,auto,4,4,"dense_exact,sparse_krylov",data/raw/perlmutter/practical_suite_sweep/practical_55730074_scale_8n_32g_c26_ml_digits_c3v5v8_320s_6q_d1_r0_seed43.json,ok
practical_55730074_scale_8n_32g_c26_qaoa_chordal_5n_grid11_r0_seed23.json,optimization,optimization_qaoa,approximation_ratio,4.7742039896547794e-05,exact_enumeration_numpy,,4,22.60271335602738,473434.17677596497,6,4.589396242968677,0.2351006261718872,2057,1694,605,121,55730074_scale_8n_32g_c26,22.610615900950506,23,72,4,3,synthetic,"0,1,2",,small_maxcut,5,1,21,1,,"dense_exact,sparse_lanczos",5,chordal,11,tfim,auto,4,4,"dense_exact,sparse_krylov",data/raw/perlmutter/practical_suite_sweep/practical_55730074_scale_8n_32g_c26_qaoa_chordal_5n_grid11_r0_seed23.json,ok
practical_55730074_scale_8n_32g_c26_qaoa_chordal_5n_grid11_r0_seed43.json,optimization,optimization_qaoa,approximation_ratio,4.747102502733469e-05,exact_enumeration_numpy,,4,13.228867990896106,278672.47406767984,6,4.589396242968677,0.2351006261718872,2057,1694,605,121,55730074_scale_8n_32g_c26,13.246427609003149,43,72,4,3,synthetic,"0,1,2",,small_maxcut,5,1,21,1,,"dense_exact,sparse_lanczos",5,chordal,11,tfim,auto,4,4,"dense_exact,sparse_krylov",data/raw/perlmutter/practical_suite_sweep/practical_55730074_scale_8n_32g_c26_qaoa_chordal_5n_grid11_r0_seed43.json,ok
practical_55730074_scale_8n_32g_c26_qaoa_ladder_6n_grid11_r0_seed17.json,optimization,optimization_qaoa,approximation_ratio,2.0248000510036945e-05,greedy_assignment_numpy,,4,20.50312658608891,1012600.062703747,7,4.9533305565233725,0.29238134906808966,2299,1694,726,121,55730074_scale_8n_32g_c26,20.599263975047506,17,72,4,3,synthetic,"0,1,2",,small_maxcut,6,1,21,1,,"dense_exact,sparse_lanczos",6,ladder,11,tfim,auto,4,4,"dense_exact,sparse_krylov",data/raw/perlmutter/practical_suite_sweep/practical_55730074_scale_8n_32g_c26_qaoa_ladder_6n_grid11_r0_seed17.json,ok
practical_55730074_scale_8n_32g_c26_qaoa_ladder_6n_grid11_r0_seed31.json,optimization,optimization_qaoa,approximation_ratio,1.9387109205126762e-05,greedy_assignment_numpy,,4,17.302581203985028,892478.6579016898,7,4.9533305565233725,0.29238134906808966,2299,1694,726,121,55730074_scale_8n_32g_c26,17.313772169989534,31,72,4,3,synthetic,"0,1,2",,small_maxcut,6,1,21,1,,"dense_exact,sparse_lanczos",6,ladder,11,tfim,auto,4,4,"dense_exact,sparse_krylov",data/raw/perlmutter/practical_suite_sweep/practical_55730074_scale_8n_32g_c26_qaoa_ladder_6n_grid11_r0_seed31.json,ok
practical_55730074_scale_8n_32g_c26_qaoa_ring_4n_grid11_r0_seed17.json,optimization,optimization_qaoa,approximation_ratio,1.3276003301143646e-05,greedy_assignment_numpy,,4,21.61696845688857,1628273.8085057875,4,2.904508497187473,0.2738728757031318,1452,968,484,121,55730074_scale_8n_32g_c26,21.62469021906145,17,72,4,3,synthetic,"0,1,2",,small_maxcut,4,1,21,1,,"dense_exact,sparse_lanczos",4,ring,11,tfim,auto,4,4,"dense_exact,sparse_krylov",data/raw/perlmutter/practical_suite_sweep/practical_55730074_scale_8n_32g_c26_qaoa_ring_4n_grid11_r0_seed17.json,ok
practical_55730074_scale_8n_32g_c26_qaoa_ring_4n_grid11_r0_seed31.json,optimization,optimization_qaoa,approximation_ratio,1.3345968909561634e-05,greedy_assignment_numpy,,4,19.927987239905633,1493183.9999738315,4,2.904508497187473,0.2738728757031318,1452,968,484,121,55730074_scale_8n_32g_c26,19.946822702069767,31,72,4,3,synthetic,"0,1,2",,small_maxcut,4,1,21,1,,"dense_exact,sparse_lanczos",4,ring,11,tfim,auto,4,4,"dense_exact,sparse_krylov",data/raw/perlmutter/practical_suite_sweep/practical_55730074_scale_8n_32g_c26_qaoa_ring_4n_grid11_r0_seed31.json,ok
practical_55730074_scale_8n_32g_c26_sim_tfim_4q_8steps_r0_seed17.json,simulation,hamiltonian_simulation,absolute_observable_error,0.00032889004796743393,exact_dense_eigendecomposition_numpy,exact_dense_eigendecomposition_numpy,2,13.040434833965264,39649.8310440105,0.8218024506329117,0.8215212314654879,0.00028121916742374076,56,48,4,1,55730074_scale_8n_32g_c26,13.050210391054861,17,72,4,3,synthetic,"0,1,2",,tfim,4,1,21,1,,"dense_exact,sparse_lanczos",4,chordal,7,tfim,auto,4,8,"dense_exact,sparse_krylov",data/raw/perlmutter/practical_suite_sweep/practical_55730074_scale_8n_32g_c26_sim_tfim_4q_8steps_r0_seed17.json,ok
practical_55730074_scale_8n_32g_c26_sim_tfim_4q_8steps_r0_seed23.json,simulation,hamiltonian_simulation,absolute_observable_error,0.00032456195913255215,exact_dense_eigendecomposition_numpy,exact_dense_eigendecomposition_numpy,2,14.25338855595328,43915.77064067496,0.8218024506329117,0.8215212314654879,0.00028121916742374076,56,48,4,1,55730074_scale_8n_32g_c26,14.268948933924548,23,72,4,3,synthetic,"0,1,2",,tfim,4,1,21,1,,"dense_exact,sparse_lanczos",4,chordal,7,tfim,auto,4,8,"dense_exact,sparse_krylov",data/raw/perlmutter/practical_suite_sweep/practical_55730074_scale_8n_32g_c26_sim_tfim_4q_8steps_r0_seed23.json,ok
practical_55730074_scale_8n_32g_c26_sim_tfim_4q_8steps_r0_seed31.json,simulation,hamiltonian_simulation,absolute_observable_error,0.0003149230033159256,exact_dense_eigendecomposition_numpy,exact_dense_eigendecomposition_numpy,2,13.411468797014095,42586.50100437385,0.8218024506329117,0.8215212314654879,0.00028121916742374076,56,48,4,1,55730074_scale_8n_32g_c26,13.432382286060601,31,72,4,3,synthetic,"0,1,2",,tfim,4,1,21,1,,"dense_exact,sparse_lanczos",4,chordal,7,tfim,auto,4,8,"dense_exact,sparse_krylov",data/raw/perlmutter/practical_suite_sweep/practical_55730074_scale_8n_32g_c26_sim_tfim_4q_8steps_r0_seed31.json,ok
practical_55730074_scale_8n_32g_c26_sim_tfim_4q_8steps_r0_seed43.json,simulation,hamiltonian_simulation,absolute_observable_error,0.00033076293766498566,exact_dense_eigendecomposition_numpy,exact_dense_eigendecomposition_numpy,2,13.991648531984538,42301.13757834629,0.8218024506329117,0.8215212314654879,0.00028121916742374076,56,48,4,1,55730074_scale_8n_32g_c26,14.006877284031361,43,72,4,3,synthetic,"0,1,2",,tfim,4,1,21,1,,"dense_exact,sparse_lanczos",4,chordal,7,tfim,auto,4,8,"dense_exact,sparse_krylov",data/raw/perlmutter/practical_suite_sweep/practical_55730074_scale_8n_32g_c26_sim_tfim_4q_8steps_r0_seed43.json,ok
practical_55730074_scale_8n_32g_c27_chem_molecular_chain_4q_l2_grid17_r0_seed23.json,chemistry,chemistry_vqe,absolute_energy_error,0.0001598970266059041,exact_dense_diagonalization_numpy,sparse_lanczos_eigsh_scipy,2,21.022397735971026,131474.60076155528,-1.7057328925529027,-0.8946266380615817,0.811106254491321,592,222,148,37,55730074_scale_8n_32g_c27,21.034019245998934,23,72,4,3,synthetic,"0,1,2",,molecular_chain_4q_surrogate,4,1,17,2,benchmarks/workloads/hamiltonians/molecular_chain_4q.json,"dense_exact,sparse_lanczos",4,chordal,7,tfim,auto,4,4,"dense_exact,sparse_krylov",data/raw/perlmutter/practical_suite_sweep/practical_55730074_scale_8n_32g_c27_chem_molecular_chain_4q_l2_grid17_r0_seed23.json,ok
practical_55730074_scale_8n_32g_c27_ml_digits_c0v1v2_320s_6q_d2_r0_seed17.json,ml,multiclass_ml,test_accuracy,0.00018743006512522697,linear_ridge_numpy,linear_ridge_numpy,6,40.54200303100515,216304.69478798917,1.0,0.5875,0.4125,7680,3200,1920,320,55730074_scale_8n_32g_c27,40.683299733907916,17,320,6,3,digits,"0,1,2",sklearn_digits,,,2,21,1,,"dense_exact,sparse_lanczos",4,chordal,7,tfim,auto,4,4,"dense_exact,sparse_krylov",data/raw/perlmutter/practical_suite_sweep/practical_55730074_scale_8n_32g_c27_ml_digits_c0v1v2_320s_6q_d2_r0_seed17.json,ok
practical_55730074_scale_8n_32g_c27_ml_digits_c0v1v2_320s_6q_d2_r0_seed23.json,ml,multiclass_ml,test_accuracy,0.004089861991815269,rbf_kernel_ridge_numpy,rbf_kernel_ridge_numpy,6,18.86666054010857,4613.031094414674,1.0,0.625,0.375,7680,3200,1920,320,55730074_scale_8n_32g_c27,18.98357491195202,23,320,6,3,digits,"0,1,2",sklearn_digits,,,2,21,1,,"dense_exact,sparse_lanczos",4,chordal,7,tfim,auto,4,4,"dense_exact,sparse_krylov",data/raw/perlmutter/practical_suite_sweep/practical_55730074_scale_8n_32g_c27_ml_digits_c0v1v2_320s_6q_d2_r0_seed23.json,ok
practical_55730074_scale_8n_32g_c27_ml_digits_c0v1v2_320s_6q_d2_r0_seed31.json,ml,multiclass_ml,test_accuracy,0.015521215042099357,softmax_regression_numpy,softmax_regression_numpy,6,20.383539135102183,1313.2695526615912,1.0,0.7125,0.2875,7680,3200,1920,320,55730074_scale_8n_32g_c27,20.495831859996542,31,320,6,3,digits,"0,1,2",sklearn_digits,,,2,21,1,,"dense_exact,sparse_lanczos",4,chordal,7,tfim,auto,4,4,"dense_exact,sparse_krylov",data/raw/perlmutter/practical_suite_sweep/practical_55730074_scale_8n_32g_c27_ml_digits_c0v1v2_320s_6q_d2_r0_seed31.json,ok
practical_55730074_scale_8n_32g_c27_ml_digits_c0v1v2_320s_6q_d2_r0_seed43.json,ml,multiclass_ml,test_accuracy,0.0026186080649495125,knn_numpy,knn_numpy,6,25.03739797603339,9561.33844967598,1.0,0.6125,0.38749999999999996,7680,3200,1920,320,55730074_scale_8n_32g_c27,25.15445790195372,43,320,6,3,digits,"0,1,2",sklearn_digits,,,2,21,1,,"dense_exact,sparse_lanczos",4,chordal,7,tfim,auto,4,4,"dense_exact,sparse_krylov",data/raw/perlmutter/practical_suite_sweep/practical_55730074_scale_8n_32g_c27_ml_digits_c0v1v2_320s_6q_d2_r0_seed43.json,ok
practical_55730074_scale_8n_32g_c27_ml_digits_c0v1v2v3_320s_6q_d2_r0_seed17.json,ml,multiclass_ml,test_accuracy,0.0026291829999536276,knn_numpy,knn_numpy,6,24.255077618989162,9225.328788226974,0.9875,0.55,0.4375,7680,3200,1920,320,55730074_scale_8n_32g_c27,24.37181508599315,17,320,6,4,digits,"0,1,2,3",sklearn_digits,,,2,21,1,,"dense_exact,sparse_lanczos",4,chordal,7,tfim,auto,4,4,"dense_exact,sparse_krylov",data/raw/perlmutter/practical_suite_sweep/practical_55730074_scale_8n_32g_c27_ml_digits_c0v1v2v3_320s_6q_d2_r0_seed17.json,ok
practical_55730074_scale_8n_32g_c27_ml_digits_c0v1v2v3_320s_6q_d2_r0_seed23.json,ml,multiclass_ml,test_accuracy,0.00445230002515018,rbf_kernel_ridge_numpy,rbf_kernel_ridge_numpy,6,22.76871489698533,5113.921965808519,0.975,0.7,0.275,7680,3200,1920,320,55730074_scale_8n_32g_c27,22.88537063403055,23,320,6,4,digits,"0,1,2,3",sklearn_digits,,,2,21,1,,"dense_exact,sparse_lanczos",4,chordal,7,tfim,auto,4,4,"dense_exact,sparse_krylov",data/raw/perlmutter/practical_suite_sweep/practical_55730074_scale_8n_32g_c27_ml_digits_c0v1v2v3_320s_6q_d2_r0_seed23.json,ok
practical_55730074_scale_8n_32g_c27_ml_digits_c0v1v2v3_320s_6q_d2_r0_seed31.json,ml,multiclass_ml,test_accuracy,0.0025937369791790843,knn_numpy,knn_numpy,6,21.692970131058246,8363.596735211006,1.0,0.6375,0.36250000000000004,7680,3200,1920,320,55730074_scale_8n_32g_c27,21.80801032204181,31,320,6,4,digits,"0,1,2,3",sklearn_digits,,,2,21,1,,"dense_exact,sparse_lanczos",4,chordal,7,tfim,auto,4,4,"dense_exact,sparse_krylov",data/raw/perlmutter/practical_suite_sweep/practical_55730074_scale_8n_32g_c27_ml_digits_c0v1v2v3_320s_6q_d2_r0_seed31.json,ok
practical_55730074_scale_8n_32g_c27_ml_digits_c0v1v2v3_320s_6q_d2_r0_seed43.json,ml,multiclass_ml,test_accuracy,0.004375521908514202,rbf_kernel_ridge_numpy,rbf_kernel_ridge_numpy,6,20.411984638893045,4665.039980527569,1.0,0.675,0.32499999999999996,7680,3200,1920,320,55730074_scale_8n_32g_c27,20.534560073981993,43,320,6,4,digits,"0,1,2,3",sklearn_digits,,,2,21,1,,"dense_exact,sparse_lanczos",4,chordal,7,tfim,auto,4,4,"dense_exact,sparse_krylov",data/raw/perlmutter/practical_suite_sweep/practical_55730074_scale_8n_32g_c27_ml_digits_c0v1v2v3_320s_6q_d2_r0_seed43.json,ok
practical_55730074_scale_8n_32g_c27_ml_digits_c2v4v6v8_320s_6q_d2_r0_seed17.json,ml,multiclass_ml,test_accuracy,0.00018796895164996386,linear_ridge_numpy,linear_ridge_numpy,6,21.67620893602725,115318.02856672164,0.9875,0.7125,0.275,7680,3200,1920,320,55730074_scale_8n_32g_c27,21.799278691061772,17,320,6,4,digits,"2,4,6,8",sklearn_digits,,,2,21,1,,"dense_exact,sparse_lanczos",4,chordal,7,tfim,auto,4,4,"dense_exact,sparse_krylov",data/raw/perlmutter/practical_suite_sweep/practical_55730074_scale_8n_32g_c27_ml_digits_c2v4v6v8_320s_6q_d2_r0_seed17.json,ok
practical_55730074_scale_8n_32g_c27_ml_digits_c2v4v6v8_320s_6q_d2_r0_seed23.json,ml,multiclass_ml,test_accuracy,0.0026311910478398204,knn_numpy,knn_numpy,6,21.264097278006375,8081.54820056262,0.9875,0.7,0.2875000000000001,7680,3200,1920,320,55730074_scale_8n_32g_c27,21.378641908057034,23,320,6,4,digits,"2,4,6,8",sklearn_digits,,,2,21,1,,"dense_exact,sparse_lanczos",4,chordal,7,tfim,auto,4,4,"dense_exact,sparse_krylov",data/raw/perlmutter/practical_suite_sweep/practical_55730074_scale_8n_32g_c27_ml_digits_c2v4v6v8_320s_6q_d2_r0_seed23.json,ok
practical_55730074_scale_8n_32g_c27_ml_digits_c2v4v6v8_320s_6q_d2_r0_seed31.json,ml,multiclass_ml,test_accuracy,0.0025884880451485515,knn_numpy,knn_numpy,6,23.76631749595981,9181.544237959144,0.9875,0.6,0.38750000000000007,7680,3200,1920,320,55730074_scale_8n_32g_c27,23.87891941703856,31,320,6,4,digits,"2,4,6,8",sklearn_digits,,,2,21,1,,"dense_exact,sparse_lanczos",4,chordal,7,tfim,auto,4,4,"dense_exact,sparse_krylov",data/raw/perlmutter/practical_suite_sweep/practical_55730074_scale_8n_32g_c27_ml_digits_c2v4v6v8_320s_6q_d2_r0_seed31.json,ok
practical_55730074_scale_8n_32g_c27_ml_digits_c2v4v6v8_320s_6q_d2_r0_seed43.json,ml,multiclass_ml,test_accuracy,0.0001946230186149478,nearest_centroid_numpy,nearest_centroid_numpy,6,19.204947474994697,98677.67755154776,1.0,0.7625,0.23750000000000004,7680,3200,1920,320,55730074_scale_8n_32g_c27,19.33697508298792,43,320,6,4,digits,"2,4,6,8",sklearn_digits,,,2,21,1,,"dense_exact,sparse_lanczos",4,chordal,7,tfim,auto,4,4,"dense_exact,sparse_krylov",data/raw/perlmutter/practical_suite_sweep/practical_55730074_scale_8n_32g_c27_ml_digits_c2v4v6v8_320s_6q_d2_r0_seed43.json,ok
practical_55730074_scale_8n_32g_c27_ml_digits_c3v5v8_320s_6q_d2_r0_seed17.json,ml,multiclass_ml,test_accuracy,0.004758830997161567,rbf_kernel_ridge_numpy,rbf_kernel_ridge_numpy,6,27.90843703900464,5864.557294774871,0.9875,0.5875,0.4,7680,3200,1920,320,55730074_scale_8n_32g_c27,28.053567656083032,17,320,6,3,digits,"3,5,8",sklearn_digits,,,2,21,1,,"dense_exact,sparse_lanczos",4,chordal,7,tfim,auto,4,4,"dense_exact,sparse_krylov",data/raw/perlmutter/practical_suite_sweep/practical_55730074_scale_8n_32g_c27_ml_digits_c3v5v8_320s_6q_d2_r0_seed17.json,ok
practical_55730074_scale_8n_32g_c27_ml_digits_c3v5v8_320s_6q_d2_r0_seed23.json,ml,multiclass_ml,test_accuracy,0.004028638009913266,rbf_kernel_ridge_numpy,rbf_kernel_ridge_numpy,6,20.465989900985733,5080.126298422715,0.9875,0.7625,0.2250000000000001,7680,3200,1920,320,55730074_scale_8n_32g_c27,20.577188302064314,23,320,6,3,digits,"3,5,8",sklearn_digits,,,2,21,1,,"dense_exact,sparse_lanczos",4,chordal,7,tfim,auto,4,4,"dense_exact,sparse_krylov",data/raw/perlmutter/practical_suite_sweep/practical_55730074_scale_8n_32g_c27_ml_digits_c3v5v8_320s_6q_d2_r0_seed23.json,ok
practical_55730074_scale_8n_32g_c27_ml_digits_c3v5v8_320s_6q_d2_r0_seed31.json,ml,multiclass_ml,test_accuracy,0.00017832196317613125,linear_ridge_numpy,linear_ridge_numpy,6,19.835948694031686,111236.71106312028,0.975,0.5625,0.4125,7680,3200,1920,320,55730074_scale_8n_32g_c27,19.947285505011678,31,320,6,3,digits,"3,5,8",sklearn_digits,,,2,21,1,,"dense_exact,sparse_lanczos",4,chordal,7,tfim,auto,4,4,"dense_exact,sparse_krylov",data/raw/perlmutter/practical_suite_sweep/practical_55730074_scale_8n_32g_c27_ml_digits_c3v5v8_320s_6q_d2_r0_seed31.json,ok
practical_55730074_scale_8n_32g_c27_ml_digits_c3v5v8_320s_6q_d2_r0_seed43.json,ml,multiclass_ml,test_accuracy,0.00018006493337452412,nearest_centroid_numpy,nearest_centroid_numpy,6,22.95042575802654,127456.38658189516,0.975,0.5625,0.4125,7680,3200,1920,320,55730074_scale_8n_32g_c27,23.06217839103192,43,320,6,3,digits,"3,5,8",sklearn_digits,,,2,21,1,,"dense_exact,sparse_lanczos",4,chordal,7,tfim,auto,4,4,"dense_exact,sparse_krylov",data/raw/perlmutter/practical_suite_sweep/practical_55730074_scale_8n_32g_c27_ml_digits_c3v5v8_320s_6q_d2_r0_seed43.json,ok
practical_55730074_scale_8n_32g_c27_qaoa_chordal_5n_grid13_r0_seed23.json,optimization,optimization_qaoa,approximation_ratio,4.920398350805044e-05,exact_enumeration_numpy,,4,19.79025747801643,402208.44059868593,6,4.560256350946107,0.23995727484231555,2873,2366,845,169,55730074_scale_8n_32g_c27,19.798381897970103,23,72,4,3,synthetic,"0,1,2",,small_maxcut,5,1,21,1,,"dense_exact,sparse_lanczos",5,chordal,13,tfim,auto,4,4,"dense_exact,sparse_krylov",data/raw/perlmutter/practical_suite_sweep/practical_55730074_scale_8n_32g_c27_qaoa_chordal_5n_grid13_r0_seed23.json,ok
practical_55730074_scale_8n_32g_c27_qaoa_chordal_5n_grid13_r0_seed43.json,optimization,optimization_qaoa,approximation_ratio,4.757102578878403e-05,exact_enumeration_numpy,,4,15.76827838702593,331468.11794719944,6,4.560256350946107,0.23995727484231555,2873,2366,845,169,55730074_scale_8n_32g_c27,15.786651102011092,43,72,4,3,synthetic,"0,1,2",,small_maxcut,5,1,21,1,,"dense_exact,sparse_lanczos",5,chordal,13,tfim,auto,4,4,"dense_exact,sparse_krylov",data/raw/perlmutter/practical_suite_sweep/practical_55730074_scale_8n_32g_c27_qaoa_chordal_5n_grid13_r0_seed43.json,ok
practical_55730074_scale_8n_32g_c27_qaoa_ladder_6n_grid13_r0_seed17.json,optimization,optimization_qaoa,approximation_ratio,2.036895602941513e-05,greedy_assignment_numpy,,4,22.166514463024214,1088249.9049540488,7,5.030330085889901,0.28138141630144275,3211,2366,1014,169,55730074_scale_8n_32g_c27,22.174353484995663,17,72,4,3,synthetic,"0,1,2",,small_maxcut,6,1,21,1,,"dense_exact,sparse_lanczos",6,ladder,13,tfim,auto,4,4,"dense_exact,sparse_krylov",data/raw/perlmutter/practical_suite_sweep/practical_55730074_scale_8n_32g_c27_qaoa_ladder_6n_grid13_r0_seed17.json,ok
practical_55730074_scale_8n_32g_c27_qaoa_ladder_6n_grid13_r0_seed31.json,optimization,optimization_qaoa,approximation_ratio,1.949700526893139e-05,greedy_assignment_numpy,,4,14.494157481007278,743404.2962538364,7,5.030330085889901,0.28138141630144275,3211,2366,1014,169,55730074_scale_8n_32g_c27,14.51092330692336,31,72,4,3,synthetic,"0,1,2",,small_maxcut,6,1,21,1,,"dense_exact,sparse_lanczos",6,ladder,13,tfim,auto,4,4,"dense_exact,sparse_krylov",data/raw/perlmutter/practical_suite_sweep/practical_55730074_scale_8n_32g_c27_qaoa_ladder_6n_grid13_r0_seed31.json,ok
practical_55730074_scale_8n_32g_c27_qaoa_ring_4n_grid13_r0_seed17.json,optimization,optimization_qaoa,approximation_ratio,1.266400795429945e-05,greedy_assignment_numpy,,4,20.831913045956753,1644969.9906327275,4,2.999999999999998,0.25000000000000056,2028,1352,676,169,55730074_scale_8n_32g_c27,20.83950626803562,17,72,4,3,synthetic,"0,1,2",,small_maxcut,4,1,21,1,,"dense_exact,sparse_lanczos",4,ring,13,tfim,auto,4,4,"dense_exact,sparse_krylov",data/raw/perlmutter/practical_suite_sweep/practical_55730074_scale_8n_32g_c27_qaoa_ring_4n_grid13_r0_seed17.json,ok
practical_55730074_scale_8n_32g_c27_qaoa_ring_4n_grid13_r0_seed31.json,optimization,optimization_qaoa,approximation_ratio,1.2634089216589928e-05,greedy_assignment_numpy,,4,17.169805134064518,1359006.1649650775,4,2.999999999999998,0.25000000000000056,2028,1352,676,169,55730074_scale_8n_32g_c27,17.178236655076034,31,72,4,3,synthetic,"0,1,2",,small_maxcut,4,1,21,1,,"dense_exact,sparse_lanczos",4,ring,13,tfim,auto,4,4,"dense_exact,sparse_krylov",data/raw/perlmutter/practical_suite_sweep/practical_55730074_scale_8n_32g_c27_qaoa_ring_4n_grid13_r0_seed31.json,ok
practical_55730074_scale_8n_32g_c27_sim_tfim_4q_10steps_r0_seed17.json,simulation,hamiltonian_simulation,absolute_observable_error,0.00031978299375623465,exact_dense_eigendecomposition_numpy,exact_dense_eigendecomposition_numpy,2,17.131940913037397,53573.646027270595,0.8218024506329117,0.8216225570780517,0.00017989355486003333,70,60,4,1,55730074_scale_8n_32g_c27,17.145541867008433,17,72,4,3,synthetic,"0,1,2",,tfim,4,1,21,1,,"dense_exact,sparse_lanczos",4,chordal,7,tfim,auto,4,10,"dense_exact,sparse_krylov",data/raw/perlmutter/practical_suite_sweep/practical_55730074_scale_8n_32g_c27_sim_tfim_4q_10steps_r0_seed17.json,ok
practical_55730074_scale_8n_32g_c27_sim_tfim_4q_10steps_r0_seed23.json,simulation,hamiltonian_simulation,absolute_observable_error,0.0003241009544581175,exact_dense_eigendecomposition_numpy,exact_dense_eigendecomposition_numpy,2,16.46714556706138,50808.69198485923,0.8218024506329117,0.8216225570780517,0.00017989355486003333,70,60,4,1,55730074_scale_8n_32g_c27,16.492625009967014,23,72,4,3,synthetic,"0,1,2",,tfim,4,1,21,1,,"dense_exact,sparse_lanczos",4,chordal,7,tfim,auto,4,10,"dense_exact,sparse_krylov",data/raw/perlmutter/practical_suite_sweep/practical_55730074_scale_8n_32g_c27_sim_tfim_4q_10steps_r0_seed23.json,ok
practical_55730074_scale_8n_32g_c27_sim_tfim_4q_10steps_r0_seed31.json,simulation,hamiltonian_simulation,absolute_observable_error,0.00035864696837961674,exact_dense_eigendecomposition_numpy,exact_dense_eigendecomposition_numpy,2,18.775165644008666,52349.99121513759,0.8218024506329117,0.8216225570780517,0.00017989355486003333,70,60,4,1,55730074_scale_8n_32g_c27,18.792472735978663,31,72,4,3,synthetic,"0,1,2",,tfim,4,1,21,1,,"dense_exact,sparse_lanczos",4,chordal,7,tfim,auto,4,10,"dense_exact,sparse_krylov",data/raw/perlmutter/practical_suite_sweep/practical_55730074_scale_8n_32g_c27_sim_tfim_4q_10steps_r0_seed31.json,ok
practical_55730074_scale_8n_32g_c27_sim_tfim_4q_10steps_r0_seed43.json,simulation,hamiltonian_simulation,absolute_observable_error,0.00032645498868077993,exact_dense_eigendecomposition_numpy,exact_dense_eigendecomposition_numpy,2,27.518563402001746,84295.12293013369,0.8218024506329117,0.8216225570780517,0.00017989355486003333,70,60,4,1,55730074_scale_8n_32g_c27,27.550972966942936,43,72,4,3,synthetic,"0,1,2",,tfim,4,1,21,1,,"dense_exact,sparse_lanczos",4,chordal,7,tfim,auto,4,10,"dense_exact,sparse_krylov",data/raw/perlmutter/practical_suite_sweep/practical_55730074_scale_8n_32g_c27_sim_tfim_4q_10steps_r0_seed43.json,ok
practical_55730074_scale_8n_32g_c28_chem_h2_l1_grid17_r0_seed31.json,chemistry,chemistry_vqe,absolute_energy_error,0.0001584370620548725,exact_dense_diagonalization_numpy,exact_dense_diagonalization_numpy,2,17.82514167507179,112506.13615202166,-1.85727503020238,-1.8456249981377126,0.011650032064667304,1304,326,652,326,55730074_scale_8n_32g_c28,17.861969606019557,31,72,4,3,synthetic,"0,1,2",,H2_minimal_2qubit,2,1,17,1,,"dense_exact,sparse_lanczos",4,chordal,7,tfim,auto,4,4,"dense_exact,sparse_krylov",data/raw/perlmutter/practical_suite_sweep/practical_55730074_scale_8n_32g_c28_chem_h2_l1_grid17_r0_seed31.json,ok
practical_55730074_scale_8n_32g_c28_ml_digits_c0v1v2_320s_8q_d1_r0_seed17.json,ml,multiclass_ml,test_accuracy,0.0004021800123155117,linear_ridge_numpy,linear_ridge_numpy,6,40.48530474200379,100664.63648681507,1.0,0.6375,0.36250000000000004,5120,2240,2560,320,55730074_scale_8n_32g_c28,40.62514385499526,17,320,8,3,digits,"0,1,2",sklearn_digits,,,1,21,1,,"dense_exact,sparse_lanczos",4,chordal,7,tfim,auto,4,4,"dense_exact,sparse_krylov",data/raw/perlmutter/practical_suite_sweep/practical_55730074_scale_8n_32g_c28_ml_digits_c0v1v2_320s_8q_d1_r0_seed17.json,ok
practical_55730074_scale_8n_32g_c28_ml_digits_c0v1v2_320s_8q_d1_r0_seed23.json,ml,multiclass_ml,test_accuracy,0.002654429990798235,knn_numpy,knn_numpy,6,19.420389133971184,7316.218246965754,1.0,0.7375,0.26249999999999996,5120,2240,2560,320,55730074_scale_8n_32g_c28,19.534983069985174,23,320,8,3,digits,"0,1,2",sklearn_digits,,,1,21,1,,"dense_exact,sparse_lanczos",4,chordal,7,tfim,auto,4,4,"dense_exact,sparse_krylov",data/raw/perlmutter/practical_suite_sweep/practical_55730074_scale_8n_32g_c28_ml_digits_c0v1v2_320s_8q_d1_r0_seed23.json,ok
practical_55730074_scale_8n_32g_c28_ml_digits_c0v1v2_320s_8q_d1_r0_seed31.json,ml,multiclass_ml,test_accuracy,0.0026732090627774596,knn_numpy,knn_numpy,6,21.20176177797839,7931.202266668136,1.0,0.825,0.17500000000000004,5120,2240,2560,320,55730074_scale_8n_32g_c28,21.32130622607656,31,320,8,3,digits,"0,1,2",sklearn_digits,,,1,21,1,,"dense_exact,sparse_lanczos",4,chordal,7,tfim,auto,4,4,"dense_exact,sparse_krylov",data/raw/perlmutter/practical_suite_sweep/practical_55730074_scale_8n_32g_c28_ml_digits_c0v1v2_320s_8q_d1_r0_seed31.json,ok
practical_55730074_scale_8n_32g_c28_ml_digits_c0v1v2_320s_8q_d1_r0_seed43.json,ml,multiclass_ml,test_accuracy,0.002643220010213554,knn_numpy,knn_numpy,6,22.032230709912255,8335.3752713654,1.0,0.7,0.30000000000000004,5120,2240,2560,320,55730074_scale_8n_32g_c28,22.157397428993136,43,320,8,3,digits,"0,1,2",sklearn_digits,,,1,21,1,,"dense_exact,sparse_lanczos",4,chordal,7,tfim,auto,4,4,"dense_exact,sparse_krylov",data/raw/perlmutter/practical_suite_sweep/practical_55730074_scale_8n_32g_c28_ml_digits_c0v1v2_320s_8q_d1_r0_seed43.json,ok
practical_55730074_scale_8n_32g_c28_ml_digits_c0v1v2v3_320s_8q_d1_r0_seed17.json,ml,multiclass_ml,test_accuracy,0.002623884007334709,knn_numpy,knn_numpy,6,19.680029210983776,7500.3426812964835,1.0,0.6875,0.3125,5120,2240,2560,320,55730074_scale_8n_32g_c28,19.793366346042603,17,320,8,4,digits,"0,1,2,3",sklearn_digits,,,1,21,1,,"dense_exact,sparse_lanczos",4,chordal,7,tfim,auto,4,4,"dense_exact,sparse_krylov",data/raw/perlmutter/practical_suite_sweep/practical_55730074_scale_8n_32g_c28_ml_digits_c0v1v2v3_320s_8q_d1_r0_seed17.json,ok
practical_55730074_scale_8n_32g_c28_ml_digits_c0v1v2v3_320s_8q_d1_r0_seed23.json,ml,multiclass_ml,test_accuracy,0.0026365770027041435,knn_numpy,knn_numpy,6,20.707759795943275,7854.031865826352,1.0,0.7,0.30000000000000004,5120,2240,2560,320,55730074_scale_8n_32g_c28,20.832015622989275,23,320,8,4,digits,"0,1,2,3",sklearn_digits,,,1,21,1,,"dense_exact,sparse_lanczos",4,chordal,7,tfim,auto,4,4,"dense_exact,sparse_krylov",data/raw/perlmutter/practical_suite_sweep/practical_55730074_scale_8n_32g_c28_ml_digits_c0v1v2v3_320s_8q_d1_r0_seed23.json,ok
practical_55730074_scale_8n_32g_c28_ml_digits_c0v1v2v3_320s_8q_d1_r0_seed31.json,ml,multiclass_ml,test_accuracy,0.07289817603304982,one_hidden_layer_mlp_numpy,one_hidden_layer_mlp_numpy,6,21.264499190961942,291.7013888155619,1.0,0.6125,0.38749999999999996,5120,2240,2560,320,55730074_scale_8n_32g_c28,21.381137596908957,31,320,8,4,digits,"0,1,2,3",sklearn_digits,,,1,21,1,,"dense_exact,sparse_lanczos",4,chordal,7,tfim,auto,4,4,"dense_exact,sparse_krylov",data/raw/perlmutter/practical_suite_sweep/practical_55730074_scale_8n_32g_c28_ml_digits_c0v1v2v3_320s_8q_d1_r0_seed31.json,ok
practical_55730074_scale_8n_32g_c28_ml_digits_c0v1v2v3_320s_8q_d1_r0_seed43.json,ml,multiclass_ml,test_accuracy,0.002672686940059066,knn_numpy,knn_numpy,6,20.597881026915275,7706.806479347733,1.0,0.8375,0.16249999999999998,5120,2240,2560,320,55730074_scale_8n_32g_c28,20.726556573063135,43,320,8,4,digits,"0,1,2,3",sklearn_digits,,,1,21,1,,"dense_exact,sparse_lanczos",4,chordal,7,tfim,auto,4,4,"dense_exact,sparse_krylov",data/raw/perlmutter/practical_suite_sweep/practical_55730074_scale_8n_32g_c28_ml_digits_c0v1v2v3_320s_8q_d1_r0_seed43.json,ok
practical_55730074_scale_8n_32g_c28_ml_digits_c2v4v6v8_320s_8q_d1_r0_seed17.json,ml,multiclass_ml,test_accuracy,0.0042582370806485415,rbf_kernel_ridge_numpy,rbf_kernel_ridge_numpy,6,21.03133207303472,4938.976312195277,1.0,0.7,0.30000000000000004,5120,2240,2560,320,55730074_scale_8n_32g_c28,21.14808410103433,17,320,8,4,digits,"2,4,6,8",sklearn_digits,,,1,21,1,,"dense_exact,sparse_lanczos",4,chordal,7,tfim,auto,4,4,"dense_exact,sparse_krylov",data/raw/perlmutter/practical_suite_sweep/practical_55730074_scale_8n_32g_c28_ml_digits_c2v4v6v8_320s_8q_d1_r0_seed17.json,ok
practical_55730074_scale_8n_32g_c28_ml_digits_c2v4v6v8_320s_8q_d1_r0_seed23.json,ml,multiclass_ml,test_accuracy,0.002629913971759379,knn_numpy,knn_numpy,6,18.41091602097731,7000.57728833641,1.0,0.7375,0.26249999999999996,5120,2240,2560,320,55730074_scale_8n_32g_c28,18.53196834702976,23,320,8,4,digits,"2,4,6,8",sklearn_digits,,,1,21,1,,"dense_exact,sparse_lanczos",4,chordal,7,tfim,auto,4,4,"dense_exact,sparse_krylov",data/raw/perlmutter/practical_suite_sweep/practical_55730074_scale_8n_32g_c28_ml_digits_c2v4v6v8_320s_8q_d1_r0_seed23.json,ok
practical_55730074_scale_8n_32g_c28_ml_digits_c2v4v6v8_320s_8q_d1_r0_seed31.json,ml,multiclass_ml,test_accuracy,0.004396836971864104,rbf_kernel_ridge_numpy,rbf_kernel_ridge_numpy,6,22.503559738048352,5118.124661444437,0.9875,0.6375,0.3500000000000001,5120,2240,2560,320,55730074_scale_8n_32g_c28,22.625013676006347,31,320,8,4,digits,"2,4,6,8",sklearn_digits,,,1,21,1,,"dense_exact,sparse_lanczos",4,chordal,7,tfim,auto,4,4,"dense_exact,sparse_krylov",data/raw/perlmutter/practical_suite_sweep/practical_55730074_scale_8n_32g_c28_ml_digits_c2v4v6v8_320s_8q_d1_r0_seed31.json,ok
practical_55730074_scale_8n_32g_c28_ml_digits_c2v4v6v8_320s_8q_d1_r0_seed43.json,ml,multiclass_ml,test_accuracy,0.0001618929672986269,linear_ridge_numpy,linear_ridge_numpy,6,20.717725016991608,127971.74184086578,1.0,0.6875,0.3125,5120,2240,2560,320,55730074_scale_8n_32g_c28,20.85504337400198,43,320,8,4,digits,"2,4,6,8",sklearn_digits,,,1,21,1,,"dense_exact,sparse_lanczos",4,chordal,7,tfim,auto,4,4,"dense_exact,sparse_krylov",data/raw/perlmutter/practical_suite_sweep/practical_55730074_scale_8n_32g_c28_ml_digits_c2v4v6v8_320s_8q_d1_r0_seed43.json,ok
practical_55730074_scale_8n_32g_c28_ml_digits_c3v5v8_320s_8q_d1_r0_seed17.json,ml,multiclass_ml,test_accuracy,0.002626929897814989,knn_numpy,knn_numpy,6,20.786906759021804,7913.00398853879,0.975,0.5125,0.4625,5120,2240,2560,320,55730074_scale_8n_32g_c28,20.911179748014547,17,320,8,3,digits,"3,5,8",sklearn_digits,,,1,21,1,,"dense_exact,sparse_lanczos",4,chordal,7,tfim,auto,4,4,"dense_exact,sparse_krylov",data/raw/perlmutter/practical_suite_sweep/practical_55730074_scale_8n_32g_c28_ml_digits_c3v5v8_320s_8q_d1_r0_seed17.json,ok
practical_55730074_scale_8n_32g_c28_ml_digits_c3v5v8_320s_8q_d1_r0_seed23.json,ml,multiclass_ml,test_accuracy,0.004474609042517841,rbf_kernel_ridge_numpy,rbf_kernel_ridge_numpy,6,18.917328834999353,4227.705405153042,0.9875,0.55,0.4375,5120,2240,2560,320,55730074_scale_8n_32g_c28,19.05686414905358,23,320,8,3,digits,"3,5,8",sklearn_digits,,,1,21,1,,"dense_exact,sparse_lanczos",4,chordal,7,tfim,auto,4,4,"dense_exact,sparse_krylov",data/raw/perlmutter/practical_suite_sweep/practical_55730074_scale_8n_32g_c28_ml_digits_c3v5v8_320s_8q_d1_r0_seed23.json,ok
practical_55730074_scale_8n_32g_c28_ml_digits_c3v5v8_320s_8q_d1_r0_seed31.json,ml,multiclass_ml,test_accuracy,0.0026106570148840547,knn_numpy,knn_numpy,6,20.358729563071392,7798.316457122029,0.9875,0.625,0.36250000000000004,5120,2240,2560,320,55730074_scale_8n_32g_c28,20.483596967998892,31,320,8,3,digits,"3,5,8",sklearn_digits,,,1,21,1,,"dense_exact,sparse_lanczos",4,chordal,7,tfim,auto,4,4,"dense_exact,sparse_krylov",data/raw/perlmutter/practical_suite_sweep/practical_55730074_scale_8n_32g_c28_ml_digits_c3v5v8_320s_8q_d1_r0_seed31.json,ok
practical_55730074_scale_8n_32g_c28_ml_digits_c3v5v8_320s_8q_d1_r0_seed43.json,ml,multiclass_ml,test_accuracy,0.000181852956302464,nearest_centroid_numpy,nearest_centroid_numpy,6,22.78236532700248,125279.04846985318,0.975,0.5125,0.4625,5120,2240,2560,320,55730074_scale_8n_32g_c28,22.900157639058307,43,320,8,3,digits,"3,5,8",sklearn_digits,,,1,21,1,,"dense_exact,sparse_lanczos",4,chordal,7,tfim,auto,4,4,"dense_exact,sparse_krylov",data/raw/perlmutter/practical_suite_sweep/practical_55730074_scale_8n_32g_c28_ml_digits_c3v5v8_320s_8q_d1_r0_seed43.json,ok
practical_55730074_scale_8n_32g_c28_qaoa_chordal_4n_grid7_r0_seed17.json,optimization,optimization_qaoa,approximation_ratio,1.4348071999847889e-05,greedy_assignment_numpy,,4,21.04541599599179,1466776.5812866637,4,3.2070111141556907,0.19824722146107732,637,490,196,49,55730074_scale_8n_32g_c28,21.06649305904284,17,72,4,3,synthetic,"0,1,2",,small_maxcut,4,1,21,1,,"dense_exact,sparse_lanczos",4,chordal,7,tfim,auto,4,4,"dense_exact,sparse_krylov",data/raw/perlmutter/practical_suite_sweep/practical_55730074_scale_8n_32g_c28_qaoa_chordal_4n_grid7_r0_seed17.json,ok
practical_55730074_scale_8n_32g_c28_qaoa_chordal_4n_grid7_r0_seed31.json,optimization,optimization_qaoa,approximation_ratio,1.7715035937726498e-05,greedy_assignment_numpy,,4,19.29978680203203,1089457.9536771132,4,3.2070111141556907,0.19824722146107732,637,490,196,49,55730074_scale_8n_32g_c28,19.30955620505847,31,72,4,3,synthetic,"0,1,2",,small_maxcut,4,1,21,1,,"dense_exact,sparse_lanczos",4,chordal,7,tfim,auto,4,4,"dense_exact,sparse_krylov",data/raw/perlmutter/practical_suite_sweep/practical_55730074_scale_8n_32g_c28_qaoa_chordal_4n_grid7_r0_seed31.json,ok
practical_55730074_scale_8n_32g_c28_qaoa_ladder_5n_grid7_r0_seed23.json,optimization,optimization_qaoa,approximation_ratio,2.3425905965268612e-05,greedy_assignment_numpy,,4,22.70864124398213,969381.5589309586,5,3.414322820287427,0.3171354359425146,735,490,245,49,55730074_scale_8n_32g_c28,22.71794280107133,23,72,4,3,synthetic,"0,1,2",,small_maxcut,5,1,21,1,,"dense_exact,sparse_lanczos",5,ladder,7,tfim,auto,4,4,"dense_exact,sparse_krylov",data/raw/perlmutter/practical_suite_sweep/practical_55730074_scale_8n_32g_c28_qaoa_ladder_5n_grid7_r0_seed23.json,ok
practical_55730074_scale_8n_32g_c28_qaoa_ladder_5n_grid7_r0_seed43.json,optimization,optimization_qaoa,approximation_ratio,1.6230973415076733e-05,greedy_assignment_numpy,,4,12.729668816085905,784282.5251787725,5,3.414322820287427,0.3171354359425146,735,490,245,49,55730074_scale_8n_32g_c28,12.750655004987493,43,72,4,3,synthetic,"0,1,2",,small_maxcut,5,1,21,1,,"dense_exact,sparse_lanczos",5,ladder,7,tfim,auto,4,4,"dense_exact,sparse_krylov",data/raw/perlmutter/practical_suite_sweep/practical_55730074_scale_8n_32g_c28_qaoa_ladder_5n_grid7_r0_seed43.json,ok
practical_55730074_scale_8n_32g_c28_qaoa_ring_7n_grid7_r0_seed17.json,optimization,optimization_qaoa,approximation_ratio,2.1782005205750465e-05,greedy_assignment_numpy,,4,20.619371172972023,946624.1045396727,6,4.8125,0.19791666666666663,1029,686,343,49,55730074_scale_8n_32g_c28,20.641858167015016,17,72,4,3,synthetic,"0,1,2",,small_maxcut,7,1,21,1,,"dense_exact,sparse_lanczos",7,ring,7,tfim,auto,4,4,"dense_exact,sparse_krylov",data/raw/perlmutter/practical_suite_sweep/practical_55730074_scale_8n_32g_c28_qaoa_ring_7n_grid7_r0_seed17.json,ok
practical_55730074_scale_8n_32g_c28_qaoa_ring_7n_grid7_r0_seed31.json,optimization,optimization_qaoa,approximation_ratio,2.1883053705096245e-05,greedy_assignment_numpy,,4,16.66523948905524,761559.1367476353,6,4.8125,0.19791666666666663,1029,686,343,49,55730074_scale_8n_32g_c28,16.680833813967183,31,72,4,3,synthetic,"0,1,2",,small_maxcut,7,1,21,1,,"dense_exact,sparse_lanczos",7,ring,7,tfim,auto,4,4,"dense_exact,sparse_krylov",data/raw/perlmutter/practical_suite_sweep/practical_55730074_scale_8n_32g_c28_qaoa_ring_7n_grid7_r0_seed31.json,ok
practical_55730074_scale_8n_32g_c28_sim_tfim_5q_4steps_r0_seed17.json,simulation,hamiltonian_simulation,absolute_observable_error,0.0005257889861240983,exact_dense_eigendecomposition_numpy,exact_dense_eigendecomposition_numpy,2,13.012866480043158,24749.218457329614,0.8218024506329158,0.8206730318635854,0.0011294187693303703,36,32,5,1,55730074_scale_8n_32g_c28,13.033021569019184,17,72,4,3,synthetic,"0,1,2",,tfim,5,1,21,1,,"dense_exact,sparse_lanczos",4,chordal,7,tfim,auto,5,4,"dense_exact,sparse_krylov",data/raw/perlmutter/practical_suite_sweep/practical_55730074_scale_8n_32g_c28_sim_tfim_5q_4steps_r0_seed17.json,ok
practical_55730074_scale_8n_32g_c28_sim_tfim_5q_4steps_r0_seed23.json,simulation,hamiltonian_simulation,absolute_observable_error,0.0005736310267820954,exact_dense_eigendecomposition_numpy,exact_dense_eigendecomposition_numpy,2,13.807445448939689,24070.25562476192,0.8218024506329158,0.8206730318635854,0.0011294187693303703,36,32,5,1,55730074_scale_8n_32g_c28,13.819569572922774,23,72,4,3,synthetic,"0,1,2",,tfim,5,1,21,1,,"dense_exact,sparse_lanczos",4,chordal,7,tfim,auto,5,4,"dense_exact,sparse_krylov",data/raw/perlmutter/practical_suite_sweep/practical_55730074_scale_8n_32g_c28_sim_tfim_5q_4steps_r0_seed23.json,ok
practical_55730074_scale_8n_32g_c28_sim_tfim_5q_4steps_r0_seed31.json,simulation,hamiltonian_simulation,absolute_observable_error,0.0006025880575180054,exact_dense_eigendecomposition_numpy,exact_dense_eigendecomposition_numpy,2,13.711407722090371,22754.1975832813,0.8218024506329158,0.8206730318635854,0.0011294187693303703,36,32,5,1,55730074_scale_8n_32g_c28,13.728313586907461,31,72,4,3,synthetic,"0,1,2",,tfim,5,1,21,1,,"dense_exact,sparse_lanczos",4,chordal,7,tfim,auto,5,4,"dense_exact,sparse_krylov",data/raw/perlmutter/practical_suite_sweep/practical_55730074_scale_8n_32g_c28_sim_tfim_5q_4steps_r0_seed31.json,ok
practical_55730074_scale_8n_32g_c28_sim_tfim_5q_4steps_r0_seed43.json,simulation,hamiltonian_simulation,absolute_observable_error,0.0005799529608339071,exact_dense_eigendecomposition_numpy,exact_dense_eigendecomposition_numpy,2,13.122960529988632,22627.629163439895,0.8218024506329158,0.8206730318635854,0.0011294187693303703,36,32,5,1,55730074_scale_8n_32g_c28,13.132725803996436,43,72,4,3,synthetic,"0,1,2",,tfim,5,1,21,1,,"dense_exact,sparse_lanczos",4,chordal,7,tfim,auto,5,4,"dense_exact,sparse_krylov",data/raw/perlmutter/practical_suite_sweep/practical_55730074_scale_8n_32g_c28_sim_tfim_5q_4steps_r0_seed43.json,ok
practical_55730074_scale_8n_32g_c29_chem_h2_l1_grid21_r0_seed31.json,chemistry,chemistry_vqe,absolute_energy_error,0.00014074204955250025,exact_dense_diagonalization_numpy,sparse_lanczos_eigsh_scipy,2,17.74928840796929,126112.19222971715,-1.857275030202381,-1.8539259190122395,0.003349111190141585,1944,486,972,486,55730074_scale_8n_32g_c29,17.763142190990038,31,72,4,3,synthetic,"0,1,2",,H2_minimal_2qubit,2,1,21,1,,"dense_exact,sparse_lanczos",4,chordal,7,tfim,auto,4,4,"dense_exact,sparse_krylov",data/raw/perlmutter/practical_suite_sweep/practical_55730074_scale_8n_32g_c29_chem_h2_l1_grid21_r0_seed31.json,ok
practical_55730074_scale_8n_32g_c29_ml_digits_c0v1v2_320s_8q_d2_r0_seed17.json,ml,multiclass_ml,test_accuracy,0.00016614189371466637,linear_ridge_numpy,linear_ridge_numpy,6,40.546727251959965,244048.7847188939,1.0,0.575,0.42500000000000004,10240,4480,2560,320,55730074_scale_8n_32g_c29,40.67714268399868,17,320,8,3,digits,"0,1,2",sklearn_digits,,,2,21,1,,"dense_exact,sparse_lanczos",4,chordal,7,tfim,auto,4,4,"dense_exact,sparse_krylov",data/raw/perlmutter/practical_suite_sweep/practical_55730074_scale_8n_32g_c29_ml_digits_c0v1v2_320s_8q_d2_r0_seed17.json,ok
practical_55730074_scale_8n_32g_c29_ml_digits_c0v1v2_320s_8q_d2_r0_seed23.json,ml,multiclass_ml,test_accuracy,0.0025929920375347137,knn_numpy,knn_numpy,6,18.657078164978884,7195.19300287443,1.0,0.6125,0.38749999999999996,10240,4480,2560,320,55730074_scale_8n_32g_c29,18.783743623062037,23,320,8,3,digits,"0,1,2",sklearn_digits,,,2,21,1,,"dense_exact,sparse_lanczos",4,chordal,7,tfim,auto,4,4,"dense_exact,sparse_krylov",data/raw/perlmutter/practical_suite_sweep/practical_55730074_scale_8n_32g_c29_ml_digits_c0v1v2_320s_8q_d2_r0_seed23.json,ok
practical_55730074_scale_8n_32g_c29_ml_digits_c0v1v2_320s_8q_d2_r0_seed31.json,ml,multiclass_ml,test_accuracy,0.0026773869758471847,knn_numpy,knn_numpy,6,21.263267487986013,7941.798357802889,1.0,0.725,0.275,10240,4480,2560,320,55730074_scale_8n_32g_c29,21.376617870060727,31,320,8,3,digits,"0,1,2",sklearn_digits,,,2,21,1,,"dense_exact,sparse_lanczos",4,chordal,7,tfim,auto,4,4,"dense_exact,sparse_krylov",data/raw/perlmutter/practical_suite_sweep/practical_55730074_scale_8n_32g_c29_ml_digits_c0v1v2_320s_8q_d2_r0_seed31.json,ok
practical_55730074_scale_8n_32g_c29_ml_digits_c0v1v2_320s_8q_d2_r0_seed43.json,ml,multiclass_ml,test_accuracy,0.002631397917866707,knn_numpy,knn_numpy,6,22.021621869062074,8368.792009577617,1.0,0.6,0.4,10240,4480,2560,320,55730074_scale_8n_32g_c29,22.13502593501471,43,320,8,3,digits,"0,1,2",sklearn_digits,,,2,21,1,,"dense_exact,sparse_lanczos",4,chordal,7,tfim,auto,4,4,"dense_exact,sparse_krylov",data/raw/perlmutter/practical_suite_sweep/practical_55730074_scale_8n_32g_c29_ml_digits_c0v1v2_320s_8q_d2_r0_seed43.json,ok
practical_55730074_scale_8n_32g_c29_ml_digits_c0v1v2v3_320s_8q_d2_r0_seed17.json,ml,multiclass_ml,test_accuracy,0.002593424986116588,knn_numpy,knn_numpy,6,18.491112268995494,7129.996960769708,1.0,0.575,0.42500000000000004,10240,4480,2560,320,55730074_scale_8n_32g_c29,18.60378376301378,17,320,8,4,digits,"0,1,2,3",sklearn_digits,,,2,21,1,,"dense_exact,sparse_lanczos",4,chordal,7,tfim,auto,4,4,"dense_exact,sparse_krylov",data/raw/perlmutter/practical_suite_sweep/practical_55730074_scale_8n_32g_c29_ml_digits_c0v1v2v3_320s_8q_d2_r0_seed17.json,ok
practical_55730074_scale_8n_32g_c29_ml_digits_c0v1v2v3_320s_8q_d2_r0_seed23.json,ml,multiclass_ml,test_accuracy,0.0026087219594046474,knn_numpy,knn_numpy,6,21.738955634995364,8333.182291284329,1.0,0.6875,0.3125,10240,4480,2560,320,55730074_scale_8n_32g_c29,21.851614660932682,23,320,8,4,digits,"0,1,2,3",sklearn_digits,,,2,21,1,,"dense_exact,sparse_lanczos",4,chordal,7,tfim,auto,4,4,"dense_exact,sparse_krylov",data/raw/perlmutter/practical_suite_sweep/practical_55730074_scale_8n_32g_c29_ml_digits_c0v1v2v3_320s_8q_d2_r0_seed23.json,ok
practical_55730074_scale_8n_32g_c29_ml_digits_c0v1v2v3_320s_8q_d2_r0_seed31.json,ml,multiclass_ml,test_accuracy,0.07306656299624592,one_hidden_layer_mlp_numpy,one_hidden_layer_mlp_numpy,6,21.308347270009108,291.62925415150437,1.0,0.625,0.375,10240,4480,2560,320,55730074_scale_8n_32g_c29,21.42146274400875,31,320,8,4,digits,"0,1,2,3",sklearn_digits,,,2,21,1,,"dense_exact,sparse_lanczos",4,chordal,7,tfim,auto,4,4,"dense_exact,sparse_krylov",data/raw/perlmutter/practical_suite_sweep/practical_55730074_scale_8n_32g_c29_ml_digits_c0v1v2v3_320s_8q_d2_r0_seed31.json,ok
practical_55730074_scale_8n_32g_c29_ml_digits_c0v1v2v3_320s_8q_d2_r0_seed43.json,ml,multiclass_ml,test_accuracy,0.0026488701114431024,knn_numpy,knn_numpy,6,20.700986276962794,7815.025050694129,1.0,0.6625,0.3375,10240,4480,2560,320,55730074_scale_8n_32g_c29,20.813305301941,43,320,8,4,digits,"0,1,2,3",sklearn_digits,,,2,21,1,,"dense_exact,sparse_lanczos",4,chordal,7,tfim,auto,4,4,"dense_exact,sparse_krylov",data/raw/perlmutter/practical_suite_sweep/practical_55730074_scale_8n_32g_c29_ml_digits_c0v1v2v3_320s_8q_d2_r0_seed43.json,ok
practical_55730074_scale_8n_32g_c29_ml_digits_c2v4v6v8_320s_8q_d2_r0_seed17.json,ml,multiclass_ml,test_accuracy,0.004610758041962981,rbf_kernel_ridge_numpy,rbf_kernel_ridge_numpy,6,19.838846746017225,4302.729955782075,1.0,0.725,0.275,10240,4480,2560,320,55730074_scale_8n_32g_c29,19.95161831600126,17,320,8,4,digits,"2,4,6,8",sklearn_digits,,,2,21,1,,"dense_exact,sparse_lanczos",4,chordal,7,tfim,auto,4,4,"dense_exact,sparse_krylov",data/raw/perlmutter/practical_suite_sweep/practical_55730074_scale_8n_32g_c29_ml_digits_c2v4v6v8_320s_8q_d2_r0_seed17.json,ok
practical_55730074_scale_8n_32g_c29_ml_digits_c2v4v6v8_320s_8q_d2_r0_seed23.json,ml,multiclass_ml,test_accuracy,0.002628951915539801,knn_numpy,knn_numpy,6,21.40611238591373,8142.451088352609,1.0,0.725,0.275,10240,4480,2560,320,55730074_scale_8n_32g_c29,21.518384897965007,23,320,8,4,digits,"2,4,6,8",sklearn_digits,,,2,21,1,,"dense_exact,sparse_lanczos",4,chordal,7,tfim,auto,4,4,"dense_exact,sparse_krylov",data/raw/perlmutter/practical_suite_sweep/practical_55730074_scale_8n_32g_c29_ml_digits_c2v4v6v8_320s_8q_d2_r0_seed23.json,ok
practical_55730074_scale_8n_32g_c29_ml_digits_c2v4v6v8_320s_8q_d2_r0_seed31.json,ml,multiclass_ml,test_accuracy,0.00401755201164633,rbf_kernel_ridge_numpy,rbf_kernel_ridge_numpy,6,22.508277105982415,5602.48555357442,0.9875,0.5875,0.4,10240,4480,2560,320,55730074_scale_8n_32g_c29,22.62107523693703,31,320,8,4,digits,"2,4,6,8",sklearn_digits,,,2,21,1,,"dense_exact,sparse_lanczos",4,chordal,7,tfim,auto,4,4,"dense_exact,sparse_krylov",data/raw/perlmutter/practical_suite_sweep/practical_55730074_scale_8n_32g_c29_ml_digits_c2v4v6v8_320s_8q_d2_r0_seed31.json,ok
practical_55730074_scale_8n_32g_c29_ml_digits_c2v4v6v8_320s_8q_d2_r0_seed43.json,ml,multiclass_ml,test_accuracy,0.00015643297228962183,linear_ridge_numpy,linear_ridge_numpy,6,20.80174225603696,132975.43319399678,1.0,0.75,0.25,10240,4480,2560,320,55730074_scale_8n_32g_c29,20.913997509982437,43,320,8,4,digits,"2,4,6,8",sklearn_digits,,,2,21,1,,"dense_exact,sparse_lanczos",4,chordal,7,tfim,auto,4,4,"dense_exact,sparse_krylov",data/raw/perlmutter/practical_suite_sweep/practical_55730074_scale_8n_32g_c29_ml_digits_c2v4v6v8_320s_8q_d2_r0_seed43.json,ok
practical_55730074_scale_8n_32g_c29_ml_digits_c3v5v8_320s_8q_d2_r0_seed17.json,ml,multiclass_ml,test_accuracy,0.00263803091365844,knn_numpy,knn_numpy,6,21.026592039037496,7970.563168980331,0.975,0.625,0.35,10240,4480,2560,320,55730074_scale_8n_32g_c29,21.140203582006507,17,320,8,3,digits,"3,5,8",sklearn_digits,,,2,21,1,,"dense_exact,sparse_lanczos",4,chordal,7,tfim,auto,4,4,"dense_exact,sparse_krylov",data/raw/perlmutter/practical_suite_sweep/practical_55730074_scale_8n_32g_c29_ml_digits_c3v5v8_320s_8q_d2_r0_seed17.json,ok
practical_55730074_scale_8n_32g_c29_ml_digits_c3v5v8_320s_8q_d2_r0_seed23.json,ml,multiclass_ml,test_accuracy,0.00392265897244215,rbf_kernel_ridge_numpy,rbf_kernel_ridge_numpy,6,17.51817476702854,4465.892877790026,0.9875,0.7625,0.2250000000000001,10240,4480,2560,320,55730074_scale_8n_32g_c29,17.629596333950758,23,320,8,3,digits,"3,5,8",sklearn_digits,,,2,21,1,,"dense_exact,sparse_lanczos",4,chordal,7,tfim,auto,4,4,"dense_exact,sparse_krylov",data/raw/perlmutter/practical_suite_sweep/practical_55730074_scale_8n_32g_c29_ml_digits_c3v5v8_320s_8q_d2_r0_seed23.json,ok
practical_55730074_scale_8n_32g_c29_ml_digits_c3v5v8_320s_8q_d2_r0_seed31.json,ml,multiclass_ml,test_accuracy,0.002607690985314548,knn_numpy,knn_numpy,6,20.38672664097976,7817.922735396751,0.9875,0.575,0.4125000000000001,10240,4480,2560,320,55730074_scale_8n_32g_c29,20.499064297997393,31,320,8,3,digits,"3,5,8",sklearn_digits,,,2,21,1,,"dense_exact,sparse_lanczos",4,chordal,7,tfim,auto,4,4,"dense_exact,sparse_krylov",data/raw/perlmutter/practical_suite_sweep/practical_55730074_scale_8n_32g_c29_ml_digits_c3v5v8_320s_8q_d2_r0_seed31.json,ok
practical_55730074_scale_8n_32g_c29_ml_digits_c3v5v8_320s_8q_d2_r0_seed43.json,ml,multiclass_ml,test_accuracy,0.00017943792045116425,nearest_centroid_numpy,nearest_centroid_numpy,6,22.834025133983232,127253.06377030675,0.975,0.5125,0.4625,10240,4480,2560,320,55730074_scale_8n_32g_c29,22.94822356593795,43,320,8,3,digits,"3,5,8",sklearn_digits,,,2,21,1,,"dense_exact,sparse_lanczos",4,chordal,7,tfim,auto,4,4,"dense_exact,sparse_krylov",data/raw/perlmutter/practical_suite_sweep/practical_55730074_scale_8n_32g_c29_ml_digits_c3v5v8_320s_8q_d2_r0_seed43.json,ok
practical_55730074_scale_8n_32g_c29_qaoa_chordal_4n_grid9_r0_seed17.json,optimization,optimization_qaoa,approximation_ratio,1.4177989214658737e-05,greedy_assignment_numpy,,4,21.028339149081148,1483167.946505403,4,3.1457154773853633,0.21357113065365918,1053,810,324,81,55730074_scale_8n_32g_c29,21.04431797901634,17,72,4,3,synthetic,"0,1,2",,small_maxcut,4,1,21,1,,"dense_exact,sparse_lanczos",4,chordal,9,tfim,auto,4,4,"dense_exact,sparse_krylov",data/raw/perlmutter/practical_suite_sweep/practical_55730074_scale_8n_32g_c29_qaoa_chordal_4n_grid9_r0_seed17.json,ok
practical_55730074_scale_8n_32g_c29_qaoa_chordal_4n_grid9_r0_seed31.json,optimization,optimization_qaoa,approximation_ratio,1.480907667428255e-05,greedy_assignment_numpy,,4,19.490730617078952,1316134.0876117256,4,3.1457154773853633,0.21357113065365918,1053,810,324,81,55730074_scale_8n_32g_c29,19.498475237982348,31,72,4,3,synthetic,"0,1,2",,small_maxcut,4,1,21,1,,"dense_exact,sparse_lanczos",4,chordal,9,tfim,auto,4,4,"dense_exact,sparse_krylov",data/raw/perlmutter/practical_suite_sweep/practical_55730074_scale_8n_32g_c29_qaoa_chordal_4n_grid9_r0_seed31.json,ok
practical_55730074_scale_8n_32g_c29_qaoa_ladder_5n_grid9_r0_seed23.json,optimization,optimization_qaoa,approximation_ratio,1.6472069546580315e-05,greedy_assignment_numpy,,4,22.31679344701115,1354826.324883034,5,3.6919417382415882,0.2616116523516824,1215,810,405,81,55730074_scale_8n_32g_c29,22.3341849129647,23,72,4,3,synthetic,"0,1,2",,small_maxcut,5,1,21,1,,"dense_exact,sparse_lanczos",5,ladder,9,tfim,auto,4,4,"dense_exact,sparse_krylov",data/raw/perlmutter/practical_suite_sweep/practical_55730074_scale_8n_32g_c29_qaoa_ladder_5n_grid9_r0_seed23.json,ok
practical_55730074_scale_8n_32g_c29_qaoa_ladder_5n_grid9_r0_seed43.json,optimization,optimization_qaoa,approximation_ratio,1.634203363209963e-05,greedy_assignment_numpy,,4,12.72431251197122,778624.7904286315,5,3.6919417382415882,0.2616116523516824,1215,810,405,81,55730074_scale_8n_32g_c29,12.739259802969173,43,72,4,3,synthetic,"0,1,2",,small_maxcut,5,1,21,1,,"dense_exact,sparse_lanczos",5,ladder,9,tfim,auto,4,4,"dense_exact,sparse_krylov",data/raw/perlmutter/practical_suite_sweep/practical_55730074_scale_8n_32g_c29_qaoa_ladder_5n_grid9_r0_seed43.json,ok
practical_55730074_scale_8n_32g_c29_qaoa_ring_7n_grid9_r0_seed17.json,optimization,optimization_qaoa,approximation_ratio,2.1341023966670036e-05,greedy_assignment_numpy,,4,21.630103190080263,1013545.7053917237,6,5.249999999999997,0.12500000000000044,1701,1134,567,81,55730074_scale_8n_32g_c29,21.650246597011574,17,72,4,3,synthetic,"0,1,2",,small_maxcut,7,1,21,1,,"dense_exact,sparse_lanczos",7,ring,9,tfim,auto,4,4,"dense_exact,sparse_krylov",data/raw/perlmutter/practical_suite_sweep/practical_55730074_scale_8n_32g_c29_qaoa_ring_7n_grid9_r0_seed17.json,ok
practical_55730074_scale_8n_32g_c29_qaoa_ring_7n_grid9_r0_seed31.json,optimization,optimization_qaoa,approximation_ratio,2.149201463907957e-05,greedy_assignment_numpy,,4,16.710078520001844,777501.7279961,6,5.249999999999997,0.12500000000000044,1701,1134,567,81,55730074_scale_8n_32g_c29,16.723152111982927,31,72,4,3,synthetic,"0,1,2",,small_maxcut,7,1,21,1,,"dense_exact,sparse_lanczos",7,ring,9,tfim,auto,4,4,"dense_exact,sparse_krylov",data/raw/perlmutter/practical_suite_sweep/practical_55730074_scale_8n_32g_c29_qaoa_ring_7n_grid9_r0_seed31.json,ok
practical_55730074_scale_8n_32g_c29_sim_tfim_5q_6steps_r0_seed17.json,simulation,hamiltonian_simulation,absolute_observable_error,0.0005628900835290551,exact_dense_eigendecomposition_numpy,exact_dense_eigendecomposition_numpy,2,13.00641925202217,23106.499177384794,0.8218024506329158,0.8213019840508522,0.0005004665820635967,54,48,5,1,55730074_scale_8n_32g_c29,13.022565547027625,17,72,4,3,synthetic,"0,1,2",,tfim,5,1,21,1,,"dense_exact,sparse_lanczos",4,chordal,7,tfim,auto,5,6,"dense_exact,sparse_krylov",data/raw/perlmutter/practical_suite_sweep/practical_55730074_scale_8n_32g_c29_sim_tfim_5q_6steps_r0_seed17.json,ok
practical_55730074_scale_8n_32g_c29_sim_tfim_5q_6steps_r0_seed23.json,simulation,hamiltonian_simulation,absolute_observable_error,0.0005163500318303704,exact_dense_eigendecomposition_numpy,exact_dense_eigendecomposition_numpy,2,13.786274202982895,26699.473909419485,0.8218024506329158,0.8213019840508522,0.0005004665820635967,54,48,5,1,55730074_scale_8n_32g_c29,13.796004298957996,23,72,4,3,synthetic,"0,1,2",,tfim,5,1,21,1,,"dense_exact,sparse_lanczos",4,chordal,7,tfim,auto,5,6,"dense_exact,sparse_krylov",data/raw/perlmutter/practical_suite_sweep/practical_55730074_scale_8n_32g_c29_sim_tfim_5q_6steps_r0_seed23.json,ok
practical_55730074_scale_8n_32g_c29_sim_tfim_5q_6steps_r0_seed31.json,simulation,hamiltonian_simulation,absolute_observable_error,0.0005468190647661686,exact_dense_eigendecomposition_numpy,exact_dense_eigendecomposition_numpy,2,13.739073007949628,25125.446227491622,0.8218024506329158,0.8213019840508522,0.0005004665820635967,54,48,5,1,55730074_scale_8n_32g_c29,13.74877937801648,31,72,4,3,synthetic,"0,1,2",,tfim,5,1,21,1,,"dense_exact,sparse_lanczos",4,chordal,7,tfim,auto,5,6,"dense_exact,sparse_krylov",data/raw/perlmutter/practical_suite_sweep/practical_55730074_scale_8n_32g_c29_sim_tfim_5q_6steps_r0_seed31.json,ok
practical_55730074_scale_8n_32g_c29_sim_tfim_5q_6steps_r0_seed43.json,simulation,hamiltonian_simulation,absolute_observable_error,0.0005699739558622241,exact_dense_eigendecomposition_numpy,exact_dense_eigendecomposition_numpy,2,12.94367962796241,22709.247492513845,0.8218024506329158,0.8213019840508522,0.0005004665820635967,54,48,5,1,55730074_scale_8n_32g_c29,12.96165169798769,43,72,4,3,synthetic,"0,1,2",,tfim,5,1,21,1,,"dense_exact,sparse_lanczos",4,chordal,7,tfim,auto,5,6,"dense_exact,sparse_krylov",data/raw/perlmutter/practical_suite_sweep/practical_55730074_scale_8n_32g_c29_sim_tfim_5q_6steps_r0_seed43.json,ok
practical_55730074_scale_8n_32g_c2_chem_h2_l1_grid25_r0_seed17.json,chemistry,chemistry_vqe,absolute_energy_error,0.0001468230038881302,exact_dense_diagonalization_numpy,sparse_lanczos_eigsh_scipy,2,23.547491248929873,160380.12181573105,-1.8572750302023804,-1.8566776536800178,0.0005973765223625804,2712,678,1356,678,55730074_scale_8n_32g_c2,23.56864722399041,17,72,4,3,synthetic,"0,1,2",,H2_minimal_2qubit,2,1,25,1,,"dense_exact,sparse_lanczos",4,chordal,7,tfim,auto,4,4,"dense_exact,sparse_krylov",data/raw/perlmutter/practical_suite_sweep/practical_55730074_scale_8n_32g_c2_chem_h2_l1_grid25_r0_seed17.json,ok
practical_55730074_scale_8n_32g_c2_chem_molecular_chain_4q_l1_grid17_r0_seed31.json,chemistry,chemistry_vqe,absolute_energy_error,0.0001637950772419572,exact_dense_diagonalization_numpy,sparse_lanczos_eigsh_scipy,2,23.852296766941436,145622.79385055605,-1.7057328925529032,-0.9563456332465652,0.749387259306338,296,111,148,37,55730074_scale_8n_32g_c2,23.870852270978503,31,72,4,3,synthetic,"0,1,2",,molecular_chain_4q_surrogate,4,1,17,1,benchmarks/workloads/hamiltonians/molecular_chain_4q.json,"dense_exact,sparse_lanczos",4,chordal,7,tfim,auto,4,4,"dense_exact,sparse_krylov",data/raw/perlmutter/practical_suite_sweep/practical_55730074_scale_8n_32g_c2_chem_molecular_chain_4q_l1_grid17_r0_seed31.json,ok
practical_55730074_scale_8n_32g_c2_ml_digits_c0v1v2_128s_6q_d1_r0_seed17.json,ml,multiclass_ml,test_accuracy,0.00015339604578912258,nearest_centroid_numpy,nearest_centroid_numpy,6,40.57666494802106,264522.2354936243,1.0,0.625,0.375,1536,640,768,128,55730074_scale_8n_32g_c2,40.66109411499929,17,128,6,3,digits,"0,1,2",sklearn_digits,,,1,21,1,,"dense_exact,sparse_lanczos",4,chordal,7,tfim,auto,4,4,"dense_exact,sparse_krylov",data/raw/perlmutter/practical_suite_sweep/practical_55730074_scale_8n_32g_c2_ml_digits_c0v1v2_128s_6q_d1_r0_seed17.json,ok
practical_55730074_scale_8n_32g_c2_ml_digits_c0v1v2_128s_6q_d1_r0_seed23.json,ml,multiclass_ml,test_accuracy,0.000756126013584435,rbf_kernel_ridge_numpy,rbf_kernel_ridge_numpy,6,19.86953944596462,26278.07943251754,1.0,0.75,0.25,1536,640,768,128,55730074_scale_8n_32g_c2,19.935216396930628,23,128,6,3,digits,"0,1,2",sklearn_digits,,,1,21,1,,"dense_exact,sparse_lanczos",4,chordal,7,tfim,auto,4,4,"dense_exact,sparse_krylov",data/raw/perlmutter/practical_suite_sweep/practical_55730074_scale_8n_32g_c2_ml_digits_c0v1v2_128s_6q_d1_r0_seed23.json,ok
practical_55730074_scale_8n_32g_c2_ml_digits_c0v1v2_128s_6q_d1_r0_seed31.json,ml,multiclass_ml,test_accuracy,0.0001503999810665846,nearest_centroid_numpy,nearest_centroid_numpy,6,20.591029175091535,136908.4558991769,1.0,0.6875,0.3125,1536,640,768,128,55730074_scale_8n_32g_c2,20.658545393962413,31,128,6,3,digits,"0,1,2",sklearn_digits,,,1,21,1,,"dense_exact,sparse_lanczos",4,chordal,7,tfim,auto,4,4,"dense_exact,sparse_krylov",data/raw/perlmutter/practical_suite_sweep/practical_55730074_scale_8n_32g_c2_ml_digits_c0v1v2_128s_6q_d1_r0_seed31.json,ok
practical_55730074_scale_8n_32g_c2_ml_digits_c0v1v2_128s_6q_d1_r0_seed43.json,ml,multiclass_ml,test_accuracy,0.00015876605175435543,nearest_centroid_numpy,nearest_centroid_numpy,6,25.072200095979497,157919.15097045733,1.0,0.8125,0.1875,1536,640,768,128,55730074_scale_8n_32g_c2,25.14418803504668,43,128,6,3,digits,"0,1,2",sklearn_digits,,,1,21,1,,"dense_exact,sparse_lanczos",4,chordal,7,tfim,auto,4,4,"dense_exact,sparse_krylov",data/raw/perlmutter/practical_suite_sweep/practical_55730074_scale_8n_32g_c2_ml_digits_c0v1v2_128s_6q_d1_r0_seed43.json,ok
practical_55730074_scale_8n_32g_c2_ml_digits_c0v1v2v3_128s_6q_d1_r0_seed17.json,ml,multiclass_ml,test_accuracy,0.0007983879186213017,rbf_kernel_ridge_numpy,rbf_kernel_ridge_numpy,6,24.679209060035646,30911.300740438313,1.0,0.8125,0.1875,1536,640,768,128,55730074_scale_8n_32g_c2,24.751571560977027,17,128,6,4,digits,"0,1,2,3",sklearn_digits,,,1,21,1,,"dense_exact,sparse_lanczos",4,chordal,7,tfim,auto,4,4,"dense_exact,sparse_krylov",data/raw/perlmutter/practical_suite_sweep/practical_55730074_scale_8n_32g_c2_ml_digits_c0v1v2v3_128s_6q_d1_r0_seed17.json,ok
practical_55730074_scale_8n_32g_c2_ml_digits_c0v1v2v3_128s_6q_d1_r0_seed23.json,ml,multiclass_ml,test_accuracy,0.0007947779959067702,rbf_kernel_ridge_numpy,rbf_kernel_ridge_numpy,6,22.217386416974477,27954.204232373642,1.0,0.78125,0.21875,1536,640,768,128,55730074_scale_8n_32g_c2,22.288812709972262,23,128,6,4,digits,"0,1,2,3",sklearn_digits,,,1,21,1,,"dense_exact,sparse_lanczos",4,chordal,7,tfim,auto,4,4,"dense_exact,sparse_krylov",data/raw/perlmutter/practical_suite_sweep/practical_55730074_scale_8n_32g_c2_ml_digits_c0v1v2v3_128s_6q_d1_r0_seed23.json,ok
practical_55730074_scale_8n_32g_c2_ml_digits_c0v1v2v3_128s_6q_d1_r0_seed31.json,ml,multiclass_ml,test_accuracy,0.0008042700355872512,rbf_kernel_ridge_numpy,rbf_kernel_ridge_numpy,6,24.937037563999183,31005.802106988842,1.0,0.65625,0.34375,1536,640,768,128,55730074_scale_8n_32g_c2,25.005977498949505,31,128,6,4,digits,"0,1,2,3",sklearn_digits,,,1,21,1,,"dense_exact,sparse_lanczos",4,chordal,7,tfim,auto,4,4,"dense_exact,sparse_krylov",data/raw/perlmutter/practical_suite_sweep/practical_55730074_scale_8n_32g_c2_ml_digits_c0v1v2v3_128s_6q_d1_r0_seed31.json,ok
practical_55730074_scale_8n_32g_c2_ml_digits_c0v1v2v3_128s_6q_d1_r0_seed43.json,ml,multiclass_ml,test_accuracy,0.0001643060240894556,nearest_centroid_numpy,nearest_centroid_numpy,6,20.100990973995067,122338.73398976037,1.0,0.71875,0.28125,1536,640,768,128,55730074_scale_8n_32g_c2,20.190601521986537,43,128,6,4,digits,"0,1,2,3",sklearn_digits,,,1,21,1,,"dense_exact,sparse_lanczos",4,chordal,7,tfim,auto,4,4,"dense_exact,sparse_krylov",data/raw/perlmutter/practical_suite_sweep/practical_55730074_scale_8n_32g_c2_ml_digits_c0v1v2v3_128s_6q_d1_r0_seed43.json,ok
practical_55730074_scale_8n_32g_c2_ml_digits_c2v4v6v8_128s_6q_d1_r0_seed17.json,ml,multiclass_ml,test_accuracy,0.0007858549943193793,rbf_kernel_ridge_numpy,rbf_kernel_ridge_numpy,6,22.862010649987496,29091.894580103854,0.96875,0.59375,0.375,1536,640,768,128,55730074_scale_8n_32g_c2,22.927985551999882,17,128,6,4,digits,"2,4,6,8",sklearn_digits,,,1,21,1,,"dense_exact,sparse_lanczos",4,chordal,7,tfim,auto,4,4,"dense_exact,sparse_krylov",data/raw/perlmutter/practical_suite_sweep/practical_55730074_scale_8n_32g_c2_ml_digits_c2v4v6v8_128s_6q_d1_r0_seed17.json,ok
practical_55730074_scale_8n_32g_c2_ml_digits_c2v4v6v8_128s_6q_d1_r0_seed23.json,ml,multiclass_ml,test_accuracy,0.0001470530405640602,nearest_centroid_numpy,nearest_centroid_numpy,6,23.283801337936893,158336.07553183404,0.90625,0.6875,0.21875,1536,640,768,128,55730074_scale_8n_32g_c2,23.351828834041953,23,128,6,4,digits,"2,4,6,8",sklearn_digits,,,1,21,1,,"dense_exact,sparse_lanczos",4,chordal,7,tfim,auto,4,4,"dense_exact,sparse_krylov",data/raw/perlmutter/practical_suite_sweep/practical_55730074_scale_8n_32g_c2_ml_digits_c2v4v6v8_128s_6q_d1_r0_seed23.json,ok
practical_55730074_scale_8n_32g_c2_ml_digits_c2v4v6v8_128s_6q_d1_r0_seed31.json,ml,multiclass_ml,test_accuracy,0.00016987707931548357,linear_ridge_numpy,linear_ridge_numpy,6,26.000301576103084,153053.61783279298,1.0,0.6875,0.3125,1536,640,768,128,55730074_scale_8n_32g_c2,26.068216938059777,31,128,6,4,digits,"2,4,6,8",sklearn_digits,,,1,21,1,,"dense_exact,sparse_lanczos",4,chordal,7,tfim,auto,4,4,"dense_exact,sparse_krylov",data/raw/perlmutter/practical_suite_sweep/practical_55730074_scale_8n_32g_c2_ml_digits_c2v4v6v8_128s_6q_d1_r0_seed31.json,ok
practical_55730074_scale_8n_32g_c2_ml_digits_c2v4v6v8_128s_6q_d1_r0_seed43.json,ml,multiclass_ml,test_accuracy,0.0001675930107012391,nearest_centroid_numpy,nearest_centroid_numpy,6,23.686289213015698,141332.20182576845,0.96875,0.78125,0.1875,1536,640,768,128,55730074_scale_8n_32g_c2,23.754841028014198,43,128,6,4,digits,"2,4,6,8",sklearn_digits,,,1,21,1,,"dense_exact,sparse_lanczos",4,chordal,7,tfim,auto,4,4,"dense_exact,sparse_krylov",data/raw/perlmutter/practical_suite_sweep/practical_55730074_scale_8n_32g_c2_ml_digits_c2v4v6v8_128s_6q_d1_r0_seed43.json,ok
practical_55730074_scale_8n_32g_c2_ml_digits_c3v5v8_128s_6q_d1_r0_seed17.json,ml,multiclass_ml,test_accuracy,0.00016672094352543354,nearest_centroid_numpy,nearest_centroid_numpy,6,25.727973866974935,154317.58795828847,0.9375,0.59375,0.34375,1536,640,768,128,55730074_scale_8n_32g_c2,25.823682117043063,17,128,6,3,digits,"3,5,8",sklearn_digits,,,1,21,1,,"dense_exact,sparse_lanczos",4,chordal,7,tfim,auto,4,4,"dense_exact,sparse_krylov",data/raw/perlmutter/practical_suite_sweep/practical_55730074_scale_8n_32g_c2_ml_digits_c3v5v8_128s_6q_d1_r0_seed17.json,ok
practical_55730074_scale_8n_32g_c2_ml_digits_c3v5v8_128s_6q_d1_r0_seed23.json,ml,multiclass_ml,test_accuracy,0.0001333769178017974,nearest_centroid_numpy,nearest_centroid_numpy,6,22.341673737973906,167507.79749742296,1.0,0.6875,0.3125,1536,640,768,128,55730074_scale_8n_32g_c2,22.414891739026643,23,128,6,3,digits,"3,5,8",sklearn_digits,,,1,21,1,,"dense_exact,sparse_lanczos",4,chordal,7,tfim,auto,4,4,"dense_exact,sparse_krylov",data/raw/perlmutter/practical_suite_sweep/practical_55730074_scale_8n_32g_c2_ml_digits_c3v5v8_128s_6q_d1_r0_seed23.json,ok
practical_55730074_scale_8n_32g_c2_ml_digits_c3v5v8_128s_6q_d1_r0_seed31.json,ml,multiclass_ml,test_accuracy,0.00015431793872267008,nearest_centroid_numpy,nearest_centroid_numpy,6,21.61300219700206,140055.0213144274,0.96875,0.625,0.34375,1536,640,768,128,55730074_scale_8n_32g_c2,21.68210633902345,31,128,6,3,digits,"3,5,8",sklearn_digits,,,1,21,1,,"dense_exact,sparse_lanczos",4,chordal,7,tfim,auto,4,4,"dense_exact,sparse_krylov",data/raw/perlmutter/practical_suite_sweep/practical_55730074_scale_8n_32g_c2_ml_digits_c3v5v8_128s_6q_d1_r0_seed31.json,ok
practical_55730074_scale_8n_32g_c2_ml_digits_c3v5v8_128s_6q_d1_r0_seed43.json,ml,multiclass_ml,test_accuracy,0.0007423300994560122,rbf_kernel_ridge_numpy,rbf_kernel_ridge_numpy,6,22.677884039003402,30549.595194404763,0.96875,0.46875,0.5,1536,640,768,128,55730074_scale_8n_32g_c2,22.742228469927795,43,128,6,3,digits,"3,5,8",sklearn_digits,,,1,21,1,,"dense_exact,sparse_lanczos",4,chordal,7,tfim,auto,4,4,"dense_exact,sparse_krylov",data/raw/perlmutter/practical_suite_sweep/practical_55730074_scale_8n_32g_c2_ml_digits_c3v5v8_128s_6q_d1_r0_seed43.json,ok
practical_55730074_scale_8n_32g_c2_qaoa_chordal_7n_grid11_r0_seed17.json,optimization,optimization_qaoa,approximation_ratio,2.5860033929347992e-05,greedy_assignment_numpy,,4,19.446088529075496,751974.5945501855,8,6.158837991562405,0.2301452510546994,2783,2178,847,121,55730074_scale_8n_32g_c2,19.769664478953928,17,72,4,3,synthetic,"0,1,2",,small_maxcut,7,1,21,1,,"dense_exact,sparse_lanczos",7,chordal,11,tfim,auto,4,4,"dense_exact,sparse_krylov",data/raw/perlmutter/practical_suite_sweep/practical_55730074_scale_8n_32g_c2_qaoa_chordal_7n_grid11_r0_seed17.json,ok
practical_55730074_scale_8n_32g_c2_qaoa_chordal_7n_grid11_r0_seed31.json,optimization,optimization_qaoa,approximation_ratio,2.459809184074402e-05,greedy_assignment_numpy,,4,16.216088511049747,659241.7255792822,8,6.158837991562405,0.2301452510546994,2783,2178,847,121,55730074_scale_8n_32g_c2,16.223509885021485,31,72,4,3,synthetic,"0,1,2",,small_maxcut,7,1,21,1,,"dense_exact,sparse_lanczos",7,chordal,11,tfim,auto,4,4,"dense_exact,sparse_krylov",data/raw/perlmutter/practical_suite_sweep/practical_55730074_scale_8n_32g_c2_qaoa_chordal_7n_grid11_r0_seed31.json,ok
practical_55730074_scale_8n_32g_c2_qaoa_ladder_4n_grid11_r0_seed17.json,optimization,optimization_qaoa,approximation_ratio,1.3004988431930542e-05,greedy_assignment_numpy,,4,22.376290006912313,1720592.842049198,4,2.9045084971874733,0.2738728757031317,1452,968,484,121,55730074_scale_8n_32g_c2,22.39075388701167,17,72,4,3,synthetic,"0,1,2",,small_maxcut,4,1,21,1,,"dense_exact,sparse_lanczos",4,ladder,11,tfim,auto,4,4,"dense_exact,sparse_krylov",data/raw/perlmutter/practical_suite_sweep/practical_55730074_scale_8n_32g_c2_qaoa_ladder_4n_grid11_r0_seed17.json,ok
practical_55730074_scale_8n_32g_c2_qaoa_ladder_4n_grid11_r0_seed31.json,optimization,optimization_qaoa,approximation_ratio,1.294503454118967e-05,greedy_assignment_numpy,,4,13.880944007076323,1072298.7229511586,4,2.9045084971874733,0.2738728757031317,1452,968,484,121,55730074_scale_8n_32g_c2,13.957426577922888,31,72,4,3,synthetic,"0,1,2",,small_maxcut,4,1,21,1,,"dense_exact,sparse_lanczos",4,ladder,11,tfim,auto,4,4,"dense_exact,sparse_krylov",data/raw/perlmutter/practical_suite_sweep/practical_55730074_scale_8n_32g_c2_qaoa_ladder_4n_grid11_r0_seed31.json,ok
practical_55730074_scale_8n_32g_c2_qaoa_ring_6n_grid11_r0_seed23.json,optimization,optimization_qaoa,approximation_ratio,1.8486054614186287e-05,greedy_assignment_numpy,,4,13.03803496202454,705290.2976938675,6,4.356762745781209,0.2738728757031318,2178,1452,726,121,55730074_scale_8n_32g_c2,13.052285552024841,23,72,4,3,synthetic,"0,1,2",,small_maxcut,6,1,21,1,,"dense_exact,sparse_lanczos",6,ring,11,tfim,auto,4,4,"dense_exact,sparse_krylov",data/raw/perlmutter/practical_suite_sweep/practical_55730074_scale_8n_32g_c2_qaoa_ring_6n_grid11_r0_seed23.json,ok
practical_55730074_scale_8n_32g_c2_qaoa_ring_6n_grid11_r0_seed43.json,optimization,optimization_qaoa,approximation_ratio,2.2983993403613567e-05,greedy_assignment_numpy,,4,15.57460114103742,677628.1591948579,6,4.356762745781209,0.2738728757031318,2178,1452,726,121,55730074_scale_8n_32g_c2,15.613547215005383,43,72,4,3,synthetic,"0,1,2",,small_maxcut,6,1,21,1,,"dense_exact,sparse_lanczos",6,ring,11,tfim,auto,4,4,"dense_exact,sparse_krylov",data/raw/perlmutter/practical_suite_sweep/practical_55730074_scale_8n_32g_c2_qaoa_ring_6n_grid11_r0_seed43.json,ok
practical_55730074_scale_8n_32g_c2_sim_tfim_6q_8steps_r0_seed17.json,simulation,hamiltonian_simulation,absolute_observable_error,0.0022862630430608988,sparse_krylov_expm_multiply_scipy,exact_dense_eigendecomposition_numpy,2,17.20121853798628,7523.726803962554,0.821802450632914,0.8215212314654883,0.00028121916742573916,88,80,6,1,55730074_scale_8n_32g_c2,17.254326376947574,17,72,4,3,synthetic,"0,1,2",,tfim,6,1,21,1,,"dense_exact,sparse_lanczos",4,chordal,7,tfim,auto,6,8,"dense_exact,sparse_krylov",data/raw/perlmutter/practical_suite_sweep/practical_55730074_scale_8n_32g_c2_sim_tfim_6q_8steps_r0_seed17.json,ok
practical_55730074_scale_8n_32g_c2_sim_tfim_6q_8steps_r0_seed23.json,simulation,hamiltonian_simulation,absolute_observable_error,0.0023109910544008017,exact_dense_eigendecomposition_numpy,exact_dense_eigendecomposition_numpy,2,30.510129004949704,13202.183949111144,0.821802450632914,0.8215212314654883,0.00028121916742573916,88,80,6,1,55730074_scale_8n_32g_c2,30.5433904529782,23,72,4,3,synthetic,"0,1,2",,tfim,6,1,21,1,,"dense_exact,sparse_lanczos",4,chordal,7,tfim,auto,6,8,"dense_exact,sparse_krylov",data/raw/perlmutter/practical_suite_sweep/practical_55730074_scale_8n_32g_c2_sim_tfim_6q_8steps_r0_seed23.json,ok
practical_55730074_scale_8n_32g_c2_sim_tfim_6q_8steps_r0_seed31.json,simulation,hamiltonian_simulation,absolute_observable_error,0.0022911429405212402,sparse_krylov_expm_multiply_scipy,exact_dense_eigendecomposition_numpy,2,37.10236167407129,16193.82231369223,0.821802450632914,0.8215212314654883,0.00028121916742573916,88,80,6,1,55730074_scale_8n_32g_c2,37.129071883973666,31,72,4,3,synthetic,"0,1,2",,tfim,6,1,21,1,,"dense_exact,sparse_lanczos",4,chordal,7,tfim,auto,6,8,"dense_exact,sparse_krylov",data/raw/perlmutter/practical_suite_sweep/practical_55730074_scale_8n_32g_c2_sim_tfim_6q_8steps_r0_seed31.json,ok
practical_55730074_scale_8n_32g_c2_sim_tfim_6q_8steps_r0_seed43.json,simulation,hamiltonian_simulation,absolute_observable_error,0.0023429529974237084,sparse_krylov_expm_multiply_scipy,exact_dense_eigendecomposition_numpy,2,25.33187437406741,10811.943048760317,0.821802450632914,0.8215212314654883,0.00028121916742573916,88,80,6,1,55730074_scale_8n_32g_c2,25.383511201944202,43,72,4,3,synthetic,"0,1,2",,tfim,6,1,21,1,,"dense_exact,sparse_lanczos",4,chordal,7,tfim,auto,6,8,"dense_exact,sparse_krylov",data/raw/perlmutter/practical_suite_sweep/practical_55730074_scale_8n_32g_c2_sim_tfim_6q_8steps_r0_seed43.json,ok
practical_55730074_scale_8n_32g_c30_chem_h2_l1_grid25_r0_seed31.json,chemistry,chemistry_vqe,absolute_energy_error,0.00014607305638492107,exact_dense_diagonalization_numpy,exact_dense_diagonalization_numpy,2,22.162334150983952,151720.89021388986,-1.85727503020238,-1.8566776536800178,0.0005973765223621363,2712,678,1356,678,55730074_scale_8n_32g_c30,22.192438179044984,31,72,4,3,synthetic,"0,1,2",,H2_minimal_2qubit,2,1,25,1,,"dense_exact,sparse_lanczos",4,chordal,7,tfim,auto,4,4,"dense_exact,sparse_krylov",data/raw/perlmutter/practical_suite_sweep/practical_55730074_scale_8n_32g_c30_chem_h2_l1_grid25_r0_seed31.json,ok
practical_55730074_scale_8n_32g_c30_ml_digits_c0v1v2_320s_10q_d1_r0_seed17.json,ml,multiclass_ml,test_accuracy,0.00018713297322392464,linear_ridge_numpy,linear_ridge_numpy,6,40.50114080798812,216429.74036181305,1.0,0.65,0.35,6400,2880,3200,320,55730074_scale_8n_32g_c30,40.63426366704516,17,320,10,3,digits,"0,1,2",sklearn_digits,,,1,21,1,,"dense_exact,sparse_lanczos",4,chordal,7,tfim,auto,4,4,"dense_exact,sparse_krylov",data/raw/perlmutter/practical_suite_sweep/practical_55730074_scale_8n_32g_c30_ml_digits_c0v1v2_320s_10q_d1_r0_seed17.json,ok
practical_55730074_scale_8n_32g_c30_ml_digits_c0v1v2_320s_10q_d1_r0_seed23.json,ml,multiclass_ml,test_accuracy,0.002621775958687067,knn_numpy,knn_numpy,6,17.62656559702009,6723.139533954351,0.9875,0.725,0.26250000000000007,6400,2880,3200,320,55730074_scale_8n_32g_c30,17.75606770592276,23,320,10,3,digits,"0,1,2",sklearn_digits,,,1,21,1,,"dense_exact,sparse_lanczos",4,chordal,7,tfim,auto,4,4,"dense_exact,sparse_krylov",data/raw/perlmutter/practical_suite_sweep/practical_55730074_scale_8n_32g_c30_ml_digits_c0v1v2_320s_10q_d1_r0_seed23.json,ok
practical_55730074_scale_8n_32g_c30_ml_digits_c0v1v2_320s_10q_d1_r0_seed31.json,ml,multiclass_ml,test_accuracy,0.00018913601525127888,nearest_centroid_numpy,nearest_centroid_numpy,6,21.46212312206626,113474.54419800747,1.0,0.85,0.15000000000000002,6400,2880,3200,320,55730074_scale_8n_32g_c30,21.576218015979975,31,320,10,3,digits,"0,1,2",sklearn_digits,,,1,21,1,,"dense_exact,sparse_lanczos",4,chordal,7,tfim,auto,4,4,"dense_exact,sparse_krylov",data/raw/perlmutter/practical_suite_sweep/practical_55730074_scale_8n_32g_c30_ml_digits_c0v1v2_320s_10q_d1_r0_seed31.json,ok
practical_55730074_scale_8n_32g_c30_ml_digits_c0v1v2_320s_10q_d1_r0_seed43.json,ml,multiclass_ml,test_accuracy,0.002642418025061488,knn_numpy,knn_numpy,6,26.36903356097173,9979.130217429594,1.0,0.7375,0.26249999999999996,6400,2880,3200,320,55730074_scale_8n_32g_c30,26.485297576058656,43,320,10,3,digits,"0,1,2",sklearn_digits,,,1,21,1,,"dense_exact,sparse_lanczos",4,chordal,7,tfim,auto,4,4,"dense_exact,sparse_krylov",data/raw/perlmutter/practical_suite_sweep/practical_55730074_scale_8n_32g_c30_ml_digits_c0v1v2_320s_10q_d1_r0_seed43.json,ok
practical_55730074_scale_8n_32g_c30_ml_digits_c0v1v2v3_320s_10q_d1_r0_seed17.json,ml,multiclass_ml,test_accuracy,0.004402459948323667,rbf_kernel_ridge_numpy,rbf_kernel_ridge_numpy,6,18.470563368988223,4195.509689082191,0.975,0.6375,0.3375,6400,2880,3200,320,55730074_scale_8n_32g_c30,18.593015340040438,17,320,10,4,digits,"0,1,2,3",sklearn_digits,,,1,21,1,,"dense_exact,sparse_lanczos",4,chordal,7,tfim,auto,4,4,"dense_exact,sparse_krylov",data/raw/perlmutter/practical_suite_sweep/practical_55730074_scale_8n_32g_c30_ml_digits_c0v1v2v3_320s_10q_d1_r0_seed17.json,ok
practical_55730074_scale_8n_32g_c30_ml_digits_c0v1v2v3_320s_10q_d1_r0_seed23.json,ml,multiclass_ml,test_accuracy,0.0026599509874358773,knn_numpy,knn_numpy,6,21.471504067070782,8072.142745670944,1.0,0.7125,0.2875,6400,2880,3200,320,55730074_scale_8n_32g_c30,21.63623972493224,23,320,10,4,digits,"0,1,2,3",sklearn_digits,,,1,21,1,,"dense_exact,sparse_lanczos",4,chordal,7,tfim,auto,4,4,"dense_exact,sparse_krylov",data/raw/perlmutter/practical_suite_sweep/practical_55730074_scale_8n_32g_c30_ml_digits_c0v1v2v3_320s_10q_d1_r0_seed23.json,ok
practical_55730074_scale_8n_32g_c30_ml_digits_c0v1v2v3_320s_10q_d1_r0_seed31.json,ml,multiclass_ml,test_accuracy,0.002642328036017716,knn_numpy,knn_numpy,6,21.28287622600328,8054.59274393461,1.0,0.6375,0.36250000000000004,6400,2880,3200,320,55730074_scale_8n_32g_c30,21.397397532011382,31,320,10,4,digits,"0,1,2,3",sklearn_digits,,,1,21,1,,"dense_exact,sparse_lanczos",4,chordal,7,tfim,auto,4,4,"dense_exact,sparse_krylov",data/raw/perlmutter/practical_suite_sweep/practical_55730074_scale_8n_32g_c30_ml_digits_c0v1v2v3_320s_10q_d1_r0_seed31.json,ok
practical_55730074_scale_8n_32g_c30_ml_digits_c0v1v2v3_320s_10q_d1_r0_seed43.json,ml,multiclass_ml,test_accuracy,0.0026446019764989614,knn_numpy,knn_numpy,6,22.456758823012933,8491.545806353122,1.0,0.775,0.22499999999999998,6400,2880,3200,320,55730074_scale_8n_32g_c30,22.579518220969476,43,320,10,4,digits,"0,1,2,3",sklearn_digits,,,1,21,1,,"dense_exact,sparse_lanczos",4,chordal,7,tfim,auto,4,4,"dense_exact,sparse_krylov",data/raw/perlmutter/practical_suite_sweep/practical_55730074_scale_8n_32g_c30_ml_digits_c0v1v2v3_320s_10q_d1_r0_seed43.json,ok
practical_55730074_scale_8n_32g_c30_ml_digits_c2v4v6v8_320s_10q_d1_r0_seed17.json,ml,multiclass_ml,test_accuracy,0.0045683360658586025,rbf_kernel_ridge_numpy,rbf_kernel_ridge_numpy,6,19.998741188901477,4377.686076635604,1.0,0.7,0.30000000000000004,6400,2880,3200,320,55730074_scale_8n_32g_c30,20.119886453961954,17,320,10,4,digits,"2,4,6,8",sklearn_digits,,,1,21,1,,"dense_exact,sparse_lanczos",4,chordal,7,tfim,auto,4,4,"dense_exact,sparse_krylov",data/raw/perlmutter/practical_suite_sweep/practical_55730074_scale_8n_32g_c30_ml_digits_c2v4v6v8_320s_10q_d1_r0_seed17.json,ok
practical_55730074_scale_8n_32g_c30_ml_digits_c2v4v6v8_320s_10q_d1_r0_seed23.json,ml,multiclass_ml,test_accuracy,0.004080112907104194,rbf_kernel_ridge_numpy,rbf_kernel_ridge_numpy,6,21.178268544957973,5190.608453036406,1.0,0.65,0.35,6400,2880,3200,320,55730074_scale_8n_32g_c30,21.297217999002896,23,320,10,4,digits,"2,4,6,8",sklearn_digits,,,1,21,1,,"dense_exact,sparse_lanczos",4,chordal,7,tfim,auto,4,4,"dense_exact,sparse_krylov",data/raw/perlmutter/practical_suite_sweep/practical_55730074_scale_8n_32g_c30_ml_digits_c2v4v6v8_320s_10q_d1_r0_seed23.json,ok
practical_55730074_scale_8n_32g_c30_ml_digits_c2v4v6v8_320s_10q_d1_r0_seed31.json,ml,multiclass_ml,test_accuracy,0.002608523005619645,knn_numpy,knn_numpy,6,22.448052159976214,8605.65619379836,0.9875,0.625,0.36250000000000004,6400,2880,3200,320,55730074_scale_8n_32g_c30,22.561786514008418,31,320,10,4,digits,"2,4,6,8",sklearn_digits,,,1,21,1,,"dense_exact,sparse_lanczos",4,chordal,7,tfim,auto,4,4,"dense_exact,sparse_krylov",data/raw/perlmutter/practical_suite_sweep/practical_55730074_scale_8n_32g_c30_ml_digits_c2v4v6v8_320s_10q_d1_r0_seed31.json,ok
practical_55730074_scale_8n_32g_c30_ml_digits_c2v4v6v8_320s_10q_d1_r0_seed43.json,ml,multiclass_ml,test_accuracy,0.00018397602252662182,linear_ridge_numpy,linear_ridge_numpy,6,20.602379578980617,111984.04713853078,1.0,0.6875,0.3125,6400,2880,3200,320,55730074_scale_8n_32g_c30,20.727499308995903,43,320,10,4,digits,"2,4,6,8",sklearn_digits,,,1,21,1,,"dense_exact,sparse_lanczos",4,chordal,7,tfim,auto,4,4,"dense_exact,sparse_krylov",data/raw/perlmutter/practical_suite_sweep/practical_55730074_scale_8n_32g_c30_ml_digits_c2v4v6v8_320s_10q_d1_r0_seed43.json,ok
practical_55730074_scale_8n_32g_c30_ml_digits_c3v5v8_320s_10q_d1_r0_seed17.json,ml,multiclass_ml,test_accuracy,0.00439067801926285,rbf_kernel_ridge_numpy,rbf_kernel_ridge_numpy,6,20.976039364002645,4777.403232934923,0.9875,0.5625,0.42500000000000004,6400,2880,3200,320,55730074_scale_8n_32g_c30,21.089738216018304,17,320,10,3,digits,"3,5,8",sklearn_digits,,,1,21,1,,"dense_exact,sparse_lanczos",4,chordal,7,tfim,auto,4,4,"dense_exact,sparse_krylov",data/raw/perlmutter/practical_suite_sweep/practical_55730074_scale_8n_32g_c30_ml_digits_c3v5v8_320s_10q_d1_r0_seed17.json,ok
practical_55730074_scale_8n_32g_c30_ml_digits_c3v5v8_320s_10q_d1_r0_seed23.json,ml,multiclass_ml,test_accuracy,0.00019257294479757547,nearest_centroid_numpy,nearest_centroid_numpy,6,18.308106809970923,95071.02271929024,0.9875,0.5875,0.4,6400,2880,3200,320,55730074_scale_8n_32g_c30,18.43167599500157,23,320,10,3,digits,"3,5,8",sklearn_digits,,,1,21,1,,"dense_exact,sparse_lanczos",4,chordal,7,tfim,auto,4,4,"dense_exact,sparse_krylov",data/raw/perlmutter/practical_suite_sweep/practical_55730074_scale_8n_32g_c30_ml_digits_c3v5v8_320s_10q_d1_r0_seed23.json,ok
practical_55730074_scale_8n_32g_c30_ml_digits_c3v5v8_320s_10q_d1_r0_seed31.json,ml,multiclass_ml,test_accuracy,0.0026143339928239584,knn_numpy,knn_numpy,6,19.98827060905751,7645.645378105084,0.9875,0.5625,0.42500000000000004,6400,2880,3200,320,55730074_scale_8n_32g_c30,20.103749520960264,31,320,10,3,digits,"3,5,8",sklearn_digits,,,1,21,1,,"dense_exact,sparse_lanczos",4,chordal,7,tfim,auto,4,4,"dense_exact,sparse_krylov",data/raw/perlmutter/practical_suite_sweep/practical_55730074_scale_8n_32g_c30_ml_digits_c3v5v8_320s_10q_d1_r0_seed31.json,ok
practical_55730074_scale_8n_32g_c30_ml_digits_c3v5v8_320s_10q_d1_r0_seed43.json,ml,multiclass_ml,test_accuracy,0.00018511805683374405,nearest_centroid_numpy,nearest_centroid_numpy,6,23.15043899207376,125057.70311140067,0.975,0.525,0.44999999999999996,6400,2880,3200,320,55730074_scale_8n_32g_c30,23.266420378000475,43,320,10,3,digits,"3,5,8",sklearn_digits,,,1,21,1,,"dense_exact,sparse_lanczos",4,chordal,7,tfim,auto,4,4,"dense_exact,sparse_krylov",data/raw/perlmutter/practical_suite_sweep/practical_55730074_scale_8n_32g_c30_ml_digits_c3v5v8_320s_10q_d1_r0_seed43.json,ok
practical_55730074_scale_8n_32g_c30_qaoa_chordal_4n_grid11_r0_seed17.json,optimization,optimization_qaoa,approximation_ratio,1.3867043890058994e-05,greedy_assignment_numpy,,4,21.585353915928863,1556593.7547369392,4,3.229815686445298,0.19254607838867555,1573,1210,484,121,55730074_scale_8n_32g_c30,21.595640640938655,17,72,4,3,synthetic,"0,1,2",,small_maxcut,4,1,21,1,,"dense_exact,sparse_lanczos",4,chordal,11,tfim,auto,4,4,"dense_exact,sparse_krylov",data/raw/perlmutter/practical_suite_sweep/practical_55730074_scale_8n_32g_c30_qaoa_chordal_4n_grid11_r0_seed17.json,ok
practical_55730074_scale_8n_32g_c30_qaoa_chordal_4n_grid11_r0_seed31.json,optimization,optimization_qaoa,approximation_ratio,1.5940982848405838e-05,greedy_assignment_numpy,,4,18.27475467696786,1146400.7489848975,4,3.229815686445298,0.19254607838867555,1573,1210,484,121,55730074_scale_8n_32g_c30,18.285051350016147,31,72,4,3,synthetic,"0,1,2",,small_maxcut,4,1,21,1,,"dense_exact,sparse_lanczos",4,chordal,11,tfim,auto,4,4,"dense_exact,sparse_krylov",data/raw/perlmutter/practical_suite_sweep/practical_55730074_scale_8n_32g_c30_qaoa_chordal_4n_grid11_r0_seed31.json,ok
practical_55730074_scale_8n_32g_c30_qaoa_ladder_5n_grid11_r0_seed23.json,optimization,optimization_qaoa,approximation_ratio,1.6220961697399616e-05,greedy_assignment_numpy,,4,21.31847616098821,1314254.7623674974,5,3.5925466511522917,0.2814906697695416,1815,1210,605,121,55730074_scale_8n_32g_c30,21.37165680900216,23,72,4,3,synthetic,"0,1,2",,small_maxcut,5,1,21,1,,"dense_exact,sparse_lanczos",5,ladder,11,tfim,auto,4,4,"dense_exact,sparse_krylov",data/raw/perlmutter/practical_suite_sweep/practical_55730074_scale_8n_32g_c30_qaoa_ladder_5n_grid11_r0_seed23.json,ok
practical_55730074_scale_8n_32g_c30_qaoa_ladder_5n_grid11_r0_seed43.json,optimization,optimization_qaoa,approximation_ratio,1.649197656661272e-05,greedy_assignment_numpy,,4,13.84849010000471,839710.755352416,5,3.5925466511522917,0.2814906697695416,1815,1210,605,121,55730074_scale_8n_32g_c30,13.85875911009498,43,72,4,3,synthetic,"0,1,2",,small_maxcut,5,1,21,1,,"dense_exact,sparse_lanczos",5,ladder,11,tfim,auto,4,4,"dense_exact,sparse_krylov",data/raw/perlmutter/practical_suite_sweep/practical_55730074_scale_8n_32g_c30_qaoa_ladder_5n_grid11_r0_seed43.json,ok
practical_55730074_scale_8n_32g_c30_qaoa_ring_7n_grid11_r0_seed17.json,optimization,optimization_qaoa,approximation_ratio,2.292497083544731e-05,greedy_assignment_numpy,,4,23.719220284023322,1034645.6034459994,6,5.082889870078074,0.15285168832032092,2541,1694,847,121,55730074_scale_8n_32g_c30,23.731535737984814,17,72,4,3,synthetic,"0,1,2",,small_maxcut,7,1,21,1,,"dense_exact,sparse_lanczos",7,ring,11,tfim,auto,4,4,"dense_exact,sparse_krylov",data/raw/perlmutter/practical_suite_sweep/practical_55730074_scale_8n_32g_c30_qaoa_ring_7n_grid11_r0_seed17.json,ok
practical_55730074_scale_8n_32g_c30_qaoa_ring_7n_grid11_r0_seed31.json,optimization,optimization_qaoa,approximation_ratio,2.2873980924487114e-05,greedy_assignment_numpy,,4,13.608042492065579,594913.6067302505,6,5.082889870078074,0.15285168832032092,2541,1694,847,121,55730074_scale_8n_32g_c30,13.615823080996051,31,72,4,3,synthetic,"0,1,2",,small_maxcut,7,1,21,1,,"dense_exact,sparse_lanczos",7,ring,11,tfim,auto,4,4,"dense_exact,sparse_krylov",data/raw/perlmutter/practical_suite_sweep/practical_55730074_scale_8n_32g_c30_qaoa_ring_7n_grid11_r0_seed31.json,ok
practical_55730074_scale_8n_32g_c30_sim_tfim_5q_8steps_r0_seed17.json,simulation,hamiltonian_simulation,absolute_observable_error,0.0005753850564360619,exact_dense_eigendecomposition_numpy,exact_dense_eigendecomposition_numpy,2,14.20736391202081,24691.92370066282,0.8218024506329158,0.8215212314654874,0.0002812191674284037,72,64,5,1,55730074_scale_8n_32g_c30,14.221485634101555,17,72,4,3,synthetic,"0,1,2",,tfim,5,1,21,1,,"dense_exact,sparse_lanczos",4,chordal,7,tfim,auto,5,8,"dense_exact,sparse_krylov",data/raw/perlmutter/practical_suite_sweep/practical_55730074_scale_8n_32g_c30_sim_tfim_5q_8steps_r0_seed17.json,ok
practical_55730074_scale_8n_32g_c30_sim_tfim_5q_8steps_r0_seed23.json,simulation,hamiltonian_simulation,absolute_observable_error,0.0006012250669300556,exact_dense_eigendecomposition_numpy,exact_dense_eigendecomposition_numpy,2,15.91757744597271,26475.239176653467,0.8218024506329158,0.8215212314654874,0.0002812191674284037,72,64,5,1,55730074_scale_8n_32g_c30,15.933305760030635,23,72,4,3,synthetic,"0,1,2",,tfim,5,1,21,1,,"dense_exact,sparse_lanczos",4,chordal,7,tfim,auto,5,8,"dense_exact,sparse_krylov",data/raw/perlmutter/practical_suite_sweep/practical_55730074_scale_8n_32g_c30_sim_tfim_5q_8steps_r0_seed23.json,ok
practical_55730074_scale_8n_32g_c30_sim_tfim_5q_8steps_r0_seed31.json,simulation,hamiltonian_simulation,absolute_observable_error,0.0005833000177517533,exact_dense_eigendecomposition_numpy,exact_dense_eigendecomposition_numpy,2,12.65521165705286,21695.887659716806,0.8218024506329158,0.8215212314654874,0.0002812191674284037,72,64,5,1,55730074_scale_8n_32g_c30,12.672813288983889,31,72,4,3,synthetic,"0,1,2",,tfim,5,1,21,1,,"dense_exact,sparse_lanczos",4,chordal,7,tfim,auto,5,8,"dense_exact,sparse_krylov",data/raw/perlmutter/practical_suite_sweep/practical_55730074_scale_8n_32g_c30_sim_tfim_5q_8steps_r0_seed31.json,ok
practical_55730074_scale_8n_32g_c30_sim_tfim_5q_8steps_r0_seed43.json,simulation,hamiltonian_simulation,absolute_observable_error,0.0005359579809010029,exact_dense_eigendecomposition_numpy,exact_dense_eigendecomposition_numpy,2,15.386816475074738,28708.997763607975,0.8218024506329158,0.8215212314654874,0.0002812191674284037,72,64,5,1,55730074_scale_8n_32g_c30,15.404837458976544,43,72,4,3,synthetic,"0,1,2",,tfim,5,1,21,1,,"dense_exact,sparse_lanczos",4,chordal,7,tfim,auto,5,8,"dense_exact,sparse_krylov",data/raw/perlmutter/practical_suite_sweep/practical_55730074_scale_8n_32g_c30_sim_tfim_5q_8steps_r0_seed43.json,ok
practical_55730074_scale_8n_32g_c31_chem_h2_l1_grid33_r0_seed31.json,chemistry,chemistry_vqe,absolute_energy_error,0.00015120406169444323,exact_dense_diagonalization_numpy,exact_dense_diagonalization_numpy,2,21.261515425983816,140614.710925885,-1.85727503020238,-1.8569734051608102,0.0003016250415697197,4632,1158,2316,1158,55730074_scale_8n_32g_c31,21.269956926931627,31,72,4,3,synthetic,"0,1,2",,H2_minimal_2qubit,2,1,33,1,,"dense_exact,sparse_lanczos",4,chordal,7,tfim,auto,4,4,"dense_exact,sparse_krylov",data/raw/perlmutter/practical_suite_sweep/practical_55730074_scale_8n_32g_c31_chem_h2_l1_grid33_r0_seed31.json,ok
practical_55730074_scale_8n_32g_c31_ml_digits_c0v1v2_320s_10q_d2_r0_seed17.json,ml,multiclass_ml,test_accuracy,0.00018681201618164778,nearest_centroid_numpy,nearest_centroid_numpy,6,40.588027673074976,217266.68606589505,1.0,0.575,0.42500000000000004,12800,5760,3200,320,55730074_scale_8n_32g_c31,40.72539063799195,17,320,10,3,digits,"0,1,2",sklearn_digits,,,2,21,1,,"dense_exact,sparse_lanczos",4,chordal,7,tfim,auto,4,4,"dense_exact,sparse_krylov",data/raw/perlmutter/practical_suite_sweep/practical_55730074_scale_8n_32g_c31_ml_digits_c0v1v2_320s_10q_d2_r0_seed17.json,ok
practical_55730074_scale_8n_32g_c31_ml_digits_c0v1v2_320s_10q_d2_r0_seed23.json,ml,multiclass_ml,test_accuracy,0.00267458101734519,knn_numpy,knn_numpy,6,21.425480340025388,8010.78008146954,0.9875,0.6375,0.3500000000000001,12800,5760,3200,320,55730074_scale_8n_32g_c31,21.64600808895193,23,320,10,3,digits,"0,1,2",sklearn_digits,,,2,21,1,,"dense_exact,sparse_lanczos",4,chordal,7,tfim,auto,4,4,"dense_exact,sparse_krylov",data/raw/perlmutter/practical_suite_sweep/practical_55730074_scale_8n_32g_c31_ml_digits_c0v1v2_320s_10q_d2_r0_seed23.json,ok
practical_55730074_scale_8n_32g_c31_ml_digits_c0v1v2_320s_10q_d2_r0_seed31.json,ml,multiclass_ml,test_accuracy,0.0001862610224634409,nearest_centroid_numpy,nearest_centroid_numpy,6,19.892435636022128,106798.70309380801,1.0,0.7375,0.26249999999999996,12800,5760,3200,320,55730074_scale_8n_32g_c31,20.030133153079078,31,320,10,3,digits,"0,1,2",sklearn_digits,,,2,21,1,,"dense_exact,sparse_lanczos",4,chordal,7,tfim,auto,4,4,"dense_exact,sparse_krylov",data/raw/perlmutter/practical_suite_sweep/practical_55730074_scale_8n_32g_c31_ml_digits_c0v1v2_320s_10q_d2_r0_seed31.json,ok
practical_55730074_scale_8n_32g_c31_ml_digits_c0v1v2_320s_10q_d2_r0_seed43.json,ml,multiclass_ml,test_accuracy,0.0026472280733287334,knn_numpy,knn_numpy,6,22.975415511988103,8679.046487708885,1.0,0.6,0.4,12800,5760,3200,320,55730074_scale_8n_32g_c31,23.089669371955097,43,320,10,3,digits,"0,1,2",sklearn_digits,,,2,21,1,,"dense_exact,sparse_lanczos",4,chordal,7,tfim,auto,4,4,"dense_exact,sparse_krylov",data/raw/perlmutter/practical_suite_sweep/practical_55730074_scale_8n_32g_c31_ml_digits_c0v1v2_320s_10q_d2_r0_seed43.json,ok
practical_55730074_scale_8n_32g_c31_ml_digits_c0v1v2v3_320s_10q_d2_r0_seed17.json,ml,multiclass_ml,test_accuracy,0.004027112969197333,rbf_kernel_ridge_numpy,rbf_kernel_ridge_numpy,6,25.153811958967708,6246.115306763113,0.975,0.5875,0.38749999999999996,12800,5760,3200,320,55730074_scale_8n_32g_c31,25.286527503049,17,320,10,4,digits,"0,1,2,3",sklearn_digits,,,2,21,1,,"dense_exact,sparse_lanczos",4,chordal,7,tfim,auto,4,4,"dense_exact,sparse_krylov",data/raw/perlmutter/practical_suite_sweep/practical_55730074_scale_8n_32g_c31_ml_digits_c0v1v2v3_320s_10q_d2_r0_seed17.json,ok
practical_55730074_scale_8n_32g_c31_ml_digits_c0v1v2v3_320s_10q_d2_r0_seed23.json,ml,multiclass_ml,test_accuracy,0.002619642997160554,knn_numpy,knn_numpy,6,21.382671442930587,8162.437197017833,1.0,0.6875,0.3125,12800,5760,3200,320,55730074_scale_8n_32g_c31,21.49742679297924,23,320,10,4,digits,"0,1,2,3",sklearn_digits,,,2,21,1,,"dense_exact,sparse_lanczos",4,chordal,7,tfim,auto,4,4,"dense_exact,sparse_krylov",data/raw/perlmutter/practical_suite_sweep/practical_55730074_scale_8n_32g_c31_ml_digits_c0v1v2v3_320s_10q_d2_r0_seed23.json,ok
practical_55730074_scale_8n_32g_c31_ml_digits_c0v1v2v3_320s_10q_d2_r0_seed31.json,ml,multiclass_ml,test_accuracy,0.0026719450252130628,knn_numpy,knn_numpy,6,22.37061340000946,8372.407811132121,1.0,0.6375,0.36250000000000004,12800,5760,3200,320,55730074_scale_8n_32g_c31,22.485097556957044,31,320,10,4,digits,"0,1,2,3",sklearn_digits,,,2,21,1,,"dense_exact,sparse_lanczos",4,chordal,7,tfim,auto,4,4,"dense_exact,sparse_krylov",data/raw/perlmutter/practical_suite_sweep/practical_55730074_scale_8n_32g_c31_ml_digits_c0v1v2v3_320s_10q_d2_r0_seed31.json,ok
practical_55730074_scale_8n_32g_c31_ml_digits_c0v1v2v3_320s_10q_d2_r0_seed43.json,ml,multiclass_ml,test_accuracy,0.002635073964484036,knn_numpy,knn_numpy,6,20.91731318202801,7938.036451331169,1.0,0.6625,0.3375,12800,5760,3200,320,55730074_scale_8n_32g_c31,21.161096416064538,43,320,10,4,digits,"0,1,2,3",sklearn_digits,,,2,21,1,,"dense_exact,sparse_lanczos",4,chordal,7,tfim,auto,4,4,"dense_exact,sparse_krylov",data/raw/perlmutter/practical_suite_sweep/practical_55730074_scale_8n_32g_c31_ml_digits_c0v1v2v3_320s_10q_d2_r0_seed43.json,ok
practical_55730074_scale_8n_32g_c31_ml_digits_c2v4v6v8_320s_10q_d2_r0_seed17.json,ml,multiclass_ml,test_accuracy,0.00421020295470953,rbf_kernel_ridge_numpy,rbf_kernel_ridge_numpy,6,22.366782556986436,5312.51884946947,1.0,0.7125,0.2875,12800,5760,3200,320,55730074_scale_8n_32g_c31,22.541228880058043,17,320,10,4,digits,"2,4,6,8",sklearn_digits,,,2,21,1,,"dense_exact,sparse_lanczos",4,chordal,7,tfim,auto,4,4,"dense_exact,sparse_krylov",data/raw/perlmutter/practical_suite_sweep/practical_55730074_scale_8n_32g_c31_ml_digits_c2v4v6v8_320s_10q_d2_r0_seed17.json,ok
practical_55730074_scale_8n_32g_c31_ml_digits_c2v4v6v8_320s_10q_d2_r0_seed23.json,ml,multiclass_ml,test_accuracy,0.004588227951899171,rbf_kernel_ridge_numpy,rbf_kernel_ridge_numpy,6,21.84076285699848,4760.17388106406,1.0,0.725,0.275,12800,5760,3200,320,55730074_scale_8n_32g_c31,21.968337452039123,23,320,10,4,digits,"2,4,6,8",sklearn_digits,,,2,21,1,,"dense_exact,sparse_lanczos",4,chordal,7,tfim,auto,4,4,"dense_exact,sparse_krylov",data/raw/perlmutter/practical_suite_sweep/practical_55730074_scale_8n_32g_c31_ml_digits_c2v4v6v8_320s_10q_d2_r0_seed23.json,ok
practical_55730074_scale_8n_32g_c31_ml_digits_c2v4v6v8_320s_10q_d2_r0_seed31.json,ml,multiclass_ml,test_accuracy,0.0026463159592822194,knn_numpy,knn_numpy,6,26.48942752601579,10009.926227101287,0.9875,0.575,0.4125000000000001,12800,5760,3200,320,55730074_scale_8n_32g_c31,26.60433495300822,31,320,10,4,digits,"2,4,6,8",sklearn_digits,,,2,21,1,,"dense_exact,sparse_lanczos",4,chordal,7,tfim,auto,4,4,"dense_exact,sparse_krylov",data/raw/perlmutter/practical_suite_sweep/practical_55730074_scale_8n_32g_c31_ml_digits_c2v4v6v8_320s_10q_d2_r0_seed31.json,ok
practical_55730074_scale_8n_32g_c31_ml_digits_c2v4v6v8_320s_10q_d2_r0_seed43.json,ml,multiclass_ml,test_accuracy,0.00018891599029302597,linear_ridge_numpy,linear_ridge_numpy,6,22.350989158963785,118311.7909939511,1.0,0.775,0.22499999999999998,12800,5760,3200,320,55730074_scale_8n_32g_c31,22.46940814401023,43,320,10,4,digits,"2,4,6,8",sklearn_digits,,,2,21,1,,"dense_exact,sparse_lanczos",4,chordal,7,tfim,auto,4,4,"dense_exact,sparse_krylov",data/raw/perlmutter/practical_suite_sweep/practical_55730074_scale_8n_32g_c31_ml_digits_c2v4v6v8_320s_10q_d2_r0_seed43.json,ok
practical_55730074_scale_8n_32g_c31_ml_digits_c3v5v8_320s_10q_d2_r0_seed17.json,ml,multiclass_ml,test_accuracy,0.003973769024014473,rbf_kernel_ridge_numpy,rbf_kernel_ridge_numpy,6,27.13735150906723,6829.121507835376,0.9875,0.625,0.36250000000000004,12800,5760,3200,320,55730074_scale_8n_32g_c31,27.26483440794982,17,320,10,3,digits,"3,5,8",sklearn_digits,,,2,21,1,,"dense_exact,sparse_lanczos",4,chordal,7,tfim,auto,4,4,"dense_exact,sparse_krylov",data/raw/perlmutter/practical_suite_sweep/practical_55730074_scale_8n_32g_c31_ml_digits_c3v5v8_320s_10q_d2_r0_seed17.json,ok
practical_55730074_scale_8n_32g_c31_ml_digits_c3v5v8_320s_10q_d2_r0_seed23.json,ml,multiclass_ml,test_accuracy,0.00018531898967921734,linear_ridge_numpy,linear_ridge_numpy,6,23.27566762198694,125597.8551484473,0.9875,0.75,0.23750000000000004,12800,5760,3200,320,55730074_scale_8n_32g_c31,23.390007012989372,23,320,10,3,digits,"3,5,8",sklearn_digits,,,2,21,1,,"dense_exact,sparse_lanczos",4,chordal,7,tfim,auto,4,4,"dense_exact,sparse_krylov",data/raw/perlmutter/practical_suite_sweep/practical_55730074_scale_8n_32g_c31_ml_digits_c3v5v8_320s_10q_d2_r0_seed23.json,ok
practical_55730074_scale_8n_32g_c31_ml_digits_c3v5v8_320s_10q_d2_r0_seed31.json,ml,multiclass_ml,test_accuracy,0.0026887570274993777,knn_numpy,knn_numpy,6,21.133551507955417,7859.970719485291,0.9875,0.5375,0.45000000000000007,12800,5760,3200,320,55730074_scale_8n_32g_c31,21.271996952942573,31,320,10,3,digits,"3,5,8",sklearn_digits,,,2,21,1,,"dense_exact,sparse_lanczos",4,chordal,7,tfim,auto,4,4,"dense_exact,sparse_krylov",data/raw/perlmutter/practical_suite_sweep/practical_55730074_scale_8n_32g_c31_ml_digits_c3v5v8_320s_10q_d2_r0_seed31.json,ok
practical_55730074_scale_8n_32g_c31_ml_digits_c3v5v8_320s_10q_d2_r0_seed43.json,ml,multiclass_ml,test_accuracy,0.00018520897720009089,nearest_centroid_numpy,nearest_centroid_numpy,6,22.51750130194705,121578.88695438462,0.975,0.4875,0.4875,12800,5760,3200,320,55730074_scale_8n_32g_c31,22.63035053492058,43,320,10,3,digits,"3,5,8",sklearn_digits,,,2,21,1,,"dense_exact,sparse_lanczos",4,chordal,7,tfim,auto,4,4,"dense_exact,sparse_krylov",data/raw/perlmutter/practical_suite_sweep/practical_55730074_scale_8n_32g_c31_ml_digits_c3v5v8_320s_10q_d2_r0_seed43.json,ok
practical_55730074_scale_8n_32g_c31_qaoa_chordal_4n_grid13_r0_seed17.json,optimization,optimization_qaoa,approximation_ratio,1.49488914757967e-05,greedy_assignment_numpy,,4,23.596808544942178,1578498.886231602,4,3.2070111141556907,0.19824722146107732,2197,1690,676,169,55730074_scale_8n_32g_c31,23.606510418001562,17,72,4,3,synthetic,"0,1,2",,small_maxcut,4,1,21,1,,"dense_exact,sparse_lanczos",4,chordal,13,tfim,auto,4,4,"dense_exact,sparse_krylov",data/raw/perlmutter/practical_suite_sweep/practical_55730074_scale_8n_32g_c31_qaoa_chordal_4n_grid13_r0_seed17.json,ok
practical_55730074_scale_8n_32g_c31_qaoa_chordal_4n_grid13_r0_seed31.json,optimization,optimization_qaoa,approximation_ratio,1.3867043890058994e-05,greedy_assignment_numpy,,4,13.653879936086014,984628.0176465156,4,3.2070111141556907,0.19824722146107732,2197,1690,676,169,55730074_scale_8n_32g_c31,13.66360081511084,31,72,4,3,synthetic,"0,1,2",,small_maxcut,4,1,21,1,,"dense_exact,sparse_lanczos",4,chordal,13,tfim,auto,4,4,"dense_exact,sparse_krylov",data/raw/perlmutter/practical_suite_sweep/practical_55730074_scale_8n_32g_c31_qaoa_chordal_4n_grid13_r0_seed31.json,ok
practical_55730074_scale_8n_32g_c31_qaoa_ladder_5n_grid13_r0_seed23.json,optimization,optimization_qaoa,approximation_ratio,1.6211066395044327e-05,greedy_assignment_numpy,,4,18.290217387024313,1128255.0414213082,5,3.6919417382415882,0.2616116523516824,2535,1690,845,169,55730074_scale_8n_32g_c31,18.297723075025715,23,72,4,3,synthetic,"0,1,2",,small_maxcut,5,1,21,1,,"dense_exact,sparse_lanczos",5,ladder,13,tfim,auto,4,4,"dense_exact,sparse_krylov",data/raw/perlmutter/practical_suite_sweep/practical_55730074_scale_8n_32g_c31_qaoa_ladder_5n_grid13_r0_seed23.json,ok
practical_55730074_scale_8n_32g_c31_qaoa_ladder_5n_grid13_r0_seed43.json,optimization,optimization_qaoa,approximation_ratio,1.620105467736721e-05,greedy_assignment_numpy,,4,14.158736413926817,873939.1783984595,5,3.6919417382415882,0.2616116523516824,2535,1690,845,169,55730074_scale_8n_32g_c31,14.16622998798266,43,72,4,3,synthetic,"0,1,2",,small_maxcut,5,1,21,1,,"dense_exact,sparse_lanczos",5,ladder,13,tfim,auto,4,4,"dense_exact,sparse_krylov",data/raw/perlmutter/practical_suite_sweep/practical_55730074_scale_8n_32g_c31_qaoa_ladder_5n_grid13_r0_seed43.json,ok
practical_55730074_scale_8n_32g_c31_qaoa_ring_7n_grid13_r0_seed17.json,optimization,optimization_qaoa,approximation_ratio,2.316501922905445e-05,greedy_assignment_numpy,,4,21.508642460918054,928496.637461932,6,5.249999999999997,0.12500000000000044,3549,2366,1183,169,55730074_scale_8n_32g_c31,21.516390798962675,17,72,4,3,synthetic,"0,1,2",,small_maxcut,7,1,21,1,,"dense_exact,sparse_lanczos",7,ring,13,tfim,auto,4,4,"dense_exact,sparse_krylov",data/raw/perlmutter/practical_suite_sweep/practical_55730074_scale_8n_32g_c31_qaoa_ring_7n_grid13_r0_seed17.json,ok
practical_55730074_scale_8n_32g_c31_qaoa_ring_7n_grid13_r0_seed31.json,optimization,optimization_qaoa,approximation_ratio,2.1141022443771362e-05,greedy_assignment_numpy,,4,13.895407756092027,657272.2673678414,6,5.249999999999997,0.12500000000000044,3549,2366,1183,169,55730074_scale_8n_32g_c31,13.90545642003417,31,72,4,3,synthetic,"0,1,2",,small_maxcut,7,1,21,1,,"dense_exact,sparse_lanczos",7,ring,13,tfim,auto,4,4,"dense_exact,sparse_krylov",data/raw/perlmutter/practical_suite_sweep/practical_55730074_scale_8n_32g_c31_qaoa_ring_7n_grid13_r0_seed31.json,ok
practical_55730074_scale_8n_32g_c31_sim_tfim_5q_10steps_r0_seed17.json,simulation,hamiltonian_simulation,absolute_observable_error,0.0005900718970224261,exact_dense_eigendecomposition_numpy,exact_dense_eigendecomposition_numpy,2,15.724483106983826,26648.418923747195,0.8218024506329158,0.8216225570780523,0.00017989355486347502,90,80,5,1,55730074_scale_8n_32g_c31,15.73436973709613,17,72,4,3,synthetic,"0,1,2",,tfim,5,1,21,1,,"dense_exact,sparse_lanczos",4,chordal,7,tfim,auto,5,10,"dense_exact,sparse_krylov",data/raw/perlmutter/practical_suite_sweep/practical_55730074_scale_8n_32g_c31_sim_tfim_5q_10steps_r0_seed17.json,ok
practical_55730074_scale_8n_32g_c31_sim_tfim_5q_10steps_r0_seed23.json,simulation,hamiltonian_simulation,absolute_observable_error,0.0005174430552870035,exact_dense_eigendecomposition_numpy,exact_dense_eigendecomposition_numpy,2,14.557775666937232,28134.06329100824,0.8218024506329158,0.8216225570780523,0.00017989355486347502,90,80,5,1,55730074_scale_8n_32g_c31,14.572707028011791,23,72,4,3,synthetic,"0,1,2",,tfim,5,1,21,1,,"dense_exact,sparse_lanczos",4,chordal,7,tfim,auto,5,10,"dense_exact,sparse_krylov",data/raw/perlmutter/practical_suite_sweep/practical_55730074_scale_8n_32g_c31_sim_tfim_5q_10steps_r0_seed23.json,ok
practical_55730074_scale_8n_32g_c31_sim_tfim_5q_10steps_r0_seed31.json,simulation,hamiltonian_simulation,absolute_observable_error,0.0005711460253223777,exact_dense_eigendecomposition_numpy,exact_dense_eigendecomposition_numpy,2,20.458672111970372,35820.38779036006,0.8218024506329158,0.8216225570780523,0.00017989355486347502,90,80,5,1,55730074_scale_8n_32g_c31,20.476337207015604,31,72,4,3,synthetic,"0,1,2",,tfim,5,1,21,1,,"dense_exact,sparse_lanczos",4,chordal,7,tfim,auto,5,10,"dense_exact,sparse_krylov",data/raw/perlmutter/practical_suite_sweep/practical_55730074_scale_8n_32g_c31_sim_tfim_5q_10steps_r0_seed31.json,ok
practical_55730074_scale_8n_32g_c31_sim_tfim_5q_10steps_r0_seed43.json,simulation,hamiltonian_simulation,absolute_observable_error,0.0009071070235222578,exact_dense_eigendecomposition_numpy,exact_dense_eigendecomposition_numpy,2,24.28409146796912,26770.922105392845,0.8218024506329158,0.8216225570780523,0.00017989355486347502,90,80,5,1,55730074_scale_8n_32g_c31,24.302697043982334,43,72,4,3,synthetic,"0,1,2",,tfim,5,1,21,1,,"dense_exact,sparse_lanczos",4,chordal,7,tfim,auto,5,10,"dense_exact,sparse_krylov",data/raw/perlmutter/practical_suite_sweep/practical_55730074_scale_8n_32g_c31_sim_tfim_5q_10steps_r0_seed43.json,ok
practical_55730074_scale_8n_32g_c3_chem_h2_l1_grid33_r0_seed17.json,chemistry,chemistry_vqe,absolute_energy_error,0.0001672420185059309,exact_dense_diagonalization_numpy,exact_dense_diagonalization_numpy,2,19.323996057966724,115545.10182667663,-1.85727503020238,-1.8569734051608102,0.0003016250415697197,4632,1158,2316,1158,55730074_scale_8n_32g_c3,19.35110246401746,17,72,4,3,synthetic,"0,1,2",,H2_minimal_2qubit,2,1,33,1,,"dense_exact,sparse_lanczos",4,chordal,7,tfim,auto,4,4,"dense_exact,sparse_krylov",data/raw/perlmutter/practical_suite_sweep/practical_55730074_scale_8n_32g_c3_chem_h2_l1_grid33_r0_seed17.json,ok
practical_55730074_scale_8n_32g_c3_chem_h2_l2_grid17_r0_seed31.json,chemistry,chemistry_vqe,absolute_energy_error,0.00014246499631553888,exact_dense_diagonalization_numpy,sparse_lanczos_eigsh_scipy,2,19.068737416993827,133848.57972241403,-1.8572750302023804,-1.8369679912029844,0.02030703899939601,296,74,74,37,55730074_scale_8n_32g_c3,19.082293863990344,31,72,4,3,synthetic,"0,1,2",,H2_minimal_2qubit,2,1,17,2,,"dense_exact,sparse_lanczos",4,chordal,7,tfim,auto,4,4,"dense_exact,sparse_krylov",data/raw/perlmutter/practical_suite_sweep/practical_55730074_scale_8n_32g_c3_chem_h2_l2_grid17_r0_seed31.json,ok
practical_55730074_scale_8n_32g_c3_ml_digits_c0v1v2_128s_6q_d2_r0_seed17.json,ml,multiclass_ml,test_accuracy,0.00015252293087542057,nearest_centroid_numpy,nearest_centroid_numpy,6,40.56634204997681,265968.8075566228,1.0,0.65625,0.34375,3072,1280,768,128,55730074_scale_8n_32g_c3,40.695249784970656,17,128,6,3,digits,"0,1,2",sklearn_digits,,,2,21,1,,"dense_exact,sparse_lanczos",4,chordal,7,tfim,auto,4,4,"dense_exact,sparse_krylov",data/raw/perlmutter/practical_suite_sweep/practical_55730074_scale_8n_32g_c3_ml_digits_c0v1v2_128s_6q_d2_r0_seed17.json,ok
practical_55730074_scale_8n_32g_c3_ml_digits_c0v1v2_128s_6q_d2_r0_seed23.json,ml,multiclass_ml,test_accuracy,0.0008011440513655543,rbf_kernel_ridge_numpy,rbf_kernel_ridge_numpy,6,16.47551113902591,20564.97968242205,1.0,0.59375,0.40625,3072,1280,768,128,55730074_scale_8n_32g_c3,16.546547906007618,23,128,6,3,digits,"0,1,2",sklearn_digits,,,2,21,1,,"dense_exact,sparse_lanczos",4,chordal,7,tfim,auto,4,4,"dense_exact,sparse_krylov",data/raw/perlmutter/practical_suite_sweep/practical_55730074_scale_8n_32g_c3_ml_digits_c0v1v2_128s_6q_d2_r0_seed23.json,ok
practical_55730074_scale_8n_32g_c3_ml_digits_c0v1v2_128s_6q_d2_r0_seed31.json,ml,multiclass_ml,test_accuracy,0.0001593269407749176,nearest_centroid_numpy,nearest_centroid_numpy,6,19.37390362995211,121598.41603512474,1.0,0.75,0.25,3072,1280,768,128,55730074_scale_8n_32g_c3,19.439969095983543,31,128,6,3,digits,"0,1,2",sklearn_digits,,,2,21,1,,"dense_exact,sparse_lanczos",4,chordal,7,tfim,auto,4,4,"dense_exact,sparse_krylov",data/raw/perlmutter/practical_suite_sweep/practical_55730074_scale_8n_32g_c3_ml_digits_c0v1v2_128s_6q_d2_r0_seed31.json,ok
practical_55730074_scale_8n_32g_c3_ml_digits_c0v1v2_128s_6q_d2_r0_seed43.json,ml,multiclass_ml,test_accuracy,0.00015255401376634836,nearest_centroid_numpy,nearest_centroid_numpy,6,23.31675595708657,152842.62525401986,1.0,0.84375,0.15625,3072,1280,768,128,55730074_scale_8n_32g_c3,23.46022291202098,43,128,6,3,digits,"0,1,2",sklearn_digits,,,2,21,1,,"dense_exact,sparse_lanczos",4,chordal,7,tfim,auto,4,4,"dense_exact,sparse_krylov",data/raw/perlmutter/practical_suite_sweep/practical_55730074_scale_8n_32g_c3_ml_digits_c0v1v2_128s_6q_d2_r0_seed43.json,ok
practical_55730074_scale_8n_32g_c3_ml_digits_c0v1v2v3_128s_6q_d2_r0_seed17.json,ml,multiclass_ml,test_accuracy,0.0007870449917390943,rbf_kernel_ridge_numpy,rbf_kernel_ridge_numpy,6,19.55064326291904,24840.566254946814,1.0,0.65625,0.34375,3072,1280,768,128,55730074_scale_8n_32g_c3,19.67286982398946,17,128,6,4,digits,"0,1,2,3",sklearn_digits,,,2,21,1,,"dense_exact,sparse_lanczos",4,chordal,7,tfim,auto,4,4,"dense_exact,sparse_krylov",data/raw/perlmutter/practical_suite_sweep/practical_55730074_scale_8n_32g_c3_ml_digits_c0v1v2v3_128s_6q_d2_r0_seed17.json,ok
practical_55730074_scale_8n_32g_c3_ml_digits_c0v1v2v3_128s_6q_d2_r0_seed23.json,ml,multiclass_ml,test_accuracy,0.0007793420227244496,rbf_kernel_ridge_numpy,rbf_kernel_ridge_numpy,6,19.789217866025865,25392.212005771307,1.0,0.75,0.25,3072,1280,768,128,55730074_scale_8n_32g_c3,19.853982549044304,23,128,6,4,digits,"0,1,2,3",sklearn_digits,,,2,21,1,,"dense_exact,sparse_lanczos",4,chordal,7,tfim,auto,4,4,"dense_exact,sparse_krylov",data/raw/perlmutter/practical_suite_sweep/practical_55730074_scale_8n_32g_c3_ml_digits_c0v1v2v3_128s_6q_d2_r0_seed23.json,ok
practical_55730074_scale_8n_32g_c3_ml_digits_c0v1v2v3_128s_6q_d2_r0_seed31.json,ml,multiclass_ml,test_accuracy,0.0007722480222582817,rbf_kernel_ridge_numpy,rbf_kernel_ridge_numpy,6,20.175320743001066,26125.441777115153,1.0,0.59375,0.40625,3072,1280,768,128,55730074_scale_8n_32g_c3,20.23987178900279,31,128,6,4,digits,"0,1,2,3",sklearn_digits,,,2,21,1,,"dense_exact,sparse_lanczos",4,chordal,7,tfim,auto,4,4,"dense_exact,sparse_krylov",data/raw/perlmutter/practical_suite_sweep/practical_55730074_scale_8n_32g_c3_ml_digits_c0v1v2v3_128s_6q_d2_r0_seed31.json,ok
practical_55730074_scale_8n_32g_c3_ml_digits_c0v1v2v3_128s_6q_d2_r0_seed43.json,ml,multiclass_ml,test_accuracy,0.0001654790248721838,nearest_centroid_numpy,nearest_centroid_numpy,6,20.81980818102602,125815.39078506938,1.0,0.71875,0.28125,3072,1280,768,128,55730074_scale_8n_32g_c3,20.891498034936376,43,128,6,4,digits,"0,1,2,3",sklearn_digits,,,2,21,1,,"dense_exact,sparse_lanczos",4,chordal,7,tfim,auto,4,4,"dense_exact,sparse_krylov",data/raw/perlmutter/practical_suite_sweep/practical_55730074_scale_8n_32g_c3_ml_digits_c0v1v2v3_128s_6q_d2_r0_seed43.json,ok
practical_55730074_scale_8n_32g_c3_ml_digits_c2v4v6v8_128s_6q_d2_r0_seed17.json,ml,multiclass_ml,test_accuracy,0.0007743010064586997,rbf_kernel_ridge_numpy,rbf_kernel_ridge_numpy,6,18.843997521908022,24336.78551974495,0.96875,0.71875,0.25,3072,1280,768,128,55730074_scale_8n_32g_c3,19.01123766496312,17,128,6,4,digits,"2,4,6,8",sklearn_digits,,,2,21,1,,"dense_exact,sparse_lanczos",4,chordal,7,tfim,auto,4,4,"dense_exact,sparse_krylov",data/raw/perlmutter/practical_suite_sweep/practical_55730074_scale_8n_32g_c3_ml_digits_c2v4v6v8_128s_6q_d2_r0_seed17.json,ok
practical_55730074_scale_8n_32g_c3_ml_digits_c2v4v6v8_128s_6q_d2_r0_seed23.json,ml,multiclass_ml,test_accuracy,0.00014482892584055662,nearest_centroid_numpy,nearest_centroid_numpy,6,21.193963013007306,146337.91481917028,0.90625,0.78125,0.125,3072,1280,768,128,55730074_scale_8n_32g_c3,21.25945628399495,23,128,6,4,digits,"2,4,6,8",sklearn_digits,,,2,21,1,,"dense_exact,sparse_lanczos",4,chordal,7,tfim,auto,4,4,"dense_exact,sparse_krylov",data/raw/perlmutter/practical_suite_sweep/practical_55730074_scale_8n_32g_c3_ml_digits_c2v4v6v8_128s_6q_d2_r0_seed23.json,ok
practical_55730074_scale_8n_32g_c3_ml_digits_c2v4v6v8_128s_6q_d2_r0_seed31.json,ml,multiclass_ml,test_accuracy,0.0001743959728628397,linear_ridge_numpy,linear_ridge_numpy,6,21.79660452902317,124983.41659624178,1.0,0.65625,0.34375,3072,1280,768,128,55730074_scale_8n_32g_c3,21.860809782985598,31,128,6,4,digits,"2,4,6,8",sklearn_digits,,,2,21,1,,"dense_exact,sparse_lanczos",4,chordal,7,tfim,auto,4,4,"dense_exact,sparse_krylov",data/raw/perlmutter/practical_suite_sweep/practical_55730074_scale_8n_32g_c3_ml_digits_c2v4v6v8_128s_6q_d2_r0_seed31.json,ok
practical_55730074_scale_8n_32g_c3_ml_digits_c2v4v6v8_128s_6q_d2_r0_seed43.json,ml,multiclass_ml,test_accuracy,0.0001680039567872882,nearest_centroid_numpy,nearest_centroid_numpy,6,19.58031643810682,116546.75766296202,0.96875,0.75,0.21875,3072,1280,768,128,55730074_scale_8n_32g_c3,19.732988224946894,43,128,6,4,digits,"2,4,6,8",sklearn_digits,,,2,21,1,,"dense_exact,sparse_lanczos",4,chordal,7,tfim,auto,4,4,"dense_exact,sparse_krylov",data/raw/perlmutter/practical_suite_sweep/practical_55730074_scale_8n_32g_c3_ml_digits_c2v4v6v8_128s_6q_d2_r0_seed43.json,ok
practical_55730074_scale_8n_32g_c3_ml_digits_c3v5v8_128s_6q_d2_r0_seed17.json,ml,multiclass_ml,test_accuracy,0.00015586009249091148,nearest_centroid_numpy,nearest_centroid_numpy,6,18.88639202597551,121175.29076326458,0.9375,0.71875,0.21875,3072,1280,768,128,55730074_scale_8n_32g_c3,18.958520252956077,17,128,6,3,digits,"3,5,8",sklearn_digits,,,2,21,1,,"dense_exact,sparse_lanczos",4,chordal,7,tfim,auto,4,4,"dense_exact,sparse_krylov",data/raw/perlmutter/practical_suite_sweep/practical_55730074_scale_8n_32g_c3_ml_digits_c3v5v8_128s_6q_d2_r0_seed17.json,ok
practical_55730074_scale_8n_32g_c3_ml_digits_c3v5v8_128s_6q_d2_r0_seed23.json,ml,multiclass_ml,test_accuracy,0.00013263605069369078,nearest_centroid_numpy,nearest_centroid_numpy,6,16.67757913901005,125739.41286539956,1.0,0.6875,0.3125,3072,1280,768,128,55730074_scale_8n_32g_c3,16.74233400297817,23,128,6,3,digits,"3,5,8",sklearn_digits,,,2,21,1,,"dense_exact,sparse_lanczos",4,chordal,7,tfim,auto,4,4,"dense_exact,sparse_krylov",data/raw/perlmutter/practical_suite_sweep/practical_55730074_scale_8n_32g_c3_ml_digits_c3v5v8_128s_6q_d2_r0_seed23.json,ok
practical_55730074_scale_8n_32g_c3_ml_digits_c3v5v8_128s_6q_d2_r0_seed31.json,ml,multiclass_ml,test_accuracy,0.00015413702931255102,nearest_centroid_numpy,nearest_centroid_numpy,6,19.99856086599175,129745.33734810544,0.96875,0.5,0.46875,3072,1280,768,128,55730074_scale_8n_32g_c3,20.126577230985276,31,128,6,3,digits,"3,5,8",sklearn_digits,,,2,21,1,,"dense_exact,sparse_lanczos",4,chordal,7,tfim,auto,4,4,"dense_exact,sparse_krylov",data/raw/perlmutter/practical_suite_sweep/practical_55730074_scale_8n_32g_c3_ml_digits_c3v5v8_128s_6q_d2_r0_seed31.json,ok
practical_55730074_scale_8n_32g_c3_ml_digits_c3v5v8_128s_6q_d2_r0_seed43.json,ml,multiclass_ml,test_accuracy,0.0007725190371274948,rbf_kernel_ridge_numpy,rbf_kernel_ridge_numpy,6,23.167562597896904,29989.6332445635,0.96875,0.4375,0.53125,3072,1280,768,128,55730074_scale_8n_32g_c3,23.233897886937484,43,128,6,3,digits,"3,5,8",sklearn_digits,,,2,21,1,,"dense_exact,sparse_lanczos",4,chordal,7,tfim,auto,4,4,"dense_exact,sparse_krylov",data/raw/perlmutter/practical_suite_sweep/practical_55730074_scale_8n_32g_c3_ml_digits_c3v5v8_128s_6q_d2_r0_seed43.json,ok
practical_55730074_scale_8n_32g_c3_qaoa_chordal_7n_grid13_r0_seed17.json,optimization,optimization_qaoa,approximation_ratio,2.471799962222576e-05,greedy_assignment_numpy,,4,20.609089700039476,833768.5093865094,8,6.133894052838323,0.23326324339520965,3887,3042,1183,169,55730074_scale_8n_32g_c3,20.617085814010352,17,72,4,3,synthetic,"0,1,2",,small_maxcut,7,1,21,1,,"dense_exact,sparse_lanczos",7,chordal,13,tfim,auto,4,4,"dense_exact,sparse_krylov",data/raw/perlmutter/practical_suite_sweep/practical_55730074_scale_8n_32g_c3_qaoa_chordal_7n_grid13_r0_seed17.json,ok
practical_55730074_scale_8n_32g_c3_qaoa_chordal_7n_grid13_r0_seed31.json,optimization,optimization_qaoa,approximation_ratio,2.4828012101352215e-05,greedy_assignment_numpy,,4,15.80092692701146,636415.3063285679,8,6.133894052838323,0.23326324339520965,3887,3042,1183,169,55730074_scale_8n_32g_c3,16.0845935420366,31,72,4,3,synthetic,"0,1,2",,small_maxcut,7,1,21,1,,"dense_exact,sparse_lanczos",7,chordal,13,tfim,auto,4,4,"dense_exact,sparse_krylov",data/raw/perlmutter/practical_suite_sweep/practical_55730074_scale_8n_32g_c3_qaoa_chordal_7n_grid13_r0_seed31.json,ok
practical_55730074_scale_8n_32g_c3_qaoa_ladder_4n_grid13_r0_seed17.json,optimization,optimization_qaoa,approximation_ratio,1.3566110283136368e-05,greedy_assignment_numpy,,4,19.62156440189574,1446366.2754007482,4,2.9999999999999982,0.25000000000000044,2028,1352,676,169,55730074_scale_8n_32g_c3,19.629746264079586,17,72,4,3,synthetic,"0,1,2",,small_maxcut,4,1,21,1,,"dense_exact,sparse_lanczos",4,ladder,13,tfim,auto,4,4,"dense_exact,sparse_krylov",data/raw/perlmutter/practical_suite_sweep/practical_55730074_scale_8n_32g_c3_qaoa_ladder_4n_grid13_r0_seed17.json,ok
practical_55730074_scale_8n_32g_c3_qaoa_ladder_4n_grid13_r0_seed31.json,optimization,optimization_qaoa,approximation_ratio,1.3676006346940994e-05,greedy_assignment_numpy,,4,17.825455177924596,1303410.8588222275,4,2.9999999999999982,0.25000000000000044,2028,1352,676,169,55730074_scale_8n_32g_c3,17.832724409061484,31,72,4,3,synthetic,"0,1,2",,small_maxcut,4,1,21,1,,"dense_exact,sparse_lanczos",4,ladder,13,tfim,auto,4,4,"dense_exact,sparse_krylov",data/raw/perlmutter/practical_suite_sweep/practical_55730074_scale_8n_32g_c3_qaoa_ladder_4n_grid13_r0_seed31.json,ok
practical_55730074_scale_8n_32g_c3_qaoa_ring_6n_grid13_r0_seed23.json,optimization,optimization_qaoa,approximation_ratio,1.819501630961895e-05,greedy_assignment_numpy,,4,18.64742513501551,1024864.4363763165,6,4.499999999999997,0.25000000000000044,3042,2028,1014,169,55730074_scale_8n_32g_c3,18.659768322017044,23,72,4,3,synthetic,"0,1,2",,small_maxcut,6,1,21,1,,"dense_exact,sparse_lanczos",6,ring,13,tfim,auto,4,4,"dense_exact,sparse_krylov",data/raw/perlmutter/practical_suite_sweep/practical_55730074_scale_8n_32g_c3_qaoa_ring_6n_grid13_r0_seed23.json,ok
practical_55730074_scale_8n_32g_c3_qaoa_ring_6n_grid13_r0_seed43.json,optimization,optimization_qaoa,approximation_ratio,1.8535996787250042e-05,greedy_assignment_numpy,,4,13.040353818098083,703515.1099652689,6,4.499999999999997,0.25000000000000044,3042,2028,1014,169,55730074_scale_8n_32g_c3,13.052663098089397,43,72,4,3,synthetic,"0,1,2",,small_maxcut,6,1,21,1,,"dense_exact,sparse_lanczos",6,ring,13,tfim,auto,4,4,"dense_exact,sparse_krylov",data/raw/perlmutter/practical_suite_sweep/practical_55730074_scale_8n_32g_c3_qaoa_ring_6n_grid13_r0_seed43.json,ok
practical_55730074_scale_8n_32g_c3_sim_tfim_6q_10steps_r0_seed17.json,simulation,hamiltonian_simulation,absolute_observable_error,0.0036226980155333877,sparse_krylov_expm_multiply_scipy,exact_dense_eigendecomposition_numpy,2,13.58146671706345,3748.9922314332853,0.821802450632914,0.8216225570780548,0.00017989355485925618,110,100,6,1,55730074_scale_8n_32g_c3,13.690063402988017,17,72,4,3,synthetic,"0,1,2",,tfim,6,1,21,1,,"dense_exact,sparse_lanczos",4,chordal,7,tfim,auto,6,10,"dense_exact,sparse_krylov",data/raw/perlmutter/practical_suite_sweep/practical_55730074_scale_8n_32g_c3_sim_tfim_6q_10steps_r0_seed17.json,ok
practical_55730074_scale_8n_32g_c3_sim_tfim_6q_10steps_r0_seed23.json,simulation,hamiltonian_simulation,absolute_observable_error,0.0023173639783635736,sparse_krylov_expm_multiply_scipy,exact_dense_eigendecomposition_numpy,2,13.882965557044372,5990.843771917067,0.821802450632914,0.8216225570780548,0.00017989355485925618,110,100,6,1,55730074_scale_8n_32g_c3,13.927894502994604,23,72,4,3,synthetic,"0,1,2",,tfim,6,1,21,1,,"dense_exact,sparse_lanczos",4,chordal,7,tfim,auto,6,10,"dense_exact,sparse_krylov",data/raw/perlmutter/practical_suite_sweep/practical_55730074_scale_8n_32g_c3_sim_tfim_6q_10steps_r0_seed23.json,ok
practical_55730074_scale_8n_32g_c3_sim_tfim_6q_10steps_r0_seed31.json,simulation,hamiltonian_simulation,absolute_observable_error,0.0023324729409068823,sparse_krylov_expm_multiply_scipy,exact_dense_eigendecomposition_numpy,2,13.15467138204258,5639.795922746245,0.821802450632914,0.8216225570780548,0.00017989355485925618,110,100,6,1,55730074_scale_8n_32g_c3,13.227582924999297,31,72,4,3,synthetic,"0,1,2",,tfim,6,1,21,1,,"dense_exact,sparse_lanczos",4,chordal,7,tfim,auto,6,10,"dense_exact,sparse_krylov",data/raw/perlmutter/practical_suite_sweep/practical_55730074_scale_8n_32g_c3_sim_tfim_6q_10steps_r0_seed31.json,ok
practical_55730074_scale_8n_32g_c3_sim_tfim_6q_10steps_r0_seed43.json,simulation,hamiltonian_simulation,absolute_observable_error,0.002343905041925609,sparse_krylov_expm_multiply_scipy,exact_dense_eigendecomposition_numpy,2,12.676079781958833,5408.10295435217,0.821802450632914,0.8216225570780548,0.00017989355485925618,110,100,6,1,55730074_scale_8n_32g_c3,12.695718878996558,43,72,4,3,synthetic,"0,1,2",,tfim,6,1,21,1,,"dense_exact,sparse_lanczos",4,chordal,7,tfim,auto,6,10,"dense_exact,sparse_krylov",data/raw/perlmutter/practical_suite_sweep/practical_55730074_scale_8n_32g_c3_sim_tfim_6q_10steps_r0_seed43.json,ok
practical_55730074_scale_8n_32g_c4_chem_h2_l2_grid21_r0_seed31.json,chemistry,chemistry_vqe,absolute_energy_error,0.00016086199320852757,exact_dense_diagonalization_numpy,exact_dense_diagonalization_numpy,2,18.031840243027546,112095.09395828901,-1.85727503020238,-1.8369679912029844,0.020307038999395566,360,90,90,45,55730074_scale_8n_32g_c4,18.042143555008806,31,72,4,3,synthetic,"0,1,2",,H2_minimal_2qubit,2,1,21,2,,"dense_exact,sparse_lanczos",4,chordal,7,tfim,auto,4,4,"dense_exact,sparse_krylov",data/raw/perlmutter/practical_suite_sweep/practical_55730074_scale_8n_32g_c4_chem_h2_l2_grid21_r0_seed31.json,ok
practical_55730074_scale_8n_32g_c4_chem_molecular_chain_4q_l1_grid9_r0_seed17.json,chemistry,chemistry_vqe,absolute_energy_error,0.00016168400179594755,exact_dense_diagonalization_numpy,exact_dense_diagonalization_numpy,2,20.19420101889409,124899.19098105993,-1.705732892552902,-0.9019600519043551,0.8037728406485469,168,63,84,21,55730074_scale_8n_32g_c4,20.216218203073367,17,72,4,3,synthetic,"0,1,2",,molecular_chain_4q_surrogate,4,1,9,1,benchmarks/workloads/hamiltonians/molecular_chain_4q.json,"dense_exact,sparse_lanczos",4,chordal,7,tfim,auto,4,4,"dense_exact,sparse_krylov",data/raw/perlmutter/practical_suite_sweep/practical_55730074_scale_8n_32g_c4_chem_molecular_chain_4q_l1_grid9_r0_seed17.json,ok
practical_55730074_scale_8n_32g_c4_ml_digits_c0v1v2_128s_8q_d1_r0_seed17.json,ml,multiclass_ml,test_accuracy,0.00019936601165682077,linear_ridge_numpy,linear_ridge_numpy,6,40.62683998700231,203780.17120057272,1.0,0.6875,0.3125,2048,896,1024,128,55730074_scale_8n_32g_c4,40.716274284990504,17,128,8,3,digits,"0,1,2",sklearn_digits,,,1,21,1,,"dense_exact,sparse_lanczos",4,chordal,7,tfim,auto,4,4,"dense_exact,sparse_krylov",data/raw/perlmutter/practical_suite_sweep/practical_55730074_scale_8n_32g_c4_ml_digits_c0v1v2_128s_8q_d1_r0_seed17.json,ok
practical_55730074_scale_8n_32g_c4_ml_digits_c0v1v2_128s_8q_d1_r0_seed23.json,ml,multiclass_ml,test_accuracy,0.0008101729908958077,knn_numpy,knn_numpy,6,16.06773723696824,19832.477035802138,1.0,0.78125,0.21875,2048,896,1024,128,55730074_scale_8n_32g_c4,16.139934109989554,23,128,8,3,digits,"0,1,2",sklearn_digits,,,1,21,1,,"dense_exact,sparse_lanczos",4,chordal,7,tfim,auto,4,4,"dense_exact,sparse_krylov",data/raw/perlmutter/practical_suite_sweep/practical_55730074_scale_8n_32g_c4_ml_digits_c0v1v2_128s_8q_d1_r0_seed23.json,ok
practical_55730074_scale_8n_32g_c4_ml_digits_c0v1v2_128s_8q_d1_r0_seed31.json,ml,multiclass_ml,test_accuracy,0.00015342794358730316,nearest_centroid_numpy,nearest_centroid_numpy,6,17.51329573604744,114146.71491104273,1.0,0.65625,0.34375,2048,896,1024,128,55730074_scale_8n_32g_c4,17.580780353047885,31,128,8,3,digits,"0,1,2",sklearn_digits,,,1,21,1,,"dense_exact,sparse_lanczos",4,chordal,7,tfim,auto,4,4,"dense_exact,sparse_krylov",data/raw/perlmutter/practical_suite_sweep/practical_55730074_scale_8n_32g_c4_ml_digits_c0v1v2_128s_8q_d1_r0_seed31.json,ok
practical_55730074_scale_8n_32g_c4_ml_digits_c0v1v2_128s_8q_d1_r0_seed43.json,ml,multiclass_ml,test_accuracy,0.00016576191410422325,nearest_centroid_numpy,nearest_centroid_numpy,6,19.15949863998685,115584.44376999812,1.0,0.75,0.25,2048,896,1024,128,55730074_scale_8n_32g_c4,19.23078765394166,43,128,8,3,digits,"0,1,2",sklearn_digits,,,1,21,1,,"dense_exact,sparse_lanczos",4,chordal,7,tfim,auto,4,4,"dense_exact,sparse_krylov",data/raw/perlmutter/practical_suite_sweep/practical_55730074_scale_8n_32g_c4_ml_digits_c0v1v2_128s_8q_d1_r0_seed43.json,ok
practical_55730074_scale_8n_32g_c4_ml_digits_c0v1v2v3_128s_8q_d1_r0_seed17.json,ml,multiclass_ml,test_accuracy,0.00016778602730482817,linear_ridge_numpy,linear_ridge_numpy,6,15.638729263911955,93206.38622368728,1.0,0.78125,0.21875,2048,896,1024,128,55730074_scale_8n_32g_c4,15.730185345979407,17,128,8,4,digits,"0,1,2,3",sklearn_digits,,,1,21,1,,"dense_exact,sparse_lanczos",4,chordal,7,tfim,auto,4,4,"dense_exact,sparse_krylov",data/raw/perlmutter/practical_suite_sweep/practical_55730074_scale_8n_32g_c4_ml_digits_c0v1v2v3_128s_8q_d1_r0_seed17.json,ok
practical_55730074_scale_8n_32g_c4_ml_digits_c0v1v2v3_128s_8q_d1_r0_seed23.json,ml,multiclass_ml,test_accuracy,0.010004412033595145,softmax_regression_numpy,softmax_regression_numpy,6,16.910056567983702,1690.2599084483102,0.96875,0.78125,0.1875,2048,896,1024,128,55730074_scale_8n_32g_c4,16.97410301293712,23,128,8,4,digits,"0,1,2,3",sklearn_digits,,,1,21,1,,"dense_exact,sparse_lanczos",4,chordal,7,tfim,auto,4,4,"dense_exact,sparse_krylov",data/raw/perlmutter/practical_suite_sweep/practical_55730074_scale_8n_32g_c4_ml_digits_c0v1v2v3_128s_8q_d1_r0_seed23.json,ok
practical_55730074_scale_8n_32g_c4_ml_digits_c0v1v2v3_128s_8q_d1_r0_seed31.json,ml,multiclass_ml,test_accuracy,0.0007452460704371333,rbf_kernel_ridge_numpy,rbf_kernel_ridge_numpy,6,18.306507727014832,24564.38007955805,1.0,0.625,0.375,2048,896,1024,128,55730074_scale_8n_32g_c4,18.37585594994016,31,128,8,4,digits,"0,1,2,3",sklearn_digits,,,1,21,1,,"dense_exact,sparse_lanczos",4,chordal,7,tfim,auto,4,4,"dense_exact,sparse_krylov",data/raw/perlmutter/practical_suite_sweep/practical_55730074_scale_8n_32g_c4_ml_digits_c0v1v2v3_128s_8q_d1_r0_seed31.json,ok
practical_55730074_scale_8n_32g_c4_ml_digits_c0v1v2v3_128s_8q_d1_r0_seed43.json,ml,multiclass_ml,test_accuracy,0.000724024954251945,rbf_kernel_ridge_numpy,rbf_kernel_ridge_numpy,6,20.61410749994684,28471.54283686965,1.0,0.625,0.375,2048,896,1024,128,55730074_scale_8n_32g_c4,20.692915433901362,43,128,8,4,digits,"0,1,2,3",sklearn_digits,,,1,21,1,,"dense_exact,sparse_lanczos",4,chordal,7,tfim,auto,4,4,"dense_exact,sparse_krylov",data/raw/perlmutter/practical_suite_sweep/practical_55730074_scale_8n_32g_c4_ml_digits_c0v1v2v3_128s_8q_d1_r0_seed43.json,ok
practical_55730074_scale_8n_32g_c4_ml_digits_c2v4v6v8_128s_8q_d1_r0_seed17.json,ml,multiclass_ml,test_accuracy,0.0001700989669188857,linear_ridge_numpy,linear_ridge_numpy,6,16.4377115390962,96636.163269203,0.96875,0.59375,0.375,2048,896,1024,128,55730074_scale_8n_32g_c4,16.508143941056915,17,128,8,4,digits,"2,4,6,8",sklearn_digits,,,1,21,1,,"dense_exact,sparse_lanczos",4,chordal,7,tfim,auto,4,4,"dense_exact,sparse_krylov",data/raw/perlmutter/practical_suite_sweep/practical_55730074_scale_8n_32g_c4_ml_digits_c2v4v6v8_128s_8q_d1_r0_seed17.json,ok
practical_55730074_scale_8n_32g_c4_ml_digits_c2v4v6v8_128s_8q_d1_r0_seed23.json,ml,multiclass_ml,test_accuracy,0.0007939910283312201,rbf_kernel_ridge_numpy,rbf_kernel_ridge_numpy,6,18.55112409789581,23364.40014553546,0.96875,0.71875,0.25,2048,896,1024,128,55730074_scale_8n_32g_c4,18.621299505000934,23,128,8,4,digits,"2,4,6,8",sklearn_digits,,,1,21,1,,"dense_exact,sparse_lanczos",4,chordal,7,tfim,auto,4,4,"dense_exact,sparse_krylov",data/raw/perlmutter/practical_suite_sweep/practical_55730074_scale_8n_32g_c4_ml_digits_c2v4v6v8_128s_8q_d1_r0_seed23.json,ok
practical_55730074_scale_8n_32g_c4_ml_digits_c2v4v6v8_128s_8q_d1_r0_seed31.json,ml,multiclass_ml,test_accuracy,0.00015824695583432913,nearest_centroid_numpy,nearest_centroid_numpy,6,19.473747162963264,123059.22133093412,1.0,0.6875,0.3125,2048,896,1024,128,55730074_scale_8n_32g_c4,19.542261598980986,31,128,8,4,digits,"2,4,6,8",sklearn_digits,,,1,21,1,,"dense_exact,sparse_lanczos",4,chordal,7,tfim,auto,4,4,"dense_exact,sparse_krylov",data/raw/perlmutter/practical_suite_sweep/practical_55730074_scale_8n_32g_c4_ml_digits_c2v4v6v8_128s_8q_d1_r0_seed31.json,ok
practical_55730074_scale_8n_32g_c4_ml_digits_c2v4v6v8_128s_8q_d1_r0_seed43.json,ml,multiclass_ml,test_accuracy,0.0001468550181016326,nearest_centroid_numpy,nearest_centroid_numpy,6,20.276858124067076,138073.9887964486,0.96875,0.75,0.21875,2048,896,1024,128,55730074_scale_8n_32g_c4,20.352611401001923,43,128,8,4,digits,"2,4,6,8",sklearn_digits,,,1,21,1,,"dense_exact,sparse_lanczos",4,chordal,7,tfim,auto,4,4,"dense_exact,sparse_krylov",data/raw/perlmutter/practical_suite_sweep/practical_55730074_scale_8n_32g_c4_ml_digits_c2v4v6v8_128s_8q_d1_r0_seed43.json,ok
practical_55730074_scale_8n_32g_c4_ml_digits_c3v5v8_128s_8q_d1_r0_seed17.json,ml,multiclass_ml,test_accuracy,0.0001532669411972165,nearest_centroid_numpy,nearest_centroid_numpy,6,17.80502804904245,116170.04887004169,1.0,0.625,0.375,2048,896,1024,128,55730074_scale_8n_32g_c4,17.874475424992852,17,128,8,3,digits,"3,5,8",sklearn_digits,,,1,21,1,,"dense_exact,sparse_lanczos",4,chordal,7,tfim,auto,4,4,"dense_exact,sparse_krylov",data/raw/perlmutter/practical_suite_sweep/practical_55730074_scale_8n_32g_c4_ml_digits_c3v5v8_128s_8q_d1_r0_seed17.json,ok
practical_55730074_scale_8n_32g_c4_ml_digits_c3v5v8_128s_8q_d1_r0_seed23.json,ml,multiclass_ml,test_accuracy,0.0001785369822755456,linear_ridge_numpy,linear_ridge_numpy,6,15.58761103800498,87307.4633576353,1.0,0.6875,0.3125,2048,896,1024,128,55730074_scale_8n_32g_c4,15.660439542960376,23,128,8,3,digits,"3,5,8",sklearn_digits,,,1,21,1,,"dense_exact,sparse_lanczos",4,chordal,7,tfim,auto,4,4,"dense_exact,sparse_krylov",data/raw/perlmutter/practical_suite_sweep/practical_55730074_scale_8n_32g_c4_ml_digits_c3v5v8_128s_8q_d1_r0_seed23.json,ok
practical_55730074_scale_8n_32g_c4_ml_digits_c3v5v8_128s_8q_d1_r0_seed31.json,ml,multiclass_ml,test_accuracy,0.00015446997713297606,nearest_centroid_numpy,nearest_centroid_numpy,6,17.5743220821023,113771.76593334625,0.96875,0.46875,0.5,2048,896,1024,128,55730074_scale_8n_32g_c4,17.64269852009602,31,128,8,3,digits,"3,5,8",sklearn_digits,,,1,21,1,,"dense_exact,sparse_lanczos",4,chordal,7,tfim,auto,4,4,"dense_exact,sparse_krylov",data/raw/perlmutter/practical_suite_sweep/practical_55730074_scale_8n_32g_c4_ml_digits_c3v5v8_128s_8q_d1_r0_seed31.json,ok
practical_55730074_scale_8n_32g_c4_ml_digits_c3v5v8_128s_8q_d1_r0_seed43.json,ml,multiclass_ml,test_accuracy,0.00981401395983994,softmax_regression_numpy,softmax_regression_numpy,6,20.150118298013695,2053.1984548290097,0.9375,0.46875,0.46875,2048,896,1024,128,55730074_scale_8n_32g_c4,20.221682255971245,43,128,8,3,digits,"3,5,8",sklearn_digits,,,1,21,1,,"dense_exact,sparse_lanczos",4,chordal,7,tfim,auto,4,4,"dense_exact,sparse_krylov",data/raw/perlmutter/practical_suite_sweep/practical_55730074_scale_8n_32g_c4_ml_digits_c3v5v8_128s_8q_d1_r0_seed43.json,ok
practical_55730074_scale_8n_32g_c4_qaoa_chordal_6n_grid7_r0_seed23.json,optimization,optimization_qaoa,approximation_ratio,2.156198024749756e-05,greedy_assignment_numpy,,4,16.813605189905502,779780.1962951365,7,5.278966079257489,0.24586198867750153,980,784,294,49,55730074_scale_8n_32g_c4,16.832819615025073,23,72,4,3,synthetic,"0,1,2",,small_maxcut,6,1,21,1,,"dense_exact,sparse_lanczos",6,chordal,7,tfim,auto,4,4,"dense_exact,sparse_krylov",data/raw/perlmutter/practical_suite_sweep/practical_55730074_scale_8n_32g_c4_qaoa_chordal_6n_grid7_r0_seed23.json,ok
practical_55730074_scale_8n_32g_c4_qaoa_chordal_6n_grid7_r0_seed43.json,optimization,optimization_qaoa,approximation_ratio,2.1361978724598885e-05,greedy_assignment_numpy,,4,17.700607583974488,828603.3710721643,7,5.278966079257489,0.24586198867750153,980,784,294,49,55730074_scale_8n_32g_c4,17.713683997979388,43,72,4,3,synthetic,"0,1,2",,small_maxcut,6,1,21,1,,"dense_exact,sparse_lanczos",6,chordal,7,tfim,auto,4,4,"dense_exact,sparse_krylov",data/raw/perlmutter/practical_suite_sweep/practical_55730074_scale_8n_32g_c4_qaoa_chordal_6n_grid7_r0_seed43.json,ok
practical_55730074_scale_8n_32g_c4_qaoa_ladder_7n_grid7_r0_seed17.json,optimization,optimization_qaoa,approximation_ratio,2.3325090296566486e-05,greedy_assignment_numpy,,4,17.66881734598428,757502.6343450072,8,5.401462109916174,0.3248172362604782,1078,784,343,49,55730074_scale_8n_32g_c4,17.682303715031594,17,72,4,3,synthetic,"0,1,2",,small_maxcut,7,1,21,1,,"dense_exact,sparse_lanczos",7,ladder,7,tfim,auto,4,4,"dense_exact,sparse_krylov",data/raw/perlmutter/practical_suite_sweep/practical_55730074_scale_8n_32g_c4_qaoa_ladder_7n_grid7_r0_seed17.json,ok
practical_55730074_scale_8n_32g_c4_qaoa_ladder_7n_grid7_r0_seed31.json,optimization,optimization_qaoa,approximation_ratio,2.401694655418396e-05,greedy_assignment_numpy,,4,17.767606063978747,739794.545651078,8,5.401462109916174,0.3248172362604782,1078,784,343,49,55730074_scale_8n_32g_c4,17.782651968998834,31,72,4,3,synthetic,"0,1,2",,small_maxcut,7,1,21,1,,"dense_exact,sparse_lanczos",7,ladder,7,tfim,auto,4,4,"dense_exact,sparse_krylov",data/raw/perlmutter/practical_suite_sweep/practical_55730074_scale_8n_32g_c4_qaoa_ladder_7n_grid7_r0_seed31.json,ok
practical_55730074_scale_8n_32g_c4_qaoa_ring_5n_grid7_r0_seed17.json,optimization,optimization_qaoa,approximation_ratio,1.6211997717618942e-05,greedy_assignment_numpy,,4,15.645560218952596,965060.5984202211,4,3.4375,0.140625,735,490,245,49,55730074_scale_8n_32g_c4,15.657801953027956,17,72,4,3,synthetic,"0,1,2",,small_maxcut,5,1,21,1,,"dense_exact,sparse_lanczos",5,ring,7,tfim,auto,4,4,"dense_exact,sparse_krylov",data/raw/perlmutter/practical_suite_sweep/practical_55730074_scale_8n_32g_c4_qaoa_ring_5n_grid7_r0_seed17.json,ok
practical_55730074_scale_8n_32g_c4_qaoa_ring_5n_grid7_r0_seed31.json,optimization,optimization_qaoa,approximation_ratio,1.69029226526618e-05,greedy_assignment_numpy,,4,18.458516611950472,1092031.0641688763,4,3.4375,0.140625,735,490,245,49,55730074_scale_8n_32g_c4,18.47466627007816,31,72,4,3,synthetic,"0,1,2",,small_maxcut,5,1,21,1,,"dense_exact,sparse_lanczos",5,ring,7,tfim,auto,4,4,"dense_exact,sparse_krylov",data/raw/perlmutter/practical_suite_sweep/practical_55730074_scale_8n_32g_c4_qaoa_ring_5n_grid7_r0_seed31.json,ok
practical_55730074_scale_8n_32g_c4_sim_tfim_7q_4steps_r0_seed17.json,simulation,hamiltonian_simulation,absolute_observable_error,0.0026028509018942714,sparse_krylov_expm_multiply_scipy,exact_dense_eigendecomposition_numpy,2,16.438998487079516,6315.766483249478,0.8218024506329149,0.8206730318635873,0.0011294187693275948,52,48,7,1,55730074_scale_8n_32g_c4,16.46443798393011,17,72,4,3,synthetic,"0,1,2",,tfim,7,1,21,1,,"dense_exact,sparse_lanczos",4,chordal,7,tfim,auto,7,4,"dense_exact,sparse_krylov",data/raw/perlmutter/practical_suite_sweep/practical_55730074_scale_8n_32g_c4_sim_tfim_7q_4steps_r0_seed17.json,ok
practical_55730074_scale_8n_32g_c4_sim_tfim_7q_4steps_r0_seed23.json,simulation,hamiltonian_simulation,absolute_observable_error,0.0026571269845589995,sparse_krylov_expm_multiply_scipy,exact_dense_eigendecomposition_numpy,2,12.293578049051575,4626.643032302021,0.8218024506329149,0.8206730318635873,0.0011294187693275948,52,48,7,1,55730074_scale_8n_32g_c4,12.317541001015343,23,72,4,3,synthetic,"0,1,2",,tfim,7,1,21,1,,"dense_exact,sparse_lanczos",4,chordal,7,tfim,auto,7,4,"dense_exact,sparse_krylov",data/raw/perlmutter/practical_suite_sweep/practical_55730074_scale_8n_32g_c4_sim_tfim_7q_4steps_r0_seed23.json,ok
practical_55730074_scale_8n_32g_c4_sim_tfim_7q_4steps_r0_seed31.json,simulation,hamiltonian_simulation,absolute_observable_error,0.0026432189624756575,sparse_krylov_expm_multiply_scipy,exact_dense_eigendecomposition_numpy,2,12.179832080029882,4607.954260672436,0.8218024506329149,0.8206730318635873,0.0011294187693275948,52,48,7,1,55730074_scale_8n_32g_c4,12.201966754044406,31,72,4,3,synthetic,"0,1,2",,tfim,7,1,21,1,,"dense_exact,sparse_lanczos",4,chordal,7,tfim,auto,7,4,"dense_exact,sparse_krylov",data/raw/perlmutter/practical_suite_sweep/practical_55730074_scale_8n_32g_c4_sim_tfim_7q_4steps_r0_seed31.json,ok
practical_55730074_scale_8n_32g_c4_sim_tfim_7q_4steps_r0_seed43.json,simulation,hamiltonian_simulation,absolute_observable_error,0.0026508739683777094,sparse_krylov_expm_multiply_scipy,exact_dense_eigendecomposition_numpy,2,12.188087765011005,4597.762062777323,0.8218024506329149,0.8206730318635873,0.0011294187693275948,52,48,7,1,55730074_scale_8n_32g_c4,12.209169356036,43,72,4,3,synthetic,"0,1,2",,tfim,7,1,21,1,,"dense_exact,sparse_lanczos",4,chordal,7,tfim,auto,7,4,"dense_exact,sparse_krylov",data/raw/perlmutter/practical_suite_sweep/practical_55730074_scale_8n_32g_c4_sim_tfim_7q_4steps_r0_seed43.json,ok
practical_55730074_scale_8n_32g_c5_chem_h2_l2_grid25_r0_seed31.json,chemistry,chemistry_vqe,absolute_energy_error,0.00014447001740336418,exact_dense_diagonalization_numpy,sparse_lanczos_eigsh_scipy,2,18.032876353012398,124820.89140104498,-1.8572750302023808,-1.8369679912029844,0.020307038999396454,424,106,106,53,55730074_scale_8n_32g_c5,18.042431062087417,31,72,4,3,synthetic,"0,1,2",,H2_minimal_2qubit,2,1,25,2,,"dense_exact,sparse_lanczos",4,chordal,7,tfim,auto,4,4,"dense_exact,sparse_krylov",data/raw/perlmutter/practical_suite_sweep/practical_55730074_scale_8n_32g_c5_chem_h2_l2_grid25_r0_seed31.json,ok
practical_55730074_scale_8n_32g_c5_chem_molecular_chain_4q_l1_grid13_r0_seed17.json,chemistry,chemistry_vqe,absolute_energy_error,0.0001685780007392168,exact_dense_diagonalization_numpy,sparse_lanczos_eigsh_scipy,2,20.195595535100438,119799.70960945365,-1.7057328925529058,-0.9019600519043551,0.8037728406485507,232,87,116,29,55730074_scale_8n_32g_c5,20.210241916007362,17,72,4,3,synthetic,"0,1,2",,molecular_chain_4q_surrogate,4,1,13,1,benchmarks/workloads/hamiltonians/molecular_chain_4q.json,"dense_exact,sparse_lanczos",4,chordal,7,tfim,auto,4,4,"dense_exact,sparse_krylov",data/raw/perlmutter/practical_suite_sweep/practical_55730074_scale_8n_32g_c5_chem_molecular_chain_4q_l1_grid13_r0_seed17.json,ok
practical_55730074_scale_8n_32g_c5_ml_digits_c0v1v2_128s_8q_d2_r0_seed17.json,ml,multiclass_ml,test_accuracy,0.00019460800103843212,linear_ridge_numpy,linear_ridge_numpy,6,40.64684443292208,208865.22761669467,1.0,0.6875,0.3125,4096,1792,1024,128,55730074_scale_8n_32g_c5,40.7298628250137,17,128,8,3,digits,"0,1,2",sklearn_digits,,,2,21,1,,"dense_exact,sparse_lanczos",4,chordal,7,tfim,auto,4,4,"dense_exact,sparse_krylov",data/raw/perlmutter/practical_suite_sweep/practical_55730074_scale_8n_32g_c5_ml_digits_c0v1v2_128s_8q_d2_r0_seed17.json,ok
practical_55730074_scale_8n_32g_c5_ml_digits_c0v1v2_128s_8q_d2_r0_seed23.json,ml,multiclass_ml,test_accuracy,0.0008031789911910892,knn_numpy,knn_numpy,6,16.006705726031214,19929.18876313457,1.0,0.625,0.375,4096,1792,1024,128,55730074_scale_8n_32g_c5,16.138345760991797,23,128,8,3,digits,"0,1,2",sklearn_digits,,,2,21,1,,"dense_exact,sparse_lanczos",4,chordal,7,tfim,auto,4,4,"dense_exact,sparse_krylov",data/raw/perlmutter/practical_suite_sweep/practical_55730074_scale_8n_32g_c5_ml_digits_c0v1v2_128s_8q_d2_r0_seed23.json,ok
practical_55730074_scale_8n_32g_c5_ml_digits_c0v1v2_128s_8q_d2_r0_seed31.json,ml,multiclass_ml,test_accuracy,0.00015380897093564272,nearest_centroid_numpy,nearest_centroid_numpy,6,17.402426548069343,113143.11800025582,1.0,0.75,0.25,4096,1792,1024,128,55730074_scale_8n_32g_c5,17.466786862933077,31,128,8,3,digits,"0,1,2",sklearn_digits,,,2,21,1,,"dense_exact,sparse_lanczos",4,chordal,7,tfim,auto,4,4,"dense_exact,sparse_krylov",data/raw/perlmutter/practical_suite_sweep/practical_55730074_scale_8n_32g_c5_ml_digits_c0v1v2_128s_8q_d2_r0_seed31.json,ok
practical_55730074_scale_8n_32g_c5_ml_digits_c0v1v2_128s_8q_d2_r0_seed43.json,ml,multiclass_ml,test_accuracy,0.00015454902313649654,nearest_centroid_numpy,nearest_centroid_numpy,6,18.943016996025108,122569.63267438304,1.0,0.8125,0.1875,4096,1792,1024,128,55730074_scale_8n_32g_c5,19.012354160891846,43,128,8,3,digits,"0,1,2",sklearn_digits,,,2,21,1,,"dense_exact,sparse_lanczos",4,chordal,7,tfim,auto,4,4,"dense_exact,sparse_krylov",data/raw/perlmutter/practical_suite_sweep/practical_55730074_scale_8n_32g_c5_ml_digits_c0v1v2_128s_8q_d2_r0_seed43.json,ok
practical_55730074_scale_8n_32g_c5_ml_digits_c0v1v2v3_128s_8q_d2_r0_seed17.json,ml,multiclass_ml,test_accuracy,0.00017030001617968082,linear_ridge_numpy,linear_ridge_numpy,6,15.686766528058797,92112.53692135848,1.0,0.625,0.375,4096,1792,1024,128,55730074_scale_8n_32g_c5,15.75261187099386,17,128,8,4,digits,"0,1,2,3",sklearn_digits,,,2,21,1,,"dense_exact,sparse_lanczos",4,chordal,7,tfim,auto,4,4,"dense_exact,sparse_krylov",data/raw/perlmutter/practical_suite_sweep/practical_55730074_scale_8n_32g_c5_ml_digits_c0v1v2v3_128s_8q_d2_r0_seed17.json,ok
practical_55730074_scale_8n_32g_c5_ml_digits_c0v1v2v3_128s_8q_d2_r0_seed23.json,ml,multiclass_ml,test_accuracy,0.009983701980672777,softmax_regression_numpy,softmax_regression_numpy,6,16.78070453600958,1680.8098407279151,0.96875,0.78125,0.1875,4096,1792,1024,128,55730074_scale_8n_32g_c5,16.846555521944538,23,128,8,4,digits,"0,1,2,3",sklearn_digits,,,2,21,1,,"dense_exact,sparse_lanczos",4,chordal,7,tfim,auto,4,4,"dense_exact,sparse_krylov",data/raw/perlmutter/practical_suite_sweep/practical_55730074_scale_8n_32g_c5_ml_digits_c0v1v2v3_128s_8q_d2_r0_seed23.json,ok
practical_55730074_scale_8n_32g_c5_ml_digits_c0v1v2v3_128s_8q_d2_r0_seed31.json,ml,multiclass_ml,test_accuracy,0.0007756949635222554,rbf_kernel_ridge_numpy,rbf_kernel_ridge_numpy,6,18.298736586933956,23590.119115694048,1.0,0.5625,0.4375,4096,1792,1024,128,55730074_scale_8n_32g_c5,18.362915297970176,31,128,8,4,digits,"0,1,2,3",sklearn_digits,,,2,21,1,,"dense_exact,sparse_lanczos",4,chordal,7,tfim,auto,4,4,"dense_exact,sparse_krylov",data/raw/perlmutter/practical_suite_sweep/practical_55730074_scale_8n_32g_c5_ml_digits_c0v1v2v3_128s_8q_d2_r0_seed31.json,ok
practical_55730074_scale_8n_32g_c5_ml_digits_c0v1v2v3_128s_8q_d2_r0_seed43.json,ml,multiclass_ml,test_accuracy,0.0007259889971464872,rbf_kernel_ridge_numpy,rbf_kernel_ridge_numpy,6,20.36210294708144,28047.398827137946,1.0,0.6875,0.3125,4096,1792,1024,128,55730074_scale_8n_32g_c5,20.499305019970052,43,128,8,4,digits,"0,1,2,3",sklearn_digits,,,2,21,1,,"dense_exact,sparse_lanczos",4,chordal,7,tfim,auto,4,4,"dense_exact,sparse_krylov",data/raw/perlmutter/practical_suite_sweep/practical_55730074_scale_8n_32g_c5_ml_digits_c0v1v2v3_128s_8q_d2_r0_seed43.json,ok
practical_55730074_scale_8n_32g_c5_ml_digits_c2v4v6v8_128s_8q_d2_r0_seed17.json,ml,multiclass_ml,test_accuracy,0.00016864703502506018,linear_ridge_numpy,linear_ridge_numpy,6,16.311103611951694,96717.40513865506,0.96875,0.71875,0.25,4096,1792,1024,128,55730074_scale_8n_32g_c5,16.3763855160214,17,128,8,4,digits,"2,4,6,8",sklearn_digits,,,2,21,1,,"dense_exact,sparse_lanczos",4,chordal,7,tfim,auto,4,4,"dense_exact,sparse_krylov",data/raw/perlmutter/practical_suite_sweep/practical_55730074_scale_8n_32g_c5_ml_digits_c2v4v6v8_128s_8q_d2_r0_seed17.json,ok
practical_55730074_scale_8n_32g_c5_ml_digits_c2v4v6v8_128s_8q_d2_r0_seed23.json,ml,multiclass_ml,test_accuracy,0.0008061450207605958,rbf_kernel_ridge_numpy,rbf_kernel_ridge_numpy,6,18.439219509949908,22873.32804282851,0.96875,0.8125,0.15625,4096,1792,1024,128,55730074_scale_8n_32g_c5,18.50393098499626,23,128,8,4,digits,"2,4,6,8",sklearn_digits,,,2,21,1,,"dense_exact,sparse_lanczos",4,chordal,7,tfim,auto,4,4,"dense_exact,sparse_krylov",data/raw/perlmutter/practical_suite_sweep/practical_55730074_scale_8n_32g_c5_ml_digits_c2v4v6v8_128s_8q_d2_r0_seed23.json,ok
practical_55730074_scale_8n_32g_c5_ml_digits_c2v4v6v8_128s_8q_d2_r0_seed31.json,ml,multiclass_ml,test_accuracy,0.00014691497199237347,nearest_centroid_numpy,nearest_centroid_numpy,6,19.21166919695679,130767.26583015714,1.0,0.65625,0.34375,4096,1792,1024,128,55730074_scale_8n_32g_c5,19.276824343949556,31,128,8,4,digits,"2,4,6,8",sklearn_digits,,,2,21,1,,"dense_exact,sparse_lanczos",4,chordal,7,tfim,auto,4,4,"dense_exact,sparse_krylov",data/raw/perlmutter/practical_suite_sweep/practical_55730074_scale_8n_32g_c5_ml_digits_c2v4v6v8_128s_8q_d2_r0_seed31.json,ok
practical_55730074_scale_8n_32g_c5_ml_digits_c2v4v6v8_128s_8q_d2_r0_seed43.json,ml,multiclass_ml,test_accuracy,0.00014845794066786766,nearest_centroid_numpy,nearest_centroid_numpy,6,20.303096167976037,136759.92053128657,0.96875,0.6875,0.28125,4096,1792,1024,128,55730074_scale_8n_32g_c5,20.367296537035145,43,128,8,4,digits,"2,4,6,8",sklearn_digits,,,2,21,1,,"dense_exact,sparse_lanczos",4,chordal,7,tfim,auto,4,4,"dense_exact,sparse_krylov",data/raw/perlmutter/practical_suite_sweep/practical_55730074_scale_8n_32g_c5_ml_digits_c2v4v6v8_128s_8q_d2_r0_seed43.json,ok
practical_55730074_scale_8n_32g_c5_ml_digits_c3v5v8_128s_8q_d2_r0_seed17.json,ml,multiclass_ml,test_accuracy,0.0001526570413261652,nearest_centroid_numpy,nearest_centroid_numpy,6,17.871301061008126,117068.3049124771,1.0,0.6875,0.3125,4096,1792,1024,128,55730074_scale_8n_32g_c5,17.93654693895951,17,128,8,3,digits,"3,5,8",sklearn_digits,,,2,21,1,,"dense_exact,sparse_lanczos",4,chordal,7,tfim,auto,4,4,"dense_exact,sparse_krylov",data/raw/perlmutter/practical_suite_sweep/practical_55730074_scale_8n_32g_c5_ml_digits_c3v5v8_128s_8q_d2_r0_seed17.json,ok
practical_55730074_scale_8n_32g_c5_ml_digits_c3v5v8_128s_8q_d2_r0_seed23.json,ml,multiclass_ml,test_accuracy,0.00017122202552855015,linear_ridge_numpy,linear_ridge_numpy,6,15.258374452008866,89114.55407040862,1.0,0.65625,0.34375,4096,1792,1024,128,55730074_scale_8n_32g_c5,15.326445866026916,23,128,8,3,digits,"3,5,8",sklearn_digits,,,2,21,1,,"dense_exact,sparse_lanczos",4,chordal,7,tfim,auto,4,4,"dense_exact,sparse_krylov",data/raw/perlmutter/practical_suite_sweep/practical_55730074_scale_8n_32g_c5_ml_digits_c3v5v8_128s_8q_d2_r0_seed23.json,ok
practical_55730074_scale_8n_32g_c5_ml_digits_c3v5v8_128s_8q_d2_r0_seed31.json,ml,multiclass_ml,test_accuracy,0.0001557819778099656,nearest_centroid_numpy,nearest_centroid_numpy,6,17.56405094009824,112747.64377124657,0.96875,0.53125,0.4375,4096,1792,1024,128,55730074_scale_8n_32g_c5,17.629139657947235,31,128,8,3,digits,"3,5,8",sklearn_digits,,,2,21,1,,"dense_exact,sparse_lanczos",4,chordal,7,tfim,auto,4,4,"dense_exact,sparse_krylov",data/raw/perlmutter/practical_suite_sweep/practical_55730074_scale_8n_32g_c5_ml_digits_c3v5v8_128s_8q_d2_r0_seed31.json,ok
practical_55730074_scale_8n_32g_c5_ml_digits_c3v5v8_128s_8q_d2_r0_seed43.json,ml,multiclass_ml,test_accuracy,0.009831028059124947,softmax_regression_numpy,softmax_regression_numpy,6,20.222007156000473,2056.957526149144,0.9375,0.3125,0.625,4096,1792,1024,128,55730074_scale_8n_32g_c5,20.286468959995545,43,128,8,3,digits,"3,5,8",sklearn_digits,,,2,21,1,,"dense_exact,sparse_lanczos",4,chordal,7,tfim,auto,4,4,"dense_exact,sparse_krylov",data/raw/perlmutter/practical_suite_sweep/practical_55730074_scale_8n_32g_c5_ml_digits_c3v5v8_128s_8q_d2_r0_seed43.json,ok
practical_55730074_scale_8n_32g_c5_qaoa_chordal_6n_grid9_r0_seed23.json,optimization,optimization_qaoa,approximation_ratio,2.161203883588314e-05,greedy_assignment_numpy,,4,16.693345661042258,772409.5717117524,7,5.373160171779813,0.23240568974574105,1620,1296,486,81,55730074_scale_8n_32g_c5,16.7088543450227,23,72,4,3,synthetic,"0,1,2",,small_maxcut,6,1,21,1,,"dense_exact,sparse_lanczos",6,chordal,9,tfim,auto,4,4,"dense_exact,sparse_krylov",data/raw/perlmutter/practical_suite_sweep/practical_55730074_scale_8n_32g_c5_qaoa_chordal_6n_grid9_r0_seed23.json,ok
practical_55730074_scale_8n_32g_c5_qaoa_chordal_6n_grid9_r0_seed43.json,optimization,optimization_qaoa,approximation_ratio,2.0920997485518456e-05,greedy_assignment_numpy,,4,17.60218646307476,841364.5895832174,7,5.373160171779813,0.23240568974574105,1620,1296,486,81,55730074_scale_8n_32g_c5,17.60986084502656,43,72,4,3,synthetic,"0,1,2",,small_maxcut,6,1,21,1,,"dense_exact,sparse_lanczos",6,chordal,9,tfim,auto,4,4,"dense_exact,sparse_krylov",data/raw/perlmutter/practical_suite_sweep/practical_55730074_scale_8n_32g_c5_qaoa_chordal_6n_grid9_r0_seed43.json,ok
practical_55730074_scale_8n_32g_c5_qaoa_ladder_7n_grid9_r0_seed17.json,optimization,optimization_qaoa,approximation_ratio,2.441799733787775e-05,greedy_assignment_numpy,,4,17.62912113009952,721972.4404979285,8,5.722271824131493,0.2847160219835634,1782,1296,567,81,55730074_scale_8n_32g_c5,17.63748597097583,17,72,4,3,synthetic,"0,1,2",,small_maxcut,7,1,21,1,,"dense_exact,sparse_lanczos",7,ladder,9,tfim,auto,4,4,"dense_exact,sparse_krylov",data/raw/perlmutter/practical_suite_sweep/practical_55730074_scale_8n_32g_c5_qaoa_ladder_7n_grid9_r0_seed17.json,ok
practical_55730074_scale_8n_32g_c5_qaoa_ladder_7n_grid9_r0_seed31.json,optimization,optimization_qaoa,approximation_ratio,2.4107052013278008e-05,greedy_assignment_numpy,,4,17.24347573297564,715287.6147393736,8,5.722271824131493,0.2847160219835634,1782,1296,567,81,55730074_scale_8n_32g_c5,17.254687128937803,31,72,4,3,synthetic,"0,1,2",,small_maxcut,7,1,21,1,,"dense_exact,sparse_lanczos",7,ladder,9,tfim,auto,4,4,"dense_exact,sparse_krylov",data/raw/perlmutter/practical_suite_sweep/practical_55730074_scale_8n_32g_c5_qaoa_ladder_7n_grid9_r0_seed31.json,ok
practical_55730074_scale_8n_32g_c5_qaoa_ring_5n_grid9_r0_seed17.json,optimization,optimization_qaoa,approximation_ratio,1.6250996850430965e-05,greedy_assignment_numpy,,4,15.65156180493068,963113.952269064,4,3.749999999999998,0.06250000000000056,1215,810,405,81,55730074_scale_8n_32g_c5,15.660129118943587,17,72,4,3,synthetic,"0,1,2",,small_maxcut,5,1,21,1,,"dense_exact,sparse_lanczos",5,ring,9,tfim,auto,4,4,"dense_exact,sparse_krylov",data/raw/perlmutter/practical_suite_sweep/practical_55730074_scale_8n_32g_c5_qaoa_ring_5n_grid9_r0_seed17.json,ok
practical_55730074_scale_8n_32g_c5_qaoa_ring_5n_grid9_r0_seed31.json,optimization,optimization_qaoa,approximation_ratio,1.6022007912397385e-05,greedy_assignment_numpy,,4,18.174185169977136,1134326.3134899875,4,3.749999999999998,0.06250000000000056,1215,810,405,81,55730074_scale_8n_32g_c5,18.18225532991346,31,72,4,3,synthetic,"0,1,2",,small_maxcut,5,1,21,1,,"dense_exact,sparse_lanczos",5,ring,9,tfim,auto,4,4,"dense_exact,sparse_krylov",data/raw/perlmutter/practical_suite_sweep/practical_55730074_scale_8n_32g_c5_qaoa_ring_5n_grid9_r0_seed31.json,ok
practical_55730074_scale_8n_32g_c5_sim_tfim_7q_6steps_r0_seed17.json,simulation,hamiltonian_simulation,absolute_observable_error,0.004652386996895075,sparse_krylov_expm_multiply_scipy,exact_dense_eigendecomposition_numpy,2,16.449281743029132,3535.6649724124645,0.8218024506329149,0.8213019840508498,0.000500466582065151,78,72,7,1,55730074_scale_8n_32g_c5,16.477378236013465,17,72,4,3,synthetic,"0,1,2",,tfim,7,1,21,1,,"dense_exact,sparse_lanczos",4,chordal,7,tfim,auto,7,6,"dense_exact,sparse_krylov",data/raw/perlmutter/practical_suite_sweep/practical_55730074_scale_8n_32g_c5_sim_tfim_7q_6steps_r0_seed17.json,ok
practical_55730074_scale_8n_32g_c5_sim_tfim_7q_6steps_r0_seed23.json,simulation,hamiltonian_simulation,absolute_observable_error,0.002650353009812534,sparse_krylov_expm_multiply_scipy,exact_dense_eigendecomposition_numpy,2,12.42737262393348,4688.9499541845935,0.8218024506329149,0.8213019840508498,0.000500466582065151,78,72,7,1,55730074_scale_8n_32g_c5,12.450398556888103,23,72,4,3,synthetic,"0,1,2",,tfim,7,1,21,1,,"dense_exact,sparse_lanczos",4,chordal,7,tfim,auto,7,6,"dense_exact,sparse_krylov",data/raw/perlmutter/practical_suite_sweep/practical_55730074_scale_8n_32g_c5_sim_tfim_7q_6steps_r0_seed23.json,ok
practical_55730074_scale_8n_32g_c5_sim_tfim_7q_6steps_r0_seed31.json,simulation,hamiltonian_simulation,absolute_observable_error,0.0025350989308208227,sparse_krylov_expm_multiply_scipy,exact_dense_eigendecomposition_numpy,2,12.099582382012159,4772.824537500205,0.8218024506329149,0.8213019840508498,0.000500466582065151,78,72,7,1,55730074_scale_8n_32g_c5,12.12344331399072,31,72,4,3,synthetic,"0,1,2",,tfim,7,1,21,1,,"dense_exact,sparse_lanczos",4,chordal,7,tfim,auto,7,6,"dense_exact,sparse_krylov",data/raw/perlmutter/practical_suite_sweep/practical_55730074_scale_8n_32g_c5_sim_tfim_7q_6steps_r0_seed31.json,ok
practical_55730074_scale_8n_32g_c5_sim_tfim_7q_6steps_r0_seed43.json,simulation,hamiltonian_simulation,absolute_observable_error,0.002564606023952365,sparse_krylov_expm_multiply_scipy,exact_dense_eigendecomposition_numpy,2,11.977965984027833,4670.48968619685,0.8218024506329149,0.8213019840508498,0.000500466582065151,78,72,7,1,55730074_scale_8n_32g_c5,11.998782277922146,43,72,4,3,synthetic,"0,1,2",,tfim,7,1,21,1,,"dense_exact,sparse_lanczos",4,chordal,7,tfim,auto,7,6,"dense_exact,sparse_krylov",data/raw/perlmutter/practical_suite_sweep/practical_55730074_scale_8n_32g_c5_sim_tfim_7q_6steps_r0_seed43.json,ok
practical_55730074_scale_8n_32g_c6_chem_h2_l2_grid33_r0_seed31.json,chemistry,chemistry_vqe,absolute_energy_error,0.00013911910355091095,exact_dense_diagonalization_numpy,sparse_lanczos_eigsh_scipy,2,18.034373447997496,129632.6168562305,-1.8572750302023824,-1.8369679912029844,0.02030703899939801,552,138,138,69,55730074_scale_8n_32g_c6,18.046664156019688,31,72,4,3,synthetic,"0,1,2",,H2_minimal_2qubit,2,1,33,2,,"dense_exact,sparse_lanczos",4,chordal,7,tfim,auto,4,4,"dense_exact,sparse_krylov",data/raw/perlmutter/practical_suite_sweep/practical_55730074_scale_8n_32g_c6_chem_h2_l2_grid33_r0_seed31.json,ok
practical_55730074_scale_8n_32g_c6_chem_molecular_chain_4q_l1_grid17_r0_seed17.json,chemistry,chemistry_vqe,absolute_energy_error,0.00016182393301278353,exact_dense_diagonalization_numpy,sparse_lanczos_eigsh_scipy,2,20.196874457062222,124807.70971909785,-1.705732892552904,-1.3483747830949033,0.35735810945800073,296,111,148,37,55730074_scale_8n_32g_c6,20.216152505017817,17,72,4,3,synthetic,"0,1,2",,molecular_chain_4q_surrogate,4,1,17,1,benchmarks/workloads/hamiltonians/molecular_chain_4q.json,"dense_exact,sparse_lanczos",4,chordal,7,tfim,auto,4,4,"dense_exact,sparse_krylov",data/raw/perlmutter/practical_suite_sweep/practical_55730074_scale_8n_32g_c6_chem_molecular_chain_4q_l1_grid17_r0_seed17.json,ok
practical_55730074_scale_8n_32g_c6_ml_digits_c0v1v2_128s_10q_d1_r0_seed17.json,ml,multiclass_ml,test_accuracy,0.00015994103159755468,nearest_centroid_numpy,nearest_centroid_numpy,6,40.57305937807541,253675.11371419547,1.0,0.625,0.375,2560,1152,1280,128,55730074_scale_8n_32g_c6,40.71630406193435,17,128,10,3,digits,"0,1,2",sklearn_digits,,,1,21,1,,"dense_exact,sparse_lanczos",4,chordal,7,tfim,auto,4,4,"dense_exact,sparse_krylov",data/raw/perlmutter/practical_suite_sweep/practical_55730074_scale_8n_32g_c6_ml_digits_c0v1v2_128s_10q_d1_r0_seed17.json,ok
practical_55730074_scale_8n_32g_c6_ml_digits_c0v1v2_128s_10q_d1_r0_seed23.json,ml,multiclass_ml,test_accuracy,0.03824139607604593,one_hidden_layer_mlp_numpy,one_hidden_layer_mlp_numpy,6,16.05736853601411,419.89493542763995,1.0,0.75,0.25,2560,1152,1280,128,55730074_scale_8n_32g_c6,16.14154447405599,23,128,10,3,digits,"0,1,2",sklearn_digits,,,1,21,1,,"dense_exact,sparse_lanczos",4,chordal,7,tfim,auto,4,4,"dense_exact,sparse_krylov",data/raw/perlmutter/practical_suite_sweep/practical_55730074_scale_8n_32g_c6_ml_digits_c0v1v2_128s_10q_d1_r0_seed23.json,ok
practical_55730074_scale_8n_32g_c6_ml_digits_c0v1v2_128s_10q_d1_r0_seed31.json,ml,multiclass_ml,test_accuracy,0.0001544900005683303,nearest_centroid_numpy,nearest_centroid_numpy,6,17.520363643066958,113407.7518196252,1.0,0.71875,0.28125,2560,1152,1280,128,55730074_scale_8n_32g_c6,17.586568625993095,31,128,10,3,digits,"0,1,2",sklearn_digits,,,1,21,1,,"dense_exact,sparse_lanczos",4,chordal,7,tfim,auto,4,4,"dense_exact,sparse_krylov",data/raw/perlmutter/practical_suite_sweep/practical_55730074_scale_8n_32g_c6_ml_digits_c0v1v2_128s_10q_d1_r0_seed31.json,ok
practical_55730074_scale_8n_32g_c6_ml_digits_c0v1v2_128s_10q_d1_r0_seed43.json,ml,multiclass_ml,test_accuracy,0.00015483994502574205,nearest_centroid_numpy,nearest_centroid_numpy,6,18.98262933793012,122595.1697074955,1.0,0.75,0.25,2560,1152,1280,128,55730074_scale_8n_32g_c6,19.051022963016294,43,128,10,3,digits,"0,1,2",sklearn_digits,,,1,21,1,,"dense_exact,sparse_lanczos",4,chordal,7,tfim,auto,4,4,"dense_exact,sparse_krylov",data/raw/perlmutter/practical_suite_sweep/practical_55730074_scale_8n_32g_c6_ml_digits_c0v1v2_128s_10q_d1_r0_seed43.json,ok
practical_55730074_scale_8n_32g_c6_ml_digits_c0v1v2v3_128s_10q_d1_r0_seed17.json,ml,multiclass_ml,test_accuracy,0.00016981002409011126,linear_ridge_numpy,linear_ridge_numpy,6,15.665935597964562,92255.65853315755,1.0,0.75,0.25,2560,1152,1280,128,55730074_scale_8n_32g_c6,15.73526652797591,17,128,10,4,digits,"0,1,2,3",sklearn_digits,,,1,21,1,,"dense_exact,sparse_lanczos",4,chordal,7,tfim,auto,4,4,"dense_exact,sparse_krylov",data/raw/perlmutter/practical_suite_sweep/practical_55730074_scale_8n_32g_c6_ml_digits_c0v1v2v3_128s_10q_d1_r0_seed17.json,ok
practical_55730074_scale_8n_32g_c6_ml_digits_c0v1v2v3_128s_10q_d1_r0_seed23.json,ml,multiclass_ml,test_accuracy,0.0007532909512519836,rbf_kernel_ridge_numpy,rbf_kernel_ridge_numpy,6,16.733201151015237,22213.463633413285,0.96875,0.75,0.21875,2560,1152,1280,128,55730074_scale_8n_32g_c6,16.802949529956095,23,128,10,4,digits,"0,1,2,3",sklearn_digits,,,1,21,1,,"dense_exact,sparse_lanczos",4,chordal,7,tfim,auto,4,4,"dense_exact,sparse_krylov",data/raw/perlmutter/practical_suite_sweep/practical_55730074_scale_8n_32g_c6_ml_digits_c0v1v2v3_128s_10q_d1_r0_seed23.json,ok
practical_55730074_scale_8n_32g_c6_ml_digits_c0v1v2v3_128s_10q_d1_r0_seed31.json,ml,multiclass_ml,test_accuracy,0.0007543440442532301,rbf_kernel_ridge_numpy,rbf_kernel_ridge_numpy,6,18.22015560604632,24153.64149137484,1.0,0.65625,0.34375,2560,1152,1280,128,55730074_scale_8n_32g_c6,18.28600214398466,31,128,10,4,digits,"0,1,2,3",sklearn_digits,,,1,21,1,,"dense_exact,sparse_lanczos",4,chordal,7,tfim,auto,4,4,"dense_exact,sparse_krylov",data/raw/perlmutter/practical_suite_sweep/practical_55730074_scale_8n_32g_c6_ml_digits_c0v1v2v3_128s_10q_d1_r0_seed31.json,ok
practical_55730074_scale_8n_32g_c6_ml_digits_c0v1v2v3_128s_10q_d1_r0_seed43.json,ml,multiclass_ml,test_accuracy,0.000772609026171267,rbf_kernel_ridge_numpy,rbf_kernel_ridge_numpy,6,20.632053775014356,26704.391323588774,1.0,0.71875,0.28125,2560,1152,1280,128,55730074_scale_8n_32g_c6,20.698779041995294,43,128,10,4,digits,"0,1,2,3",sklearn_digits,,,1,21,1,,"dense_exact,sparse_lanczos",4,chordal,7,tfim,auto,4,4,"dense_exact,sparse_krylov",data/raw/perlmutter/practical_suite_sweep/practical_55730074_scale_8n_32g_c6_ml_digits_c0v1v2v3_128s_10q_d1_r0_seed43.json,ok
practical_55730074_scale_8n_32g_c6_ml_digits_c2v4v6v8_128s_10q_d1_r0_seed17.json,ml,multiclass_ml,test_accuracy,0.0007316090632230043,rbf_kernel_ridge_numpy,rbf_kernel_ridge_numpy,6,16.21091253310442,22157.889162402455,0.96875,0.625,0.34375,2560,1152,1280,128,55730074_scale_8n_32g_c6,16.277708221925423,17,128,10,4,digits,"2,4,6,8",sklearn_digits,,,1,21,1,,"dense_exact,sparse_lanczos",4,chordal,7,tfim,auto,4,4,"dense_exact,sparse_krylov",data/raw/perlmutter/practical_suite_sweep/practical_55730074_scale_8n_32g_c6_ml_digits_c2v4v6v8_128s_10q_d1_r0_seed17.json,ok
practical_55730074_scale_8n_32g_c6_ml_digits_c2v4v6v8_128s_10q_d1_r0_seed23.json,ml,multiclass_ml,test_accuracy,0.0007681009592488408,rbf_kernel_ridge_numpy,rbf_kernel_ridge_numpy,6,18.554167062044144,24155.89622513825,0.96875,0.75,0.21875,2560,1152,1280,128,55730074_scale_8n_32g_c6,18.62024743296206,23,128,10,4,digits,"2,4,6,8",sklearn_digits,,,1,21,1,,"dense_exact,sparse_lanczos",4,chordal,7,tfim,auto,4,4,"dense_exact,sparse_krylov",data/raw/perlmutter/practical_suite_sweep/practical_55730074_scale_8n_32g_c6_ml_digits_c2v4v6v8_128s_10q_d1_r0_seed23.json,ok
practical_55730074_scale_8n_32g_c6_ml_digits_c2v4v6v8_128s_10q_d1_r0_seed31.json,ml,multiclass_ml,test_accuracy,0.00017058092635124922,nearest_centroid_numpy,nearest_centroid_numpy,6,19.48217343399301,114210.73768749842,1.0,0.65625,0.34375,2560,1152,1280,128,55730074_scale_8n_32g_c6,19.547090390115045,31,128,10,4,digits,"2,4,6,8",sklearn_digits,,,1,21,1,,"dense_exact,sparse_lanczos",4,chordal,7,tfim,auto,4,4,"dense_exact,sparse_krylov",data/raw/perlmutter/practical_suite_sweep/practical_55730074_scale_8n_32g_c6_ml_digits_c2v4v6v8_128s_10q_d1_r0_seed31.json,ok
practical_55730074_scale_8n_32g_c6_ml_digits_c2v4v6v8_128s_10q_d1_r0_seed43.json,ml,multiclass_ml,test_accuracy,0.00016981898806989193,nearest_centroid_numpy,nearest_centroid_numpy,6,20.096711131976917,118341.9555162216,0.96875,0.75,0.21875,2560,1152,1280,128,55730074_scale_8n_32g_c6,20.221246981993318,43,128,10,4,digits,"2,4,6,8",sklearn_digits,,,1,21,1,,"dense_exact,sparse_lanczos",4,chordal,7,tfim,auto,4,4,"dense_exact,sparse_krylov",data/raw/perlmutter/practical_suite_sweep/practical_55730074_scale_8n_32g_c6_ml_digits_c2v4v6v8_128s_10q_d1_r0_seed43.json,ok
practical_55730074_scale_8n_32g_c6_ml_digits_c3v5v8_128s_10q_d1_r0_seed17.json,ml,multiclass_ml,test_accuracy,0.00015664403326809406,nearest_centroid_numpy,nearest_centroid_numpy,6,17.814608055981807,113726.69411219996,1.0,0.5,0.5,2560,1152,1280,128,55730074_scale_8n_32g_c6,17.88308485900052,17,128,10,3,digits,"3,5,8",sklearn_digits,,,1,21,1,,"dense_exact,sparse_lanczos",4,chordal,7,tfim,auto,4,4,"dense_exact,sparse_krylov",data/raw/perlmutter/practical_suite_sweep/practical_55730074_scale_8n_32g_c6_ml_digits_c3v5v8_128s_10q_d1_r0_seed17.json,ok
practical_55730074_scale_8n_32g_c6_ml_digits_c3v5v8_128s_10q_d1_r0_seed23.json,ml,multiclass_ml,test_accuracy,0.00017255498096346855,linear_ridge_numpy,linear_ridge_numpy,6,15.561578623950481,90183.30584873124,1.0,0.65625,0.34375,2560,1152,1280,128,55730074_scale_8n_32g_c6,15.628017090959474,23,128,10,3,digits,"3,5,8",sklearn_digits,,,1,21,1,,"dense_exact,sparse_lanczos",4,chordal,7,tfim,auto,4,4,"dense_exact,sparse_krylov",data/raw/perlmutter/practical_suite_sweep/practical_55730074_scale_8n_32g_c6_ml_digits_c3v5v8_128s_10q_d1_r0_seed23.json,ok
practical_55730074_scale_8n_32g_c6_ml_digits_c3v5v8_128s_10q_d1_r0_seed31.json,ml,multiclass_ml,test_accuracy,0.0001573050394654274,nearest_centroid_numpy,nearest_centroid_numpy,6,17.583149311016314,111777.40631049998,0.96875,0.5625,0.40625,2560,1152,1280,128,55730074_scale_8n_32g_c6,17.647820218931884,31,128,10,3,digits,"3,5,8",sklearn_digits,,,1,21,1,,"dense_exact,sparse_lanczos",4,chordal,7,tfim,auto,4,4,"dense_exact,sparse_krylov",data/raw/perlmutter/practical_suite_sweep/practical_55730074_scale_8n_32g_c6_ml_digits_c3v5v8_128s_10q_d1_r0_seed31.json,ok
practical_55730074_scale_8n_32g_c6_ml_digits_c3v5v8_128s_10q_d1_r0_seed43.json,ml,multiclass_ml,test_accuracy,0.0007456770399585366,rbf_kernel_ridge_numpy,rbf_kernel_ridge_numpy,6,20.069457006058656,26914.40922892653,0.9375,0.53125,0.40625,2560,1152,1280,128,55730074_scale_8n_32g_c6,20.134807666996494,43,128,10,3,digits,"3,5,8",sklearn_digits,,,1,21,1,,"dense_exact,sparse_lanczos",4,chordal,7,tfim,auto,4,4,"dense_exact,sparse_krylov",data/raw/perlmutter/practical_suite_sweep/practical_55730074_scale_8n_32g_c6_ml_digits_c3v5v8_128s_10q_d1_r0_seed43.json,ok
practical_55730074_scale_8n_32g_c6_qaoa_chordal_6n_grid11_r0_seed23.json,optimization,optimization_qaoa,approximation_ratio,2.1641957573592663e-05,greedy_assignment_numpy,,4,16.720595429069363,772600.8782806087,7,5.43271086726554,0.2238984475334942,2420,1936,726,121,55730074_scale_8n_32g_c6,16.730139528983273,23,72,4,3,synthetic,"0,1,2",,small_maxcut,6,1,21,1,,"dense_exact,sparse_lanczos",6,chordal,11,tfim,auto,4,4,"dense_exact,sparse_krylov",data/raw/perlmutter/practical_suite_sweep/practical_55730074_scale_8n_32g_c6_qaoa_chordal_6n_grid11_r0_seed23.json,ok
practical_55730074_scale_8n_32g_c6_qaoa_chordal_6n_grid11_r0_seed43.json,optimization,optimization_qaoa,approximation_ratio,2.1311105228960514e-05,greedy_assignment_numpy,,4,17.4334509720793,818045.370466675,7,5.43271086726554,0.2238984475334942,2420,1936,726,121,55730074_scale_8n_32g_c6,17.4412320520496,43,72,4,3,synthetic,"0,1,2",,small_maxcut,6,1,21,1,,"dense_exact,sparse_lanczos",6,chordal,11,tfim,auto,4,4,"dense_exact,sparse_krylov",data/raw/perlmutter/practical_suite_sweep/practical_55730074_scale_8n_32g_c6_qaoa_chordal_6n_grid11_r0_seed43.json,ok
practical_55730074_scale_8n_32g_c6_qaoa_ladder_7n_grid11_r0_seed17.json,optimization,optimization_qaoa,approximation_ratio,2.3895991034805775e-05,greedy_assignment_numpy,,4,17.62123348505702,737413.7971256669,8,5.641368710488195,0.2948289111889756,2662,1936,847,121,55730074_scale_8n_32g_c6,17.632933117100038,17,72,4,3,synthetic,"0,1,2",,small_maxcut,7,1,21,1,,"dense_exact,sparse_lanczos",7,ladder,11,tfim,auto,4,4,"dense_exact,sparse_krylov",data/raw/perlmutter/practical_suite_sweep/practical_55730074_scale_8n_32g_c6_qaoa_ladder_7n_grid11_r0_seed17.json,ok
practical_55730074_scale_8n_32g_c6_qaoa_ladder_7n_grid11_r0_seed31.json,optimization,optimization_qaoa,approximation_ratio,2.3456057533621788e-05,greedy_assignment_numpy,,4,17.161488992976956,731644.2231767965,8,5.641368710488195,0.2948289111889756,2662,1936,847,121,55730074_scale_8n_32g_c6,17.17251085001044,31,72,4,3,synthetic,"0,1,2",,small_maxcut,7,1,21,1,,"dense_exact,sparse_lanczos",7,ladder,11,tfim,auto,4,4,"dense_exact,sparse_krylov",data/raw/perlmutter/practical_suite_sweep/practical_55730074_scale_8n_32g_c6_qaoa_ladder_7n_grid11_r0_seed31.json,ok
practical_55730074_scale_8n_32g_c6_qaoa_ring_5n_grid11_r0_seed17.json,optimization,optimization_qaoa,approximation_ratio,1.637195236980915e-05,greedy_assignment_numpy,,4,15.3984671930084,940539.4570658589,4,3.63063562148434,0.09234109462891504,1815,1210,605,121,55730074_scale_8n_32g_c6,15.406104663037695,17,72,4,3,synthetic,"0,1,2",,small_maxcut,5,1,21,1,,"dense_exact,sparse_lanczos",5,ring,11,tfim,auto,4,4,"dense_exact,sparse_krylov",data/raw/perlmutter/practical_suite_sweep/practical_55730074_scale_8n_32g_c6_qaoa_ring_5n_grid11_r0_seed17.json,ok
practical_55730074_scale_8n_32g_c6_qaoa_ring_5n_grid11_r0_seed31.json,optimization,optimization_qaoa,approximation_ratio,1.593097113072872e-05,greedy_assignment_numpy,,4,18.058021579985507,1133516.6846893588,4,3.63063562148434,0.09234109462891504,1815,1210,605,121,55730074_scale_8n_32g_c6,18.0661109079374,31,72,4,3,synthetic,"0,1,2",,small_maxcut,5,1,21,1,,"dense_exact,sparse_lanczos",5,ring,11,tfim,auto,4,4,"dense_exact,sparse_krylov",data/raw/perlmutter/practical_suite_sweep/practical_55730074_scale_8n_32g_c6_qaoa_ring_5n_grid11_r0_seed31.json,ok
practical_55730074_scale_8n_32g_c6_sim_tfim_7q_8steps_r0_seed17.json,simulation,hamiltonian_simulation,absolute_observable_error,0.00254404591396451,sparse_krylov_expm_multiply_scipy,exact_dense_eigendecomposition_numpy,2,16.249649317003787,6387.325491182339,0.8218024506329149,0.8215212314654866,0.00028121916742829267,104,96,7,1,55730074_scale_8n_32g_c6,16.277568926103413,17,72,4,3,synthetic,"0,1,2",,tfim,7,1,21,1,,"dense_exact,sparse_lanczos",4,chordal,7,tfim,auto,7,8,"dense_exact,sparse_krylov",data/raw/perlmutter/practical_suite_sweep/practical_55730074_scale_8n_32g_c6_sim_tfim_7q_8steps_r0_seed17.json,ok
practical_55730074_scale_8n_32g_c6_sim_tfim_7q_8steps_r0_seed23.json,simulation,hamiltonian_simulation,absolute_observable_error,0.0026226300979033113,sparse_krylov_expm_multiply_scipy,exact_dense_eigendecomposition_numpy,2,12.425932800979353,4737.966216018566,0.8218024506329149,0.8215212314654866,0.00028121916742829267,104,96,7,1,55730074_scale_8n_32g_c6,12.448882255004719,23,72,4,3,synthetic,"0,1,2",,tfim,7,1,21,1,,"dense_exact,sparse_lanczos",4,chordal,7,tfim,auto,7,8,"dense_exact,sparse_krylov",data/raw/perlmutter/practical_suite_sweep/practical_55730074_scale_8n_32g_c6_sim_tfim_7q_8steps_r0_seed23.json,ok
practical_55730074_scale_8n_32g_c6_sim_tfim_7q_8steps_r0_seed31.json,simulation,hamiltonian_simulation,absolute_observable_error,0.0026998789981007576,sparse_krylov_expm_multiply_scipy,exact_dense_eigendecomposition_numpy,2,12.240265402942896,4533.634807913009,0.8218024506329149,0.8215212314654866,0.00028121916742829267,104,96,7,1,55730074_scale_8n_32g_c6,12.262224336969666,31,72,4,3,synthetic,"0,1,2",,tfim,7,1,21,1,,"dense_exact,sparse_lanczos",4,chordal,7,tfim,auto,7,8,"dense_exact,sparse_krylov",data/raw/perlmutter/practical_suite_sweep/practical_55730074_scale_8n_32g_c6_sim_tfim_7q_8steps_r0_seed31.json,ok
practical_55730074_scale_8n_32g_c6_sim_tfim_7q_8steps_r0_seed43.json,simulation,hamiltonian_simulation,absolute_observable_error,0.002638229983858764,sparse_krylov_expm_multiply_scipy,exact_dense_eigendecomposition_numpy,2,12.135018431930803,4599.681796573973,0.8218024506329149,0.8215212314654866,0.00028121916742829267,104,96,7,1,55730074_scale_8n_32g_c6,12.156315340078436,43,72,4,3,synthetic,"0,1,2",,tfim,7,1,21,1,,"dense_exact,sparse_lanczos",4,chordal,7,tfim,auto,7,8,"dense_exact,sparse_krylov",data/raw/perlmutter/practical_suite_sweep/practical_55730074_scale_8n_32g_c6_sim_tfim_7q_8steps_r0_seed43.json,ok
practical_55730074_scale_8n_32g_c7_chem_h2_l2_grid17_r0_seed17.json,chemistry,chemistry_vqe,absolute_energy_error,0.00016604200936853886,exact_dense_diagonalization_numpy,sparse_lanczos_eigsh_scipy,2,20.19657486595679,121635.33158123524,-1.8572750302023813,-1.8369679912029844,0.020307038999396898,296,74,74,37,55730074_scale_8n_32g_c7,20.216390326968394,17,72,4,3,synthetic,"0,1,2",,H2_minimal_2qubit,2,1,17,2,,"dense_exact,sparse_lanczos",4,chordal,7,tfim,auto,4,4,"dense_exact,sparse_krylov",data/raw/perlmutter/practical_suite_sweep/practical_55730074_scale_8n_32g_c7_chem_h2_l2_grid17_r0_seed17.json,ok
practical_55730074_scale_8n_32g_c7_chem_molecular_chain_4q_l2_grid9_r0_seed31.json,chemistry,chemistry_vqe,absolute_energy_error,0.00016540102660655975,exact_dense_diagonalization_numpy,sparse_lanczos_eigsh_scipy,2,18.027702844003215,108993.89933585963,-1.705732892552903,-1.4525824609769273,0.2531504315759756,336,126,84,21,55730074_scale_8n_32g_c7,18.042298955959268,31,72,4,3,synthetic,"0,1,2",,molecular_chain_4q_surrogate,4,1,9,2,benchmarks/workloads/hamiltonians/molecular_chain_4q.json,"dense_exact,sparse_lanczos",4,chordal,7,tfim,auto,4,4,"dense_exact,sparse_krylov",data/raw/perlmutter/practical_suite_sweep/practical_55730074_scale_8n_32g_c7_chem_molecular_chain_4q_l2_grid9_r0_seed31.json,ok
practical_55730074_scale_8n_32g_c7_ml_digits_c0v1v2_128s_10q_d2_r0_seed17.json,ml,multiclass_ml,test_accuracy,0.00015889806672930717,nearest_centroid_numpy,nearest_centroid_numpy,6,40.65767390397377,255872.678257544,1.0,0.625,0.375,5120,2304,1280,128,55730074_scale_8n_32g_c7,40.74517311598174,17,128,10,3,digits,"0,1,2",sklearn_digits,,,2,21,1,,"dense_exact,sparse_lanczos",4,chordal,7,tfim,auto,4,4,"dense_exact,sparse_krylov",data/raw/perlmutter/practical_suite_sweep/practical_55730074_scale_8n_32g_c7_ml_digits_c0v1v2_128s_10q_d2_r0_seed17.json,ok
practical_55730074_scale_8n_32g_c7_ml_digits_c0v1v2_128s_10q_d2_r0_seed23.json,ml,multiclass_ml,test_accuracy,0.03821666701696813,one_hidden_layer_mlp_numpy,one_hidden_layer_mlp_numpy,6,15.888272778014652,415.7419790417696,1.0,0.59375,0.40625,5120,2304,1280,128,55730074_scale_8n_32g_c7,15.953688623965718,23,128,10,3,digits,"0,1,2",sklearn_digits,,,2,21,1,,"dense_exact,sparse_lanczos",4,chordal,7,tfim,auto,4,4,"dense_exact,sparse_krylov",data/raw/perlmutter/practical_suite_sweep/practical_55730074_scale_8n_32g_c7_ml_digits_c0v1v2_128s_10q_d2_r0_seed23.json,ok
practical_55730074_scale_8n_32g_c7_ml_digits_c0v1v2_128s_10q_d2_r0_seed31.json,ml,multiclass_ml,test_accuracy,0.00015902891755104065,nearest_centroid_numpy,nearest_centroid_numpy,6,17.51893797609955,110161.96454004545,1.0,0.78125,0.21875,5120,2304,1280,128,55730074_scale_8n_32g_c7,17.58413864101749,31,128,10,3,digits,"0,1,2",sklearn_digits,,,2,21,1,,"dense_exact,sparse_lanczos",4,chordal,7,tfim,auto,4,4,"dense_exact,sparse_krylov",data/raw/perlmutter/practical_suite_sweep/practical_55730074_scale_8n_32g_c7_ml_digits_c0v1v2_128s_10q_d2_r0_seed31.json,ok
practical_55730074_scale_8n_32g_c7_ml_digits_c0v1v2_128s_10q_d2_r0_seed43.json,ml,multiclass_ml,test_accuracy,0.00017036101780831814,nearest_centroid_numpy,nearest_centroid_numpy,6,19.0780821130611,111986.1947204778,1.0,0.84375,0.15625,5120,2304,1280,128,55730074_scale_8n_32g_c7,19.146314506069757,43,128,10,3,digits,"0,1,2",sklearn_digits,,,2,21,1,,"dense_exact,sparse_lanczos",4,chordal,7,tfim,auto,4,4,"dense_exact,sparse_krylov",data/raw/perlmutter/practical_suite_sweep/practical_55730074_scale_8n_32g_c7_ml_digits_c0v1v2_128s_10q_d2_r0_seed43.json,ok
practical_55730074_scale_8n_32g_c7_ml_digits_c0v1v2v3_128s_10q_d2_r0_seed17.json,ml,multiclass_ml,test_accuracy,0.00017241504974663258,linear_ridge_numpy,linear_ridge_numpy,6,15.708222671062686,91107.02745581802,1.0,0.5625,0.4375,5120,2304,1280,128,55730074_scale_8n_32g_c7,15.775184838916175,17,128,10,4,digits,"0,1,2,3",sklearn_digits,,,2,21,1,,"dense_exact,sparse_lanczos",4,chordal,7,tfim,auto,4,4,"dense_exact,sparse_krylov",data/raw/perlmutter/practical_suite_sweep/practical_55730074_scale_8n_32g_c7_ml_digits_c0v1v2v3_128s_10q_d2_r0_seed17.json,ok
practical_55730074_scale_8n_32g_c7_ml_digits_c0v1v2v3_128s_10q_d2_r0_seed23.json,ml,multiclass_ml,test_accuracy,0.000744394026696682,rbf_kernel_ridge_numpy,rbf_kernel_ridge_numpy,6,16.88073784892913,22677.153823814224,0.96875,0.78125,0.1875,5120,2304,1280,128,55730074_scale_8n_32g_c7,16.9456354950089,23,128,10,4,digits,"0,1,2,3",sklearn_digits,,,2,21,1,,"dense_exact,sparse_lanczos",4,chordal,7,tfim,auto,4,4,"dense_exact,sparse_krylov",data/raw/perlmutter/practical_suite_sweep/practical_55730074_scale_8n_32g_c7_ml_digits_c0v1v2v3_128s_10q_d2_r0_seed23.json,ok
practical_55730074_scale_8n_32g_c7_ml_digits_c0v1v2v3_128s_10q_d2_r0_seed31.json,ml,multiclass_ml,test_accuracy,0.0007397249573841691,rbf_kernel_ridge_numpy,rbf_kernel_ridge_numpy,6,17.985835856059566,24314.220679617807,1.0,0.5625,0.4375,5120,2304,1280,128,55730074_scale_8n_32g_c7,18.08876281103585,31,128,10,4,digits,"0,1,2,3",sklearn_digits,,,2,21,1,,"dense_exact,sparse_lanczos",4,chordal,7,tfim,auto,4,4,"dense_exact,sparse_krylov",data/raw/perlmutter/practical_suite_sweep/practical_55730074_scale_8n_32g_c7_ml_digits_c0v1v2v3_128s_10q_d2_r0_seed31.json,ok
practical_55730074_scale_8n_32g_c7_ml_digits_c0v1v2v3_128s_10q_d2_r0_seed43.json,ml,multiclass_ml,test_accuracy,0.0007329529616981745,rbf_kernel_ridge_numpy,rbf_kernel_ridge_numpy,6,20.66350952407811,28192.13592670796,1.0,0.71875,0.28125,5120,2304,1280,128,55730074_scale_8n_32g_c7,20.731596914003603,43,128,10,4,digits,"0,1,2,3",sklearn_digits,,,2,21,1,,"dense_exact,sparse_lanczos",4,chordal,7,tfim,auto,4,4,"dense_exact,sparse_krylov",data/raw/perlmutter/practical_suite_sweep/practical_55730074_scale_8n_32g_c7_ml_digits_c0v1v2v3_128s_10q_d2_r0_seed43.json,ok
practical_55730074_scale_8n_32g_c7_ml_digits_c2v4v6v8_128s_10q_d2_r0_seed17.json,ml,multiclass_ml,test_accuracy,0.0007173200137913227,rbf_kernel_ridge_numpy,rbf_kernel_ridge_numpy,6,16.181499390979297,22558.27117586419,0.96875,0.71875,0.25,5120,2304,1280,128,55730074_scale_8n_32g_c7,16.324748190003447,17,128,10,4,digits,"2,4,6,8",sklearn_digits,,,2,21,1,,"dense_exact,sparse_lanczos",4,chordal,7,tfim,auto,4,4,"dense_exact,sparse_krylov",data/raw/perlmutter/practical_suite_sweep/practical_55730074_scale_8n_32g_c7_ml_digits_c2v4v6v8_128s_10q_d2_r0_seed17.json,ok
practical_55730074_scale_8n_32g_c7_ml_digits_c2v4v6v8_128s_10q_d2_r0_seed23.json,ml,multiclass_ml,test_accuracy,0.000768490950576961,rbf_kernel_ridge_numpy,rbf_kernel_ridge_numpy,6,18.428162506083027,23979.674051135786,0.96875,0.8125,0.15625,5120,2304,1280,128,55730074_scale_8n_32g_c7,18.493391463998705,23,128,10,4,digits,"2,4,6,8",sklearn_digits,,,2,21,1,,"dense_exact,sparse_lanczos",4,chordal,7,tfim,auto,4,4,"dense_exact,sparse_krylov",data/raw/perlmutter/practical_suite_sweep/practical_55730074_scale_8n_32g_c7_ml_digits_c2v4v6v8_128s_10q_d2_r0_seed23.json,ok
practical_55730074_scale_8n_32g_c7_ml_digits_c2v4v6v8_128s_10q_d2_r0_seed31.json,ml,multiclass_ml,test_accuracy,0.00016625190619379282,nearest_centroid_numpy,nearest_centroid_numpy,6,19.25366661604494,115810.20065780029,1.0,0.65625,0.34375,5120,2304,1280,128,55730074_scale_8n_32g_c7,19.46972715400625,31,128,10,4,digits,"2,4,6,8",sklearn_digits,,,2,21,1,,"dense_exact,sparse_lanczos",4,chordal,7,tfim,auto,4,4,"dense_exact,sparse_krylov",data/raw/perlmutter/practical_suite_sweep/practical_55730074_scale_8n_32g_c7_ml_digits_c2v4v6v8_128s_10q_d2_r0_seed31.json,ok
practical_55730074_scale_8n_32g_c7_ml_digits_c2v4v6v8_128s_10q_d2_r0_seed43.json,ml,multiclass_ml,test_accuracy,0.00016685400623828173,nearest_centroid_numpy,nearest_centroid_numpy,6,20.19471849396359,121032.26616641026,0.96875,0.6875,0.28125,5120,2304,1280,128,55730074_scale_8n_32g_c7,20.36601821705699,43,128,10,4,digits,"2,4,6,8",sklearn_digits,,,2,21,1,,"dense_exact,sparse_lanczos",4,chordal,7,tfim,auto,4,4,"dense_exact,sparse_krylov",data/raw/perlmutter/practical_suite_sweep/practical_55730074_scale_8n_32g_c7_ml_digits_c2v4v6v8_128s_10q_d2_r0_seed43.json,ok
practical_55730074_scale_8n_32g_c7_ml_digits_c3v5v8_128s_10q_d2_r0_seed17.json,ml,multiclass_ml,test_accuracy,0.00015548104420304298,nearest_centroid_numpy,nearest_centroid_numpy,6,17.88725097605493,115044.57709131368,1.0,0.6875,0.3125,5120,2304,1280,128,55730074_scale_8n_32g_c7,17.953107148990966,17,128,10,3,digits,"3,5,8",sklearn_digits,,,2,21,1,,"dense_exact,sparse_lanczos",4,chordal,7,tfim,auto,4,4,"dense_exact,sparse_krylov",data/raw/perlmutter/practical_suite_sweep/practical_55730074_scale_8n_32g_c7_ml_digits_c3v5v8_128s_10q_d2_r0_seed17.json,ok
practical_55730074_scale_8n_32g_c7_ml_digits_c3v5v8_128s_10q_d2_r0_seed23.json,ml,multiclass_ml,test_accuracy,0.00017471902538090944,linear_ridge_numpy,linear_ridge_numpy,6,15.579047200037166,89166.28951010278,1.0,0.6875,0.3125,5120,2304,1280,128,55730074_scale_8n_32g_c7,15.644126769038849,23,128,10,3,digits,"3,5,8",sklearn_digits,,,2,21,1,,"dense_exact,sparse_lanczos",4,chordal,7,tfim,auto,4,4,"dense_exact,sparse_krylov",data/raw/perlmutter/practical_suite_sweep/practical_55730074_scale_8n_32g_c7_ml_digits_c3v5v8_128s_10q_d2_r0_seed23.json,ok
practical_55730074_scale_8n_32g_c7_ml_digits_c3v5v8_128s_10q_d2_r0_seed31.json,ml,multiclass_ml,test_accuracy,0.00015814602375030518,nearest_centroid_numpy,nearest_centroid_numpy,6,17.15653283894062,108485.38858004335,0.96875,0.5,0.46875,5120,2304,1280,128,55730074_scale_8n_32g_c7,17.222894727019593,31,128,10,3,digits,"3,5,8",sklearn_digits,,,2,21,1,,"dense_exact,sparse_lanczos",4,chordal,7,tfim,auto,4,4,"dense_exact,sparse_krylov",data/raw/perlmutter/practical_suite_sweep/practical_55730074_scale_8n_32g_c7_ml_digits_c3v5v8_128s_10q_d2_r0_seed31.json,ok
practical_55730074_scale_8n_32g_c7_ml_digits_c3v5v8_128s_10q_d2_r0_seed43.json,ml,multiclass_ml,test_accuracy,0.0007635420188307762,rbf_kernel_ridge_numpy,rbf_kernel_ridge_numpy,6,20.23617531103082,26503.027746945467,0.9375,0.34375,0.59375,5120,2304,1280,128,55730074_scale_8n_32g_c7,20.30072391300928,43,128,10,3,digits,"3,5,8",sklearn_digits,,,2,21,1,,"dense_exact,sparse_lanczos",4,chordal,7,tfim,auto,4,4,"dense_exact,sparse_krylov",data/raw/perlmutter/practical_suite_sweep/practical_55730074_scale_8n_32g_c7_ml_digits_c3v5v8_128s_10q_d2_r0_seed43.json,ok
practical_55730074_scale_8n_32g_c7_qaoa_chordal_6n_grid13_r0_seed23.json,optimization,optimization_qaoa,approximation_ratio,2.0699924789369106e-05,greedy_assignment_numpy,,4,16.484475624049082,796354.3728678203,7,5.417387701892214,0.22608747115825512,3380,2704,1014,169,55730074_scale_8n_32g_c7,16.49274716398213,23,72,4,3,synthetic,"0,1,2",,small_maxcut,6,1,21,1,,"dense_exact,sparse_lanczos",6,chordal,13,tfim,auto,4,4,"dense_exact,sparse_krylov",data/raw/perlmutter/practical_suite_sweep/practical_55730074_scale_8n_32g_c7_qaoa_chordal_6n_grid13_r0_seed23.json,ok
practical_55730074_scale_8n_32g_c7_qaoa_chordal_6n_grid13_r0_seed43.json,optimization,optimization_qaoa,approximation_ratio,2.085999585688114e-05,greedy_assignment_numpy,,4,17.45964051305782,836991.5618798344,7,5.417387701892214,0.22608747115825512,3380,2704,1014,169,55730074_scale_8n_32g_c7,17.46775627194438,43,72,4,3,synthetic,"0,1,2",,small_maxcut,6,1,21,1,,"dense_exact,sparse_lanczos",6,chordal,13,tfim,auto,4,4,"dense_exact,sparse_krylov",data/raw/perlmutter/practical_suite_sweep/practical_55730074_scale_8n_32g_c7_qaoa_chordal_6n_grid13_r0_seed43.json,ok
practical_55730074_scale_8n_32g_c7_qaoa_ladder_7n_grid13_r0_seed17.json,optimization,optimization_qaoa,approximation_ratio,2.4798093363642693e-05,greedy_assignment_numpy,,4,17.239215501002036,695183.1033218474,8,5.722271824131493,0.2847160219835634,3718,2704,1183,169,55730074_scale_8n_32g_c7,17.247205073945224,17,72,4,3,synthetic,"0,1,2",,small_maxcut,7,1,21,1,,"dense_exact,sparse_lanczos",7,ladder,13,tfim,auto,4,4,"dense_exact,sparse_krylov",data/raw/perlmutter/practical_suite_sweep/practical_55730074_scale_8n_32g_c7_qaoa_ladder_7n_grid13_r0_seed17.json,ok
practical_55730074_scale_8n_32g_c7_qaoa_ladder_7n_grid13_r0_seed31.json,optimization,optimization_qaoa,approximation_ratio,2.332497388124466e-05,greedy_assignment_numpy,,4,17.228332579950802,738621.7308394889,8,5.722271824131493,0.2847160219835634,3718,2704,1183,169,55730074_scale_8n_32g_c7,17.24403680197429,31,72,4,3,synthetic,"0,1,2",,small_maxcut,7,1,21,1,,"dense_exact,sparse_lanczos",7,ladder,13,tfim,auto,4,4,"dense_exact,sparse_krylov",data/raw/perlmutter/practical_suite_sweep/practical_55730074_scale_8n_32g_c7_qaoa_ladder_7n_grid13_r0_seed31.json,ok
practical_55730074_scale_8n_32g_c7_qaoa_ring_5n_grid13_r0_seed17.json,optimization,optimization_qaoa,approximation_ratio,1.6702921129763126e-05,greedy_assignment_numpy,,4,15.425650830031373,923530.124472912,4,3.749999999999998,0.06250000000000056,2535,1690,845,169,55730074_scale_8n_32g_c7,15.432930193957873,17,72,4,3,synthetic,"0,1,2",,small_maxcut,5,1,21,1,,"dense_exact,sparse_lanczos",5,ring,13,tfim,auto,4,4,"dense_exact,sparse_krylov",data/raw/perlmutter/practical_suite_sweep/practical_55730074_scale_8n_32g_c7_qaoa_ring_5n_grid13_r0_seed17.json,ok
practical_55730074_scale_8n_32g_c7_qaoa_ring_5n_grid13_r0_seed31.json,optimization,optimization_qaoa,approximation_ratio,1.6071018762886524e-05,greedy_assignment_numpy,,4,18.467357716988772,1149109.3370904534,4,3.749999999999998,0.06250000000000056,2535,1690,845,169,55730074_scale_8n_32g_c7,18.478462606901303,31,72,4,3,synthetic,"0,1,2",,small_maxcut,5,1,21,1,,"dense_exact,sparse_lanczos",5,ring,13,tfim,auto,4,4,"dense_exact,sparse_krylov",data/raw/perlmutter/practical_suite_sweep/practical_55730074_scale_8n_32g_c7_qaoa_ring_5n_grid13_r0_seed31.json,ok
practical_55730074_scale_8n_32g_c7_sim_tfim_7q_10steps_r0_seed17.json,simulation,hamiltonian_simulation,absolute_observable_error,0.004522846080362797,sparse_krylov_expm_multiply_scipy,exact_dense_eigendecomposition_numpy,2,16.44997949700337,3637.0858536233554,0.8218024506329149,0.8216225570780562,0.00017989355485870107,130,120,7,1,55730074_scale_8n_32g_c7,16.478611869970337,17,72,4,3,synthetic,"0,1,2",,tfim,7,1,21,1,,"dense_exact,sparse_lanczos",4,chordal,7,tfim,auto,7,10,"dense_exact,sparse_krylov",data/raw/perlmutter/practical_suite_sweep/practical_55730074_scale_8n_32g_c7_sim_tfim_7q_10steps_r0_seed17.json,ok
practical_55730074_scale_8n_32g_c7_sim_tfim_7q_10steps_r0_seed23.json,simulation,hamiltonian_simulation,absolute_observable_error,0.0026072600157931447,sparse_krylov_expm_multiply_scipy,exact_dense_eigendecomposition_numpy,2,12.42942676099483,4767.237132355485,0.8218024506329149,0.8216225570780562,0.00017989355485870107,130,120,7,1,55730074_scale_8n_32g_c7,12.45289089391008,23,72,4,3,synthetic,"0,1,2",,tfim,7,1,21,1,,"dense_exact,sparse_lanczos",4,chordal,7,tfim,auto,7,10,"dense_exact,sparse_krylov",data/raw/perlmutter/practical_suite_sweep/practical_55730074_scale_8n_32g_c7_sim_tfim_7q_10steps_r0_seed23.json,ok
practical_55730074_scale_8n_32g_c7_sim_tfim_7q_10steps_r0_seed31.json,simulation,hamiltonian_simulation,absolute_observable_error,0.002630374045111239,sparse_krylov_expm_multiply_scipy,exact_dense_eigendecomposition_numpy,2,12.236852591042407,4652.134023974871,0.8218024506329149,0.8216225570780562,0.00017989355485870107,130,120,7,1,55730074_scale_8n_32g_c7,12.26143336109817,31,72,4,3,synthetic,"0,1,2",,tfim,7,1,21,1,,"dense_exact,sparse_lanczos",4,chordal,7,tfim,auto,7,10,"dense_exact,sparse_krylov",data/raw/perlmutter/practical_suite_sweep/practical_55730074_scale_8n_32g_c7_sim_tfim_7q_10steps_r0_seed31.json,ok
practical_55730074_scale_8n_32g_c7_sim_tfim_7q_10steps_r0_seed43.json,simulation,hamiltonian_simulation,absolute_observable_error,0.0026936469366773963,sparse_krylov_expm_multiply_scipy,exact_dense_eigendecomposition_numpy,2,12.222851236001588,4537.658989220922,0.8218024506329149,0.8216225570780562,0.00017989355485870107,130,120,7,1,55730074_scale_8n_32g_c7,12.246373712900095,43,72,4,3,synthetic,"0,1,2",,tfim,7,1,21,1,,"dense_exact,sparse_lanczos",4,chordal,7,tfim,auto,7,10,"dense_exact,sparse_krylov",data/raw/perlmutter/practical_suite_sweep/practical_55730074_scale_8n_32g_c7_sim_tfim_7q_10steps_r0_seed43.json,ok
practical_55730074_scale_8n_32g_c8_chem_h2_l2_grid21_r0_seed17.json,chemistry,chemistry_vqe,absolute_energy_error,0.00014324707444757223,exact_dense_diagonalization_numpy,sparse_lanczos_eigsh_scipy,2,26.492397862952203,184941.98199243713,-1.857275030202383,-1.8369679912029844,0.020307038999398674,360,90,90,45,55730074_scale_8n_32g_c8,26.502831008983776,17,72,4,3,synthetic,"0,1,2",,H2_minimal_2qubit,2,1,21,2,,"dense_exact,sparse_lanczos",4,chordal,7,tfim,auto,4,4,"dense_exact,sparse_krylov",data/raw/perlmutter/practical_suite_sweep/practical_55730074_scale_8n_32g_c8_chem_h2_l2_grid21_r0_seed17.json,ok
practical_55730074_scale_8n_32g_c8_chem_molecular_chain_4q_l2_grid13_r0_seed31.json,chemistry,chemistry_vqe,absolute_energy_error,0.00016263406723737717,exact_dense_diagonalization_numpy,sparse_lanczos_eigsh_scipy,2,24.78728533105459,152411.39665329532,-1.7057328925529027,-1.4525824609769273,0.2531504315759754,464,174,116,29,55730074_scale_8n_32g_c8,24.8009652470937,31,72,4,3,synthetic,"0,1,2",,molecular_chain_4q_surrogate,4,1,13,2,benchmarks/workloads/hamiltonians/molecular_chain_4q.json,"dense_exact,sparse_lanczos",4,chordal,7,tfim,auto,4,4,"dense_exact,sparse_krylov",data/raw/perlmutter/practical_suite_sweep/practical_55730074_scale_8n_32g_c8_chem_molecular_chain_4q_l2_grid13_r0_seed31.json,ok
practical_55730074_scale_8n_32g_c8_ml_digits_c0v1v2_192s_4q_d1_r0_seed17.json,ml,multiclass_ml,test_accuracy,0.002102816943079233,rbf_kernel_ridge_numpy,rbf_kernel_ridge_numpy,6,40.778530713985674,19392.335052366543,1.0,0.8541666666666666,0.14583333333333337,1536,576,768,192,55730074_scale_8n_32g_c8,40.91233123699203,17,192,4,3,digits,"0,1,2",sklearn_digits,,,1,21,1,,"dense_exact,sparse_lanczos",4,chordal,7,tfim,auto,4,4,"dense_exact,sparse_krylov",data/raw/perlmutter/practical_suite_sweep/practical_55730074_scale_8n_32g_c8_ml_digits_c0v1v2_192s_4q_d1_r0_seed17.json,ok
practical_55730074_scale_8n_32g_c8_ml_digits_c0v1v2_192s_4q_d1_r0_seed23.json,ml,multiclass_ml,test_accuracy,0.001523977960459888,rbf_kernel_ridge_numpy,rbf_kernel_ridge_numpy,6,22.622940622037277,14844.663905251224,1.0,0.75,0.25,1536,576,768,192,55730074_scale_8n_32g_c8,22.710305598913692,23,192,4,3,digits,"0,1,2",sklearn_digits,,,1,21,1,,"dense_exact,sparse_lanczos",4,chordal,7,tfim,auto,4,4,"dense_exact,sparse_krylov",data/raw/perlmutter/practical_suite_sweep/practical_55730074_scale_8n_32g_c8_ml_digits_c0v1v2_192s_4q_d1_r0_seed23.json,ok
practical_55730074_scale_8n_32g_c8_ml_digits_c0v1v2_192s_4q_d1_r0_seed31.json,ml,multiclass_ml,test_accuracy,0.0013152040774002671,rbf_kernel_ridge_numpy,rbf_kernel_ridge_numpy,6,21.315455630072393,16206.956772979407,1.0,0.7708333333333334,0.22916666666666663,1536,576,768,192,55730074_scale_8n_32g_c8,21.403890268993564,31,192,4,3,digits,"0,1,2",sklearn_digits,,,1,21,1,,"dense_exact,sparse_lanczos",4,chordal,7,tfim,auto,4,4,"dense_exact,sparse_krylov",data/raw/perlmutter/practical_suite_sweep/practical_55730074_scale_8n_32g_c8_ml_digits_c0v1v2_192s_4q_d1_r0_seed31.json,ok
practical_55730074_scale_8n_32g_c8_ml_digits_c0v1v2_192s_4q_d1_r0_seed43.json,ml,multiclass_ml,test_accuracy,0.0014296449953690171,rbf_kernel_ridge_numpy,rbf_kernel_ridge_numpy,6,23.003384607029147,16090.27743358872,1.0,0.7708333333333334,0.22916666666666663,1536,576,768,192,55730074_scale_8n_32g_c8,23.090380334062502,43,192,4,3,digits,"0,1,2",sklearn_digits,,,1,21,1,,"dense_exact,sparse_lanczos",4,chordal,7,tfim,auto,4,4,"dense_exact,sparse_krylov",data/raw/perlmutter/practical_suite_sweep/practical_55730074_scale_8n_32g_c8_ml_digits_c0v1v2_192s_4q_d1_r0_seed43.json,ok
practical_55730074_scale_8n_32g_c8_ml_digits_c0v1v2v3_192s_4q_d1_r0_seed17.json,ml,multiclass_ml,test_accuracy,0.0014378420310094953,rbf_kernel_ridge_numpy,rbf_kernel_ridge_numpy,6,26.018400628934614,18095.45142498536,0.9166666666666666,0.75,0.16666666666666663,1536,576,768,192,55730074_scale_8n_32g_c8,26.102512046927586,17,192,4,4,digits,"0,1,2,3",sklearn_digits,,,1,21,1,,"dense_exact,sparse_lanczos",4,chordal,7,tfim,auto,4,4,"dense_exact,sparse_krylov",data/raw/perlmutter/practical_suite_sweep/practical_55730074_scale_8n_32g_c8_ml_digits_c0v1v2v3_192s_4q_d1_r0_seed17.json,ok
practical_55730074_scale_8n_32g_c8_ml_digits_c0v1v2v3_192s_4q_d1_r0_seed23.json,ml,multiclass_ml,test_accuracy,0.001398705062456429,rbf_kernel_ridge_numpy,rbf_kernel_ridge_numpy,6,20.487859185086563,14647.733632353804,0.9583333333333334,0.7708333333333334,0.1875,1536,576,768,192,55730074_scale_8n_32g_c8,20.570556476013735,23,192,4,4,digits,"0,1,2,3",sklearn_digits,,,1,21,1,,"dense_exact,sparse_lanczos",4,chordal,7,tfim,auto,4,4,"dense_exact,sparse_krylov",data/raw/perlmutter/practical_suite_sweep/practical_55730074_scale_8n_32g_c8_ml_digits_c0v1v2v3_192s_4q_d1_r0_seed23.json,ok
practical_55730074_scale_8n_32g_c8_ml_digits_c0v1v2v3_192s_4q_d1_r0_seed31.json,ml,multiclass_ml,test_accuracy,0.0015387260355055332,knn_numpy,knn_numpy,6,23.97411321999971,15580.494946342576,1.0,0.7291666666666666,0.27083333333333337,1536,576,768,192,55730074_scale_8n_32g_c8,24.05672565603163,31,192,4,4,digits,"0,1,2,3",sklearn_digits,,,1,21,1,,"dense_exact,sparse_lanczos",4,chordal,7,tfim,auto,4,4,"dense_exact,sparse_krylov",data/raw/perlmutter/practical_suite_sweep/practical_55730074_scale_8n_32g_c8_ml_digits_c0v1v2v3_192s_4q_d1_r0_seed31.json,ok
practical_55730074_scale_8n_32g_c8_ml_digits_c0v1v2v3_192s_4q_d1_r0_seed43.json,ml,multiclass_ml,test_accuracy,0.0014229429652914405,rbf_kernel_ridge_numpy,rbf_kernel_ridge_numpy,6,21.281381580978632,14955.89218969144,0.9166666666666666,0.6875,0.22916666666666663,1536,576,768,192,55730074_scale_8n_32g_c8,21.360000882064924,43,192,4,4,digits,"0,1,2,3",sklearn_digits,,,1,21,1,,"dense_exact,sparse_lanczos",4,chordal,7,tfim,auto,4,4,"dense_exact,sparse_krylov",data/raw/perlmutter/practical_suite_sweep/practical_55730074_scale_8n_32g_c8_ml_digits_c0v1v2v3_192s_4q_d1_r0_seed43.json,ok
practical_55730074_scale_8n_32g_c8_ml_digits_c2v4v6v8_192s_4q_d1_r0_seed17.json,ml,multiclass_ml,test_accuracy,0.001412588986568153,rbf_kernel_ridge_numpy,rbf_kernel_ridge_numpy,6,22.839002180029638,16168.186498123832,0.9583333333333334,0.7708333333333334,0.1875,1536,576,768,192,55730074_scale_8n_32g_c8,22.931392168975435,17,192,4,4,digits,"2,4,6,8",sklearn_digits,,,1,21,1,,"dense_exact,sparse_lanczos",4,chordal,7,tfim,auto,4,4,"dense_exact,sparse_krylov",data/raw/perlmutter/practical_suite_sweep/practical_55730074_scale_8n_32g_c8_ml_digits_c2v4v6v8_192s_4q_d1_r0_seed17.json,ok
practical_55730074_scale_8n_32g_c8_ml_digits_c2v4v6v8_192s_4q_d1_r0_seed23.json,ml,multiclass_ml,test_accuracy,0.000190568040125072,nearest_centroid_numpy,nearest_centroid_numpy,6,21.75825705693569,114175.79276491218,0.9583333333333334,0.625,0.33333333333333337,1536,576,768,192,55730074_scale_8n_32g_c8,21.841597705031745,23,192,4,4,digits,"2,4,6,8",sklearn_digits,,,1,21,1,,"dense_exact,sparse_lanczos",4,chordal,7,tfim,auto,4,4,"dense_exact,sparse_krylov",data/raw/perlmutter/practical_suite_sweep/practical_55730074_scale_8n_32g_c8_ml_digits_c2v4v6v8_192s_4q_d1_r0_seed23.json,ok
practical_55730074_scale_8n_32g_c8_ml_digits_c2v4v6v8_192s_4q_d1_r0_seed31.json,ml,multiclass_ml,test_accuracy,0.001356392982415855,rbf_kernel_ridge_numpy,rbf_kernel_ridge_numpy,6,23.211483610095456,17112.65386286043,0.9583333333333334,0.6666666666666666,0.29166666666666674,1536,576,768,192,55730074_scale_8n_32g_c8,23.289839264936745,31,192,4,4,digits,"2,4,6,8",sklearn_digits,,,1,21,1,,"dense_exact,sparse_lanczos",4,chordal,7,tfim,auto,4,4,"dense_exact,sparse_krylov",data/raw/perlmutter/practical_suite_sweep/practical_55730074_scale_8n_32g_c8_ml_digits_c2v4v6v8_192s_4q_d1_r0_seed31.json,ok
practical_55730074_scale_8n_32g_c8_ml_digits_c2v4v6v8_192s_4q_d1_r0_seed43.json,ml,multiclass_ml,test_accuracy,0.0015536750433966517,knn_numpy,knn_numpy,6,25.916665337979794,16680.878957365923,0.9791666666666666,0.7916666666666666,0.1875,1536,576,768,192,55730074_scale_8n_32g_c8,26.004601494059898,43,192,4,4,digits,"2,4,6,8",sklearn_digits,,,1,21,1,,"dense_exact,sparse_lanczos",4,chordal,7,tfim,auto,4,4,"dense_exact,sparse_krylov",data/raw/perlmutter/practical_suite_sweep/practical_55730074_scale_8n_32g_c8_ml_digits_c2v4v6v8_192s_4q_d1_r0_seed43.json,ok
practical_55730074_scale_8n_32g_c8_ml_digits_c3v5v8_192s_4q_d1_r0_seed17.json,ml,multiclass_ml,test_accuracy,0.000180258066393435,nearest_centroid_numpy,nearest_centroid_numpy,6,27.572600101935677,152961.80999609275,0.9583333333333334,0.6458333333333334,0.3125,1536,576,768,192,55730074_scale_8n_32g_c8,27.669247390003875,17,192,4,3,digits,"3,5,8",sklearn_digits,,,1,21,1,,"dense_exact,sparse_lanczos",4,chordal,7,tfim,auto,4,4,"dense_exact,sparse_krylov",data/raw/perlmutter/practical_suite_sweep/practical_55730074_scale_8n_32g_c8_ml_digits_c3v5v8_192s_4q_d1_r0_seed17.json,ok
practical_55730074_scale_8n_32g_c8_ml_digits_c3v5v8_192s_4q_d1_r0_seed23.json,ml,multiclass_ml,test_accuracy,0.0015135681023821235,rbf_kernel_ridge_numpy,rbf_kernel_ridge_numpy,6,25.6116446449887,16921.36918363958,1.0,0.75,0.25,1536,576,768,192,55730074_scale_8n_32g_c8,25.691701838979498,23,192,4,3,digits,"3,5,8",sklearn_digits,,,1,21,1,,"dense_exact,sparse_lanczos",4,chordal,7,tfim,auto,4,4,"dense_exact,sparse_krylov",data/raw/perlmutter/practical_suite_sweep/practical_55730074_scale_8n_32g_c8_ml_digits_c3v5v8_192s_4q_d1_r0_seed23.json,ok
practical_55730074_scale_8n_32g_c8_ml_digits_c3v5v8_192s_4q_d1_r0_seed31.json,ml,multiclass_ml,test_accuracy,0.00016572000458836555,nearest_centroid_numpy,nearest_centroid_numpy,6,22.31784646201413,134672.0120932278,0.9791666666666666,0.5625,0.41666666666666663,1536,576,768,192,55730074_scale_8n_32g_c8,22.418206525035203,31,192,4,3,digits,"3,5,8",sklearn_digits,,,1,21,1,,"dense_exact,sparse_lanczos",4,chordal,7,tfim,auto,4,4,"dense_exact,sparse_krylov",data/raw/perlmutter/practical_suite_sweep/practical_55730074_scale_8n_32g_c8_ml_digits_c3v5v8_192s_4q_d1_r0_seed31.json,ok
practical_55730074_scale_8n_32g_c8_ml_digits_c3v5v8_192s_4q_d1_r0_seed43.json,ml,multiclass_ml,test_accuracy,0.011320924968458712,softmax_regression_numpy,softmax_regression_numpy,6,22.061265537980944,1948.7158160173265,1.0,0.6666666666666666,0.33333333333333337,1536,576,768,192,55730074_scale_8n_32g_c8,22.140031552989967,43,192,4,3,digits,"3,5,8",sklearn_digits,,,1,21,1,,"dense_exact,sparse_lanczos",4,chordal,7,tfim,auto,4,4,"dense_exact,sparse_krylov",data/raw/perlmutter/practical_suite_sweep/practical_55730074_scale_8n_32g_c8_ml_digits_c3v5v8_192s_4q_d1_r0_seed43.json,ok
practical_55730074_scale_8n_32g_c8_qaoa_chordal_5n_grid7_r0_seed17.json,optimization,optimization_qaoa,approximation_ratio,4.8824003897607327e-05,exact_enumeration_numpy,,4,22.249952791025862,455717.4957975178,6,4.521153579257492,0.2464744034570847,833,686,245,49,55730074_scale_8n_32g_c8,22.260082502034493,17,72,4,3,synthetic,"0,1,2",,small_maxcut,5,1,21,1,,"dense_exact,sparse_lanczos",5,chordal,7,tfim,auto,4,4,"dense_exact,sparse_krylov",data/raw/perlmutter/practical_suite_sweep/practical_55730074_scale_8n_32g_c8_qaoa_chordal_5n_grid7_r0_seed17.json,ok
practical_55730074_scale_8n_32g_c8_qaoa_chordal_5n_grid7_r0_seed31.json,optimization,optimization_qaoa,approximation_ratio,4.778197035193443e-05,exact_enumeration_numpy,,4,16.995324493036605,355684.88213982905,6,4.521153579257492,0.2464744034570847,833,686,245,49,55730074_scale_8n_32g_c8,17.009473426034674,31,72,4,3,synthetic,"0,1,2",,small_maxcut,5,1,21,1,,"dense_exact,sparse_lanczos",5,chordal,7,tfim,auto,4,4,"dense_exact,sparse_krylov",data/raw/perlmutter/practical_suite_sweep/practical_55730074_scale_8n_32g_c8_qaoa_chordal_5n_grid7_r0_seed31.json,ok
practical_55730074_scale_8n_32g_c8_qaoa_ladder_6n_grid7_r0_seed23.json,optimization,optimization_qaoa,approximation_ratio,2.002902328968048e-05,greedy_assignment_numpy,,4,16.772605572943576,837415.0516658142,7,4.737139289628745,0.32326581576732216,931,686,294,49,55730074_scale_8n_32g_c8,16.78674031898845,23,72,4,3,synthetic,"0,1,2",,small_maxcut,6,1,21,1,,"dense_exact,sparse_lanczos",6,ladder,7,tfim,auto,4,4,"dense_exact,sparse_krylov",data/raw/perlmutter/practical_suite_sweep/practical_55730074_scale_8n_32g_c8_qaoa_ladder_6n_grid7_r0_seed23.json,ok
practical_55730074_scale_8n_32g_c8_qaoa_ladder_6n_grid7_r0_seed43.json,optimization,optimization_qaoa,approximation_ratio,2.0448933355510235e-05,greedy_assignment_numpy,,4,14.821445930982009,724802.8869431557,7,4.737139289628745,0.32326581576732216,931,686,294,49,55730074_scale_8n_32g_c8,14.829000130994245,43,72,4,3,synthetic,"0,1,2",,small_maxcut,6,1,21,1,,"dense_exact,sparse_lanczos",6,ladder,7,tfim,auto,4,4,"dense_exact,sparse_krylov",data/raw/perlmutter/practical_suite_sweep/practical_55730074_scale_8n_32g_c8_qaoa_ladder_6n_grid7_r0_seed43.json,ok
practical_55730074_scale_8n_32g_c8_qaoa_ring_4n_grid7_r0_seed23.json,optimization,optimization_qaoa,approximation_ratio,1.3135024346411228e-05,greedy_assignment_numpy,,4,17.733356193988584,1350081.7148339523,4,2.749999999999999,0.3125000000000002,588,392,196,49,55730074_scale_8n_32g_c8,17.742980749928392,23,72,4,3,synthetic,"0,1,2",,small_maxcut,4,1,21,1,,"dense_exact,sparse_lanczos",4,ring,7,tfim,auto,4,4,"dense_exact,sparse_krylov",data/raw/perlmutter/practical_suite_sweep/practical_55730074_scale_8n_32g_c8_qaoa_ring_4n_grid7_r0_seed23.json,ok
practical_55730074_scale_8n_32g_c8_qaoa_ring_4n_grid7_r0_seed43.json,optimization,optimization_qaoa,approximation_ratio,1.359602902084589e-05,greedy_assignment_numpy,,4,15.197805563919246,1117812.0862067488,4,2.749999999999999,0.3125000000000002,588,392,196,49,55730074_scale_8n_32g_c8,15.208823431050405,43,72,4,3,synthetic,"0,1,2",,small_maxcut,4,1,21,1,,"dense_exact,sparse_lanczos",4,ring,7,tfim,auto,4,4,"dense_exact,sparse_krylov",data/raw/perlmutter/practical_suite_sweep/practical_55730074_scale_8n_32g_c8_qaoa_ring_4n_grid7_r0_seed43.json,ok
practical_55730074_scale_8n_32g_c8_sim_heisenberg_4q_4steps_r0_seed17.json,simulation,hamiltonian_simulation,absolute_observable_error,0.00030564097687602043,exact_dense_eigendecomposition_numpy,exact_dense_eigendecomposition_numpy,2,28.54731010296382,93401.44896390542,0.05328055679997454,-0.13193164268309854,0.18521219948307308,150,72,4,1,55730074_scale_8n_32g_c8,28.569926467956975,17,72,4,3,synthetic,"0,1,2",,heisenberg,4,1,21,1,,"dense_exact,sparse_lanczos",4,chordal,7,heisenberg,auto,4,4,"dense_exact,sparse_krylov",data/raw/perlmutter/practical_suite_sweep/practical_55730074_scale_8n_32g_c8_sim_heisenberg_4q_4steps_r0_seed17.json,ok
practical_55730074_scale_8n_32g_c8_sim_heisenberg_4q_4steps_r0_seed23.json,simulation,hamiltonian_simulation,absolute_observable_error,0.00031285593286156654,exact_dense_eigendecomposition_numpy,exact_dense_eigendecomposition_numpy,2,23.145715171005577,73982.02411985955,0.05328055679997454,-0.13193164268309854,0.18521219948307308,150,72,4,1,55730074_scale_8n_32g_c8,23.162457315949723,23,72,4,3,synthetic,"0,1,2",,heisenberg,4,1,21,1,,"dense_exact,sparse_lanczos",4,chordal,7,heisenberg,auto,4,4,"dense_exact,sparse_krylov",data/raw/perlmutter/practical_suite_sweep/practical_55730074_scale_8n_32g_c8_sim_heisenberg_4q_4steps_r0_seed23.json,ok
practical_55730074_scale_8n_32g_c8_sim_heisenberg_4q_4steps_r0_seed31.json,simulation,hamiltonian_simulation,absolute_observable_error,0.0003180949715897441,exact_dense_eigendecomposition_numpy,exact_dense_eigendecomposition_numpy,2,32.206894602044486,101249.30438568079,0.05328055679997454,-0.13193164268309854,0.18521219948307308,150,72,4,1,55730074_scale_8n_32g_c8,32.23993646202143,31,72,4,3,synthetic,"0,1,2",,heisenberg,4,1,21,1,,"dense_exact,sparse_lanczos",4,chordal,7,heisenberg,auto,4,4,"dense_exact,sparse_krylov",data/raw/perlmutter/practical_suite_sweep/practical_55730074_scale_8n_32g_c8_sim_heisenberg_4q_4steps_r0_seed31.json,ok
practical_55730074_scale_8n_32g_c8_sim_heisenberg_4q_4steps_r0_seed43.json,simulation,hamiltonian_simulation,absolute_observable_error,0.0003390450729057193,exact_dense_eigendecomposition_numpy,exact_dense_eigendecomposition_numpy,2,23.40784258604981,69040.50362813854,0.05328055679997454,-0.13193164268309854,0.18521219948307308,150,72,4,1,55730074_scale_8n_32g_c8,23.440487807965837,43,72,4,3,synthetic,"0,1,2",,heisenberg,4,1,21,1,,"dense_exact,sparse_lanczos",4,chordal,7,heisenberg,auto,4,4,"dense_exact,sparse_krylov",data/raw/perlmutter/practical_suite_sweep/practical_55730074_scale_8n_32g_c8_sim_heisenberg_4q_4steps_r0_seed43.json,ok
practical_55730074_scale_8n_32g_c9_chem_h2_l2_grid25_r0_seed17.json,chemistry,chemistry_vqe,absolute_energy_error,0.00014390796422958374,exact_dense_diagonalization_numpy,exact_dense_diagonalization_numpy,2,22.245455394964665,154581.12769544395,-1.85727503020238,-1.8369679912029844,0.020307038999395566,424,106,106,53,55730074_scale_8n_32g_c9,22.25576346903108,17,72,4,3,synthetic,"0,1,2",,H2_minimal_2qubit,2,1,25,2,,"dense_exact,sparse_lanczos",4,chordal,7,tfim,auto,4,4,"dense_exact,sparse_krylov",data/raw/perlmutter/practical_suite_sweep/practical_55730074_scale_8n_32g_c9_chem_h2_l2_grid25_r0_seed17.json,ok
practical_55730074_scale_8n_32g_c9_chem_molecular_chain_4q_l2_grid17_r0_seed31.json,chemistry,chemistry_vqe,absolute_energy_error,0.00015773402992635965,exact_dense_diagonalization_numpy,exact_dense_diagonalization_numpy,2,22.875156566035002,145023.5981209292,-1.705732892552902,-1.4525824609769273,0.2531504315759747,592,222,148,37,55730074_scale_8n_32g_c9,22.89766569400672,31,72,4,3,synthetic,"0,1,2",,molecular_chain_4q_surrogate,4,1,17,2,benchmarks/workloads/hamiltonians/molecular_chain_4q.json,"dense_exact,sparse_lanczos",4,chordal,7,tfim,auto,4,4,"dense_exact,sparse_krylov",data/raw/perlmutter/practical_suite_sweep/practical_55730074_scale_8n_32g_c9_chem_molecular_chain_4q_l2_grid17_r0_seed31.json,ok
practical_55730074_scale_8n_32g_c9_ml_digits_c0v1v2_192s_4q_d2_r0_seed17.json,ml,multiclass_ml,test_accuracy,0.002538279048167169,rbf_kernel_ridge_numpy,rbf_kernel_ridge_numpy,6,40.79024809598923,16070.040890674685,1.0,0.7083333333333334,0.29166666666666663,3072,1152,768,192,55730074_scale_8n_32g_c9,40.928372733993456,17,192,4,3,digits,"0,1,2",sklearn_digits,,,2,21,1,,"dense_exact,sparse_lanczos",4,chordal,7,tfim,auto,4,4,"dense_exact,sparse_krylov",data/raw/perlmutter/practical_suite_sweep/practical_55730074_scale_8n_32g_c9_ml_digits_c0v1v2_192s_4q_d2_r0_seed17.json,ok
practical_55730074_scale_8n_32g_c9_ml_digits_c0v1v2_192s_4q_d2_r0_seed23.json,ml,multiclass_ml,test_accuracy,0.0014820639044046402,rbf_kernel_ridge_numpy,rbf_kernel_ridge_numpy,6,20.463483134051785,13807.422927739522,1.0,0.6875,0.3125,3072,1152,768,192,55730074_scale_8n_32g_c9,20.555529622011818,23,192,4,3,digits,"0,1,2",sklearn_digits,,,2,21,1,,"dense_exact,sparse_lanczos",4,chordal,7,tfim,auto,4,4,"dense_exact,sparse_krylov",data/raw/perlmutter/practical_suite_sweep/practical_55730074_scale_8n_32g_c9_ml_digits_c0v1v2_192s_4q_d2_r0_seed23.json,ok
practical_55730074_scale_8n_32g_c9_ml_digits_c0v1v2_192s_4q_d2_r0_seed31.json,ml,multiclass_ml,test_accuracy,0.001348176971077919,rbf_kernel_ridge_numpy,rbf_kernel_ridge_numpy,6,20.269527074997313,15034.767326422325,1.0,0.7708333333333334,0.22916666666666663,3072,1152,768,192,55730074_scale_8n_32g_c9,20.349927865085192,31,192,4,3,digits,"0,1,2",sklearn_digits,,,2,21,1,,"dense_exact,sparse_lanczos",4,chordal,7,tfim,auto,4,4,"dense_exact,sparse_krylov",data/raw/perlmutter/practical_suite_sweep/practical_55730074_scale_8n_32g_c9_ml_digits_c0v1v2_192s_4q_d2_r0_seed31.json,ok
practical_55730074_scale_8n_32g_c9_ml_digits_c0v1v2_192s_4q_d2_r0_seed43.json,ml,multiclass_ml,test_accuracy,0.0014975160593166947,rbf_kernel_ridge_numpy,rbf_kernel_ridge_numpy,6,23.933200306026265,15981.932318606856,1.0,0.6041666666666666,0.39583333333333337,3072,1152,768,192,55730074_scale_8n_32g_c9,24.011087805964053,43,192,4,3,digits,"0,1,2",sklearn_digits,,,2,21,1,,"dense_exact,sparse_lanczos",4,chordal,7,tfim,auto,4,4,"dense_exact,sparse_krylov",data/raw/perlmutter/practical_suite_sweep/practical_55730074_scale_8n_32g_c9_ml_digits_c0v1v2_192s_4q_d2_r0_seed43.json,ok
practical_55730074_scale_8n_32g_c9_ml_digits_c0v1v2v3_192s_4q_d2_r0_seed17.json,ml,multiclass_ml,test_accuracy,0.0013781859306618571,rbf_kernel_ridge_numpy,rbf_kernel_ridge_numpy,6,23.45921486406587,17021.806958078483,0.9166666666666666,0.6875,0.22916666666666663,3072,1152,768,192,55730074_scale_8n_32g_c9,23.543379963957705,17,192,4,4,digits,"0,1,2,3",sklearn_digits,,,2,21,1,,"dense_exact,sparse_lanczos",4,chordal,7,tfim,auto,4,4,"dense_exact,sparse_krylov",data/raw/perlmutter/practical_suite_sweep/practical_55730074_scale_8n_32g_c9_ml_digits_c0v1v2v3_192s_4q_d2_r0_seed17.json,ok
practical_55730074_scale_8n_32g_c9_ml_digits_c0v1v2v3_192s_4q_d2_r0_seed23.json,ml,multiclass_ml,test_accuracy,0.001332546933554113,rbf_kernel_ridge_numpy,rbf_kernel_ridge_numpy,6,22.085020079975948,16573.54013120702,0.9583333333333334,0.6666666666666666,0.29166666666666674,3072,1152,768,192,55730074_scale_8n_32g_c9,22.167733734007925,23,192,4,4,digits,"0,1,2,3",sklearn_digits,,,2,21,1,,"dense_exact,sparse_lanczos",4,chordal,7,tfim,auto,4,4,"dense_exact,sparse_krylov",data/raw/perlmutter/practical_suite_sweep/practical_55730074_scale_8n_32g_c9_ml_digits_c0v1v2v3_192s_4q_d2_r0_seed23.json,ok
practical_55730074_scale_8n_32g_c9_ml_digits_c0v1v2v3_192s_4q_d2_r0_seed31.json,ml,multiclass_ml,test_accuracy,0.0015508589567616582,knn_numpy,knn_numpy,6,24.1287940479815,15558.3420031727,1.0,0.75,0.25,3072,1152,768,192,55730074_scale_8n_32g_c9,24.21184277709108,31,192,4,4,digits,"0,1,2,3",sklearn_digits,,,2,21,1,,"dense_exact,sparse_lanczos",4,chordal,7,tfim,auto,4,4,"dense_exact,sparse_krylov",data/raw/perlmutter/practical_suite_sweep/practical_55730074_scale_8n_32g_c9_ml_digits_c0v1v2v3_192s_4q_d2_r0_seed31.json,ok
practical_55730074_scale_8n_32g_c9_ml_digits_c0v1v2v3_192s_4q_d2_r0_seed43.json,ml,multiclass_ml,test_accuracy,0.0012783230049535632,rbf_kernel_ridge_numpy,rbf_kernel_ridge_numpy,6,22.30335969198495,17447.358457571645,0.9166666666666666,0.7083333333333334,0.20833333333333326,3072,1152,768,192,55730074_scale_8n_32g_c9,22.38316421501804,43,192,4,4,digits,"0,1,2,3",sklearn_digits,,,2,21,1,,"dense_exact,sparse_lanczos",4,chordal,7,tfim,auto,4,4,"dense_exact,sparse_krylov",data/raw/perlmutter/practical_suite_sweep/practical_55730074_scale_8n_32g_c9_ml_digits_c0v1v2v3_192s_4q_d2_r0_seed43.json,ok
practical_55730074_scale_8n_32g_c9_ml_digits_c2v4v6v8_192s_4q_d2_r0_seed17.json,ml,multiclass_ml,test_accuracy,0.0014691990800201893,rbf_kernel_ridge_numpy,rbf_kernel_ridge_numpy,6,21.426445299992338,14583.758995886317,0.9583333333333334,0.6875,0.27083333333333337,3072,1152,768,192,55730074_scale_8n_32g_c9,21.509443529997952,17,192,4,4,digits,"2,4,6,8",sklearn_digits,,,2,21,1,,"dense_exact,sparse_lanczos",4,chordal,7,tfim,auto,4,4,"dense_exact,sparse_krylov",data/raw/perlmutter/practical_suite_sweep/practical_55730074_scale_8n_32g_c9_ml_digits_c2v4v6v8_192s_4q_d2_r0_seed17.json,ok
practical_55730074_scale_8n_32g_c9_ml_digits_c2v4v6v8_192s_4q_d2_r0_seed23.json,ml,multiclass_ml,test_accuracy,0.00019073800649493933,nearest_centroid_numpy,nearest_centroid_numpy,6,22.156899748020805,116164.05222631218,0.9583333333333334,0.7708333333333334,0.1875,3072,1152,768,192,55730074_scale_8n_32g_c9,22.237120284931734,23,192,4,4,digits,"2,4,6,8",sklearn_digits,,,2,21,1,,"dense_exact,sparse_lanczos",4,chordal,7,tfim,auto,4,4,"dense_exact,sparse_krylov",data/raw/perlmutter/practical_suite_sweep/practical_55730074_scale_8n_32g_c9_ml_digits_c2v4v6v8_192s_4q_d2_r0_seed23.json,ok
practical_55730074_scale_8n_32g_c9_ml_digits_c2v4v6v8_192s_4q_d2_r0_seed31.json,ml,multiclass_ml,test_accuracy,0.0013513430021703243,rbf_kernel_ridge_numpy,rbf_kernel_ridge_numpy,6,23.136938262032345,17121.440096906015,0.9583333333333334,0.75,0.20833333333333337,3072,1152,768,192,55730074_scale_8n_32g_c9,23.226453157956712,31,192,4,4,digits,"2,4,6,8",sklearn_digits,,,2,21,1,,"dense_exact,sparse_lanczos",4,chordal,7,tfim,auto,4,4,"dense_exact,sparse_krylov",data/raw/perlmutter/practical_suite_sweep/practical_55730074_scale_8n_32g_c9_ml_digits_c2v4v6v8_192s_4q_d2_r0_seed31.json,ok
practical_55730074_scale_8n_32g_c9_ml_digits_c2v4v6v8_192s_4q_d2_r0_seed43.json,ml,multiclass_ml,test_accuracy,0.0015612100251019,knn_numpy,knn_numpy,6,22.602861823979765,14477.78419338838,0.9791666666666666,0.7291666666666666,0.25,3072,1152,768,192,55730074_scale_8n_32g_c9,22.693566776928492,43,192,4,4,digits,"2,4,6,8",sklearn_digits,,,2,21,1,,"dense_exact,sparse_lanczos",4,chordal,7,tfim,auto,4,4,"dense_exact,sparse_krylov",data/raw/perlmutter/practical_suite_sweep/practical_55730074_scale_8n_32g_c9_ml_digits_c2v4v6v8_192s_4q_d2_r0_seed43.json,ok
practical_55730074_scale_8n_32g_c9_ml_digits_c3v5v8_192s_4q_d2_r0_seed17.json,ml,multiclass_ml,test_accuracy,0.00017943698912858963,nearest_centroid_numpy,nearest_centroid_numpy,6,27.589210839010775,153754.31215711922,0.9583333333333334,0.5625,0.39583333333333337,3072,1152,768,192,55730074_scale_8n_32g_c9,27.669638385996222,17,192,4,3,digits,"3,5,8",sklearn_digits,,,2,21,1,,"dense_exact,sparse_lanczos",4,chordal,7,tfim,auto,4,4,"dense_exact,sparse_krylov",data/raw/perlmutter/practical_suite_sweep/practical_55730074_scale_8n_32g_c9_ml_digits_c3v5v8_192s_4q_d2_r0_seed17.json,ok
practical_55730074_scale_8n_32g_c9_ml_digits_c3v5v8_192s_4q_d2_r0_seed23.json,ml,multiclass_ml,test_accuracy,0.0015118449227884412,rbf_kernel_ridge_numpy,rbf_kernel_ridge_numpy,6,21.77545066003222,14403.230339173717,1.0,0.625,0.375,3072,1152,768,192,55730074_scale_8n_32g_c9,21.85966441303026,23,192,4,3,digits,"3,5,8",sklearn_digits,,,2,21,1,,"dense_exact,sparse_lanczos",4,chordal,7,tfim,auto,4,4,"dense_exact,sparse_krylov",data/raw/perlmutter/practical_suite_sweep/practical_55730074_scale_8n_32g_c9_ml_digits_c3v5v8_192s_4q_d2_r0_seed23.json,ok
practical_55730074_scale_8n_32g_c9_ml_digits_c3v5v8_192s_4q_d2_r0_seed31.json,ml,multiclass_ml,test_accuracy,0.0001599800307303667,nearest_centroid_numpy,nearest_centroid_numpy,6,22.884091377956793,143043.4240666328,0.9791666666666666,0.5208333333333334,0.45833333333333326,3072,1152,768,192,55730074_scale_8n_32g_c9,22.96759681298863,31,192,4,3,digits,"3,5,8",sklearn_digits,,,2,21,1,,"dense_exact,sparse_lanczos",4,chordal,7,tfim,auto,4,4,"dense_exact,sparse_krylov",data/raw/perlmutter/practical_suite_sweep/practical_55730074_scale_8n_32g_c9_ml_digits_c3v5v8_192s_4q_d2_r0_seed31.json,ok
practical_55730074_scale_8n_32g_c9_ml_digits_c3v5v8_192s_4q_d2_r0_seed43.json,ml,multiclass_ml,test_accuracy,0.011307175969704986,softmax_regression_numpy,softmax_regression_numpy,6,24.316234032972716,2150.5134525298404,1.0,0.7291666666666666,0.27083333333333337,3072,1152,768,192,55730074_scale_8n_32g_c9,24.397599510033615,43,192,4,3,digits,"3,5,8",sklearn_digits,,,2,21,1,,"dense_exact,sparse_lanczos",4,chordal,7,tfim,auto,4,4,"dense_exact,sparse_krylov",data/raw/perlmutter/practical_suite_sweep/practical_55730074_scale_8n_32g_c9_ml_digits_c3v5v8_192s_4q_d2_r0_seed43.json,ok
practical_55730074_scale_8n_32g_c9_qaoa_chordal_5n_grid9_r0_seed17.json,optimization,optimization_qaoa,approximation_ratio,4.589895252138376e-05,exact_enumeration_numpy,,4,20.63457577698864,449565.2872987732,6,4.469198918953913,0.2551335135076811,1377,1134,405,81,55730074_scale_8n_32g_c9,20.645406594034284,17,72,4,3,synthetic,"0,1,2",,small_maxcut,5,1,21,1,,"dense_exact,sparse_lanczos",5,chordal,9,tfim,auto,4,4,"dense_exact,sparse_krylov",data/raw/perlmutter/practical_suite_sweep/practical_55730074_scale_8n_32g_c9_qaoa_chordal_5n_grid9_r0_seed17.json,ok
practical_55730074_scale_8n_32g_c9_qaoa_chordal_5n_grid9_r0_seed31.json,optimization,optimization_qaoa,approximation_ratio,4.8664980567991734e-05,exact_enumeration_numpy,,4,14.917172678047791,306527.8667317339,6,4.469198918953913,0.2551335135076811,1377,1134,405,81,55730074_scale_8n_32g_c9,14.927852741908282,31,72,4,3,synthetic,"0,1,2",,small_maxcut,5,1,21,1,,"dense_exact,sparse_lanczos",5,chordal,9,tfim,auto,4,4,"dense_exact,sparse_krylov",data/raw/perlmutter/practical_suite_sweep/practical_55730074_scale_8n_32g_c9_qaoa_chordal_5n_grid9_r0_seed31.json,ok
practical_55730074_scale_8n_32g_c9_qaoa_ladder_6n_grid9_r0_seed23.json,optimization,optimization_qaoa,approximation_ratio,2.0759995095431805e-05,greedy_assignment_numpy,,4,15.175165456021205,730981.167686329,7,5.030330085889901,0.28138141630144275,1539,1134,486,81,55730074_scale_8n_32g_c9,15.264662194997072,23,72,4,3,synthetic,"0,1,2",,small_maxcut,6,1,21,1,,"dense_exact,sparse_lanczos",6,ladder,9,tfim,auto,4,4,"dense_exact,sparse_krylov",data/raw/perlmutter/practical_suite_sweep/practical_55730074_scale_8n_32g_c9_qaoa_ladder_6n_grid9_r0_seed23.json,ok
practical_55730074_scale_8n_32g_c9_qaoa_ladder_6n_grid9_r0_seed43.json,optimization,optimization_qaoa,approximation_ratio,2.0369072444736958e-05,greedy_assignment_numpy,,4,15.15658110997174,744097.7565911675,7,5.030330085889901,0.28138141630144275,1539,1134,486,81,55730074_scale_8n_32g_c9,15.16474097094033,43,72,4,3,synthetic,"0,1,2",,small_maxcut,6,1,21,1,,"dense_exact,sparse_lanczos",6,ladder,9,tfim,auto,4,4,"dense_exact,sparse_krylov",data/raw/perlmutter/practical_suite_sweep/practical_55730074_scale_8n_32g_c9_qaoa_ladder_6n_grid9_r0_seed43.json,ok
practical_55730074_scale_8n_32g_c9_qaoa_ring_4n_grid9_r0_seed23.json,optimization,optimization_qaoa,approximation_ratio,1.3365992344915867e-05,greedy_assignment_numpy,,4,19.069472103961743,1426715.7732748033,4,2.999999999999998,0.25000000000000056,972,648,324,81,55730074_scale_8n_32g_c9,19.080839077942073,23,72,4,3,synthetic,"0,1,2",,small_maxcut,4,1,21,1,,"dense_exact,sparse_lanczos",4,ring,9,tfim,auto,4,4,"dense_exact,sparse_krylov",data/raw/perlmutter/practical_suite_sweep/practical_55730074_scale_8n_32g_c9_qaoa_ring_4n_grid9_r0_seed23.json,ok
practical_55730074_scale_8n_32g_c9_qaoa_ring_4n_grid9_r0_seed43.json,optimization,optimization_qaoa,approximation_ratio,1.3265060260891914e-05,greedy_assignment_numpy,,4,17.115742290043272,1290287.5639776736,4,2.999999999999998,0.25000000000000056,972,648,324,81,55730074_scale_8n_32g_c9,17.12561322003603,43,72,4,3,synthetic,"0,1,2",,small_maxcut,4,1,21,1,,"dense_exact,sparse_lanczos",4,ring,9,tfim,auto,4,4,"dense_exact,sparse_krylov",data/raw/perlmutter/practical_suite_sweep/practical_55730074_scale_8n_32g_c9_qaoa_ring_4n_grid9_r0_seed43.json,ok
practical_55730074_scale_8n_32g_c9_sim_heisenberg_4q_6steps_r0_seed17.json,simulation,hamiltonian_simulation,absolute_observable_error,0.0003162709763273597,exact_dense_eigendecomposition_numpy,exact_dense_eigendecomposition_numpy,2,13.486986886011437,42643.77035991942,0.05328055679997454,-0.09809448856243674,0.15137504536241128,224,108,4,1,55730074_scale_8n_32g_c9,13.496243056026287,17,72,4,3,synthetic,"0,1,2",,heisenberg,4,1,21,1,,"dense_exact,sparse_lanczos",4,chordal,7,heisenberg,auto,4,6,"dense_exact,sparse_krylov",data/raw/perlmutter/practical_suite_sweep/practical_55730074_scale_8n_32g_c9_sim_heisenberg_4q_6steps_r0_seed17.json,ok
practical_55730074_scale_8n_32g_c9_sim_heisenberg_4q_6steps_r0_seed23.json,simulation,hamiltonian_simulation,absolute_observable_error,0.00031484803184866905,exact_dense_eigendecomposition_numpy,exact_dense_eigendecomposition_numpy,2,27.886170532903634,88570.25520904972,0.05328055679997454,-0.09809448856243674,0.15137504536241128,224,108,4,1,55730074_scale_8n_32g_c9,27.913714427035302,23,72,4,3,synthetic,"0,1,2",,heisenberg,4,1,21,1,,"dense_exact,sparse_lanczos",4,chordal,7,heisenberg,auto,4,6,"dense_exact,sparse_krylov",data/raw/perlmutter/practical_suite_sweep/practical_55730074_scale_8n_32g_c9_sim_heisenberg_4q_6steps_r0_seed23.json,ok
practical_55730074_scale_8n_32g_c9_sim_heisenberg_4q_6steps_r0_seed31.json,simulation,hamiltonian_simulation,absolute_observable_error,0.0003208999987691641,exact_dense_eigendecomposition_numpy,exact_dense_eigendecomposition_numpy,2,19.629523874958977,61170.221097692374,0.05328055679997454,-0.09809448856243674,0.15137504536241128,224,108,4,1,55730074_scale_8n_32g_c9,19.644143837038428,31,72,4,3,synthetic,"0,1,2",,heisenberg,4,1,21,1,,"dense_exact,sparse_lanczos",4,chordal,7,heisenberg,auto,4,6,"dense_exact,sparse_krylov",data/raw/perlmutter/practical_suite_sweep/practical_55730074_scale_8n_32g_c9_sim_heisenberg_4q_6steps_r0_seed31.json,ok
practical_55730074_scale_8n_32g_c9_sim_heisenberg_4q_6steps_r0_seed43.json,simulation,hamiltonian_simulation,absolute_observable_error,0.0003107719821855426,exact_dense_eigendecomposition_numpy,exact_dense_eigendecomposition_numpy,2,34.31777823599987,110427.51664630714,0.05328055679997454,-0.09809448856243674,0.15137504536241128,224,108,4,1,55730074_scale_8n_32g_c9,34.33942047902383,43,72,4,3,synthetic,"0,1,2",,heisenberg,4,1,21,1,,"dense_exact,sparse_lanczos",4,chordal,7,heisenberg,auto,4,6,"dense_exact,sparse_krylov",data/raw/perlmutter/practical_suite_sweep/practical_55730074_scale_8n_32g_c9_sim_heisenberg_4q_6steps_r0_seed43.json,ok
